{"modelname":"lbd","policy":"nolearning","smax":[5,1],"alpha":0.0,"beta":0.95,"c":1.0,"gamma":0.0,"sigma":9.0,"p0":1.5,"accuracy":1.0e-8,"cost_entry":[0.0,10.0],"value_exit":[0.0,1.0],"cost_merger":[0.0,1.0],"cost_bundling":[0.0,1.0],"entry":true,"exit":true,"mergers":true,"bundling":true,"filename":"a0g0s90","verbose":true,"firms":[1,2,3,4],"rival":[2,1,4,3],"partner":[3,4,1,2],"merger_pairs":[1,2,1,2,3,4,4,3],"outcomes":[1,0,1,0,1,0,0,0,0,0,1,0,1,0,1,0,0,0,1,0,0,1,0,0,1,0,0,0,1,1,0,0,0,0,1,0,0,0,0,0,1,1,1,1,2],"ownership":[0,3,0,3,0,0,4,4,0,1,0,1,0,0,2,2],"S":[1,1,1,1,1,1,1,1,1,1,1,1,1,1,0,0,0,1,0,1,0,1,0,1,1,1,1,1,1,1,1,1,1,1,1,1,1,1,1,1,1,1,0,0,0,0,1,0,1,0,1,1,1,1,1,1,0,1,1,0,0,1,1,1,1,0,1,3,1,3,0,0,1,0,0,0,0,1,1,0,0,0,1,1],"ms":14,"mc":[1.0,1.0,1.0,1.0,1.0,1.0,1.0,1.0,1.0,1.0,1.0,1.0,1.0,1.0,0.0,0.0,0.0,1.0,0.0,1.0,0.0,1.0,0.0,1.0,1.0,1.0,1.0,1.0,1.0,1.0,1.0,1.0,1.0,1.0,1.0,1.0,1.0,1.0,1.0,1.0,1.0,1.0,0.0,0.0,0.0,0.0,1.0,0.0,1.0,0.0,1.0,1.0,1.0,1.0,1.0,1.0],"P":[1.4397533739460422,0.7976517051130642,1.398825852556532,1.191778823615869,1.6999468034361018,0.9999999732301575,1.8220023791959312,1.398825852556532,1.398825852556532,1.2218516197237899,1.2216068499439185,1.2214870683917942,1.14847948769464,1.1110605440087151,0.0,0.0,0.0,1.1917788243801368,0.0,1.1378541509684497,0.0,2.0,0.0,1.2218516185316062,1.2217301842724526,1.2214870674575249,1.1772234108652726,1.1110605436266767,1.4397533870760797,2.0,1.398825852556532,1.6999468081172988,1.1917788268531175,1.8220024311750511,1.0000000278695547,1.398825852556532,1.398825852556532,1.221851621900987,1.221606853150691,1.2214870706044259,1.14847948769464,1.1110605440087151,0.0,0.0,0.0,0.0,1.1917788285641941,0.0,1.137854168772636,0.0,2.0,1.2218516228648528,1.2217301877227404,1.2214870718791606,1.177223416871055,1.1110605436266767],"V":[6.0880016965920465,-1.1326540086738057,6.572833327793567,1.3613707486215583,8.690829602739992,0.5015235177480816,4.632437629091592,5.884797817476243,5.88479783460179,2.2148098792239326,2.2136062724391494,2.211194570492674,1.8584786782772147,1.1100997361298213,0.0,0.0,0.0,1.3613707489781481,0.0,0.6900283698979325,0.0,0.5100886301576723,0.0,2.2148098910860714,2.2123811627926497,2.211194579758152,1.3222458490647293,1.1100997399449928,6.088001759158075,14.082142020783547,6.572833327793567,8.69082962389698,1.3613707748426065,10.781158829895794,6.6502447297260385,5.884797817476243,5.88479783460179,2.214809922448027,2.213606591977494,2.2111948996496316,1.8584786782772147,1.1100997361298213,0.0,0.0,0.0,0.0,1.3613707729346718,0.0,0.6900283944560576,0.0,0.5100886368261508,2.2148099128576337,2.212381194793235,2.2111948870076468,1.322245893873243,1.1100997399449928],"D":[0.747333131820045,0.8607022208232125,0.8607022208232125,0.42062889085645305,0.8412577799861337,0.670833529179274,0.8648287343820328,0.8607022208232125,0.8607022208232125,0.4991647513147194,0.49944453814326684,0.4991702057032481,0.6258368215248616,0.49977233890193273,0.0,0.0,0.0,0.4206288879631955,0.0,0.19399519930840775,0.0,0.0,0.0,0.49916475667058424,0.49889045780646046,0.4991702099004839,0.3730449782542685,0.4997723423387136,0.747333131820045,0.8607022208232125,0.8607022208232125,0.8412577788196485,0.4206288932318438,0.8648287284876817,0.6708334838651197,0.8607022208232125,0.8607022208232125,0.49916475615772715,0.4994445386902645,0.49917021066525935,0.6258368215248616,0.49977233890193273,0.0,0.0,0.0,0.0,0.4206288867542899,0.0,0.1939952505169131,0.0,0.0,0.4991647518275766,0.4988904572594627,0.49917020493847264,0.3730449782542685,0.4997723423387136],"Q":[0.747333131820045,0.8607022208232125,0.8607022208232125,0.42062889085645305,0.4206288932318438,0.670833529179274,0.6708334838651197,0.8607022208232125,0.8607022208232125,0.2495823767398969,0.24986086630874482,0.2495851042833205,0.6258368215248616,0.49977233890193273,0.0,0.0,0.0,0.0,0.0,0.0,0.0,0.0,0.0,0.24958237725275403,0.24930678542494072,0.24958510351854502,0.3730449782542685,0.4997723423387136,0.0,0.0,0.0,0.0,0.4206288867542899,0.0,0.1939952505169131,0.0,0.0,0.24958237457482252,0.249583671834522,0.24958510141992762,0.0,0.0,0.0,0.0,0.0,0.4206288879631955,0.0,0.19399519930840775,0.0,0.0,0.0,0.24958237941783024,0.2495836723815197,0.24958510638193884,0.0,0.0,0.0,0.0,0.0,0.0,0.0,0.0,0.0,0.0,0.0,0.0,0.0,0.0,0.0,0.0,0.0,0.0,0.0,0.0,0.0,0.0,0.0,0.0,0.0,0.0,0.0,0.0,0.0,0.0,0.0,0.0,0.0,0.0,0.0,0.0,0.0,0.0,0.0,0.0,0.0,0.0,0.0,0.0,0.0,0.0,0.0,0.0,0.0,0.0,0.0,0.0,0.0,0.0,0.0,0.0,0.0,0.0,0.25266686817995493,0.1392977791767876,0.1392977791767876,0.1587422211803515,0.1587422200138662,0.13517127151231828,0.13517126561796716,0.1392977791767876,0.1392977791767876,0.0016704920146963906,0.0016650040502728567,0.001659584396268159,0.001118200220869837,0.0004553187593536877],"PI":[0.3286422661795271,-0.17416162678897595,0.3432702970171182,0.08066771386729835,0.5888356939670457,-1.795810788890041e-8,0.710891277259037,0.3432702970171182,0.3432702970171182,0.11074050858819326,0.11068033081962464,0.1105597454897413,0.09292393064045333,0.05550498783895659,0.0,0.0,0.0,0.08066771363390592,0.0,0.026743043492615724,0.0,0.0,0.0,0.11074050918130447,0.11061907314119472,0.11055974595301533,0.06611230345238292,0.05550498802971512,0.32864227599203916,0.8607022208232125,0.3432702970171182,0.5888356970886615,0.08066771568452824,0.7108913173669025,1.8695830449054467e-8,0.3432702970171182,0.3432702970171182,0.11074051074940243,0.11068033254244804,0.11055974769324242,0.09292393064045333,0.05550498783895659,0.0,0.0,0.0,0.0,0.08066771516199879,0.0,0.02674305400584834,0.0,0.0,0.11074051026987937,0.11061907474122448,0.11055974706114283,0.06611230569280985,0.05550498802971512],"CS":[0.15285370938468823,0.21901570456223274,0.21901570456223274,0.20449707142762552,0.20449707224410307,0.2223569585296037,0.22235696337477462,0.21901570456223274,0.21901570456223274,0.7105152307074025,0.7108808581062642,0.7112431190726429,0.7551149813165656,0.854945868254426],"pr_entry":[0.0,0.0,0.0,0.0,0.0,0.0,0.0,0.0,0.0,0.0,0.0,0.0,0.0,0.0,0.03403426869169127,0.017250708655431886,0.012752215286725432,0.0,0.055370246892230704,0.0,0.055309528675038286,0.0,0.033056145937167006,0.0,0.0,0.0,0.0,0.0,0.0,0.0,0.0,0.0,0.0,0.0,0.0,0.0,0.0,0.0,0.0,0.0,0.0,0.0,0.03403426929060431,0.017250709269384986,0.012752215453437365,0.055370247436519845,0.0,0.05530952947505291,0.0,0.03305614705737982,0.0,0.0,0.0,0.0,0.0,0.0],"pr_exit":[0.0,0.0,0.0,0.0,0.0,0.25,0.0,0.25,0.0,0.0,0.0,0.0,0.0,0.0,0.0,0.0,0.0,0.0,0.0,0.07749291344568116,0.0,0.12247784713274568,0.0,0.0,0.0,0.0,0.0,0.0,0.0,0.0,0.0,0.0,0.0,0.0,0.25,0.0,0.25,0.0,0.0,0.0,0.0,0.0,0.0,0.0,0.0,0.0,0.0,0.0,0.07749290730615013,0.0,0.12247784546562634,0.0,0.0,0.0,0.0,0.0],"pr_merger":[0.21624949595591603,0.0,0.0,0.25,0.25,0.0,0.0,0.0,0.0,0.0,0.0,0.0,0.0,0.0,0.0,0.0,0.0,0.0,0.0,0.0,0.0,0.0,0.0,0.0,0.0,0.0,0.0,0.0,0.0,0.0,0.0,0.0,0.25,0.0,0.0,0.0,0.0,0.0,0.0,0.0,0.0,0.0,0.0,0.0,0.0,0.25,0.0,0.0,0.0,0.0,0.0,0.0,0.0,0.0,0.0,0.0],"pr_bundling":[0.0,0.05460799155108309,0.0,0.0,0.0,0.1602105887012586,0.160210596300165,0.0,0.0,0.0,0.0,0.0,0.0,0.0,0.0,0.0,0.0,0.0,0.0,0.0,0.0,0.0,0.0,0.0,0.0,0.0,0.0,0.0,0.0,0.05460799155108309,0.0,0.0,0.0,0.1602105887012586,0.160210596300165,0.0,0.0,0.0,0.0,0.0,0.0,0.0,0.0,0.0,0.0,0.0,0.0,0.0,0.0,0.0,0.0,0.0,0.0,0.0,0.0,0.0],"active_firms":[true,true,true,true,true,true,true,true,true,true,true,true,true,true,false,false,false,true,false,true,false,true,false,true,true,true,true,true,true,true,true,true,true,true,true,true,true,true,true,true,true,true,false,false,false,false,true,false,true,false,true,true,true,true,true,true,true,true,true,true,true,true,true,true,true,true,true,true,true,true],