{"modelname":"lbd","policy":"nolearning","smax":[5,1],"alpha":0.0,"beta":0.95,"c":1.0,"gamma":0.0,"sigma":3.0,"p0":1.5,"accuracy":1.0e-8,"cost_entry":[0.0,10.0],"value_exit":[0.0,1.0],"cost_merger":[0.0,1.0],"cost_bundling":[0.0,1.0],"entry":true,"exit":true,"mergers":true,"bundling":true,"filename":"a0g0s30","verbose":true,"firms":[1,2,3,4],"rival":[2,1,4,3],"partner":[3,4,1,2],"merger_pairs":[1,2,1,2,3,4,4,3],"outcomes":[1,0,1,0,1,0,0,0,0,0,1,0,1,0,1,0,0,0,1,0,0,1,0,0,1,0,0,0,1,1,0,0,0,0,1,0,0,0,0,0,1,1,1,1,2],"ownership":[0,3,0,3,0,0,4,4,0,1,0,1,0,0,2,2],"S":[1,1,1,1,1,1,1,1,1,1,1,1,1,1,0,0,0,1,0,1,0,1,0,1,1,1,1,1,1,1,1,1,1,1,1,1,1,1,1,1,1,1,0,0,0,0,1,0,1,0,1,1,1,1,1,1,0,1,1,0,0,1,1,1,1,0,1,3,1,3,0,0,1,0,0,0,0,1,1,0,0,0,1,1],"ms":14,"mc":[1.0,1.0,1.0,1.0,1.0,1.0,1.0,1.0,1.0,1.0,1.0,1.0,1.0,1.0,0.0,0.0,0.0,1.0,0.0,1.0,0.0,1.0,0.0,1.0,1.0,1.0,1.0,1.0,1.0,1.0,1.0,1.0,1.0,1.0,1.0,1.0,1.0,1.0,1.0,1.0,1.0,1.0,0.0,0.0,0.0,0.0,1.0,0.0,1.0,0.0,1.0,1.0,1.0,1.0,1.0,1.0],"P":[1.5624704191294874,0.8523818663301691,1.4261909331650846,1.4562666743763604,1.7228560061469536,0.999999974666637,1.9080768379007083,1.4261909331650846,1.4261909331650846,1.5380530346464978,1.4852231153208302,1.4855580844685143,1.3477310656375794,1.2955415626405122,0.0,0.0,0.0,1.4562666770827328,0.0,1.391827224088928,0.0,2.0,0.0,1.538053028991687,1.5294960529263644,1.4855580781146962,1.4569078433632363,1.295541560362161,1.562470426930299,2.0,1.4261909331650846,1.7228560154344006,1.4562666953785743,1.908076893531765,1.0000000299574017,1.4261909331650846,1.4261909331650846,1.5380530439693758,1.4852231288868405,1.48555809570382,1.3477310656375794,1.2955415626405122,0.0,0.0,0.0,0.0,1.4562666905477553,0.0,1.391827266448989,0.0,2.0,1.538053040701796,1.529496067140695,1.4855580936133173,1.456907860249115,1.295541560362161],"V":[4.5316856526838425,2.9675946606750316,4.57542790806588,3.3206314280639213,5.495213144843385,2.6538195869239534,6.6662119246459755,4.098375528091836,4.098375546331955,4.02269436555324,4.076906315238122,3.9500259122748957,3.1787090673413037,2.5774918551830885,0.0,0.0,0.0,3.3206314288054157,0.0,2.9639390426891024,0.0,1.3571425614797992,0.0,4.02269437318305,3.925988981187333,3.950025935879679,2.500004653137627,2.577491870547602,4.53168571911337,6.6304776349150245,4.57542790806588,5.495213250707166,3.320631514255697,6.666215450252976,2.6538230879621034,4.098375528091836,4.098375546331955,4.022694457959588,4.076909700035766,3.95002933354345,3.1787090673413037,2.5774918551830885,0.0,0.0,0.0,0.0,3.3206315164186218,0.0,2.9639391502231653,0.0,1.3571425883963593,4.022694462368403,3.92598908243858,3.9500293413097984,2.5000047444757967,2.577491870547602],"D":[0.4073762423233324,0.6089389667965448,0.6089389667965448,0.26943310655423786,0.5388662049972985,0.4836389351300698,0.6329238848866978,0.6089389667965448,0.6089389667965448,0.38048238387734656,0.42309339160442705,0.40675235877760374,0.5207023957908359,0.436063515973767,0.0,0.0,0.0,0.2694331043666787,0.0,0.1492849473936802,0.0,0.0,0.0,0.380482390332014,0.37047061349788885,0.4067523665308954,0.27045830454506103,0.4360635219348027,0.4073762423233324,0.6089389667965448,0.6089389667965448,0.5388662109209166,0.2694331005462754,0.63292388252375,0.48363893251051726,0.6089389667965448,0.6089389667965448,0.3804823852397953,0.4230933919885932,0.40675236137877424,0.5207023957908359,0.436063515973767,0.0,0.0,0.0,0.0,0.2694331044510231,0.0,0.14928495237618059,0.0,0.0,0.3804823889695652,0.3704706131137227,0.40675236392972486,0.27045830454506103,0.4360635219348027],"Q":[0.4073762423233324,0.6089389667965448,0.6089389667965448,0.26943310655423786,0.2694331005462754,0.4836389351300698,0.48363893251051726,0.6089389667965448,0.6089389667965448,0.1902411910062308,0.2255747703158428,0.2033761787510642,0.5207023957908359,0.436063515973767,0.0,0.0,0.0,0.0,0.0,0.0,0.0,0.0,0.0,0.19024119609844947,0.17295199182513846,0.20337618390318535,0.27045830454506103,0.4360635219348027,0.0,0.0,0.0,0.0,0.2694331044510231,0.0,0.14928495237618059,0.0,0.0,0.19024119287111574,0.19751862128858425,0.2033761800265395,0.0,0.0,0.0,0.0,0.0,0.2694331043666787,0.0,0.1492849473936802,0.0,0.0,0.0,0.1902411942335645,0.1975186216727504,0.20337618262771007,0.0,0.0,0.0,0.0,0.0,0.0,0.0,0.0,0.0,0.0,0.0,0.0,0.0,0.0,0.0,0.0,0.0,0.0,0.0,0.0,0.0,0.0,0.0,0.0,0.0,0.0,0.0,0.0,0.0,0.0,0.0,0.0,0.0,0.0,0.0,0.0,0.0,0.0,0.0,0.0,0.0,0.0,0.0,0.0,0.0,0.0,0.0,0.0,0.0,0.0,0.0,0.0,0.0,0.0,0.0,0.0,0.0,0.0,0.5926237576766676,0.3910610332034551,0.3910610332034551,0.4611337890790834,0.4611337950027015,0.36707611747625,0.3670761151133021,0.3910610332034551,0.3910610332034551,0.23903522579063938,0.20643599489768402,0.186495274691501,0.2088392996641031,0.1278729620914303],"PI":[0.2291370857630004,-0.08989043379734107,0.2595242664996019,0.12293334749439365,0.38952267279191277,-1.2252200686666498e-8,0.5747435200197444,0.2595242664996019,0.2595242664996019,0.20471970127474,0.20529469354595606,0.19750189618110317,0.181064398968388,0.12887489292140308,0.0,0.0,0.0,0.12293334722546966,0.0,0.058493906535527364,0.0,0.0,0.0,0.20471970259613748,0.19616272757234082,0.19750189736134605,0.12357452064936121,0.12887489368963098,0.22913708894086568,0.6089389667965448,0.2595242664996019,0.389522682078527,0.12293335041185223,0.5747435530842306,1.4488565764682336e-8,0.2595242664996019,0.2595242664996019,0.20471970555500055,0.20529469947205167,0.1975019020141096,0.181064398968388,0.12887489292140308,0.0,0.0,0.0,0.0,0.12293335089187597,0.0,0.05849391481152635,0.0,0.0,0.20471970631855807,0.19616273263491815,0.19750190240242743,0.12357452521628734,0.12887489368963098],"CS":[0.1743985180226777,0.3129638786762836,0.3129638786762836,0.25802235438920107,0.25802235010727825,0.3340620159551606,0.33406201810089886,0.3129638786762836,0.3129638786762836,0.47704811655528445,0.5259216222318157,0.5597831256646804,0.5220634079673689,0.6855726638537485],"pr_entry":[0.0,0.0,0.0,0.0,0.0,0.0,0.0,0.0,0.0,0.0,0.0,0.0,0.0,0.0,0.083015770080323,0.0740984590578211,0.0339285525265172,0.0,0.10056734740689544,0.0,0.09814971087187195,0.0,0.06250010842932391,0.0,0.0,0.0,0.0,0.0,0.0,0.0,0.0,0.0,0.0,0.0,0.0,0.0,0.0,0.0,0.0,0.0,0.0,0.0,0.08301577227065263,0.0740984617461723,0.03392855319943061,0.10056734963652839,0.0,0.09814971340315273,0.0,0.06250011071277768,0.0,0.0,0.0,0.0,0.0,0.0],"pr_exit":[0.0,0.0,0.0,0.0,0.0,0.25,0.0,0.25,0.0,0.0,0.0,0.0,0.0,0.0,0.0,0.0,0.0,0.0,0.0,0.0,0.0,0.0,0.0,0.0,0.0,0.0,0.0,0.0,0.0,0.0,0.0,0.0,0.0,0.0,0.25,0.0,0.25,0.0,0.0,0.0,0.0,0.0,0.0,0.0,0.0,0.0,0.0,0.0,0.0,0.0,0.0,0.0,0.0,0.0,0.0,0.0],"pr_merger":[0.1336484746203599,0.0,0.0,0.11680224322943056,0.11680224242203385,0.0,0.0,0.0,0.0,0.027106755816824757,0.0,0.0,0.0,0.0,0.0,0.0,0.0,0.0,0.0,0.0,0.0,0.0,0.0,0.027106752807166457,0.0120193039407277,0.0,0.03874358587265336,0.0,0.0,0.0,0.0,0.0,0.11680224182483645,0.0,0.0,0.0,0.0,0.02710675471462043,0.0,0.0,0.0,0.0,0.0,0.0,0.0,0.11680224287087182,0.0,0.0,0.0,0.0,0.0,0.027106753909370784,0.0,0.0,0.0,0.0],"pr_bundling":[0.0,0.0,0.0,0.0,0.0,0.0,0.0,0.0,0.0,0.0,0.0,0.0,0.0,0.0,0.0,0.0,0.0,0.0,0.0,0.0,0.0,0.0,0.0,0.0,0.0,0.0,0.0,0.0,0.0,0.0,0.0,0.0,0.0,0.0,0.0,0.0,0.0,0.0,0.0,0.0,0.0,0.0,0.0,0.0,0.0,0.0,0.0,0.0,0.0,0.0,0.0,0.0,0.0,0.0,0.0,0.0],"active_firms":[true,true,true,true,true,true,true,true,true,true,true,true,true,true,false,false,false,true,false,true,false,true,false,true,true,true,true,true,true,true,true,true,true,true,true,true,true,true,true,true,true,true,false,false,false,false,true,false,true,false,true,true,true,true,true,true,true,true,true,true,true,true,true,true,true,true,true,true,true,true],