{"modelname":"lbd","policy":"nolearning","smax":[5,1],"alpha":0.0,"beta":0.95,"c":1.0,"gamma":0.0,"sigma":5.0,"p0":1.5,"accuracy":1.0e-8,"cost_entry":[0.0,10.0],"value_exit":[0.0,1.0],"cost_merger":[0.0,1.0],"cost_bundling":[0.0,1.0],"entry":true,"exit":true,"mergers":true,"bundling":true,"filename":"a0g0s50","verbose":true,"firms":[1,2,3,4],"rival":[2,1,4,3],"partner":[3,4,1,2],"merger_pairs":[1,2,1,2,3,4,4,3],"outcomes":[1,0,1,0,1,0,0,0,0,0,1,0,1,0,1,0,0,0,1,0,0,1,0,0,1,0,0,0,1,1,0,0,0,0,1,0,0,0,0,0,1,1,1,1,2],"ownership":[0,3,0,3,0,0,4,4,0,1,0,1,0,0,2,2],"S":[1,1,1,1,1,1,1,1,1,1,1,1,1,1,0,0,0,1,0,1,0,1,0,1,1,1,1,1,1,1,1,1,1,1,1,1,1,1,1,1,1,1,0,0,0,0,1,0,1,0,1,1,1,1,1,1,0,1,1,0,0,1,1,1,1,0,1,3,1,3,0,0,1,0,0,0,0,1,1,0,0,0,1,1],"ms":14,"mc":[1.0,1.0,1.0,1.0,1.0,1.0,1.0,1.0,1.0,1.0,1.0,1.0,1.0,1.0,0.0,0.0,0.0,1.0,0.0,1.0,0.0,1.0,0.0,1.0,1.0,1.0,1.0,1.0,1.0,1.0,1.0,1.0,1.0,1.0,1.0,1.0,1.0,1.0,1.0,1.0,1.0,1.0,0.0,0.0,0.0,0.0,1.0,0.0,1.0,0.0,1.0,1.0,1.0,1.0,1.0,1.0],"P":[1.4699923632326846,0.7852542124796774,1.3926271062398388,1.3073313240795261,1.6632906528035774,0.9999999795801132,1.8244579990859002,1.3926271062398388,1.3926271062398388,1.3749503722352727,1.3619888431493936,1.3587986515548804,1.2514794664947406,1.1954584206840966,0.0,0.0,0.0,1.3073313250418168,0.0,1.242104223198494,0.0,2.0,0.0,1.3749503704227293,1.3701574139892545,1.3587986537011505,1.3064972782476856,1.1954584213736172,1.4699923701379165,2.0,1.3926271062398388,1.6632906588458367,1.3073313283434984,1.8244580475352965,1.0000000299100482,1.3926271062398388,1.3926271062398388,1.3749503768393576,1.3619888470994497,1.3587986592219456,1.2514794664947406,1.1954584206840966,0.0,0.0,0.0,0.0,1.3073313317103517,0.0,1.2421042395426984,0.0,2.0,1.3749503752812944,1.3701574180320473,1.358798662297852,1.3064972854050472,1.1954584213736172],"V":[4.712330724530337,2.2586532712986576,5.136492403613685,2.8056616893516164,5.809722869420423,2.1417982013832364,6.915052815993684,4.432834126853454,4.432834143333366,3.4989963296337323,3.466776651371839,3.381967184628529,3.0295794367289455,1.9091642489322282,0.0,0.0,0.0,2.805661691557041,0.0,2.4243202488222266,0.0,1.0711696717498038,0.0,3.4989963444295387,3.4031378024799874,3.3819671685657964,2.129939129032456,1.9091642425031232,4.712330763230332,7.740520069944829,5.136492403613685,5.809722918604902,2.8056617473205323,6.915057495480272,2.141802873159724,4.432834126853454,4.432834143333366,3.4989963748245807,3.4667811221710627,3.3819727602688903,3.0295794367289455,1.9091642489322282,0.0,0.0,0.0,0.0,2.805661747823031,0.0,2.424320330997451,0.0,1.0711696843295353,3.498996387543063,3.4031378388433575,3.3819727372486814,2.1299391787709565,1.9091642425031232],"D":[0.5744611769778553,0.7453054096208962,0.7453054096208958,0.3492365328771984,0.6984730646806203,0.5835068962898434,0.7574164023282941,0.7453054096208958,0.7453054096208958,0.46659607552241367,0.47885304192979183,0.47129215850833817,0.6023532203281577,0.488382236623632,0.0,0.0,0.0,0.34923653119686343,0.0,0.17390950059719,0.0,0.0,0.0,0.4665960797510422,0.45968933118067795,0.47129215345073705,0.3474656685748985,0.48838223325613583,0.5744611769778553,0.7453054096208962,0.7453054096208958,0.6984730640740618,0.3492365352798804,0.7574163968870334,0.5835068777149824,0.7453054096208958,0.7453054096208958,0.4665960758192623,0.47885304203854373,0.4712921596036641,0.6023532203281577,0.488382236623632,0.0,0.0,0.0,0.0,0.3492365294007399,0.0,0.1739095246133116,0.0,0.0,0.46659607945419357,0.45968933107192606,0.47129215235541116,0.3474656685748985,0.48838223325613583],"Q":[0.5744611769778553,0.7453054096208962,0.7453054096208958,0.3492365328771984,0.3492365352798804,0.5835068962898434,0.5835068777149824,0.7453054096208958,0.7453054096208958,0.2332980368524739,0.2443152726898796,0.23564608106623233,0.6023532203281577,0.488382236623632,0.0,0.0,0.0,0.0,0.0,0.0,0.0,0.0,0.0,0.23329804078425384,0.22515156183201382,0.2356460749133053,0.3474656685748985,0.48838223325613583,0.0,0.0,0.0,0.0,0.3492365294007399,0.0,0.1739095246133116,0.0,0.0,0.23329803866993976,0.23453776923991224,0.23564607744210586,0.0,0.0,0.0,0.0,0.0,0.34923653119686343,0.0,0.17390950059719,0.0,0.0,0.0,0.2332980389667884,0.23453776934866413,0.23564607853743177,0.0,0.0,0.0,0.0,0.0,0.0,0.0,0.0,0.0,0.0,0.0,0.0,0.0,0.0,0.0,0.0,0.0,0.0,0.0,0.0,0.0,0.0,0.0,0.0,0.0,0.0,0.0,0.0,0.0,0.0,0.0,0.0,0.0,0.0,0.0,0.0,0.0,0.0,0.0,0.0,0.0,0.0,0.0,0.0,0.0,0.0,0.0,0.0,0.0,0.0,0.0,0.0,0.0,0.0,0.0,0.0,0.0,0.0,0.42553882302214474,0.2546945903791038,0.25469459037910414,0.30152693592593816,0.3015269353193798,0.24258360311296656,0.24258359767170584,0.25469459037910414,0.25469459037910414,0.06680784472654394,0.06145762688953015,0.05741568804092456,0.05018111109694375,0.023235530120232193],"PI":[0.2699923661532516,-0.16005119713219595,0.29262710624435,0.10733132606609234,0.46329065503772393,-1.1915144758448669e-8,0.6244580115384265,0.29262710624435,0.29262710624435,0.17495037220064644,0.17333945868673342,0.1690989909611807,0.15147946648951408,0.09545842066062186,0.0,0.0,0.0,0.10733132588573983,0.0,0.04210422454892071,0.0,0.0,0.0,0.1749503729404466,0.17015741406828971,0.16909899015804047,0.10649728170271877,0.09545842033916602,0.2699923701200393,0.7453054096208962,0.29262710624435,0.4632906588557548,0.1073313282936467,0.6244580437487028,1.745271884679538e-8,0.29262710624435,0.29262710624435,0.17495037446019787,0.17333946061759675,0.16909899496760988,0.15147946648951408,0.09545842066062186,0.0,0.0,0.0,0.0,0.10733132766263077,0.0,0.042104233205738,0.0,0.0,0.17495037509613054,0.1701574158864631,0.16909899381659702,0.1064972841896562,0.09545842033916602],"CS":[0.17087981883716008,0.2735380272818304,0.27353802728182997,0.23977918541685295,0.23977918581917734,0.283281774582794,0.2832817790688851,0.27353802728182997,0.27353802728182997,0.5411869538617,0.5578814670602119,0.5714875404363426,0.5984233192124275,0.7524145402231062],"pr_entry":[0.0,0.0,0.0,0.0,0.0,0.0,0.0,0.0,0.0,0.0,0.0,0.0,0.0,0.0,0.07014152415090935,0.06060798846674731,0.026779228979634157,0.0,0.08747489398655507,0.0,0.08507843127399206,0.0,0.05324846966657202,0.0,0.0,0.0,0.0,0.0,0.0,0.0,0.0,0.0,0.0,0.0,0.0,0.0,0.0,0.0,0.0,0.0,0.0,0.0,0.07014152555755909,0.060607990521127954,0.026779229294127026,0.08747489506439299,0.0,0.08507843218307617,0.0,0.05324847091003422,0.0,0.0,0.0,0.0,0.0,0.0],"pr_exit":[0.0,0.0,0.0,0.0,0.0,0.25,0.0,0.25,0.0,0.0,0.0,0.0,0.0,0.0,0.0,0.0,0.0,0.0,0.0,0.0,0.0,0.0,0.0,0.0,0.0,0.0,0.0,0.0,0.0,0.0,0.0,0.0,0.0,0.0,0.25,0.0,0.25,0.0,0.0,0.0,0.0,0.0,0.0,0.0,0.0,0.0,0.0,0.0,0.0,0.0,0.0,0.0,0.0,0.0,0.0,0.0],"pr_merger":[0.1434539889381099,0.0,0.0,0.10057637509968875,0.10057637137889175,0.0,0.0,0.0,0.0,0.0,0.0,0.0,0.0,0.0,0.0,0.0,0.0,0.0,0.0,0.0,0.0,0.0,0.0,0.0,0.0,0.0,0.0,0.0,0.0,0.0,0.0,0.0,0.10057637098612005,0.0,0.0,0.0,0.0,0.0,0.0,0.0,0.0,0.0,0.0,0.0,0.0,0.10057637427299781,0.0,0.0,0.0,0.0,0.0,0.0,0.0,0.0,0.0,0.0],"pr_bundling":[0.0,0.0781654932833582,0.0,0.0,0.0,0.0,0.0,0.0,0.0,0.0,0.0,0.0,0.0,0.0,0.0,0.0,0.0,0.0,0.0,0.0,0.0,0.0,0.0,0.0,0.0,0.0,0.0,0.0,0.0,0.0781654932833582,0.0,0.0,0.0,0.0,0.0,0.0,0.0,0.0,0.0,0.0,0.0,0.0,0.0,0.0,0.0,0.0,0.0,0.0,0.0,0.0,0.0,0.0,0.0,0.0,0.0,0.0],"active_firms":[true,true,true,true,true,true,true,true,true,true,true,true,true,true,false,false,false,true,false,true,false,true,false,true,true,true,true,true,true,true,true,true,true,true,true,true,true,true,true,true,true,true,false,false,false,false,true,false,true,false,true,true,true,true,true,true,true,true,true,true,true,true,true,true,true,true,true,true,true,true],