{"modelname":"lbd","policy":"nolearning","smax":[5,1],"alpha":0.0,"beta":0.95,"c":1.0,"gamma":1.0,"sigma":7.0,"p0":1.5,"accuracy":1.0e-8,"cost_entry":[0.0,10.0],"value_exit":[0.0,1.0],"cost_merger":[0.0,1.0],"cost_bundling":[0.0,1.0],"entry":true,"exit":true,"mergers":true,"bundling":true,"filename":"a0g100s70","verbose":true,"firms":[1,2,3,4],"rival":[2,1,4,3],"partner":[3,4,1,2],"merger_pairs":[1,2,1,2,3,4,4,3],"outcomes":[1,0,1,0,1,0,0,0,0,0,1,0,1,0,1,0,0,0,1,0,0,1,0,0,1,0,0,0,1,1,0,0,0,0,1,0,0,0,0,0,1,1,1,1,2],"ownership":[0,3,0,3,0,0,4,4,0,1,0,1,0,0,2,2],"S":[1,1,1,1,1,1,1,1,1,1,1,1,1,1,0,0,0,1,0,1,0,1,0,1,1,1,1,1,1,1,1,1,1,1,1,1,1,1,1,1,1,1,0,0,0,0,1,0,1,0,1,1,1,1,1,1,0,1,1,0,0,1,1,1,1,0,1,3,1,3,0,0,1,0,0,0,0,1,1,0,0,0,1,1],"ms":14,"mc":[1.0,1.0,1.0,1.0,1.0,1.0,1.0,1.0,1.0,1.0,1.0,1.0,1.0,1.0,0.0,0.0,0.0,1.0,0.0,1.0,0.0,1.0,0.0,1.0,1.0,1.0,1.0,1.0,1.0,1.0,1.0,1.0,1.0,1.0,1.0,1.0,1.0,1.0,1.0,1.0,1.0,1.0,0.0,0.0,0.0,0.0,1.0,0.0,1.0,0.0,1.0,1.0,1.0,1.0,1.0,1.0],"P":[1.4103781486358278,1.4103781486326858,1.3926188694892365,1.2628871198290876,1.4103781486331832,1.2628871198322533,1.410378148635651,1.3926188694892365,1.3926188694892365,1.2628871198293379,1.262887119828813,1.262887119828971,1.189252763589326,1.142382230446342,0.0,0.0,0.0,1.2628871209568364,0.0,1.2628871209549581,0.0,2.0,0.0,1.262887120956184,1.2628871209574597,1.2628871209565136,1.2265388900113368,1.1423822297241717,1.4103781486348694,1.410378148634764,1.3926188694892365,1.410378148636441,1.2628871198289209,1.410378148633849,1.2628871198296296,1.3926188694892365,1.3926188694892365,1.2628871198284595,1.2628871198291702,1.2628871198258087,1.189252763589326,1.142382230446342,0.0,0.0,0.0,0.0,1.2628871209557655,0.0,1.262887120953731,0.0,2.0,1.2628871209549213,1.2628871209562196,1.262887120953752,1.2265388983551229,1.1423822297241717],"V":[5.02922945345772,5.5827374127841205,5.911267369170237,1.800228578579141,5.874866682740899,3.916758731462606,5.294997208568721,5.133042905096299,5.133042918534265,2.40059778004245,2.400597995037213,2.400597974468672,2.356482274362102,1.4190726596081515,0.0,0.0,0.0,1.800228576902936,0.0,1.0100698772428018,0.0,0.741233696651469,0.0,2.4005977713973845,2.400597716199529,2.4005979658175685,1.673633731379679,1.419072666757912,5.029229446602111,5.582737409131978,5.911267369170237,5.874866672446048,1.8002285876269886,5.294997196422377,3.91675874359355,5.133042905096299,5.133042918534265,2.400597780032782,2.4005979950276894,2.4005979744474795,2.356482274362102,1.4190726596081515,0.0,0.0,0.0,0.0,1.8002285859518052,0.0,1.0100698881633672,0.0,0.7412337087426412,2.400597771390654,2.4005977162022845,2.400597965793317,1.6736337930222083,1.419072666757912],"D":[0.6518890117884887,0.6518890117934791,0.8180714760085519,0.45658371169891226,0.6518890117926891,0.4565837116906737,0.6518890117887693,0.8180714760085519,0.8180714760085519,0.45658371169752565,0.456583711700299,0.4565837116986443,0.622575807736638,0.49833225470922693,0.0,0.0,0.0,0.45658370809453097,0.0,0.4565837081024123,0.0,0.0,0.0,0.45658370809602916,0.45658370809304744,0.45658370809492094,0.36939242898120944,0.49833225974755724,0.6518890117900109,0.6518890117901784,0.8180714760085519,0.651889011787514,0.45658371169763967,0.6518890117916317,0.4565837116934398,0.8180714760085519,0.8180714760085519,0.4565837116972086,0.45658371169786915,0.4565837117001064,0.622575807736638,0.49833225470922693,0.0,0.0,0.0,0.0,0.45658370809614723,0.0,0.45658370810071497,0.0,0.0,0.45658370809694027,0.4565837080957223,0.4565837080951029,0.36939242898120944,0.49833225974755724],"Q":[0.4249592836915646,0.4249592836949271,0.8180714760085519,0.2976419046176791,0.29764190461921236,0.2976419046141883,0.2976419046146848,0.8180714760085519,0.8180714760085519,0.20846868578734434,0.2084686857889122,0.20846868578917815,0.622575807736638,0.49833225470922693,0.0,0.0,0.0,0.0,0.0,0.0,0.0,0.0,0.0,0.2084686824991358,0.20846868249721826,0.20846868249779082,0.36939242898120944,0.49833225974755724,0.0,0.0,0.0,0.0,0.297641902271439,0.0,0.29764190227262693,0.0,0.0,0.20846868414352077,0.20846868414423095,0.20846868414319267,0.0,0.0,0.0,0.0,0.0,0.2976419022680225,0.0,0.29764190227504056,0.0,0.0,0.0,0.2084686841429601,0.2084686841419002,0.20846868414377703,0.0,0.0,0.2269297280969241,0.22692972809855202,0.0,0.15894180708123318,0.056605204902037666,0.15894180707648534,0.05660520490145757,0.0,0.0,0.03964634176666053,0.03964634176715589,0.03964634176627347,0.0,0.0,0.0,0.0,0.0,0.15894180582650844,0.0,0.15894180582737172,0.0,0.0,0.0,0.03964634145393323,0.03964634145392899,0.03964634145335306,0.0,0.0,0.22692972809844625,0.22692972809525136,0.0,0.056605204901812436,0.1589418070784273,0.056605204902402846,0.15894180707875502,0.0,0.0,0.0396463417669042,0.03964634176705673,0.039646341767151254,0.0,0.0,0.0,0.0,0.0,0.0,0.15894180582470824,0.0,0.15894180582808803,0.0,0.0,0.03964634145428367,0.03964634145427309,0.03964634145411944,0.0,0.0,0.12118126011306513,0.1211812601112695,0.1819285239914482,0.030227375304744383,0.030227375304175432,0.030227375304511223,0.030227375304387783,0.1819285239914482,0.1819285239914482,0.007539896985257122,0.007539896985323632,0.007539896985164171,0.008031763282152535,0.003335485543215834],"PI":[0.2675210057737993,0.26752100577379906,0.3211902980718687,0.12002997692940155,0.2675210057737991,0.12002997692868114,0.2675210057737993,0.3211902980718687,0.3211902980718687,0.12002997692915128,0.1200299769296407,0.12002997692927789,0.11782419215801561,0.07095365792885436,0.0,0.0,0.0,0.12002997649676786,0.0,0.12002997649798215,0.0,0.0,0.0,0.12002997649686385,0.12002997649666243,0.12002997649672296,0.08368175083999473,0.0709536582863423,0.2675210057737992,0.2675210057737992,0.3211902980718687,0.2675210057737991,0.12002997692899087,0.2675210057737991,0.12002997692821038,0.3211902980718687,0.3211902980718687,0.12002997692866688,0.12002997692916505,0.12002997692821837,0.11782419215801561,0.07095365792885436,0.0,0.0,0.0,0.0,0.12002997649670379,0.0,0.12002997649697562,0.0,0.0,0.1200299764965268,0.1200299764967994,0.12002997649550991,0.08368175392212615,0.0709536582863423],"CS":[0.30149540526155993,0.3014954052636769,0.24344877062340586,0.4998581854499915,0.49985818545268046,0.4998581854510933,0.49985818545167726,0.24344877062340586,0.24344877062340586,0.6982209656411924,0.6982209656399325,0.6982209656429537,0.6891930269015178,0.8147338600060148],"pr_entry":[0.0,0.0,0.0,0.0,0.0,0.0,0.0,0.0,0.0,0.0,0.0,0.0,0.0,0.0,0.045005714056031446,0.02525174423317971,0.01853083978267028,0.0,0.060014941971065994,0.0,0.060014940518496054,0.0,0.04184084159314959,0.0,0.0,0.0,0.0,0.0,0.0,0.0,0.0,0.0,0.0,0.0,0.0,0.0,0.0,0.0,0.0,0.0,0.0,0.0,0.045005714282253126,0.02525174450619372,0.018530840084949443,0.06001494197089775,0.0,0.06001494051856497,0.0,0.0418408431342127,0.0,0.0,0.0,0.0,0.0,0.0],"pr_exit":[0.0,0.0,0.0,0.0,0.0,0.25,0.0,0.25,0.0,0.0,0.0,0.0,0.0,0.0,0.0,0.0,0.0,0.0,0.0,0.0,0.0,0.0646916021732972,0.0,0.0,0.0,0.0,0.0,0.0,0.0,0.0,0.0,0.0,0.0,0.0,0.25,0.0,0.25,0.0,0.0,0.0,0.0,0.0,0.0,0.0,0.0,0.0,0.0,0.0,0.0,0.0,0.06469159915050557,0.0,0.0,0.0,0.0,0.0],"pr_merger":[0.25,0.0,0.0,0.25,0.25,0.0,0.0,0.0,0.0,1.1315492320917997e-7,0.0,0.0,0.0,0.0,0.0,0.0,0.0,0.0,0.0,0.0,0.0,0.0,0.0,1.174767055855952e-7,1.313711404105078e-7,0.0,0.0,0.0,0.0,0.0,0.0,0.0,0.25,0.0,0.0,0.0,0.0,1.1531544719112219e-7,0.0,0.0,0.0,0.0,0.0,0.0,0.0,0.25,0.0,0.0,0.0,0.0,0.0,1.1531618160365298e-7,0.0,0.0,0.0,0.0],"pr_bundling":[0.0,0.17544416254803075,0.0,0.0,0.0,0.25,0.25,0.0,0.0,0.0,0.0,0.0,0.0,0.0,0.0,0.0,0.0,0.0,0.0,0.0,0.0,0.0,0.0,0.0,0.0,0.0,0.0,0.0,0.0,0.17544416254803075,0.0,0.0,0.0,0.25,0.25,0.0,0.0,0.0,0.0,0.0,0.0,0.0,0.0,0.0,0.0,0.0,0.0,0.0,0.0,0.0,0.0,0.0,0.0,0.0,0.0,0.0],