{"modelname":"lbd","policy":"nolearning","smax":[5,1],"alpha":0.0,"beta":0.95,"c":1.0,"gamma":1.0,"sigma":8.0,"p0":1.5,"accuracy":1.0e-8,"cost_entry":[0.0,10.0],"value_exit":[0.0,1.0],"cost_merger":[0.0,1.0],"cost_bundling":[0.0,1.0],"entry":true,"exit":true,"mergers":true,"bundling":true,"filename":"a0g100s80","verbose":true,"firms":[1,2,3,4],"rival":[2,1,4,3],"partner":[3,4,1,2],"merger_pairs":[1,2,1,2,3,4,4,3],"outcomes":[1,0,1,0,1,0,0,0,0,0,1,0,1,0,1,0,0,0,1,0,0,1,0,0,1,0,0,0,1,1,0,0,0,0,1,0,0,0,0,0,1,1,1,1,2],"ownership":[0,3,0,3,0,0,4,4,0,1,0,1,0,0,2,2],"S":[1,1,1,1,1,1,1,1,1,1,1,1,1,1,0,0,0,1,0,1,0,1,0,1,1,1,1,1,1,1,1,1,1,1,1,1,1,1,1,1,1,1,0,0,0,0,1,0,1,0,1,1,1,1,1,1,0,1,1,0,0,1,1,1,1,0,1,3,1,3,0,0,1,0,0,0,0,1,1,0,0,0,1,1],"ms":14,"mc":[1.0,1.0,1.0,1.0,1.0,1.0,1.0,1.0,1.0,1.0,1.0,1.0,1.0,1.0,0.0,0.0,0.0,1.0,0.0,1.0,0.0,1.0,0.0,1.0,1.0,1.0,1.0,1.0,1.0,1.0,1.0,1.0,1.0,1.0,1.0,1.0,1.0,1.0,1.0,1.0,1.0,1.0,0.0,0.0,0.0,0.0,1.0,0.0,1.0,0.0,1.0,1.0,1.0,1.0,1.0,1.0],"P":[1.4009925034690085,1.4009925034683692,1.3954486438181601,1.2364633310129522,1.4009925034683666,1.2364633310118054,1.4009925034683917,1.3954486438181601,1.3954486438181601,1.2364633310132254,1.236463331012052,1.236463331013221,1.166641438024718,1.1248458414327216,0.0,0.0,0.0,1.236463332284912,0.0,1.2364633322850354,0.0,2.0,0.0,1.2364633322846343,1.236463332284493,1.2364633322855891,1.1990575149917007,1.124845841983194,1.4009925034687112,1.4009925034679327,1.3954486438181601,1.4009925034686528,1.2364633310128612,1.4009925034697532,1.2364633310137143,1.3954486438181601,1.3954486438181601,1.2364633310136013,1.236463331011628,1.2364633310129598,1.166641438024718,1.1248458414327216,0.0,0.0,0.0,0.0,1.2364633322841663,0.0,1.2364633322849428,0.0,2.0,1.2364633322850542,1.2364633322843799,1.2364633322845275,1.1990575192936612,1.124845841983194],"V":[5.364947300179993,5.940344682967404,6.272731342203906,1.7205271732324257,6.543027736874145,4.371135907063004,5.603523288067807,5.536590817851979,5.536590827972665,2.2292652644967785,2.2292655094974645,2.2292654920429986,2.0828279135908505,1.2469165847202786,0.0,0.0,0.0,1.7205271712105576,0.0,0.86373550370641,0.0,0.6116976646901845,0.0,2.229265253809491,2.2292651944428354,2.229265481346726,1.4811493641633044,1.246916579235913,5.364947295894173,5.940344678320116,6.272731342203906,6.543027730877734,1.7205271775685225,5.6035232738839715,4.371135908868816,5.536590817851979,5.536590827972665,2.2292652645003135,2.2292655094965137,2.2292654920340715,2.0828279135908505,1.2469165847202786,0.0,0.0,0.0,0.0,1.720527175547254,0.0,0.8637355086578106,0.0,0.6116976701497777,2.229265253812652,2.229265194439272,2.229265481344522,1.4811493961733437,1.246916579235913],"D":[0.6882734753356704,0.6882734753367677,0.8419516643703392,0.4713768113297317,0.688273475336772,0.4713768113322372,0.6882734753367296,0.8419516643703392,0.8419516643703392,0.47137681132869336,0.47137681133078085,0.47137681133039905,0.6249432205037915,0.4993826040557957,0.0,0.0,0.0,0.4713768065331526,0.0,0.47137680653086794,0.0,0.0,0.0,0.4713768065341918,0.4713768065323881,0.4713768065322809,0.3720408025484174,0.49938259965745485,0.6882734753361803,0.688273475337517,0.8419516643703392,0.6882734753362815,0.4713768113285875,0.6882734753343921,0.471376811328267,0.8419516643703392,0.8419516643703392,0.4713768113286904,0.4713768113314257,0.47137681132903286,0.6249432205037915,0.4993826040557957,0.0,0.0,0.0,0.0,0.4713768065344774,0.0,0.47137680653444614,0.0,0.0,0.4713768065340229,0.47137680653185904,0.47137680653393255,0.3720408025484174,0.49938259965745485],"Q":[0.47372037685099244,0.47372037685266793,0.8419516643703392,0.32443615612684906,0.32443615612629295,0.3244361561276828,0.3244361561260522,0.8419516643703392,0.8419516643703392,0.2221960982584054,0.22219609826067857,0.22219609825937067,0.6249432205037915,0.4993826040557957,0.0,0.0,0.0,0.0,0.0,0.0,0.0,0.0,0.0,0.22219609373829347,0.2221960937364231,0.22219609373734997,0.3720408025484174,0.49938259965745485,0.0,0.0,0.0,0.0,0.32443615282663374,0.0,0.32443615282659244,0.0,0.0,0.22219609599830994,0.2221960959982741,0.22219609599907156,0.0,0.0,0.0,0.0,0.0,0.32443615282549093,0.0,0.32443615282302807,0.0,0.0,0.0,0.2221960959983881,0.22219609599882748,0.22219609599764903,0.0,0.0,0.21455309848467793,0.2145530984840998,0.0,0.14694065520288263,0.03940116638384531,0.14694065520455438,0.03940116638408484,0.0,0.0,0.026984617071978023,0.026984617071828143,0.02698461707195681,0.0,0.0,0.0,0.0,0.0,0.1469406537076617,0.0,0.14694065370783987,0.0,0.0,0.0,0.026984616797510196,0.02698461679713752,0.02698461679728191,0.0,0.0,0.2145530984851879,0.2145530984848491,0.0,0.03940116638394141,0.14694065520229455,0.03940116638368123,0.14694065520221478,0.0,0.0,0.026984617071896914,0.026984617071919695,0.026984617072013183,0.0,0.0,0.0,0.0,0.0,0.0,0.14694065370784365,0.0,0.14694065370785367,0.0,0.0,0.0269846167974195,0.026984616797161867,0.026984616797511036,0.0,0.0,0.0971734261791418,0.09717342617838319,0.1580483356296609,0.017845215753174305,0.017845215753089887,0.01784521575321357,0.017845215753201988,0.1580483356296609,0.1580483356296609,0.003277148267798412,0.00327714826774945,0.00327714826779572,0.0030159769477909187,0.0012347962867493617],"PI":[0.27599250394616537,0.27599250394616537,0.3329486438356934,0.11146333096929228,0.27599250394616526,0.11146333096934415,0.27599250394616553,0.3329486438356934,0.3329486438356934,0.1114633309691755,0.11146333096911605,0.11146333096957674,0.1041414369485503,0.06234584140020946,0.0,0.0,0.0,0.1114633304346495,0.0,0.11146333043416745,0.0,0.0,0.0,0.11146333043476439,0.11146333043427122,0.1114633304347626,0.07405751763080595,0.0623458411259912,0.2759925039461652,0.27599250394616537,0.3329486438356934,0.27599250394616553,0.11146333096897881,0.2759925039461653,0.11146333096930515,0.3329486438356934,0.3329486438356934,0.111463330969352,0.11146333096906863,0.1114633309691306,0.1041414369485503,0.06234584140020946,0.0,0.0,0.0,0.0,0.11146333043461129,0.0,0.11146333043496992,0.0,0.0,0.11146333043492239,0.11146333043409283,0.11146333043465274,0.0740575192313108,0.0623458411259912],"CS":[0.29140724976414845,0.29140724976512455,0.23060679637911985,0.5032524789642339,0.503252478964825,0.5032524789639585,0.5032524789640398,0.23060679637911985,0.23060679637911985,0.7150977081636629,0.7150977081655303,0.7150977081637655,0.7254789340213796,0.8371061590635578],"pr_entry":[0.0,0.0,0.0,0.0,0.0,0.0,0.0,0.0,0.0,0.0,0.0,0.0,0.0,0.0,0.04301317932925157,0.021593385479194826,0.01529243955323487,0.0,0.05573162956249232,0.0,0.05573162800022481,0.0,0.03702873280348681,0.0,0.0,0.0,0.0,0.0,0.0,0.0,0.0,0.0,0.0,0.0,0.0,0.0,0.0,0.0,0.0,0.0,0.0,0.0,0.043013179437668934,0.02159338560297977,0.01529243968972463,0.05573162956257136,0.0,0.05573162800013574,0.0,0.037028733603737714,0.0,0.0,0.0,0.0,0.0,0.0],"pr_exit":[0.0,0.0,0.0,0.0,0.0,0.25,0.0,0.25,0.0,0.0,0.0,0.0,0.0,0.0,0.0,0.0,0.0,0.0,0.0,0.034066145208051735,0.0,0.09707560446765129,0.0,0.0,0.0,0.0,0.0,0.0,0.0,0.0,0.0,0.0,0.0,0.0,0.25,0.0,0.25,0.0,0.0,0.0,0.0,0.0,0.0,0.0,0.0,0.0,0.0,0.0,0.0340661439702023,0.0,0.0970756031027537,0.0,0.0,0.0,0.0,0.0],"pr_merger":[0.25,0.0,0.0,0.25,0.25,0.0,0.0,0.0,0.0,1.2894664802587386e-7,0.0,0.0,0.0,0.0,0.0,0.0,0.0,0.0,0.0,0.0,0.0,0.0,0.0,1.3429036282985862e-7,1.510021400141781e-7,0.0,0.0,0.0,0.0,0.0,0.0,0.0,0.25,0.0,0.0,0.0,0.0,1.3161855216825558e-7,0.0,0.0,0.0,0.0,0.0,0.0,0.0,0.25,0.0,0.0,0.0,0.0,0.0,1.316184586874769e-7,0.0,0.0,0.0,0.0],"pr_bundling":[0.0,0.17590654504945724,0.0,0.0,0.0,0.25,0.25,0.0,0.0,0.0,0.0,0.0,0.0,0.0,0.0,0.0,0.0,0.0,0.0,0.0,0.0,0.0,0.0,0.0,0.0,0.0,0.0,0.0,0.0,0.17590654504945724,0.0,0.0,0.0,0.25,0.25,0.0,0.0,0.0,0.0,0.0,0.0,0.0,0.0,0.0,0.0,0.0,0.0,0.0,0.0,0.0,0.0,0.0,0.0,0.0,0.0,0.0],