{"modelname":"lbd","policy":"nolearning","smax":[5,1],"alpha":0.0,"beta":0.95,"c":1.0,"gamma":1.0,"sigma":3.0,"p0":1.5,"accuracy":1.0e-8,"cost_entry":[0.0,10.0],"value_exit":[0.0,1.0],"cost_merger":[0.0,1.0],"cost_bundling":[0.0,1.0],"entry":true,"exit":true,"mergers":true,"bundling":true,"filename":"a0g100s30","verbose":true,"firms":[1,2,3,4],"rival":[2,1,4,3],"partner":[3,4,1,2],"merger_pairs":[1,2,1,2,3,4,4,3],"outcomes":[1,0,1,0,1,0,0,0,0,0,1,0,1,0,1,0,0,0,1,0,0,1,0,0,1,0,0,0,1,1,0,0,0,0,1,0,0,0,0,0,1,1,1,1,2],"ownership":[0,3,0,3,0,0,4,4,0,1,0,1,0,0,2,2],"S":[1,1,1,1,1,1,1,1,1,1,1,1,1,1,0,0,0,1,0,1,0,1,0,1,1,1,1,1,1,1,1,1,1,1,1,1,1,1,1,1,1,1,0,0,0,0,1,0,1,0,1,1,1,1,1,1,0,1,1,0,0,1,1,1,1,0,1,3,1,3,0,0,1,0,0,0,0,1,1,0,0,0,1,1],"ms":14,"mc":[1.0,1.0,1.0,1.0,1.0,1.0,1.0,1.0,1.0,1.0,1.0,1.0,1.0,1.0,0.0,0.0,0.0,1.0,0.0,1.0,0.0,1.0,0.0,1.0,1.0,1.0,1.0,1.0,1.0,1.0,1.0,1.0,1.0,1.0,1.0,1.0,1.0,1.0,1.0,1.0,1.0,1.0,0.0,0.0,0.0,0.0,1.0,0.0,1.0,0.0,1.0,1.0,1.0,1.0,1.0,1.0],"P":[1.5887495360863788,1.5887495360803667,1.4261909331650846,1.5000000010250634,1.588749536089657,1.5000000010191348,1.5887495360872206,1.4261909331650846,1.4261909331650846,1.5000000010213113,1.5000000010147414,1.5000000010144467,1.3477310656375794,1.2955415626405122,0.0,0.0,0.0,1.5000000058733558,0.0,1.5000000058687875,0.0,2.0,0.0,1.5000000058654261,1.500000005872506,1.5000000058686633,1.4569078433632363,1.295541560362161,1.588749536085229,1.5887495360856245,1.4261909331650846,1.5887495360872093,1.5000000010220529,1.588749536082994,1.5000000010218766,1.4261909331650846,1.4261909331650846,1.5000000010247374,1.500000001024032,1.500000001017022,1.3477310656375794,1.2955415626405122,0.0,0.0,0.0,0.0,1.500000005870838,0.0,1.500000005870547,0.0,2.0,1.500000005866039,1.5000000058730039,1.5000000058780436,1.456907860249115,1.295541560362161],"V":[4.10852766036867,4.402916338426399,4.575427586831443,2.800306505286902,4.309794992680023,3.5175204445508768,4.20461626680481,4.09837388333103,4.098373901571143,3.3333207146649224,3.3333212161502797,3.3333212121529767,3.1787064715306963,2.5774892619445646,0.0,0.0,0.0,2.800306501757465,0.0,2.083630161971737,0.0,1.357138782590902,0.0,3.3333206985206036,3.3333205520363625,3.3333211959723226,2.500002059862404,2.5774892773090623,4.108527654486685,4.402916338255049,4.575427586831443,4.309794978411788,2.8003065011274026,4.204616254206602,3.517520457149472,4.09837388333103,4.098373901571143,3.333320714666991,3.333321216151941,3.333321212184249,3.1787064715306963,2.5774892619445646,0.0,0.0,0.0,0.0,2.8003064975988057,0.0,2.0836301635372183,0.0,1.3571388095072674,3.3333206985320523,3.3333205520673554,3.333321195980912,2.500002151200417,2.5774892773090623],"D":[0.43382828701390236,0.43382828701833265,0.6089389667965448,0.33333333460774306,0.433828287011487,0.33333333461017256,0.4338282870132819,0.6089389667965448,0.6089389667965448,0.33333333460760123,0.333333334614341,0.33333333461325654,0.5207023957908359,0.436063515973767,0.0,0.0,0.0,0.3333333297594506,0.0,0.33333332976052,0.0,0.0,0.0,0.3333333297634864,0.3333333297565765,0.3333333297590402,0.27045830454506103,0.4360635219348027,0.4338282870147497,0.43382828701445825,0.6089389667965448,0.4338282870132907,0.3333333346089108,0.43382828701639653,0.3333333346089312,0.6089389667965448,0.6089389667965448,0.33333333460552134,0.33333333460831344,0.33333333461466635,0.5207023957908359,0.436063515973767,0.0,0.0,0.0,0.0,0.3333333297601257,0.0,0.33333332976026103,0.0,0.0,0.33333332976422003,0.33333332975934127,0.333333329753645,0.27045830454506103,0.4360635219348027],"Q":[0.18820698261378443,0.18820698261558,0.6089389667965448,0.1446094295573052,0.14460942955721057,0.14460942955939454,0.14460942955781775,0.6089389667965448,0.6089389667965448,0.11111111195992977,0.11111111196310704,0.11111111196486317,0.5207023957908359,0.436063515973767,0.0,0.0,0.0,0.0,0.0,0.0,0.0,0.0,0.0,0.11111110873145769,0.11111110872752814,0.1111111087264506,0.27045830454506103,0.4360635219348027,0.0,0.0,0.0,0.0,0.14460942745367045,0.0,0.14460942745432748,0.0,0.0,0.11111111034616268,0.11111111034678298,0.11111111034452277,0.0,0.0,0.0,0.0,0.0,0.1446094274539788,0.0,0.1446094274554781,0.0,0.0,0.0,0.11111111034522476,0.1111111103438522,0.11111111034679118,0.0,0.0,0.24562130440011792,0.24562130440275268,0.0,0.18872390505043785,0.14460943000060603,0.188723905050778,0.14460943000113669,0.0,0.0,0.11111111230150876,0.111111112304451,0.11111111230387061,0.0,0.0,0.0,0.0,0.0,0.18872390230547184,0.0,0.1887239023050419,0.0,0.0,0.0,0.11111111068680395,0.11111111068519613,0.1111111106857984,0.0,0.0,0.24562130440096525,0.24562130439887825,0.0,0.14460943000200666,0.18872390505170022,0.14460943000152388,0.18872390505111347,0.0,0.0,0.11111111230036678,0.1111111123013542,0.11111111230301203,0.0,0.0,0.0,0.0,0.0,0.0,0.18872390230645525,0.0,0.18872390230593356,0.0,0.0,0.11111111068659967,0.11111111068503014,0.11111111068267164,0.0,0.0,0.32055040858513245,0.3205504085827891,0.3910610332034551,0.18872390563079972,0.18872390563035768,0.1887239056277834,0.18872390562967106,0.3910610332034551,0.3910610332034551,0.11111111264194601,0.11111111264269816,0.11111111264201949,0.2088392996641031,0.1278729620914303],"PI":[0.2554162027205834,0.2554162027205835,0.2595242664996019,0.16666666764555932,0.2554162027205836,0.16666666764479787,0.2554162027205833,0.2595242664996019,0.2595242664996019,0.1666666676442377,0.16666666764541763,0.1666666676447772,0.181064398968388,0.12887489292140308,0.0,0.0,0.0,0.16666666683751055,0.0,0.16666666683652245,0.0,0.0,0.0,0.16666666683688522,0.16666666683579023,0.1666666668357412,0.12357452064936121,0.12887489368963098,0.25541620272058346,0.25541620272058346,0.2595242664996019,0.2554162027205836,0.16666666764513968,0.2554162027205834,0.16666666764509114,0.2595242664996019,0.2595242664996019,0.1666666676443398,0.1666666676455007,0.16666666764634053,0.181064398968388,0.12887489292140308,0.0,0.0,0.0,0.0,0.16666666683700884,0.0,0.16666666683697948,0.0,0.0,0.16666666683745632,0.16666666683733858,0.16666666683617035,0.12357452521628734,0.12887489368963098],"CS":[0.3792385779706424,0.3792385779730796,0.3129638786762836,0.555823382907942,0.5558233829087227,0.5558233829132697,0.5558233829099355,0.3129638786762836,0.3129638786762836,0.7324081878529021,0.7324081878506452,0.7324081878526814,0.5220634079673689,0.6855726638537485],"pr_entry":[0.0,0.0,0.0,0.0,0.0,0.0,0.0,0.0,0.0,0.0,0.0,0.0,0.0,0.0,0.0700076378517349,0.052090731413039125,0.03392845308188004,0.0,0.08333300083378047,0.0,0.08333299697895954,0.0,0.06250004018520008,0.0,0.0,0.0,0.0,0.0,0.0,0.0,0.0,0.0,0.0,0.0,0.0,0.0,0.0,0.0,0.0,0.0,0.0,0.0,0.07000763774776851,0.052090731452176006,0.033928453754788326,0.08333300083406672,0.0,0.08333299697973442,0.0,0.06250004246864974,0.0,0.0,0.0,0.0,0.0,0.0],"pr_exit":[0.0,0.0,0.0,0.0,0.0,0.25,0.0,0.25,0.0,0.0,0.0,0.0,0.0,0.0,0.0,0.0,0.0,0.0,0.0,0.0,0.0,0.0,0.0,0.0,0.0,0.0,0.0,0.0,0.0,0.0,0.0,0.0,0.0,0.0,0.25,0.0,0.25,0.0,0.0,0.0,0.0,0.0,0.0,0.0,0.0,0.0,0.0,0.0,0.0,0.0,0.0,0.0,0.0,0.0,0.0,0.0],"pr_merger":[0.15771675109607863,0.0,0.0,0.1402582115535952,0.14025821501145042,0.0,0.0,0.0,0.0,2.6393896401799566e-7,0.0,0.0,0.0,0.0,0.0,0.0,0.0,0.0,0.0,0.0,0.0,0.0,0.0,2.720087135532623e-7,3.389081455473786e-7,0.0,0.038743585892781374,0.0,0.0,0.0,0.0,0.0,0.14025821615622414,0.0,0.0,0.0,0.0,2.6797266627909266e-7,0.0,0.0,0.0,0.0,0.0,0.0,0.0,0.14025821269875682,0.0,0.0,0.0,0.0,0.0,2.679750112921653e-7,0.0,0.0,0.0,0.0],"pr_bundling":[0.0,0.09829520181036133,0.0,0.0,0.0,0.11190255065009014,0.11190255447567465,0.0,0.0,0.0,0.0,0.0,0.0,0.0,0.0,0.0,0.0,0.0,0.0,0.0,0.0,0.0,0.0,0.0,0.0,0.0,0.0,0.0,0.0,0.09829520181036133,0.0,0.0,0.0,0.11190255065009014,0.11190255447567465,0.0,0.0,0.0,0.0,0.0,0.0,0.0,0.0,0.0,0.0,0.0,0.0,0.0,0.0,0.0,0.0,0.0,0.0,0.0,0.0,0.0],