{"modelname":"lbd","policy":"nolearning","smax":[5,1],"alpha":1.0,"beta":0.95,"c":1.0,"gamma":0.0,"sigma":7.0,"p0":1.5,"accuracy":1.0e-8,"cost_entry":[0.0,10.0],"value_exit":[0.0,1.0],"cost_merger":[0.0,1.0],"cost_bundling":[0.0,1.0],"entry":true,"exit":true,"mergers":true,"bundling":true,"filename":"a100g0s70","verbose":true,"firms":[1,2,3,4],"rival":[2,1,4,3],"partner":[3,4,1,2],"merger_pairs":[1,2,1,2,3,4,4,3],"outcomes":[1,0,1,0,1,0,0,0,0,0,1,0,1,0,1,0,0,0,1,0,0,1,0,0,1,0,0,0,1,1,0,0,0,0,1,0,0,0,0,0,1,1,1,1,2],"ownership":[0,3,0,3,0,0,4,4,0,1,0,1,0,0,2,2],"S":[1,1,1,1,1,1,1,1,1,1,1,1,1,1,0,0,0,1,0,1,0,1,0,1,1,1,1,1,1,1,1,1,1,1,1,1,1,1,1,1,1,1,0,0,0,0,1,0,1,0,1,1,1,1,1,1,0,1,1,0,0,1,1,1,1,0,1,3,1,3,0,0,1,0,0,0,0,1,1,0,0,0,1,1],"ms":14,"mc":[0.0,0.0,0.0,0.0,0.0,0.0,0.0,0.0,0.0,0.0,0.0,0.0,0.0,0.0,0.0,0.0,0.0,0.0,0.0,0.0,0.0,0.0,0.0,0.0,0.0,0.0,0.0,0.0,1.0,1.0,1.0,1.0,1.0,1.0,1.0,1.0,1.0,1.0,1.0,1.0,1.0,1.0,0.0,0.0,0.0,0.0,1.0,0.0,1.0,0.0,1.0,1.0,1.0,1.0,1.0,1.0],"P":[0.882544125996084,0.6622537909590989,0.8311268954795494,0.26109094597161836,1.5147705648663798,2.8556958861811527e-8,1.695037187527663,0.8311268954804574,0.8311268954795494,0.2857110418206647,0.285708880194538,0.28570779950263847,0.1911691135822442,0.14285670456798227,0.0,0.0,0.0,0.2610909469506496,0.0,0.17927713244166585,0.0,0.0,0.0,0.2857110405184869,0.28570995974491936,0.28570779814807723,0.22807265011731637,0.14285670508758064,1.8825441576513502,2.0,1.8311268954795494,2.514770568345215,1.2610909510058033,2.6950371891661566,1.0000000239574445,1.8311268954804574,1.8311268954795494,1.2857110442200461,1.2857088826043739,1.2857078019564547,1.1911691135822442,1.1428567045679823,0.0,0.0,0.0,0.0,1.2610909498729412,0.0,1.1792771330622225,0.0,2.0,1.285711045287838,1.2857099645367291,1.2857078030233096,1.228072657206056,1.1428567050875806],"V":[12.446598203976778,11.525657875330817,13.481582967950231,2.114871583834546,16.688291453918506,4.5627071296257125,16.03052303471135,10.968267966628204,10.968268000645127,2.857077418847406,2.857066630879932,2.8570450093794078,2.3948106039273034,1.4285625403476843,0.0,0.0,0.0,2.114871584247535,0.0,0.920666808839787,0.0,0.7624663777401115,0.0,2.8570774318685763,2.8570558022593824,2.8570450229242494,1.7043099147817287,1.4285625351517484,12.446598338038294,15.061016720695752,13.481582967950231,16.688291431381472,2.1148716020627423,16.487515468995724,5.019699622230931,10.968267966628204,10.968268000645127,2.8570774665398533,2.8570667507498877,2.8570451310462888,2.3948106039273034,1.4285625403476843,0.0,0.0,0.0,0.0,2.114871601999803,0.0,0.9206668173634563,0.0,0.7624663883421227,2.85707745586244,2.8570558263576373,2.857045120378345,1.7043099677534763,1.4285625351517484],"D":[0.8381303172865303,0.9140581639180031,0.9140581639180031,0.45284528860445034,0.9056905738068576,0.7125712520674343,0.9157203529126922,0.9140581639170045,0.9140581639180031,0.4999943230520293,0.49999621465133426,0.4999943232179368,0.626359247604606,0.4999984657796392,0.0,0.0,0.0,0.45284528550100345,0.0,0.2031490981008829,0.0,0.0,0.0,0.4999943276095999,0.4999924362678815,0.499994327958847,0.37363318350139507,0.49999846214246113,0.8381303172865303,0.9140581639180031,0.9140581639180031,0.9056905741054537,0.45284528510788963,0.9157203501683172,0.7125712599793467,0.9140581639170045,0.9140581639180031,0.4999943271994286,0.4999962188197415,0.4999943274553666,0.626359247604606,0.4999984657796392,0.0,0.0,0.0,0.0,0.45284528869896795,0.0,0.20314909293334546,0.0,0.0,0.4999943234622006,0.4999924320994743,0.4999943237214172,0.37363318350139507,0.49999846214246113],"Q":[0.8381303172865303,0.9140581639180031,0.9140581639180031,0.45284528860445034,0.45284528510788963,0.7125712520674343,0.7125712599793467,0.9140581639170045,0.9140581639180031,0.24999716246032178,0.2499990540093109,0.24999716254245574,0.626359247604606,0.4999984657796392,0.0,0.0,0.0,0.0,0.0,0.0,0.0,0.0,0.0,0.24999716287049303,0.2499952714574509,0.24999716304593617,0.37363318350139507,0.49999846214246113,0.0,0.0,0.0,0.0,0.45284528869896795,0.0,0.20314909293334546,0.0,0.0,0.24999716059170754,0.24999716064202337,0.24999716067548106,0.0,0.0,0.0,0.0,0.0,0.45284528550100345,0.0,0.2031490981008829,0.0,0.0,0.0,0.24999716473910685,0.24999716481043058,0.24999716491291085,0.0,0.0,0.0,0.0,0.0,0.0,0.0,0.0,0.0,0.0,0.0,0.0,0.0,0.0,0.0,0.0,0.0,0.0,0.0,0.0,0.0,0.0,0.0,0.0,0.0,0.0,0.0,0.0,0.0,0.0,0.0,0.0,0.0,0.0,0.0,0.0,0.0,0.0,0.0,0.0,0.0,0.0,0.0,0.0,0.0,0.0,0.0,0.0,0.0,0.0,0.0,0.0,0.0,0.0,0.0,0.0,0.0,0.0,0.16186968271346963,0.0859418360819969,0.0859418360819969,0.0943094258945462,0.0943094261931424,0.08427964983168279,0.08427964708730785,0.08594183608299547,0.0859418360819969,1.1349338370794658e-5,1.1349080784147471e-5,1.1348823216238518e-5,7.5688939988975e-6,3.072077899612361e-6],"PI":[0.7396869883404614,0.6053384842118109,0.759698324064907,0.11823380478052646,1.3719134220795692,2.0348867931399255e-8,1.552180051562969,0.7596983240649069,0.759698324064907,0.14285389894361328,0.14285335858954057,0.1428522778504077,0.11974054214861395,0.07142813311032631,0.0,0.0,0.0,0.11823380441359427,0.0,0.03641998776563696,0.0,0.0,0.0,0.14285389959468,0.14285281883886058,0.14285227852764978,0.08521551033293275,0.07142813285052942,0.7396870148716997,0.9140581639180031,0.759698324064907,1.371913425682622,0.11823380614731302,1.552180048411553,1.7071386393796905e-8,0.7596983240649069,0.759698324064907,0.14285390132824816,0.14285336098540036,0.14285228028796865,0.11974054214861395,0.07142813311032631,0.0,0.0,0.0,0.0,0.11823380657189984,0.0,0.036419986965281176,0.0,0.0,0.1428539007943707,0.14285282004377375,0.14285227975457154,0.08521551298152112,0.07142813285052942],"CS":[0.2601376707385663,0.35058350516674963,0.35058350516674963,0.33731059112487616,0.33731059067257174,0.35337354926797415,0.35337355391979175,0.3505835051650896,0.35058350516674963,1.6266215870082914,1.6266248293567747,1.626628071542975,1.684494800624711,1.8133080550076603],"pr_entry":[0.0,0.0,0.0,0.0,0.0,0.0,0.0,0.0,0.0,0.0,0.0,0.0,0.0,0.0,0.05287179082653197,0.02301666957991135,0.019061658847218683,0.0,0.07142693505983937,0.0,0.07142639430054006,0.0,0.04260774748549463,0.0,0.0,0.0,0.0,0.0,0.0,0.0,0.0,0.0,0.0,0.0,0.0,0.0,0.0,0.0,0.0,0.0,0.0,0.0,0.052871791270338586,0.023016669793003063,0.01906165911226894,0.07142693565968605,0.0,0.07142639490299642,0.0,0.04260774880978829,0.0,0.0,0.0,0.0,0.0,0.0],"pr_exit":[0.0,0.0,0.0,0.0,0.0,0.25,0.0,0.25,0.0,0.0,0.0,0.0,0.0,0.0,0.0,0.0,0.0,0.0,0.0,0.019833304200886498,0.0,0.05938341152781318,0.0,0.0,0.0,0.0,0.0,0.0,0.0,0.0,0.0,0.0,0.0,0.0,0.25,0.0,0.25,0.0,0.0,0.0,0.0,0.0,0.0,0.0,0.0,0.0,0.0,0.0,0.01983330206996939,0.0,0.05938340887731061,0.0,0.0,0.0,0.0,0.0],"pr_merger":[0.25,0.0,0.0,0.25,0.25,0.0,0.0,0.0,0.0,0.0,0.0,0.0,0.0,0.0,0.0,0.0,0.0,0.0,0.0,0.0,0.0,0.0,0.0,0.0,0.0,0.0,0.0,0.0,0.0,0.0,0.0,0.0,0.25,0.0,0.0,0.0,0.0,0.0,0.0,0.0,0.0,0.0,0.0,0.0,0.0,0.25,0.0,0.0,0.0,0.0,0.0,0.0,0.0,0.0,0.0,0.0],"pr_bundling":[0.0,0.11151147814622364,0.0,0.0,0.0,0.25,0.25,0.0,0.0,0.0,0.0,0.0,0.0,0.0,0.0,0.0,0.0,0.0,0.0,0.0,0.0,0.0,0.0,0.0,0.0,0.0,0.0,0.0,0.0,0.11151147814622364,0.0,0.0,0.0,0.25,0.25,0.0,0.0,0.0,0.0,0.0,0.0,0.0,0.0,0.0,0.0,0.0,0.0,0.0,0.0,0.0,0.0,0.0,0.0,0.0,0.0,0.0],"active_firms":[true,true,true,true,true,true,true,true,true,true,true,true,true,true,false,false,false,true,false,true,false,true,false,true,true,true,true,true,true,true,true,true,true,true,true,true,true,true,true,true,true,true,false,false,false,false,true,false,true,false,true,true,true,true,true,true,true,true,true,true,true,true,true,true,true,true,true,true,true,true],