{"modelname":"lbd","policy":"nolearning","smax":[5,1],"alpha":1.0,"beta":0.95,"c":1.0,"gamma":0.0,"sigma":3.0,"p0":1.5,"accuracy":1.0e-8,"cost_entry":[0.0,10.0],"value_exit":[0.0,1.0],"cost_merger":[0.0,1.0],"cost_bundling":[0.0,1.0],"entry":true,"exit":true,"mergers":true,"bundling":true,"filename":"a100g0s30","verbose":true,"firms":[1,2,3,4],"rival":[2,1,4,3],"partner":[3,4,1,2],"merger_pairs":[1,2,1,2,3,4,4,3],"outcomes":[1,0,1,0,1,0,0,0,0,0,1,0,1,0,1,0,0,0,1,0,0,1,0,0,1,0,0,0,1,1,0,0,0,0,1,0,0,0,0,0,1,1,1,1,2],"ownership":[0,3,0,3,0,0,4,4,0,1,0,1,0,0,2,2],"S":[1,1,1,1,1,1,1,1,1,1,1,1,1,1,0,0,0,1,0,1,0,1,0,1,1,1,1,1,1,1,1,1,1,1,1,1,1,1,1,1,1,1,0,0,0,0,1,0,1,0,1,1,1,1,1,1,0,1,1,0,0,1,1,1,1,0,1,3,1,3,0,0,1,0,0,0,0,1,1,0,0,0,1,1],"ms":14,"mc":[0.0,0.0,0.0,0.0,0.0,0.0,0.0,0.0,0.0,0.0,0.0,0.0,0.0,0.0,0.0,0.0,0.0,0.0,0.0,0.0,0.0,0.0,0.0,0.0,0.0,0.0,0.0,0.0,1.0,1.0,1.0,1.0,1.0,1.0,1.0,1.0,1.0,1.0,1.0,1.0,1.0,1.0,0.0,0.0,0.0,0.0,1.0,0.0,1.0,0.0,1.0,1.0,1.0,1.0,1.0,1.0],"P":[0.9089501329543025,0.5644804529803503,0.7822402264901751,0.5332301540653459,1.3320446395930965,2.942105804382429e-8,1.6326464483534713,0.7822402264796886,0.7822402264901751,0.6476849726817029,0.6366419101307741,0.6326878448448604,0.4346408773515753,0.3303872301563908,0.0,0.0,0.0,0.5332301557651256,0.0,0.4071069607103299,0.0,0.0,0.0,0.6476849699429007,0.6428556285567479,0.6326878480949777,0.523056534063256,0.3303872285036735,1.9089501435367897,2.0,1.782240226490175,2.3320446478660335,1.5332301625745335,2.6326464535006133,1.0000000280753196,1.7822402264796886,1.782240226490175,1.6476849805270652,1.636641918409897,1.6326878554995683,1.4346408773515753,1.3303872301563908,0.0,0.0,0.0,0.0,1.533230160299195,0.0,1.4071069599003851,0.0,2.0,1.6476849778754072,1.64285563688881,1.6326878593758787,1.523056551472004,1.3303872285036735],"V":[8.444982745124772,8.31854347195095,9.187634325344344,5.522373458998934,9.845413344726095,4.660861067860998,11.255601852309857,7.840229917812108,7.840229970915411,6.2870176742742885,6.245948963940227,6.156969629368448,5.359471788226458,3.2744044724496866,0.0,0.0,0.0,5.5223734643183615,0.0,4.993874697814632,0.0,2.4404325043811115,0.0,6.287017699345621,6.190431137748848,6.1569696009641826,3.7944551205743138,3.2744044885399095,8.444982787933933,9.51184364212038,9.187634325344344,9.845413385183441,5.522373513601123,11.255602112843482,4.66086136205648,7.840229917812108,7.840229970915411,6.287017751250296,6.24594929830739,6.156970266061529,5.359471788226458,3.2744044724496866,0.0,0.0,0.0,0.0,5.522373520803407,0.0,4.993874746066986,0.0,2.440432556620992,6.287017775523889,6.190431217486955,6.156970232184657,3.7944552468640778,3.2744044885399095],"D":[0.6332765448255491,0.7869367222250702,0.7869367222250702,0.37487906981953045,0.7497581387131715,0.6146181853407212,0.7958325129967659,0.7869367222356195,0.7869367222250702,0.48534650733019924,0.4905397927010479,0.48657362840634466,0.6165416660979016,0.4955414316463799,0.0,0.0,0.0,0.37487906790789477,0.0,0.18121432455056408,0.0,0.0,0.0,0.4853465113180033,0.4814802666133043,0.48657362366208057,0.36272026332630375,0.49554143656031957,0.6332765448255491,0.7869367222250702,0.7869367222250702,0.7497581377274252,0.3748790680771206,0.7958325098912853,0.6146181879640258,0.7869367222356195,0.7869367222250702,0.485346507393642,0.4905397927396379,0.4865736288633784,0.6165416660979016,0.4955414316463799,0.0,0.0,0.0,0.0,0.37487907063605086,0.0,0.18121432503274015,0.0,0.0,0.4853465112545606,0.4814802665747143,0.48657362320504677,0.36272026332630375,0.49554143656031957],"Q":[0.6332765448255491,0.7869367222250702,0.7869367222250702,0.37487906981953045,0.3748790680771206,0.6146181853407212,0.6146181879640258,0.7869367222356195,0.7869367222250702,0.24267325269986997,0.24755588728472655,0.2432868156177553,0.6165416660979016,0.4955414316463799,0.0,0.0,0.0,0.0,0.0,0.0,0.0,0.0,0.0,0.2426732566242313,0.23849636115839296,0.24328681041645742,0.36272026332630375,0.49554143656031957,0.0,0.0,0.0,0.0,0.37487907063605086,0.0,0.18121432503274015,0.0,0.0,0.24267325463032927,0.24298390541632137,0.24328681278858935,0.0,0.0,0.0,0.0,0.0,0.37487906790789477,0.0,0.18121432455056408,0.0,0.0,0.0,0.24267325469377202,0.24298390545491133,0.24328681324562312,0.0,0.0,0.0,0.0,0.0,0.0,0.0,0.0,0.0,0.0,0.0,0.0,0.0,0.0,0.0,0.0,0.0,0.0,0.0,0.0,0.0,0.0,0.0,0.0,0.0,0.0,0.0,0.0,0.0,0.0,0.0,0.0,0.0,0.0,0.0,0.0,0.0,0.0,0.0,0.0,0.0,0.0,0.0,0.0,0.0,0.0,0.0,0.0,0.0,0.0,0.0,0.0,0.0,0.0,0.0,0.0,0.0,0.0,0.36672345517445104,0.21306327777492984,0.21306327777492984,0.2502418622725746,0.25024186128682857,0.20416749010871485,0.2041674870032342,0.21306327776438044,0.21306327777492984,0.02930698135179748,0.027979940685647804,0.026852747931574786,0.020738070575794618,0.008917131793300455],"PI":[0.5756167996160241,0.44421039742847973,0.6155735598267749,0.19989682415574178,0.9987113096641774,1.8082717305699316e-8,1.2993131258283876,0.6155735598267748,0.6155735598267749,0.31435163934132,0.3122981906203491,0.30784922031475415,0.26797421067659394,0.16372056102937993,0.0,0.0,0.0,0.19989682377361181,0.0,0.07377361290495546,0.0,0.0,0.0,0.3143516405948927,0.30952229943136633,0.30784921889453726,0.18972320376996799,0.16372056183389294,0.5756168063176651,0.7869367222250702,0.6155735598267749,0.9987113145538211,0.19989682641655263,1.2993131248544987,1.7255602074229433e-8,0.6155735598267748,0.6155735598267749,0.31435164319013015,0.31229819470615633,0.3078492257882137,0.26797421067659394,0.16372056102937993,0.0,0.0,0.0,0.0,0.19989682692807462,0.0,0.07377361295447911,0.0,0.0,0.31435164440381613,0.309522303418282,0.30784922409436644,0.18972321008447365,0.16372056183389294],"CS":[0.3343824143692009,0.5153886928787763,0.5153886928787763,0.46177579323561746,0.4617757945486751,0.5296048640179856,0.5296048690881374,0.5153886928952804,0.5153886928787763,1.1766431733162765,1.1920891432103244,1.2057957064812481,1.2919280365468684,1.5732603106446936],"pr_entry":[0.0,0.0,0.0,0.0,0.0,0.0,0.0,0.0,0.0,0.0,0.0,0.0,0.0,0.0,0.13805931329489277,0.12484684412769334,0.06101079662228528,0.0,0.15717542259870337,0.0,0.15476075890309166,0.0,0.09486136623169333,0.0,0.0,0.0,0.0,0.0,0.0,0.0,0.0,0.0,0.0,0.0,0.0,0.0,0.0,0.0,0.0,0.0,0.0,0.0,0.13805931470701857,0.12484684533400178,0.06101079792828161,0.15717542450315986,0.0,0.15476076089654403,0.0,0.09486136938893695,0.0,0.0,0.0,0.0,0.0,0.0],"pr_exit":[0.0,0.0,0.0,0.0,0.0,0.25,0.0,0.25,0.0,0.0,0.0,0.0,0.0,0.0,0.0,0.0,0.0,0.0,0.0,0.0,0.0,0.0,0.0,0.0,0.0,0.0,0.0,0.0,0.0,0.0,0.0,0.0,0.0,0.0,0.25,0.0,0.25,0.0,0.0,0.0,0.0,0.0,0.0,0.0,0.0,0.0,0.0,0.0,0.0,0.0,0.0,0.0,0.0,0.0,0.0,0.0],"pr_merger":[0.22070727485759978,0.0,0.0,0.11444930332614156,0.11444930783534879,0.0,0.0,0.0,0.0,0.0,0.0,0.0,0.0,0.0,0.0,0.0,0.0,0.0,0.0,0.0,0.0,0.0,0.0,0.0,0.0,0.0,0.0,0.0,0.0,0.0,0.0,0.0,0.11444930536398101,0.0,0.0,0.0,0.0,0.0,0.0,0.0,0.0,0.0,0.0,0.0,0.0,0.11444930122015728,0.0,0.0,0.0,0.0,0.0,0.0,0.0,0.0,0.0,0.0],"pr_bundling":[0.0,0.1734879451799678,0.0,0.0,0.0,0.0,0.0,0.0,0.0,0.0,0.0,0.0,0.0,0.0,0.0,0.0,0.0,0.0,0.0,0.0,0.0,0.0,0.0,0.0,0.0,0.0,0.0,0.0,0.0,0.1734879451799678,0.0,0.0,0.0,0.0,0.0,0.0,0.0,0.0,0.0,0.0,0.0,0.0,0.0,0.0,0.0,0.0,0.0,0.0,0.0,0.0,0.0,0.0,0.0,0.0,0.0,0.0],"active_firms":[true,true,true,true,true,true,true,true,true,true,true,true,true,true,false,false,false,true,false,true,false,true,false,true,true,true,true,true,true,true,true,true,true,true,true,true,true,true,true,true,true,true,false,false,false,false,true,false,true,false,true,true,true,true,true,true,true,true,true,true,true,true,true,true,true,true,true,true,true,true],