{"modelname":"lbd","policy":"nolearning","smax":[5,1],"alpha":1.0,"beta":0.95,"c":1.0,"gamma":0.0,"sigma":4.0,"p0":1.5,"accuracy":1.0e-8,"cost_entry":[0.0,10.0],"value_exit":[0.0,1.0],"cost_merger":[0.0,1.0],"cost_bundling":[0.0,1.0],"entry":true,"exit":true,"mergers":true,"bundling":true,"filename":"a100g0s40","verbose":true,"firms":[1,2,3,4],"rival":[2,1,4,3],"partner":[3,4,1,2],"merger_pairs":[1,2,1,2,3,4,4,3],"outcomes":[1,0,1,0,1,0,0,0,0,0,1,0,1,0,1,0,0,0,1,0,0,1,0,0,1,0,0,0,1,1,0,0,0,0,1,0,0,0,0,0,1,1,1,1,2],"ownership":[0,3,0,3,0,0,4,4,0,1,0,1,0,0,2,2],"S":[1,1,1,1,1,1,1,1,1,1,1,1,1,1,0,0,0,1,0,1,0,1,0,1,1,1,1,1,1,1,1,1,1,1,1,1,1,1,1,1,1,1,0,0,0,0,1,0,1,0,1,1,1,1,1,1,0,1,1,0,0,1,1,1,1,0,1,3,1,3,0,0,1,0,0,0,0,1,1,0,0,0,1,1],"ms":14,"mc":[0.0,0.0,0.0,0.0,0.0,0.0,0.0,0.0,0.0,0.0,0.0,0.0,0.0,0.0,0.0,0.0,0.0,0.0,0.0,0.0,0.0,0.0,0.0,0.0,0.0,0.0,0.0,0.0,1.0,1.0,1.0,1.0,1.0,1.0,1.0,1.0,1.0,1.0,1.0,1.0,1.0,1.0,0.0,0.0,0.0,0.0,1.0,0.0,1.0,0.0,1.0,1.0,1.0,1.0,1.0,1.0],"P":[0.8837297733966698,0.5817945753382487,0.7908972876691243,0.4230467268006894,1.3743624324093353,2.8214858529362802e-8,1.6356628230536239,0.7908972876623133,0.7908972876691243,0.49777105550686834,0.49632111341146723,0.4956360711630032,0.3332828737086737,0.24969168437232847,0.0,0.0,0.0,0.4230467283443662,0.0,0.3089328646191623,0.0,0.0,0.0,0.4977710573645589,0.4970610172967337,0.4956360742277343,0.3981150290127821,0.24969168302470934,1.8837297898843046,2.0,1.7908972876691243,2.3743624387385966,1.4230467364722592,2.6356628231702177,1.0000000234953001,1.7908972876623133,1.7908972876691243,1.497771063825772,1.4963211220132675,1.495636082064903,1.3332828737086737,1.2496916843723285,0.0,0.0,0.0,0.0,1.423046734234604,0.0,1.3089328572106227,0.0,2.0,1.4977710615560234,1.4970610216244482,1.4956360797957668,1.3981150389535284,1.2496916830247093],"V":[9.04066226331572,8.681537154502008,9.990548020621098,3.53640896043346,10.89417860431902,3.647185786293683,11.927037906070758,7.967873601030455,7.967873656528507,4.955408948221267,4.948476915190062,4.934528965791208,4.165648116439959,2.4938289331795027,0.0,0.0,0.0,3.536408956712666,0.0,2.468318003961482,0.0,1.731635891918696,0.0,4.955408929892699,4.941208147876537,4.934528935811518,2.962293706515539,2.4938289466058303,9.040662284232939,10.78688751874907,9.990548020621098,10.894178564890943,3.536408987665063,11.927038349445995,3.6471863302987306,7.967873601030455,7.967873656528507,4.9554089901316685,4.948477494745719,4.9345297155987735,4.165648116439959,2.4938289331795027,0.0,0.0,0.0,0.0,3.5364089924186404,0.0,2.468318008953725,0.0,1.7316359171938598,4.955409012525727,4.94120823319848,4.934529737795836,2.962293780482586,2.4938289466058303],"D":[0.7171080992753263,0.8419516643354176,0.8419516643354176,0.40904873801147756,0.8180974726331001,0.6563941060395275,0.8471567682440029,0.8419516643426682,0.8419516643354176,0.49776108026348553,0.498516877097256,0.49779883029919636,0.6249432243308721,0.49938259916332106,0.0,0.0,0.0,0.4090487354857215,0.0,0.19076265938608516,0.0,0.0,0.0,0.4977610765647415,0.49704363998342427,0.49779882419671806,0.37204079875934487,0.4993826045471414,0.7171080992753263,0.8419516643354176,0.8419516643354176,0.8180974734971991,0.40904873448593015,0.8471567654256127,0.6563941066334742,0.8419516643426682,0.8419516643354176,0.49776107615452847,0.4985168728421541,0.49779882498881056,0.6249432243308721,0.49938259916332106,0.0,0.0,0.0,0.0,0.40904873814716985,0.0,0.19076266161052863,0.0,0.0,0.4977610806736985,0.4970436442385262,0.4977988295071039,0.37204079875934487,0.4993826045471414],"Q":[0.7171080992753263,0.8419516643354176,0.8419516643354176,0.40904873801147756,0.40904873448593015,0.6563941060395275,0.6563941066334742,0.8419516643426682,0.8419516643354176,0.24888053900195026,0.24962729072292103,0.24889941402002483,0.6249432243308721,0.49938259916332106,0.0,0.0,0.0,0.0,0.0,0.0,0.0,0.0,0.0,0.24888053941216326,0.24815405786419117,0.24889941322793238,0.37204079875934487,0.4993826045471414,0.0,0.0,0.0,0.0,0.40904873814716985,0.0,0.19076266161052863,0.0,0.0,0.24888054126153528,0.248889586374335,0.24889941627917153,0.0,0.0,0.0,0.0,0.0,0.4090487354857215,0.0,0.19076265938608516,0.0,0.0,0.0,0.24888053715257824,0.2488895821192331,0.2488994109687857,0.0,0.0,0.0,0.0,0.0,0.0,0.0,0.0,0.0,0.0,0.0,0.0,0.0,0.0,0.0,0.0,0.0,0.0,0.0,0.0,0.0,0.0,0.0,0.0,0.0,0.0,0.0,0.0,0.0,0.0,0.0,0.0,0.0,0.0,0.0,0.0,0.0,0.0,0.0,0.0,0.0,0.0,0.0,0.0,0.0,0.0,0.0,0.0,0.0,0.0,0.0,0.0,0.0,0.0,0.0,0.0,0.0,0.0,0.28289190072467374,0.15804833566458248,0.15804833566458248,0.18190252650280103,0.1819025273669001,0.15284323457438734,0.15284323175599715,0.1580483356573318,0.15804833566458248,0.00447784317177283,0.004439482919319596,0.004402345504085422,0.0030159769097829305,0.0012347962895375756],"PI":[0.6337297780735006,0.489842911007356,0.6658972876713867,0.17304672971770832,1.1243624324359571,1.8520066841412835e-8,1.3856628311149704,0.6658972876713867,0.6658972876713867,0.2477710583129942,0.24742445149531767,0.24672705647903223,0.2082828737097574,0.12469168233132098,0.0,0.0,0.0,0.17304672928063453,0.0,0.05893285482651282,0.0,0.0,0.0,0.24777105739655253,0.24706101733103233,0.2467270549800434,0.1481150333920152,0.12469168300263861,0.6337297898969171,0.8419516643354176,0.6658972876713867,1.124362438801495,0.17304673218238042,1.3856628266038076,1.5422176551972005e-8,0.6658972876713867,0.6658972876713867,0.24777106040850072,0.24742445367156335,0.24672705927396643,0.2082828737097574,0.12469168233132098,0.0,0.0,0.0,0.0,0.1730467328159459,0.0,0.05893285410044378,0.0,0.0,0.2477710615282203,0.2470610215971406,0.2467270603838223,0.1481150370903784,0.12469168300263861],"CS":[0.31567260763707683,0.4612135927030012,0.4612135927030012,0.42607107600984895,0.42607107482226336,0.46958562337172927,0.4695856279816657,0.46121359271447027,0.4612135927030012,1.352153445838589,1.3543043422331635,1.356404452744616,1.4509578711933127,1.6742123175626062],"pr_entry":[0.0,0.0,0.0,0.0,0.0,0.0,0.0,0.0,0.0,0.0,0.0,0.0,0.0,0.0,0.08841020376448785,0.06170792830653676,0.04329088433300341,0.0,0.12388520717095126,0.0,0.12353018764593435,0.0,0.07405733350325062,0.0,0.0,0.0,0.0,0.0,0.0,0.0,0.0,0.0,0.0,0.0,0.0,0.0,0.0,0.0,0.0,0.0,0.0,0.0,0.08841020465713724,0.06170792843134295,0.04329088496488208,0.12388520923677648,0.0,0.12353018977898267,0.0,0.07405733535242652,0.0,0.0,0.0,0.0,0.0,0.0],"pr_exit":[0.0,0.0,0.0,0.0,0.0,0.25,0.0,0.25,0.0,0.0,0.0,0.0,0.0,0.0,0.0,0.0,0.0,0.0,0.0,0.0,0.0,0.0,0.0,0.0,0.0,0.0,0.0,0.0,0.0,0.0,0.0,0.0,0.0,0.0,0.25,0.0,0.25,0.0,0.0,0.0,0.0,0.0,0.0,0.0,0.0,0.0,0.0,0.0,0.0,0.0,0.0,0.0,0.0,0.0,0.0,0.0],"pr_merger":[0.25,0.0,0.0,0.25,0.25,0.0,0.0,0.0,0.0,0.0,0.0,0.0,0.0,0.0,0.0,0.0,0.0,0.0,0.0,0.0,0.0,0.0,0.0,0.0,0.0,0.0,0.0,0.0,0.0,0.0,0.0,0.0,0.25,0.0,0.0,0.0,0.0,0.0,0.0,0.0,0.0,0.0,0.0,0.0,0.0,0.25,0.0,0.0,0.0,0.0,0.0,0.0,0.0,0.0,0.0,0.0],"pr_bundling":[0.0,0.16075601389619187,0.0,0.0,0.0,0.1249180216280904,0.12491802576036637,0.0,0.0,0.0,0.0,0.0,0.0,0.0,0.0,0.0,0.0,0.0,0.0,0.0,0.0,0.0,0.0,0.0,0.0,0.0,0.0,0.0,0.0,0.16075601389619187,0.0,0.0,0.0,0.1249180216280904,0.12491802576036637,0.0,0.0,0.0,0.0,0.0,0.0,0.0,0.0,0.0,0.0,0.0,0.0,0.0,0.0,0.0,0.0,0.0,0.0,0.0,0.0,0.0],"active_firms":[true,true,true,true,true,true,true,true,true,true,true,true,true,true,false,false,false,true,false,true,false,true,false,true,true,true,true,true,true,true,true,true,true,true,true,true,true,true,true,true,true,true,false,false,false,false,true,false,true,false,true,true,true,true,true,true,true,true,true,true,true,true,true,true,true,true,true,true,true,true],