{"modelname":"lbd","policy":"nolearning","smax":[5,1],"alpha":1.0,"beta":0.95,"c":1.0,"gamma":1.0,"sigma":3.0,"p0":1.5,"accuracy":1.0e-8,"cost_entry":[0.0,10.0],"value_exit":[0.0,1.0],"cost_merger":[0.0,1.0],"cost_bundling":[0.0,1.0],"entry":true,"exit":true,"mergers":true,"bundling":true,"filename":"a100g100s30","verbose":true,"firms":[1,2,3,4],"rival":[2,1,4,3],"partner":[3,4,1,2],"merger_pairs":[1,2,1,2,3,4,4,3],"outcomes":[1,0,1,0,1,0,0,0,0,0,1,0,1,0,1,0,0,0,1,0,0,1,0,0,1,0,0,0,1,1,0,0,0,0,1,0,0,0,0,0,1,1,1,1,2],"ownership":[0,3,0,3,0,0,4,4,0,1,0,1,0,0,2,2],"S":[1,1,1,1,1,1,1,1,1,1,1,1,1,1,0,0,0,1,0,1,0,1,0,1,1,1,1,1,1,1,1,1,1,1,1,1,1,1,1,1,1,1,0,0,0,0,1,0,1,0,1,1,1,1,1,1,0,1,1,0,0,1,1,1,1,0,1,3,1,3,0,0,1,0,0,0,0,1,1,0,0,0,1,1],"ms":14,"mc":[0.0,0.0,0.0,0.0,0.0,0.0,0.0,0.0,0.0,0.0,0.0,0.0,0.0,0.0,0.0,0.0,0.0,0.0,0.0,0.0,0.0,0.0,0.0,0.0,0.0,0.0,0.0,0.0,1.0,1.0,1.0,1.0,1.0,1.0,1.0,1.0,1.0,1.0,1.0,1.0,1.0,1.0,0.0,0.0,0.0,0.0,1.0,0.0,1.0,0.0,1.0,1.0,1.0,1.0,1.0,1.0],"P":[1.1866649267781337,1.1866649267840772,0.7822402264901751,0.6429911489350916,1.1866649267815523,0.6429911489415502,1.1866649267839087,0.7822402264796886,0.7822402264901751,0.6429911489495373,0.6429911489410587,0.6429911489468055,0.4346408773515753,0.3303872301563908,0.0,0.0,0.0,0.6429911511444237,0.0,0.6429911511487368,0.0,0.0,0.0,0.6429911511510972,0.6429911511586601,0.6429911511548478,0.523056534063256,0.3303872285036735,1.5887495360846184,1.5887495360880541,1.782240226490175,1.5887495360864654,1.5000000010150396,1.5887495360867858,1.5000000010308254,1.7822402264796886,1.782240226490175,1.5000000010152381,1.5000000010238792,1.5000000010179593,1.4346408773515753,1.3303872301563908,0.0,0.0,0.0,0.0,1.5000000058642322,0.0,1.500000005867168,0.0,2.0,1.5000000058669951,1.5000000058752674,1.5000000058617355,1.523056551472004,1.3303872285036735],"V":[9.684564728018858,11.944933087528263,9.187634356184015,4.454875925508882,9.88135173582463,8.135680404024328,10.63869795745922,7.840228520431734,7.840228275666981,4.721668557827315,6.456144801582695,6.193139350856476,5.35946886551758,3.2744029356445385,0.0,0.0,0.0,4.454875923226053,0.0,3.0201324705819323,0.0,2.4404297943855937,0.0,4.721668556535584,4.225253385594889,6.193139331099677,3.7944532431183653,3.27440295173475,6.201293322624373,5.628649717218622,9.187634356184015,7.249148626113151,3.5312622344902103,5.898956770226996,4.1628193101657,7.840228520431734,7.840228275666981,4.147759298751578,3.5963290870094027,3.3333236362812713,5.35946886551758,3.2744029356445385,0.0,0.0,0.0,0.0,3.5312622326374776,0.0,2.774843946598266,0.0,2.440429553602693,4.147759297691085,3.8919667550211083,3.333323620135411,3.7944529138059986,3.27440295173475],"D":[0.7191007117633059,0.7191007117597046,0.7869367222250702,0.4815895511237704,0.7191007117612346,0.4815895511219338,0.7191007117598066,0.7869367222356195,0.7869367222250702,0.4815895511175941,0.48158955112920676,0.4815895511222497,0.6165416660979016,0.4955414316463799,0.0,0.0,0.0,0.4815895479317964,0.0,0.48158954793305986,0.0,0.0,0.0,0.48158954793684955,0.4815895479252856,0.4815895479321395,0.36272026332630375,0.49554143656031957,0.4338282870151995,0.43382828701266757,0.7869367222250702,0.4338282870138387,0.33333333461138415,0.43382828701360243,0.3333333346018389,0.7869367222356195,0.7869367222250702,0.333333334612173,0.3333333346091698,0.3333333346086055,0.6165416660979016,0.4955414316463799,0.0,0.0,0.0,0.0,0.33333332976219177,0.0,0.33333332976549657,0.0,0.0,0.3333333297604161,0.3333333297577815,0.33333332976482954,0.36272026332630375,0.49554143656031957],"Q":[0.3119662299756858,0.31196622997230267,0.7869367222250702,0.20892717000778882,0.23970023817279212,0.20892717000687835,0.23970023816545208,0.7869367222356195,0.7869367222250702,0.16052985098840714,0.16052985099083172,0.1605298509882409,0.6165416660979016,0.4955414316463799,0.0,0.0,0.0,0.0,0.0,0.0,0.0,0.0,0.0,0.16052984759160355,0.1605298475864801,0.16052984759215902,0.36272026332630375,0.49554143656031957,0.0,0.0,0.0,0.0,0.23970023468573443,0.0,0.2397002346876349,0.0,0.0,0.16052984865185171,0.16052984865445383,0.16052984865552916,0.0,0.0,0.0,0.0,0.0,0.20892716862302016,0.0,0.20892716862345453,0.0,0.0,0.0,0.16052984992815894,0.16052984992285801,0.16052984992487093,0.0,0.0,0.4071344817876202,0.40713448178740186,0.0,0.27266238111598157,0.23970023890270806,0.2726623811150555,0.23970023890671963,0.0,0.0,0.16052985147733528,0.16052985148392118,0.16052985147847965,0.0,0.0,0.0,0.0,0.0,0.27266237930877624,0.0,0.27266237930960535,0.0,0.0,0.0,0.16052985041708706,0.16052985041594747,0.16052985041510953,0.0,0.0,0.12186205703951372,0.1218620570403649,0.0,0.01597394838302965,0.09363309643859204,0.015973948383269532,0.0936330964363868,0.0,0.0,0.012273633695606901,0.012273633695480079,0.01227363369549362,0.0,0.0,0.0,0.0,0.0,0.0,0.09363309507645734,0.0,0.09363309507786169,0.0,0.0,0.012273633516960841,0.0122736335168476,0.012273633517141409,0.0,0.0,0.15903723119718025,0.15903723119993046,0.21306327777492984,0.02084695256140346,0.09363309672371604,0.020846952561736593,0.09363309672594504,0.21306327776438044,0.21306327777492984,0.01227363373298889,0.01227363373318023,0.012273633732975789,0.020738070575794618,0.008917131793300455],"PI":[0.8533315934707073,0.8533315934707076,0.6155735598267749,0.30965781879220816,0.8533315934707076,0.3096578187941376,0.8533315934707075,0.6155735598267748,0.6155735598267749,0.3096578187951938,0.3096578187985774,0.3096578187968717,0.26797421067659394,0.16372056102937993,0.0,0.0,0.0,0.3096578178037884,0.0,0.30965781780667795,0.0,0.0,0.0,0.30965781781025137,0.30965781780645807,0.3096578178090291,0.18972320376996799,0.16372056183389294,0.2554162027205834,0.25541620272058324,0.6155735598267749,0.2554162027205835,0.16666666764403862,0.2554162027205834,0.16666666764452792,0.6155735598267748,0.6155735598267749,0.16666666764449922,0.16666666764587798,0.1666666676436225,0.26797421067659394,0.16372056102937993,0.0,0.0,0.0,0.0,0.16666666683583994,0.0,0.16666666683847095,0.0,0.0,0.16666666683587306,0.1666666668373132,0.1666666668363266,0.18972321008447365,0.16372056183389294],"CS":[0.6128723152332967,0.6128723152275324,0.5153886928787763,1.2901825005147642,0.7894571201746152,1.2901825005094378,0.7894571201666802,0.5153886928952804,0.5153886928787763,1.4667673054481842,1.466767305442988,1.4667673054485402,1.2919280365468684,1.5732603106446936],"pr_entry":[0.0,0.0,0.0,0.0,0.0,0.0,0.0,0.0,0.0,0.0,0.0,0.0,0.0,0.0,0.11137187938453799,0.075503292301949,0.06101072530660075,0.0,0.11804169768121882,0.0,0.10563132086425402,0.0,0.09486131682495783,0.0,0.0,0.0,0.0,0.0,0.0,0.0,0.0,0.0,0.0,0.0,0.0,0.0,0.0,0.0,0.0,0.0,0.0,0.0,0.08828153551246379,0.06937107871837674,0.06101071890147404,0.10369396462144856,0.0,0.09729915351125254,0.0,0.09486130799267171,0.0,0.0,0.0,0.0,0.0,0.0],"pr_exit":[0.0,0.0,0.0,0.0,0.0,0.25,0.0,0.25,0.0,0.0,0.0,0.0,0.0,0.0,0.0,0.0,0.0,0.0,0.0,0.0,0.0,0.0,0.0,0.0,0.0,0.0,0.0,0.0,0.0,0.0,0.0,0.0,0.0,0.0,0.25,0.0,0.25,0.0,0.0,0.0,0.0,0.0,0.0,0.0,0.0,0.0,0.0,0.0,0.0,0.0,0.0,0.0,0.0,0.0,0.0,0.0],"pr_merger":[0.25,0.0,0.0,0.25,0.25,0.0,0.0,0.0,0.0,0.25,0.0,0.0,0.0,0.0,0.0,0.0,0.0,0.0,0.0,0.0,0.0,0.0,0.0,0.25,0.25,0.0,0.0,0.0,0.0,0.0,0.0,0.0,0.25,0.0,0.0,0.0,0.0,0.25,0.0,0.0,0.0,0.0,0.0,0.0,0.0,0.25,0.0,0.0,0.0,0.0,0.0,0.25,0.0,0.0,0.0,0.0],"pr_bundling":[0.0,0.23309107810009966,0.0,0.0,0.0,0.25,0.22748270222488687,0.0,0.0,0.0,0.1994916182683666,0.0,0.0,0.0,0.0,0.0,0.0,0.0,0.0,0.0,0.0,0.0,0.0,0.0,0.0,0.0,0.0,0.0,0.0,0.23309107810009966,0.0,0.0,0.0,0.25,0.22748270222488687,0.0,0.0,0.0,0.1994916182683666,0.0,0.0,0.0,0.0,0.0,0.0,0.0,0.0,0.0,0.0,0.0,0.0,0.0,0.0,0.0,0.0,0.0],"active_firms":[true,true,true,true,true,true,true,true,true,true,true,true,true,true,false,false,false,true,false,true,false,true,false,true,true,true,true,true,true,true,true,true,true,true,true,true,true,true,true,true,true,true,false,false,false,false,true,false,true,false,true,true,true,true,true,true,true,true,true,true,true,true,true,true,true,true,true,true,true,true],