{"modelname":"lbd","policy":"nolearning","smax":[5,1],"alpha":1.0,"beta":0.95,"c":1.0,"gamma":1.0,"sigma":8.0,"p0":1.5,"accuracy":1.0e-8,"cost_entry":[0.0,10.0],"value_exit":[0.0,1.0],"cost_merger":[0.0,1.0],"cost_bundling":[0.0,1.0],"entry":true,"exit":true,"mergers":true,"bundling":true,"filename":"a100g100s80","verbose":true,"firms":[1,2,3,4],"rival":[2,1,4,3],"partner":[3,4,1,2],"merger_pairs":[1,2,1,2,3,4,4,3],"outcomes":[1,0,1,0,1,0,0,0,0,0,1,0,1,0,1,0,0,0,1,0,0,1,0,0,1,0,0,0,1,1,0,0,0,0,1,0,0,0,0,0,1,1,1,1,2],"ownership":[0,3,0,3,0,0,4,4,0,1,0,1,0,0,2,2],"S":[1,1,1,1,1,1,1,1,1,1,1,1,1,1,0,0,0,1,0,1,0,1,0,1,1,1,1,1,1,1,1,1,1,1,1,1,1,1,1,1,1,1,0,0,0,0,1,0,1,0,1,1,1,1,1,1,0,1,1,0,0,1,1,1,1,0,1,3,1,3,0,0,1,0,0,0,0,1,1,0,0,0,1,1],"ms":14,"mc":[0.0,0.0,0.0,0.0,0.0,0.0,0.0,0.0,0.0,0.0,0.0,0.0,0.0,0.0,0.0,0.0,0.0,0.0,0.0,0.0,0.0,0.0,0.0,0.0,0.0,0.0,0.0,0.0,1.0,1.0,1.0,1.0,1.0,1.0,1.0,1.0,1.0,1.0,1.0,1.0,1.0,1.0,0.0,0.0,0.0,0.0,1.0,0.0,1.0,0.0,1.0,1.0,1.0,1.0,1.0,1.0],"P":[4.999969278211977,4.999969278945347,0.8422611789390859,0.24999432445537928,4.999969278998622,0.2499943244549731,4.999969279011585,0.8422611789362195,0.8422611789390859,0.24999432445525704,0.2499943244552739,0.2499943244532005,0.16727435300986326,0.12499994877711096,0.0,0.0,0.0,0.24999432333727245,0.0,0.2499943233392181,0.0,0.0,0.0,0.24999432333749788,0.24999432333625696,0.2499943233345587,0.19956467582371565,0.12499994945900883,1.4009925034690818,1.4009925035008075,1.842261178939086,1.4009925034689557,1.2364633310126283,1.400992503469183,1.2364633310126283,1.8422611789362195,1.842261178939086,1.2364633310132385,1.2364633310132407,1.2364633310131323,1.1672743530098633,1.124999948777111,0.0,0.0,0.0,0.0,1.2364633322845315,0.0,1.2364633322845315,0.0,2.0,1.2364633322847516,1.2364633322842395,1.236463332283881,1.1995646806038311,1.1249999494590088],"V":[9.145009661212887,11.070899382516965,14.430115243702861,2.938658346372377,12.07558762204689,9.825675532532212,9.680992887196012,12.237526781295143,12.237526814459137,2.499885755307268,2.499886021663392,2.4998860166561827,2.095487191773556,1.2499989039060482,0.0,0.0,0.0,2.9386583484865385,0.0,0.9072998220009877,0.0,0.6183566174635547,0.0,2.499885766483373,2.499885727186164,2.4998860278418378,1.491293216802824,1.2499988970870766,10.997541712505116,14.815120269083922,14.430115243702861,13.555587694301268,3.0882512280275165,11.559310172078616,11.125914060833212,12.237526781295143,12.237526814459137,2.229266197831211,2.229266284141302,2.2292662791273696,2.095487191773556,1.2499989039060482,0.0,0.0,0.0,0.0,3.088251225927095,0.0,0.8776493672001617,0.0,0.6183566237909119,2.2292661871428003,2.229266149254191,2.2292662684447073,1.49129325297179,1.2499988970870766],"D":[6.916099697659856e-13,6.916099657083386e-13,0.9257949891782028,0.4999886485543891,6.916099654135771e-13,0.4999886485590925,6.916099653418521e-13,0.9257949891813534,0.9257949891782028,0.49998864855508435,0.4999886485525692,0.4999886485533193,0.6263623269848372,0.4999997948456663,0.0,0.0,0.0,0.49998865302671514,0.0,0.49998865302201134,0.0,0.0,0.0,0.4999886530260197,0.4999886530285351,0.4999886530277851,0.37363664864911844,0.4999997893904856,0.6882734753355445,0.6882734752810896,0.9257949891782028,0.6882734753357616,0.4713768113297005,0.6882734753353708,0.4713768113297005,0.9257949891813534,0.9257949891782028,0.47137681132887566,0.4713768113279611,0.4713768113275396,0.6263623269848372,0.4999997948456663,0.0,0.0,0.0,0.0,0.4713768065333357,0.0,0.4713768065333357,0.0,0.0,0.4713768065339813,0.47137680653500597,0.4713768065355282,0.37363664864911844,0.4999997893904856],"Q":[4.760167974675457e-13,4.760167946371133e-13,0.9257949891782028,0.3441289247689599,3.2600890018049583e-13,0.34412892477200197,3.260089001466875e-13,0.9257949891813534,0.9257949891782028,0.23568305485652952,0.23568305485488664,0.23568305485502952,0.6263623269848372,0.4999997948456663,0.0,0.0,0.0,0.0,0.0,0.0,0.0,0.0,0.0,0.235683054566632,0.23568305456833002,0.23568305456823763,0.37363664864911844,0.4999997893904856,0.0,0.0,0.0,0.0,3.2600889686328337e-13,0.0,3.2600889682947266e-13,0.0,0.0,0.23568305245913673,0.2356830524584635,0.23568305245907822,0.0,0.0,0.0,0.0,0.0,0.34412892784714344,0.0,0.34412892784371063,0.0,0.0,0.0,0.23568305696402478,0.2356830569647532,0.23568305696418898,0.0,0.0,2.1559317229843997e-13,2.155931710712253e-13,0.0,0.15585972378542923,3.959216836979788e-14,0.1558597237870905,3.959216836569202e-14,0.0,0.0,0.028622541239418084,0.028622541239219024,0.028622541239211565,0.0,0.0,0.0,0.0,0.0,0.15585972517957167,0.0,0.15585972517830068,0.0,0.0,0.0,0.02862254149536291,0.02862254149545188,0.028622541495358544,0.0,0.0,0.6882734753350684,0.6882734752806136,0.0,1.5622719658106254e-5,0.4713768113293745,1.56227196581936e-5,0.4713768113293745,0.0,0.0,1.0699508321359667e-5,1.0699508321286548e-5,1.0699508321115576e-5,0.0,0.0,0.0,0.0,0.0,0.0,0.4713768065330097,0.0,0.4713768065330097,0.0,0.0,1.0699508212523184e-5,1.0699508212494007e-5,1.0699508212344473e-5,0.0,0.0,0.31172652466424017,0.311726524718695,0.07420501082179717,7.075699237791217e-6,0.0572463821369242,7.075699237843647e-6,0.0572463821369242,0.07420501081864654,0.07420501082179717,1.2994023620240323e-6,1.2994023620151709e-6,1.2994023619932806e-6,1.0243660443239661e-6,4.157638482139165e-7],"PI":[3.4580286013350424e-12,3.458028581554138e-12,0.7797611790411314,0.12499432443071255,3.4580285801171848e-12,0.12499432443168529,3.4580285797675273e-12,0.7797611790411313,0.7797611790411314,0.12499432443082524,0.12499432443020489,0.12499432442935575,0.10477435299614106,0.062499948744274274,0.0,0.0,0.0,0.12499432498972796,0.0,0.12499432498952483,0.0,0.0,0.0,0.12499432498966681,0.1249943249896752,0.12499432498863859,0.07456467666352086,0.06249994840332576,0.2759925039461653,0.27599250394616526,0.7797611790411314,0.27599250394616553,0.1114633309691322,0.2759925039461653,0.1114633309691322,0.7797611790411313,0.7797611790411314,0.11146333096922478,0.11146333096900957,0.11146333096885883,0.10477435299614106,0.062499948744274274,0.0,0.0,0.0,0.0,0.1114633304345135,0.0,0.1114633304345135,0.0,0.0,0.11146333043476987,0.11146333043477082,0.11146333043472527,0.0745646784495472,0.06249994840332576],"CS":[0.1457036248820076,0.14570362486017174,0.32511544997473374,1.4823555358902392,0.357548854082435,1.482355535889313,0.357548854082435,0.32511544998004105,0.32511544997473374,1.6942007650901367,1.6942007650909892,1.694200765093095,1.7239295787577855,1.8366435513043653],"pr_entry":[0.0,0.0,0.0,0.0,0.0,0.0,0.0,0.0,0.0,0.0,0.0,0.0,0.0,0.0,0.07346646011817877,0.022682494848591528,0.015458914776788795,0.0,0.062497143197202586,0.0,0.0624971421630652,0.0,0.03728233000366587,0.0,0.0,0.0,0.0,0.0,0.0,0.0,0.0,0.0,0.0,0.0,0.0,0.0,0.0,0.0,0.0,0.0,0.0,0.0,0.07720628229078227,0.021941233491355055,0.015458914935217338,0.05573165412389529,0.0,0.05573165312682653,0.0,0.03728233090848007,0.0,0.0,0.0,0.0,0.0,0.0],"pr_exit":[0.0,0.0,0.0,0.0,0.0,0.25,0.0,0.25,0.0,0.0,0.0,0.0,0.0,0.0,0.0,0.0,0.0,0.0,0.0,0.02317505151408472,0.0,0.09541085223211204,0.0,0.0,0.0,0.0,0.0,0.0,0.0,0.0,0.0,0.0,0.0,0.0,0.25,0.0,0.25,0.0,0.0,0.0,0.0,0.0,0.0,0.0,0.0,0.0,0.0,0.0,0.030587665086449445,0.0,0.09541085064782662,0.0,0.0,0.0,0.0,0.0],"pr_merger":[0.25,0.0,0.0,0.25,0.25,0.0,0.0,0.0,0.0,9.280712365278276e-8,0.0,0.0,0.0,0.0,0.0,0.0,0.0,0.0,0.0,0.0,0.0,0.0,0.0,9.268520029248606e-8,1.1048613068886937e-7,0.0,0.0,0.0,0.0,0.0,0.0,0.0,0.25,0.0,0.0,0.0,0.0,9.547921819841321e-8,0.0,0.0,0.0,0.0,0.0,0.0,0.0,0.25,0.0,0.0,0.0,0.0,0.0,9.001310574685562e-8,0.0,0.0,0.0,0.0],"pr_bundling":[0.0,0.25,0.0,0.0,0.0,0.25,0.25,0.0,0.0,0.0,0.0,0.0,0.0,0.0,0.0,0.0,0.0,0.0,0.0,0.0,0.0,0.0,0.0,0.0,0.0,0.0,0.0,0.0,0.0,0.25,0.0,0.0,0.0,0.25,0.25,0.0,0.0,0.0,0.0,0.0,0.0,0.0,0.0,0.0,0.0,0.0,0.0,0.0,0.0,0.0,0.0,0.0,0.0,0.0,0.0,0.0],