{"modelname":"lbd","policy":"nolearning","smax":[5,1],"alpha":1.0,"beta":0.95,"c":1.0,"gamma":0.0,"sigma":6.0,"p0":1.5,"accuracy":1.0e-8,"cost_entry":[0.0,10.0],"value_exit":[0.0,1.0],"cost_merger":[0.0,1.0],"cost_bundling":[0.0,1.0],"entry":true,"exit":true,"mergers":true,"bundling":true,"filename":"a100g0s60","verbose":true,"firms":[1,2,3,4],"rival":[2,1,4,3],"partner":[3,4,1,2],"merger_pairs":[1,2,1,2,3,4,4,3],"outcomes":[1,0,1,0,1,0,0,0,0,0,1,0,1,0,1,0,0,0,1,0,0,1,0,0,1,0,0,0,1,1,0,0,0,0,1,0,0,0,0,0,1,1,1,1,2],"ownership":[0,3,0,3,0,0,4,4,0,1,0,1,0,0,2,2],"S":[1,1,1,1,1,1,1,1,1,1,1,1,1,1,0,0,0,1,0,1,0,1,0,1,1,1,1,1,1,1,1,1,1,1,1,1,1,1,1,1,1,1,0,0,0,0,1,0,1,0,1,1,1,1,1,1,0,1,1,0,0,1,1,1,1,0,1,3,1,3,0,0,1,0,0,0,0,1,1,0,0,0,1,1],"ms":14,"mc":[0.0,0.0,0.0,0.0,0.0,0.0,0.0,0.0,0.0,0.0,0.0,0.0,0.0,0.0,0.0,0.0,0.0,0.0,0.0,0.0,0.0,0.0,0.0,0.0,0.0,0.0,0.0,0.0,1.0,1.0,1.0,1.0,1.0,1.0,1.0,1.0,1.0,1.0,1.0,1.0,1.0,1.0,0.0,0.0,0.0,0.0,1.0,0.0,1.0,0.0,1.0,1.0,1.0,1.0,1.0,1.0],"P":[0.8789589384874659,0.6371124832032902,0.818556241601645,0.29944947656854537,1.472921157660168,3.100232064073675e-8,1.6748519075242907,0.8185562416017587,0.818556241601645,0.33330539059479053,0.3332867719367606,0.33327747259224594,0.22301706527988907,0.1666628853090808,0.0,0.0,0.0,0.29944947398133803,0.0,0.20844626506492783,0.0,0.0,0.0,0.3333053889865404,0.33329608322249804,0.3332774707537926,0.2660738795614052,0.1666628845039111,1.8789589690336095,2.0,1.818556241601645,2.47292116326534,1.2994494806321577,2.674851914221732,1.0000000309522983,1.8185562416017587,1.818556241601645,1.3333053954022642,1.333286776793953,1.3332774776200789,1.223017065279889,1.1666628853090808,0.0,0.0,0.0,0.0,1.299449482769175,0.0,1.2084462651831611,0.0,2.0,1.3333053938190855,1.3332960881562959,1.3332774760430688,1.2660738853720337,1.166662884503911],"V":[11.092344310790835,10.313607762814394,12.059637277668806,2.192273318893921,13.870664943761577,2.9736766446891547,14.651552732777061,9.151513551779662,9.151513550439892,3.3327734054574947,3.332680402128147,3.3324943419034385,2.7936739530264605,1.6665907144841556,0.0,0.0,0.0,2.1922733226448967,0.0,1.162786586087041,0.0,0.965629337494589,0.0,3.3327734215357707,3.3325872902316354,3.332494360280259,1.9881437554364356,1.6665907225353034,11.092344448149777,13.410979912487894,12.059637277668806,13.870664940892695,2.1922733386741835,14.651552817363731,2.973676738056614,9.151513551779662,9.151513550439892,3.3327734537788585,3.332680562533415,3.33249451107141,2.7936739530264605,1.6665907144841556,0.0,0.0,0.0,0.0,2.1922733387357405,0.0,1.1627865966259598,0.0,0.9656293477367948,3.3327734696064844,3.3325873387981724,3.3324945268349033,1.9881437988543107,1.6665907225353034],"D":[0.8103817442220996,0.8981947371674487,0.8981947371674487,0.4434230830491059,0.8868461724875221,0.7000553273437363,0.9004887198507479,0.898194737167324,0.8981947371674487,0.49995808233086314,0.499972057522573,0.4999580960243145,0.6263365107577636,0.49998864837478335,0.0,0.0,0.0,0.4434230899324711,0.0,0.20043338889935497,0.0,0.0,0.0,0.4999580871552091,0.4999441260066849,0.4999581015392125,0.3736075733942427,0.4999886532056919,0.8103817442220996,0.8981947371674487,0.8981947371674487,0.886846172981577,0.4434230890865692,0.9004887162430912,0.7000553303056959,0.898194737167324,0.8981947371674487,0.4999580823684673,0.49997205763747143,0.4999580964164466,0.6263365107577636,0.49998864837478335,0.0,0.0,0.0,0.0,0.4434230834009529,0.0,0.20043338954505202,0.0,0.0,0.499958087117605,0.4999441258917865,0.4999581011470804,0.3736075733942427,0.4999886532056919],"Q":[0.8103817442220996,0.8981947371674487,0.8981947371674487,0.4434230830491059,0.4434230890865692,0.7000553273437363,0.7000553303056959,0.898194737167324,0.8981947371674487,0.24997903997814716,0.24999301189276799,0.24997904682949895,0.6263365107577636,0.49998864837478335,0.0,0.0,0.0,0.0,0.0,0.0,0.0,0.0,0.0,0.249979044764889,0.24996508026198147,0.2499790519522648,0.3736075733942427,0.4999886532056919,0.0,0.0,0.0,0.0,0.4434230834009529,0.0,0.20043338954505202,0.0,0.0,0.24997904235271598,0.24997904562980505,0.2499790491948156,0.0,0.0,0.0,0.0,0.0,0.4434230899324711,0.0,0.20043338889935497,0.0,0.0,0.0,0.24997904239032012,0.24997904574470348,0.2499790495869477,0.0,0.0,0.0,0.0,0.0,0.0,0.0,0.0,0.0,0.0,0.0,0.0,0.0,0.0,0.0,0.0,0.0,0.0,0.0,0.0,0.0,0.0,0.0,0.0,0.0,0.0,0.0,0.0,0.0,0.0,0.0,0.0,0.0,0.0,0.0,0.0,0.0,0.0,0.0,0.0,0.0,0.0,0.0,0.0,0.0,0.0,0.0,0.0,0.0,0.0,0.0,0.0,0.0,0.0,0.0,0.0,0.0,0.0,0.18961825577790042,0.10180526283255131,0.10180526283255131,0.11315382701842305,0.11315382751247792,0.09951128375690872,0.09951128014925205,0.10180526283267606,0.10180526283255131,8.383051392765731e-5,8.381647074201729e-5,8.380243647314037e-5,5.59158479937337e-5,2.2698419524796147e-5],"PI":[0.7122922776710777,0.5722510793968798,0.7352229082821642,0.13278281011746537,1.30625449104681,2.1703339724566437e-8,1.5081852501461317,0.7352229082821642,0.7352229082821642,0.16663872391231077,0.16663407311027875,0.16662477064501494,0.13968373050684213,0.08332955075992884,0.0,0.0,0.0,0.132782811031458,0.0,0.04177959131037671,0.0,0.0,0.0,0.16663872471623364,0.16662941902812312,0.16662477156385658,0.0994072164865286,0.08332955116248629,0.7122923024251149,0.8981947371674487,0.7352229082821642,1.3062544967454393,0.13278281372728015,1.5081852501348114,2.1668321396115185e-8,0.7352229082821642,0.7352229082821642,0.16663872632837978,0.1666340755770333,0.16662477328940953,0.13968373050684213,0.08332955075992884,0.0,0.0,0.0,0.0,0.13278281297232805,0.0,0.04177959146866775,0.0,0.0,0.16663872711976999,0.16662942145645115,0.16662477407758425,0.0994072186574234,0.08332955116248629],"CS":[0.277123734674662,0.3807822464060444,0.3807822464060444,0.3631678474920066,0.3631678467643029,0.38458070610922634,0.384580712151517,0.3807822464058406,0.3807822464060444,1.5644522481232916,1.5644801702592022,1.5645080793400707,1.6319437853057355,1.7822025433931887],"pr_entry":[0.0,0.0,0.0,0.0,0.0,0.0,0.0,0.0,0.0,0.0,0.0,0.0,0.0,0.0,0.0548068344870007,0.02906966341372008,0.024140732293076773,0.0,0.08331933412682993,0.0,0.08331468082114507,0.0,0.04970359313026071,0.0,0.0,0.0,0.0,0.0,0.0,0.0,0.0,0.0,0.0,0.0,0.0,0.0,0.0,0.0,0.0,0.0,0.0,0.0,0.054806834889271815,0.02906966367719302,0.02414073254913188,0.08331933532859775,0.0,0.08331468203530847,0.0,0.04970359421570756,0.0,0.0,0.0,0.0,0.0,0.0],"pr_exit":[0.0,0.0,0.0,0.0,0.0,0.25,0.0,0.25,0.0,0.0,0.0,0.0,0.0,0.0,0.0,0.0,0.0,0.0,0.0,0.0,0.0,0.008592677069232307,0.0,0.0,0.0,0.0,0.0,0.0,0.0,0.0,0.0,0.0,0.0,0.0,0.25,0.0,0.25,0.0,0.0,0.0,0.0,0.0,0.0,0.0,0.0,0.0,0.0,0.0,0.0,0.0,0.008592674508681203,0.0,0.0,0.0,0.0,0.0],"pr_merger":[0.25,0.0,0.0,0.25,0.25,0.0,0.0,0.0,0.0,0.0,0.0,0.0,0.0,0.0,0.0,0.0,0.0,0.0,0.0,0.0,0.0,0.0,0.0,0.0,0.0,0.0,0.0,0.0,0.0,0.0,0.0,0.0,0.25,0.0,0.0,0.0,0.0,0.0,0.0,0.0,0.0,0.0,0.0,0.0,0.0,0.25,0.0,0.0,0.0,0.0,0.0,0.0,0.0,0.0,0.0,0.0],"pr_bundling":[0.0,0.11772388046118909,0.0,0.0,0.0,0.25,0.25,0.0,0.0,0.0,0.0,0.0,0.0,0.0,0.0,0.0,0.0,0.0,0.0,0.0,0.0,0.0,0.0,0.0,0.0,0.0,0.0,0.0,0.0,0.11772388046118909,0.0,0.0,0.0,0.25,0.25,0.0,0.0,0.0,0.0,0.0,0.0,0.0,0.0,0.0,0.0,0.0,0.0,0.0,0.0,0.0,0.0,0.0,0.0,0.0,0.0,0.0],"active_firms":[true,true,true,true,true,true,true,true,true,true,true,true,true,true,false,false,false,true,false,true,false,true,false,true,true,true,true,true,true,true,true,true,true,true,true,true,true,true,true,true,true,true,false,false,false,false,true,false,true,false,true,true,true,true,true,true,true,true,true,true,true,true,true,true,true,true,true,true,true,true],