{"modelname":"lbd","policy":"nolearning","smax":[5,1],"alpha":1.0,"beta":0.95,"c":1.0,"gamma":1.0,"sigma":4.0,"p0":1.5,"accuracy":1.0e-8,"cost_entry":[0.0,10.0],"value_exit":[0.0,1.0],"cost_merger":[0.0,1.0],"cost_bundling":[0.0,1.0],"entry":true,"exit":true,"mergers":true,"bundling":true,"filename":"a100g100s40","verbose":true,"firms":[1,2,3,4],"rival":[2,1,4,3],"partner":[3,4,1,2],"merger_pairs":[1,2,1,2,3,4,4,3],"outcomes":[1,0,1,0,1,0,0,0,0,0,1,0,1,0,1,0,0,0,1,0,0,1,0,0,1,0,0,0,1,1,0,0,0,0,1,0,0,0,0,0,1,1,1,1,2],"ownership":[0,3,0,3,0,0,4,4,0,1,0,1,0,0,2,2],"S":[1,1,1,1,1,1,1,1,1,1,1,1,1,1,0,0,0,1,0,1,0,1,0,1,1,1,1,1,1,1,1,1,1,1,1,1,1,1,1,1,1,1,0,0,0,0,1,0,1,0,1,1,1,1,1,1,0,1,1,0,0,1,1,1,1,0,1,3,1,3,0,0,1,0,0,0,0,1,1,0,0,0,1,1],"ms":14,"mc":[0.0,0.0,0.0,0.0,0.0,0.0,0.0,0.0,0.0,0.0,0.0,0.0,0.0,0.0,0.0,0.0,0.0,0.0,0.0,0.0,0.0,0.0,0.0,0.0,0.0,0.0,0.0,0.0,1.0,1.0,1.0,1.0,1.0,1.0,1.0,1.0,1.0,1.0,1.0,1.0,1.0,1.0,0.0,0.0,0.0,0.0,1.0,0.0,1.0,0.0,1.0,1.0,1.0,1.0,1.0,1.0],"P":[1.1733603397285295,1.1733603397227113,0.7908972876691243,0.4955808357413822,1.1733603397318417,0.495580835740404,1.1733603397256733,0.7908972876623133,0.7908972876691243,0.4955808357393356,0.49558083573592154,0.4955808357380352,0.3332828737086737,0.24969168437232847,0.0,0.0,0.0,0.49558083814272713,0.0,0.49558083814104953,0.0,0.0,0.0,0.4955808381435724,0.49558083813724235,0.49558083814332693,0.3981150290127821,0.24969168302470934,1.5000000000291125,1.5000000000317857,1.7908972876691243,1.5000000000291958,1.3997354669878455,1.500000000028644,1.3997354669885969,1.7908972876623133,1.7908972876691243,1.399735466986965,1.399735466986571,1.3997354669882074,1.3332828737086737,1.2496916843723285,0.0,0.0,0.0,0.0,1.3997354715496295,0.0,1.3997354715490715,0.0,2.0,1.3997354715470858,1.3997354715482118,1.399735471550622,1.3981150389535284,1.2496916830247093],"V":[10.616658470428238,13.070591293961566,9.99054832025251,3.6720931420201812,10.603493705897582,7.545039716828792,10.898599355999938,7.9678739138399415,7.9678734882290625,3.973020339565398,4.962020652396126,4.911605973337574,4.165648012180428,2.493828933179532,0.0,0.0,0.0,3.6720931392731186,0.0,2.221292407341485,0.0,1.731635806819614,0.0,3.9730203378873203,3.65697590634885,4.911605949920572,2.9622937564082457,2.493828946605861,6.465987536988248,6.024076885978839,9.99054832025251,7.652572883093356,2.8200172015838083,6.421920458812367,4.029088384248832,7.9678739138399415,7.9678734882290625,3.3361420066375373,3.0451166270424794,2.994701947975505,4.165648012180428,2.493828933179532,0.0,0.0,0.0,0.0,2.82001719916977,0.0,2.032080886224822,0.0,1.7316356129885668,3.336142004948527,3.2131418544652677,2.9947019275035034,2.9622934555496165,2.493828946605861],"D":[0.786936722229586,0.7869367222334881,0.8419516643354176,0.49554143660794486,0.7869367222273647,0.49554143660727523,0.7869367222315017,0.8419516643426682,0.8419516643354176,0.49554143661082156,0.49554143660801786,0.4955414366118809,0.6249432243308721,0.49938259916332106,0.0,0.0,0.0,0.4955414318480813,0.0,0.49554143184879784,0.0,0.0,0.0,0.4955414318452257,0.49554143184820176,0.49554143184419397,0.37204079875934487,0.4993826045471414,0.4999999999708873,0.499999999968214,0.8419516643354176,0.49999999997080424,0.3745863935329,0.49999999997135597,0.3745863935318826,0.8419516643426682,0.8419516643354176,0.3745863935322972,0.3745863935332986,0.3745863935331179,0.6249432243308721,0.49938259916332106,0.0,0.0,0.0,0.0,0.3745863866977709,0.0,0.37458638669871563,0.0,0.0,0.3745863866996606,0.37458638669838423,0.37458638669704414,0.37204079875934487,0.4993826045471414],"Q":[0.39346836109188316,0.3934683610917304,0.8419516643354176,0.24777071828950473,0.29477578871775006,0.24777071828944325,0.2947757887184991,0.8419516643426682,0.8419516643354176,0.18562307958586113,0.1856230795853071,0.1856230795866646,0.6249432243308721,0.49938259916332106,0.0,0.0,0.0,0.0,0.0,0.0,0.0,0.0,0.0,0.18562307441487924,0.18562307441536152,0.18562307441319617,0.37204079875934487,0.4993826045471414,0.0,0.0,0.0,0.0,0.29477578333893584,0.0,0.29477578334122906,0.0,0.0,0.18562307620000656,0.18562307619832383,0.18562307619910676,0.0,0.0,0.0,0.0,0.0,0.24777071590957292,0.0,0.24777071591020464,0.0,0.0,0.0,0.18562307780073378,0.18562307780234477,0.18562307780075393,0.0,0.0,0.39346836113770284,0.3934683611417577,0.0,0.24777071831844014,0.19738515017067865,0.24777071831783198,0.19738515017177347,0.0,0.0,0.12429528082495385,0.12429528082438691,0.12429528082610952,0.0,0.0,0.0,0.0,0.0,0.24777071593850836,0.0,0.24777071593859318,0.0,0.0,0.0,0.1242952796296127,0.1242952796304955,0.12429527963024387,0.0,0.0,0.10653163887900416,0.10653163887648359,0.0,0.004458565771726582,0.07981060481514994,0.004458565771708035,0.07981060481338352,0.0,0.0,0.0033402361457022926,0.0033402361456467094,0.0033402361456993774,0.0,0.0,0.0,0.0,0.0,0.0,0.07981060335883505,0.0,0.07981060335748659,0.0,0.0,0.0033402360847747787,0.0033402360846988798,0.0033402360847412053,0.0,0.0,0.10653163889140986,0.10653163889002833,0.15804833566458248,0.004458565772247266,0.053442069598650395,0.004458565772218875,0.053442069597628206,0.1580483356573318,0.15804833566458248,0.0022366593134755435,0.002236659313434796,0.002236659313484704,0.0030159769097829305,0.0012347962895375756],"PI":[0.9233603397401625,0.9233603397401624,0.6658972876713867,0.24558083929865046,0.9233603397401625,0.2455808392978339,0.9233603397401626,0.6658972876713867,0.6658972876713867,0.24558083929906194,0.24558083929598068,0.2455808392989425,0.2082828737097574,0.12469168233132098,0.0,0.0,0.0,0.24558083812971923,0.0,0.245580838129243,0.0,0.0,0.0,0.24558083812872292,0.245580838127061,0.24558083812808995,0.1481150333920152,0.12469168300263861,0.2499999999999999,0.24999999999999983,0.6658972876713867,0.25,0.14973546694616663,0.24999999999999997,0.14973546694604142,0.6658972876713867,0.6658972876713867,0.1497354669455959,0.14973546694584855,0.1497354669463893,0.2082828737097574,0.12469168233132098,0.0,0.0,0.0,0.0,0.1497354659227053,0.0,0.14973546592287396,0.0,0.0,0.14973546592250786,0.14973546592241943,0.1497354659227866,0.1481150370903784,0.12469168300263861],"CS":[0.5598283147898107,0.559828314793053,0.4612135927030012,1.3532320350990097,0.7322892557459957,1.3532320351006017,0.7322892557507772,0.46121359271447027,0.4612135927030012,1.5256929760597204,1.5256929760642748,1.5256929760586964,1.4509578711933127,1.6742123175626062],"pr_entry":[0.0,0.0,0.0,0.0,0.0,0.0,0.0,0.0,0.0,0.0,0.0,0.0,0.0,0.0,0.09180231647389503,0.0555322969943469,0.04329088209355111,0.0,0.09932549863320207,0.0,0.09142438797323214,0.0,0.0740573348162166,0.0,0.0,0.0,0.0,0.0,0.0,0.0,0.0,0.0,0.0,0.0,0.0,0.0,0.0,0.0,0.0,0.0,0.0,0.0,0.07050041705467239,0.05080200872909585,0.04329087695948007,0.08340353827340594,0.0,0.08032853539277617,0.0,0.0740573268015589,0.0,0.0,0.0,0.0,0.0,0.0],"pr_exit":[0.0,0.0,0.0,0.0,0.0,0.25,0.0,0.25,0.0,0.0,0.0,0.0,0.0,0.0,0.0,0.0,0.0,0.0,0.0,0.0,0.0,0.0,0.0,0.0,0.0,0.0,0.0,0.0,0.0,0.0,0.0,0.0,0.0,0.0,0.25,0.0,0.25,0.0,0.0,0.0,0.0,0.0,0.0,0.0,0.0,0.0,0.0,0.0,0.0,0.0,0.0,0.0,0.0,0.0,0.0,0.0],"pr_merger":[0.25,0.0,0.0,0.25,0.25,0.0,0.0,0.0,0.0,0.17449370608479442,0.0,0.0,0.0,0.0,0.0,0.0,0.0,0.0,0.0,0.0,0.0,0.0,0.0,0.17449370692656652,0.25,0.0,0.0,0.0,0.0,0.0,0.0,0.0,0.25,0.0,0.0,0.0,0.0,0.1744937065070471,0.0,0.0,0.0,0.0,0.0,0.0,0.0,0.25,0.0,0.0,0.0,0.0,0.0,0.17449370650431384,0.0,0.0,0.0,0.0],"pr_bundling":[0.0,0.25,0.0,0.0,0.0,0.25,0.25,0.0,0.0,0.0,0.08734151489351683,0.0,0.0,0.0,0.0,0.0,0.0,0.0,0.0,0.0,0.0,0.0,0.0,0.0,0.0,0.0,0.0,0.0,0.0,0.25,0.0,0.0,0.0,0.25,0.25,0.0,0.0,0.0,0.08734151489351683,0.0,0.0,0.0,0.0,0.0,0.0,0.0,0.0,0.0,0.0,0.0,0.0,0.0,0.0,0.0,0.0,0.0],"active_firms":[true,true,true,true,true,true,true,true,true,true,true,true,true,true,false,false,false,true,false,true,false,true,false,true,true,true,true,true,true,true,true,true,true,true,true,true,true,true,true,true,true,true,false,false,false,false,true,false,true,false,true,true,true,true,true,true,true,true,true,true,true,true,true,true,true,true,true,true,true,true],