{"modelname":"lbd","policy":"nolearning","smax":[5,1],"alpha":0.1,"beta":0.95,"c":1.0,"gamma":0.0,"sigma":1.0,"p0":1.5,"accuracy":1.0e-8,"cost_entry":[0.0,10.0],"value_exit":[0.0,1.0],"cost_merger":[0.0,1.0],"cost_bundling":[0.0,1.0],"entry":true,"exit":true,"mergers":true,"bundling":true,"filename":"a10g0s10","verbose":true,"firms":[1,2,3,4],"rival":[2,1,4,3],"partner":[3,4,1,2],"merger_pairs":[1,2,1,2,3,4,4,3],"outcomes":[1,0,1,0,1,0,0,0,0,0,1,0,1,0,1,0,0,0,1,0,0,1,0,0,1,0,0,0,1,1,0,0,0,0,1,0,0,0,0,0,1,1,1,1,2],"ownership":[0,3,0,3,0,0,4,4,0,1,0,1,0,0,2,2],"S":[1,1,1,1,1,1,1,1,1,1,1,1,1,1,0,0,0,1,0,1,0,1,0,1,1,1,1,1,1,1,1,1,1,1,1,1,1,1,1,1,1,1,0,0,0,0,1,0,1,0,1,1,1,1,1,1,0,1,1,0,0,1,1,1,1,0,1,3,1,3,0,0,1,0,0,0,0,1,1,0,0,0,1,1],"ms":14,"mc":[0.7829867216803844,0.7829867216803844,0.7829867216803844,0.7829867216803844,0.7829867216803844,0.7829867216803844,0.7829867216803844,0.7829867216803844,0.7829867216803844,0.7829867216803844,0.7829867216803844,0.7829867216803844,0.7829867216803844,0.7829867216803844,0.0,0.0,0.0,0.7829867216803844,0.0,0.7829867216803844,0.0,0.7829867216803844,0.0,0.7829867216803844,0.7829867216803844,0.7829867216803844,0.7829867216803844,0.7829867216803844,1.0,1.0,1.0,1.0,1.0,1.0,1.0,1.0,1.0,1.0,1.0,1.0,1.0,1.0,0.0,0.0,0.0,0.0,1.0,0.0,1.0,0.0,1.0,1.0,1.0,1.0,1.0,1.0],"P":[2.0505998456677625,1.4321189072753677,1.607552814477876,1.9737351754724421,2.254406081818351,0.7829868250857158,2.5490237469448638,1.607552814477876,1.607552814477876,2.1066228032797056,1.851556693315013,1.8895694076070613,1.556216323147877,1.504784495520588,0.0,0.0,0.0,1.9737351635037275,0.0,1.902493777046171,0.0,1.5659734433607688,0.0,2.1066227953665857,2.1047389640543486,1.8895694064845585,1.9669736615681026,1.5047844932984522,2.267613111158796,2.0,1.8245660927974916,2.4714193187843057,2.190748411910517,2.766037032395054,1.00000011191991,1.8245660927974916,1.8245660927974916,2.323636059876417,2.0685699179738264,2.106582644241692,1.7732296014674924,1.7217977738402037,0.0,0.0,0.0,0.0,2.1907484141497635,0.0,2.1195070619751037,0.0,2.0,2.3236360320353118,2.3217521949869857,2.106582646409576,2.1839869039578583,1.721797771618068],"V":[6.485725613105635,6.609316293380033,5.633929870707574,5.7882063918951765,7.405453545723245,5.020789471243039,8.77309178396853,5.303855923732807,5.303855912886117,6.527650411494271,6.6493215093573825,6.598725573173966,4.698338560037256,4.435945986760665,0.0,0.0,0.0,5.788206393473959,0.0,5.486312326243895,0.0,2.7342691115722397,0.0,6.5276504140926095,6.490581873474851,6.5987255738874,4.128554418451286,4.43594599281867,6.485725472571947,7.053968404953985,5.633929870707574,7.405453359562026,5.7882062168819415,8.773091883929768,5.020789553147007,5.303855923732807,5.303855912886117,6.527650184525531,6.6493214616706,6.598725565159401,4.698338560037256,4.435945986760665,0.0,0.0,0.0,0.0,5.788206219197249,0.0,5.48631216848272,0.0,2.7342690625931945,6.527650193667392,6.490581620040573,6.598725563781556,4.128554306784399,4.43594599281867],"D":[0.2111157645405466,0.39362046974869624,0.39362046974869624,0.16019203700395765,0.3203840744933403,0.3270108352857148,0.4337604829690126,0.39362046974869624,0.39362046974869624,0.2445053235280069,0.31356471112693673,0.29815847821334795,0.35336154729121055,0.30728519726143455,0.0,0.0,0.0,0.16019203892125047,0.0,0.10674964790806112,0.0,0.0,0.0,0.24450532546280684,0.2434285531171395,0.2981584785480316,0.15539606333742698,0.30728519862709347,0.2111157645405466,0.39362046974869624,0.39362046974869624,0.3203840759252081,0.1601920374260249,0.4337604831937759,0.32701083496293426,0.39362046974869624,0.39362046974869624,0.2445053210917576,0.3135647119867042,0.29815847870387635,0.35336154729121055,0.30728519726143455,0.0,0.0,0.0,0.0,0.16019203706731536,0.0,0.10674964800607835,0.0,0.0,0.24450532789905616,0.24342855225737203,0.29815847805750323,0.15539606333742698,0.30728519862709347],"Q":[0.2111157645405466,0.39362046974869624,0.39362046974869624,0.16019203700395765,0.1601920374260249,0.3270108352857148,0.32701083496293426,0.39362046974869624,0.39362046974869624,0.12225266006217883,0.1765242681473912,0.14907923926826722,0.35336154729121055,0.30728519726143455,0.0,0.0,0.0,0.0,0.0,0.0,0.0,0.0,0.0,0.12225266443322806,0.10638810927782648,0.14907923911242252,0.15539606333742698,0.30728519862709347,0.0,0.0,0.0,0.0,0.16019203706731536,0.0,0.10674964800607835,0.0,0.0,0.12225266346582808,0.13704044297954554,0.1490792389450807,0.0,0.0,0.0,0.0,0.0,0.16019203892125047,0.0,0.10674964790806112,0.0,0.0,0.0,0.12225266102957878,0.13704044383931305,0.1490792394356091,0.0,0.0,0.0,0.0,0.0,0.0,0.0,0.0,0.0,0.0,0.0,0.0,0.0,0.0,0.0,0.0,0.0,0.0,0.0,0.0,0.0,0.0,0.0,0.0,0.0,0.0,0.0,0.0,0.0,0.0,0.0,0.0,0.0,0.0,0.0,0.0,0.0,0.0,0.0,0.0,0.0,0.0,0.0,0.0,0.0,0.0,0.0,0.0,0.0,0.0,0.0,0.0,0.0,0.0,0.0,0.0,0.0,0.0,0.7888842354594535,0.6063795302513038,0.6063795302513038,0.6796159240747919,0.6796159255066597,0.5662395168062241,0.5662395170309874,0.6063795302513038,0.6063795302513038,0.5109893510091863,0.4430067357559236,0.4036830432386204,0.49124238937136244,0.3854296041114719],"PI":[0.26761311381222597,0.2555117158228952,0.3245660927857957,0.1907484203722627,0.4714193298893854,3.381466379693017e-8,0.7660370730198788,0.3245660927857957,0.3245660927857957,0.32363606836478537,0.33506583447453125,0.3299370096531371,0.27322960838591925,0.2217977713173513,0.0,0.0,0.0,0.19074842073798332,0.0,0.11950698399088801,0.0,0.0,0.0,0.3236360689909564,0.3217522359404288,0.3299370096888086,0.18398690950147822,0.2217977716202514,0.26761311110391006,0.39362046974869624,0.3245660927857957,0.471419318747209,0.19074841416574922,0.7660370765097807,3.659902322015753e-8,0.3245660927857957,0.3245660927857957,0.3236360598287123,0.33506581856711903,0.3299369977672157,0.2732296083859192,0.22179777131735132,0.0,0.0,0.0,0.0,0.1907484140973259,0.0,0.11950698480616126,0.0,0.0,0.3236360620317995,0.32175222326868563,0.3299369976983234,0.18398690391811942,0.22179777162025144],"CS":[0.23713569201971607,0.500249201405615,0.500249201405615,0.3862274579185683,0.3862274558116905,0.5687381157227596,0.5687381153258193,0.500249201405615,0.500249201405615,0.671406528507934,0.8141703041859496,0.9071252553776636,0.7108176082924911,0.9533967119626254],"pr_entry":[0.0,0.0,0.0,0.0,0.0,0.0,0.0,0.0,0.0,0.0,0.0,0.0,0.0,0.0,0.1447051382100096,0.13715778611745805,0.06835671117415465,0.0,0.16319124126673953,0.0,0.162264527751296,0.0,0.1032138480407736,0.0,0.0,0.0,0.0,0.0,0.0,0.0,0.0,0.0,0.0,0.0,0.0,0.0,0.0,0.0,0.0,0.0,0.0,0.0,0.14470513385309283,0.13715778217342972,0.06835670994967909,0.1631912357561099,0.0,0.16226452141543982,0.0,0.10321384524910182,0.0,0.0,0.0,0.0,0.0,0.0],"pr_exit":[0.0,0.0,0.0,0.0,0.0,0.25,0.0,0.25,0.0,0.0,0.0,0.0,0.0,0.0,0.0,0.0,0.0,0.0,0.0,0.0,0.0,0.0,0.0,0.0,0.0,0.0,0.0,0.0,0.0,0.0,0.0,0.0,0.0,0.0,0.25,0.0,0.25,0.0,0.0,0.0,0.0,0.0,0.0,0.0,0.0,0.0,0.0,0.0,0.0,0.0,0.0,0.0,0.0,0.0,0.0,0.0],"pr_merger":[0.16583721518013572,0.0,0.0,0.13561025284255157,0.13561024613473616,0.0,0.0,0.0,0.0,0.06083559375203951,0.0,0.0,0.0,0.0,0.0,0.0,0.0,0.0,0.0,0.0,0.0,0.0,0.0,0.06083559081698997,0.05407191103838538,0.0,0.1536958151004133,0.0,0.0,0.0,0.0,0.0,0.1356102452774013,0.0,0.0,0.0,0.0,0.06083559146657436,0.0,0.0,0.0,0.0,0.0,0.0,0.0,0.13561025240626035,0.0,0.0,0.0,0.0,0.0,0.06083559310245512,0.0,0.0,0.0,0.0],"pr_bundling":[0.0,0.0,0.0,0.0,0.0,0.0,0.0,0.0,0.0,0.0,0.0,0.0,0.0,0.0,0.0,0.0,0.0,0.0,0.0,0.0,0.0,0.0,0.0,0.0,0.0,0.0,0.0,0.0,0.0,0.0,0.0,0.0,0.0,0.0,0.0,0.0,0.0,0.0,0.0,0.0,0.0,0.0,0.0,0.0,0.0,0.0,0.0,0.0,0.0,0.0,0.0,0.0,0.0,0.0,0.0,0.0],"active_firms":[true,true,true,true,true,true,true,true,true,true,true,true,true,true,false,false,false,true,false,true,false,true,false,true,true,true,true,true,true,true,true,true,true,true,true,true,true,true,true,true,true,true,false,false,false,false,true,false,true,false,true,true,true,true,true,true,true,true,true,true,true,true,true,true,true,true,true,true,true,true],