{"modelname":"lbd","policy":"nolearning","smax":[5,1],"alpha":0.1,"beta":0.95,"c":1.0,"gamma":0.0,"sigma":7.0,"p0":1.5,"accuracy":1.0e-8,"cost_entry":[0.0,10.0],"value_exit":[0.0,1.0],"cost_merger":[0.0,1.0],"cost_bundling":[0.0,1.0],"entry":true,"exit":true,"mergers":true,"bundling":true,"filename":"a10g0s70","verbose":true,"firms":[1,2,3,4],"rival":[2,1,4,3],"partner":[3,4,1,2],"merger_pairs":[1,2,1,2,3,4,4,3],"outcomes":[1,0,1,0,1,0,0,0,0,0,1,0,1,0,1,0,0,0,1,0,0,1,0,0,1,0,0,0,1,1,0,0,0,0,1,0,0,0,0,0,1,1,1,1,2],"ownership":[0,3,0,3,0,0,4,4,0,1,0,1,0,0,2,2],"S":[1,1,1,1,1,1,1,1,1,1,1,1,1,1,0,0,0,1,0,1,0,1,0,1,1,1,1,1,1,1,1,1,1,1,1,1,1,1,1,1,1,1,0,0,0,0,1,0,1,0,1,1,1,1,1,1,0,1,1,0,0,1,1,1,1,0,1,3,1,3,0,0,1,0,0,0,0,1,1,0,0,0,1,1],"ms":14,"mc":[0.7829867216803844,0.7829867216803844,0.7829867216803844,0.7829867216803844,0.7829867216803844,0.7829867216803844,0.7829867216803844,0.7829867216803844,0.7829867216803844,0.7829867216803844,0.7829867216803844,0.7829867216803844,0.7829867216803844,0.7829867216803844,0.0,0.0,0.0,0.7829867216803844,0.0,0.7829867216803844,0.0,0.7829867216803844,0.0,0.7829867216803844,0.7829867216803844,0.7829867216803844,0.7829867216803844,0.7829867216803844,1.0,1.0,1.0,1.0,1.0,1.0,1.0,1.0,1.0,1.0,1.0,1.0,1.0,1.0,0.0,0.0,0.0,0.0,1.0,0.0,1.0,0.0,1.0,1.0,1.0,1.0,1.0,1.0],"P":[1.319153854689452,0.7496938162613905,1.2663402689708874,1.0273549926035361,1.6273185164163206,0.7829866896034202,1.7807643978580698,1.2663402689708874,1.2663402689708874,1.0679349478128095,1.0674318088756294,1.0671887382420182,0.9737244574386789,0.9257388173498436,0.0,0.0,0.0,1.0273549934256894,0.0,0.9599071616988236,0.0,1.5659734433607688,0.0,1.0679349467700998,1.067686505007067,1.0671887396615878,1.010713606767739,0.9257388181641412,1.5361671472489655,2.0,1.483353547290503,1.8443317984032779,1.2443682764439528,1.9977777275872788,1.0000000236061721,1.483353547290503,1.483353547290503,1.284948229787187,1.2844450916246297,1.2842020224132953,1.1907377357582944,1.1427520956694592,0.0,0.0,0.0,0.0,1.244368275093225,0.0,1.1769204557692163,0.0,2.0,1.2849482284975722,1.2846997879796862,1.2842020209565488,1.227726890081084,1.1427520964837568],"V":[6.847582172202186,2.526026681195284,7.465947340211887,1.7427833767485184,9.044386449354743,2.306740476647658,9.059833586341325,6.323410476728671,6.323410487832129,2.8418211893448246,2.8393721462161627,2.834458293169748,2.386182967545292,1.426470376900029,0.0,0.0,0.0,1.7427833771803178,0.0,0.9582084177606256,0.0,0.7576668354539304,0.0,2.8418211996880958,2.836852380502868,2.834458279161696,1.6973946351875926,1.426470368775013,6.8475822348607265,12.122919147618589,7.465947340211887,9.044386469628455,1.7427833970256505,9.758898230518977,3.0058051256540685,6.323410476728671,6.323410487832129,2.8418212233383873,2.8393724526999446,2.8344585871692973,2.386182967545292,1.426470376900029,0.0,0.0,0.0,0.0,1.7427833991181134,0.0,0.9582084402054237,0.0,0.7576668428701756,2.84182123613086,2.8368524246447935,2.8344586015442075,1.6973946724090598,1.426470368775013],"D":[0.7335585673798666,0.8522229291223916,0.8522229291223916,0.4154022500184358,0.8308044968914712,0.6642901182667869,0.856824683150335,0.8522229291223916,0.8522229291223916,0.4986557915957934,0.49910735509969356,0.4986697284349724,0.6255142047116247,0.49963206411221306,0.0,0.0,0.0,0.41540224762776556,0.0,0.19253456084789664,0.0,0.0,0.0,0.4986557952354663,0.4982183028811428,0.4986697234796964,0.3726821506959167,0.4996320584163255,0.7335585673798666,0.8522229291223916,0.8522229291223916,0.8308044976462013,0.41540224648190216,0.8568246791146835,0.6642900796704809,0.8522229291223916,0.8522229291223916,0.49865579116487124,0.49910735548997986,0.4986697234148104,0.6255142047116247,0.49963206411221306,0.0,0.0,0.0,0.0,0.41540225040956896,0.0,0.19253460347985402,0.0,0.0,0.4986557956663884,0.4982183024908565,0.4986697284998584,0.3726821506959167,0.4996320584163255],"Q":[0.7335585673798666,0.8522229291223916,0.8522229291223916,0.4154022500184358,0.41540224648190216,0.6642901182667869,0.6642900796704809,0.8522229291223916,0.8522229291223916,0.2493278946725174,0.2497761389331395,0.2493348629462242,0.6255142047116247,0.49963206411221306,0.0,0.0,0.0,0.0,0.0,0.0,0.0,0.0,0.0,0.24932789874311242,0.24888708632430245,0.24933486301111019,0.3726821506959167,0.4996320584163255,0.0,0.0,0.0,0.0,0.41540225040956896,0.0,0.19253460347985402,0.0,0.0,0.24932789692327598,0.24933121616655407,0.24933486548874823,0.0,0.0,0.0,0.0,0.0,0.41540224762776556,0.0,0.19253456084789664,0.0,0.0,0.0,0.24932789649235387,0.24933121655684037,0.24933486046858622,0.0,0.0,0.0,0.0,0.0,0.0,0.0,0.0,0.0,0.0,0.0,0.0,0.0,0.0,0.0,0.0,0.0,0.0,0.0,0.0,0.0,0.0,0.0,0.0,0.0,0.0,0.0,0.0,0.0,0.0,0.0,0.0,0.0,0.0,0.0,0.0,0.0,0.0,0.0,0.0,0.0,0.0,0.0,0.0,0.0,0.0,0.0,0.0,0.0,0.0,0.0,0.0,0.0,0.0,0.0,0.0,0.0,0.0,0.2664414326201334,0.14777707087760844,0.14777707087760844,0.1691955023537986,0.16919550310852893,0.1431753208853164,0.14317531684966503,0.14777707087760844,0.14777707087760844,0.002688413168740281,0.0026743420191635784,0.0026605480853311835,0.0018036445924586749,0.0007358774714616155],"PI":[0.3933099939663019,-0.02837297737516971,0.4119249758736109,0.10151112957459192,0.7014746519350624,-2.130841033935868e-8,0.8549205412454228,0.4119249758736109,0.4119249758736109,0.14209108326588157,0.14196863514112043,0.14172294241946146,0.11930916309134557,0.07132352421567603,0.0,0.0,0.0,0.10151112933191228,0.0,0.03406329922396683,0.0,0.0,0.0,0.1420910837830467,0.14184264287964887,0.1417229417190584,0.08486974530563715,0.07132352380942529,0.3933100044121011,0.8522229291223916,0.41192497587361093,0.701474655619149,0.10151113100372847,0.8549205812677483,1.568134596372678e-8,0.41192497587361093,0.41192497587361093,0.14209108496555928,0.14196863746287397,0.1417229439107677,0.11930916309134557,0.07132352421567603,0.0,0.0,0.0,0.0,0.10151113140243029,0.0,0.034063309799001115,0.0,0.0,0.1420910856051847,0.14184264508674602,0.14172294462951326,0.08486974716671102,0.07132352380942529],"CS":[0.18894297493653633,0.2731500598069969,0.2731500598069969,0.2538143448566652,0.2538143442194225,0.2776693399277437,0.27766934395442666,0.2731500598069969,0.2731500598069969,0.8455434513606366,0.8462931290050322,0.8470318757566191,0.9025636982261585,1.030635276012419],"pr_entry":[0.0,0.0,0.0,0.0,0.0,0.0,0.0,0.0,0.0,0.0,0.0,0.0,0.0,0.0,0.04356958450073132,0.02395520967391973,0.018941670332509014,0.0,0.07104552936592237,0.0,0.07092130888482155,0.0,0.04243486552320936,0.0,0.0,0.0,0.0,0.0,0.0,0.0,0.0,0.0,0.0,0.0,0.0,0.0,0.0,0.0,0.0,0.0,0.0,0.0,0.04356958504917617,0.023955210235039652,0.018941670517915125,0.07104553027699147,0.0,0.07092130998836968,0.0,0.042434866453746015,0.0,0.0,0.0,0.0,0.0,0.0],"pr_exit":[0.0,0.0,0.0,0.0,0.0,0.25,0.0,0.25,0.0,0.0,0.0,0.0,0.0,0.0,0.0,0.0,0.0,0.0,0.0,0.010447903260802693,0.0,0.06058329667490986,0.0,0.0,0.0,0.0,0.0,0.0,0.0,0.0,0.0,0.0,0.0,0.0,0.25,0.0,0.25,0.0,0.0,0.0,0.0,0.0,0.0,0.0,0.0,0.0,0.0,0.0,0.010447897649603494,0.0,0.06058329482084876,0.0,0.0,0.0,0.0,0.0],"pr_merger":[0.25,0.0,0.0,0.25,0.25,0.0,0.0,0.0,0.0,0.0,0.0,0.0,0.0,0.0,0.0,0.0,0.0,0.0,0.0,0.0,0.0,0.0,0.0,0.0,0.0,0.0,0.0,0.0,0.0,0.0,0.0,0.0,0.25,0.0,0.0,0.0,0.0,0.0,0.0,0.0,0.0,0.0,0.0,0.0,0.0,0.25,0.0,0.0,0.0,0.0,0.0,0.0,0.0,0.0,0.0,0.0],"pr_bundling":[0.0,0.08102532786320893,0.0,0.0,0.0,0.20187112222661996,0.2018711285580338,0.0,0.0,0.0,0.0,0.0,0.0,0.0,0.0,0.0,0.0,0.0,0.0,0.0,0.0,0.0,0.0,0.0,0.0,0.0,0.0,0.0,0.0,0.08102532786320893,0.0,0.0,0.0,0.20187112222661996,0.2018711285580338,0.0,0.0,0.0,0.0,0.0,0.0,0.0,0.0,0.0,0.0,0.0,0.0,0.0,0.0,0.0,0.0,0.0,0.0,0.0,0.0,0.0],"active_firms":[true,true,true,true,true,true,true,true,true,true,true,true,true,true,false,false,false,true,false,true,false,true,false,true,true,true,true,true,true,true,true,true,true,true,true,true,true,true,true,true,true,true,false,false,false,false,true,false,true,false,true,true,true,true,true,true,true,true,true,true,true,true,true,true,true,true,true,true,true,true],