{"modelname":"lbd","policy":"nolearning","smax":[5,1],"alpha":0.1,"beta":0.95,"c":1.0,"gamma":1.0,"sigma":8.0,"p0":1.5,"accuracy":1.0e-8,"cost_entry":[0.0,10.0],"value_exit":[0.0,1.0],"cost_merger":[0.0,1.0],"cost_bundling":[0.0,1.0],"entry":true,"exit":true,"mergers":true,"bundling":true,"filename":"a10g100s80","verbose":true,"firms":[1,2,3,4],"rival":[2,1,4,3],"partner":[3,4,1,2],"merger_pairs":[1,2,1,2,3,4,4,3],"outcomes":[1,0,1,0,1,0,0,0,0,0,1,0,1,0,1,0,0,0,1,0,0,1,0,0,1,0,0,0,1,1,0,0,0,0,1,0,0,0,0,0,1,1,1,1,2],"ownership":[0,3,0,3,0,0,4,4,0,1,0,1,0,0,2,2],"S":[1,1,1,1,1,1,1,1,1,1,1,1,1,1,0,0,0,1,0,1,0,1,0,1,1,1,1,1,1,1,1,1,1,1,1,1,1,1,1,1,1,1,0,0,0,0,1,0,1,0,1,1,1,1,1,1,0,1,1,0,0,1,1,1,1,0,1,3,1,3,0,0,1,0,0,0,0,1,1,0,0,0,1,1],"ms":14,"mc":[0.7829867216803844,0.7829867216803844,0.7829867216803844,0.7829867216803844,0.7829867216803844,0.7829867216803844,0.7829867216803844,0.7829867216803844,0.7829867216803844,0.7829867216803844,0.7829867216803844,0.7829867216803844,0.7829867216803844,0.7829867216803844,0.0,0.0,0.0,0.7829867216803844,0.0,0.7829867216803844,0.0,0.7829867216803844,0.0,0.7829867216803844,0.7829867216803844,0.7829867216803844,0.7829867216803844,0.7829867216803844,1.0,1.0,1.0,1.0,1.0,1.0,1.0,1.0,1.0,1.0,1.0,1.0,1.0,1.0,0.0,0.0,0.0,0.0,1.0,0.0,1.0,0.0,1.0,1.0,1.0,1.0,1.0,1.0],"P":[1.3438679833077445,1.343867983307148,1.271532147278715,1.0301393802918504,1.3438679833063754,1.0301393802937164,1.3438679833063754,1.271532147278715,1.271532147278715,1.0301393802924264,1.030139380292334,1.0301393802916288,0.9501483306457256,0.9079594486694759,0.0,0.0,0.0,1.0301393790628814,0.0,1.0301393790642146,0.0,1.5659734433607688,0.0,1.0301393790633222,1.0301393790628837,1.030139379063629,0.9824609998416931,0.9079594480871022,1.4009925034686765,1.4009925034679038,1.4885454255983306,1.4009925034692274,1.2364633310130244,1.4009925034688206,1.2364633310137323,1.4885454255983306,1.4885454255983306,1.2364633310125592,1.2364633310133228,1.2364633310129083,1.1671616089653412,1.1249727269890915,0.0,0.0,0.0,0.0,1.2364633322840863,0.0,1.2364633322849983,0.0,2.0,1.2364633322846206,1.2364633322849163,1.236463332284152,1.199474284994545,1.1249727264067177],"V":[7.451847856530741,8.71150283586255,7.968360311961568,2.0355264305726677,8.676796199549056,5.816981392376872,7.7700885094568175,6.926176592244872,6.9261766145902435,2.4430519732266496,2.443052315846321,2.4430523025733777,2.0932317874055903,1.2494543526350907,0.0,0.0,0.0,2.0355264328178846,0.0,0.8983409282675021,0.0,0.6171679013184638,0.0,2.44305198509854,2.443051940293989,2.4430523144353975,1.489484937975791,1.2494543584550142,6.228997374554546,6.468638879288232,7.96836031196156,7.967116819656955,1.86015550796181,6.543750396267758,4.831609504661326,6.926176592244863,6.926176614590237,2.229265733011578,2.229265757951233,2.229265744632146,2.0932317874055903,1.2494543526350907,0.0,0.0,0.0,0.0,1.8601555058781851,0.0,0.8749299394399422,0.0,0.6171679096596232,2.229265722318586,2.22926567793476,2.2292657339453132,1.4894849879886976,1.2494543584550142],"D":[0.7771364306086359,0.7771364306094621,0.8720692146321739,0.49423970370643844,0.7771364306105328,0.49423970370531206,0.7771364306105331,0.8720692146321739,0.8720692146321739,0.49423970370614845,0.49423970370547565,0.49423970370834297,0.6261103228825586,0.49989087689211414,0.0,0.0,0.0,0.49423970856568034,0.0,0.4942397085666611,0.0,0.0,0.0,0.49423970856592414,0.49423970856662097,0.4942397085637519,0.37335280421482475,0.499890881550087,0.6882734753362403,0.6882734753375664,0.8720692146321739,0.688273475335295,0.471376811328119,0.6882734753359934,0.4713768113283294,0.8720692146321739,0.8720692146321739,0.4713768113299972,0.4713768113290003,0.47137681132846854,0.6261103228825586,0.49989087689211414,0.0,0.0,0.0,0.0,0.4713768065349277,0.0,0.47137680653436775,0.0,0.0,0.4713768065330347,0.4713768065338028,0.47137680653458913,0.37335280421482475,0.499890881550087],"Q":[0.5348823919054068,0.5348823919070061,0.8720692146321739,0.3401720785187169,0.366324092628109,0.34017207851828674,0.36632409262827254,0.8720692146321739,0.8720692146321739,0.23297313556568683,0.23297313556487703,0.23297313556596583,0.6261103228825586,0.49989087689211414,0.0,0.0,0.0,0.0,0.0,0.0,0.0,0.0,0.0,0.23297313548562307,0.2329731354863312,0.23297313548536736,0.37335280421482475,0.499890881550087,0.0,0.0,0.0,0.0,0.36632408890314544,0.0,0.3663240889027103,0.0,0.0,0.2329731331948375,0.23297313319490004,0.23297313319664023,0.0,0.0,0.0,0.0,0.0,0.3401720818632042,0.0,0.3401720818642243,0.0,0.0,0.0,0.23297313785647245,0.23297313785630822,0.23297313785469295,0.0,0.0,0.24225403870322915,0.242254038702456,0.0,0.15406762518772155,0.04448824907927834,0.15406762518702533,0.04448824907955014,0.0,0.0,0.028293434945624064,0.02829343494569861,0.028293434945736953,0.0,0.0,0.0,0.0,0.0,0.15406762670247612,0.0,0.15406762670243676,0.0,0.0,0.0,0.028293435223828642,0.02829343522398159,0.028293435223691543,0.0,0.0,0.1533910834308335,0.15339108343056027,0.0,0.007929314953373906,0.10505271870000997,0.007929314953482251,0.10505271870005686,0.0,0.0,0.005430537907837949,0.005430537907815059,0.005430537907809801,0.0,0.0,0.0,0.0,0.0,0.0,0.10505271763178227,0.0,0.10505271763165747,0.0,0.0,0.005430537852574121,0.005430537852571566,0.005430537852581511,0.0,0.0,0.06947248596053059,0.06947248595997739,0.12793078536782615,0.0035912727745072517,0.012758133057674806,0.0035912727745446354,0.012758133057752748,0.12793078536782615,0.12793078536782615,0.0006595119675154011,0.0006595119675166513,0.0006595119675138244,0.000536872902616775,0.0002182415577989322],"PI":[0.43588126165635505,0.435881261656355,0.4260454256136774,0.12215265676238947,0.43588126165635505,0.12215265676303336,0.43588126165635516,0.4260454256136774,0.4260454256136774,0.12215265676260247,0.12215265676239054,0.12215265676275065,0.10466160896285776,0.06247272608217571,0.0,0.0,0.0,0.12215265735595877,0.0,0.12215265735686008,0.0,0.0,0.0,0.12215265735623687,0.12215265735619235,0.12215265735585165,0.07447428112025258,0.06247272637317197,0.27599250394616537,0.2759925039461653,0.4260454256136773,0.27599250394616553,0.11146333096894495,0.2759925039461656,0.1114633309693284,0.4260454256136773,0.4260454256136773,0.11146333096916981,0.11146333096929402,0.11146333096897287,0.10466160896285776,0.06247272608217571,0.0,0.0,0.0,0.0,0.11146333043468008,0.0,0.11146333043497755,0.0,0.0,0.1114633304344843,0.11146333043480534,0.11146333043463101,0.07447428367146051,0.06247272637317197],"CS":[0.33335306128183984,0.33335306128283504,0.25703323757857577,0.7036560757531372,0.5451982904830754,0.703656075751836,0.5451982904823116,0.25703323757857577,0.25703323757857577,0.9155013049531529,0.9155013049529157,0.9155013049534517,0.9412186464855412,1.0537385056657935],"pr_entry":[0.0,0.0,0.0,0.0,0.0,0.0,0.0,0.0,0.0,0.0,0.0,0.0,0.0,0.0,0.050888161460899264,0.02245852172474534,0.015429196104220486,0.0,0.06107629809848144,0.0,0.061076296919415365,0.0,0.03723712254882995,0.0,0.0,0.0,0.0,0.0,0.0,0.0,0.0,0.0,0.0,0.0,0.0,0.0,0.0,0.0,0.0,0.0,0.0,0.0,0.046503888416355006,0.021873247017813947,0.015429196312198228,0.055731641891686626,0.0,0.055731640723682696,0.0,0.03723712379782203,0.0,0.0,0.0,0.0,0.0,0.0],"pr_exit":[0.0,0.0,0.0,0.0,0.0,0.25,0.0,0.25,0.0,0.0,0.0,0.0,0.0,0.0,0.0,0.0,0.0,0.0,0.0,0.025414782752546605,0.0,0.09570803895779514,0.0,0.0,0.0,0.0,0.0,0.0,0.0,0.0,0.0,0.0,0.0,0.0,0.25,0.0,0.25,0.0,0.0,0.0,0.0,0.0,0.0,0.0,0.0,0.0,0.0,0.0,0.03126752982186057,0.0,0.09570803687801771,0.0,0.0,0.0,0.0,0.0],"pr_merger":[0.25,0.0,0.0,0.25,0.25,0.0,0.0,0.0,0.0,9.672616774203391e-8,0.0,0.0,0.0,0.0,0.0,0.0,0.0,0.0,0.0,0.0,0.0,0.0,0.0,9.643144416315863e-8,1.1319802672993262e-7,0.0,0.0,0.0,0.0,0.0,0.0,0.0,0.25,0.0,0.0,0.0,0.0,9.939940714964735e-8,0.0,0.0,0.0,0.0,0.0,0.0,0.0,0.25,0.0,0.0,0.0,0.0,0.0,9.37582047555452e-8,0.0,0.0,0.0,0.0],