{"modelname":"lbd","policy":"nolearning","smax":[5,1],"alpha":0.1,"beta":0.95,"c":1.0,"gamma":0.0,"sigma":3.0,"p0":1.5,"accuracy":1.0e-8,"cost_entry":[0.0,10.0],"value_exit":[0.0,1.0],"cost_merger":[0.0,1.0],"cost_bundling":[0.0,1.0],"entry":true,"exit":true,"mergers":true,"bundling":true,"filename":"a10g0s30","verbose":true,"firms":[1,2,3,4],"rival":[2,1,4,3],"partner":[3,4,1,2],"merger_pairs":[1,2,1,2,3,4,4,3],"outcomes":[1,0,1,0,1,0,0,0,0,0,1,0,1,0,1,0,0,0,1,0,0,1,0,0,1,0,0,0,1,1,0,0,0,0,1,0,0,0,0,0,1,1,1,1,2],"ownership":[0,3,0,3,0,0,4,4,0,1,0,1,0,0,2,2],"S":[1,1,1,1,1,1,1,1,1,1,1,1,1,1,0,0,0,1,0,1,0,1,0,1,1,1,1,1,1,1,1,1,1,1,1,1,1,1,1,1,1,1,0,0,0,0,1,0,1,0,1,1,1,1,1,1,0,1,1,0,0,1,1,1,1,0,1,3,1,3,0,0,1,0,0,0,0,1,1,0,0,0,1,1],"ms":14,"mc":[0.7829867216803844,0.7829867216803844,0.7829867216803844,0.7829867216803844,0.7829867216803844,0.7829867216803844,0.7829867216803844,0.7829867216803844,0.7829867216803844,0.7829867216803844,0.7829867216803844,0.7829867216803844,0.7829867216803844,0.7829867216803844,0.0,0.0,0.0,0.7829867216803844,0.0,0.7829867216803844,0.0,0.7829867216803844,0.0,0.7829867216803844,0.7829867216803844,0.7829867216803844,0.7829867216803844,0.7829867216803844,1.0,1.0,1.0,1.0,1.0,1.0,1.0,1.0,1.0,1.0,1.0,1.0,1.0,1.0,0.0,0.0,0.0,0.0,1.0,0.0,1.0,0.0,1.0,1.0,1.0,1.0,1.0,1.0],"P":[1.4116617140354093,0.773651525788048,1.278319123734216,1.2594788353684507,1.618170527017036,0.7829867525665287,1.8332825835918867,1.278319123734216,1.278319123734216,1.3543826728315256,1.312754609385718,1.3097675496576642,1.1598635377844473,1.092549373008783,0.0,0.0,0.0,1.259478827072985,0.0,1.179478600937346,0.0,1.5659734433607688,0.0,1.3543826690987262,1.344651517118416,1.3097675445822605,1.2614148615303424,1.0925493753702273,1.6286749986574454,2.0,1.4953324020538317,1.83518381987061,1.4764921285225288,2.0502958674898055,1.0000000286345956,1.4953324020538317,1.4953324020538317,1.571395958544926,1.5297678989805952,1.5267808382634245,1.3768768161040628,1.3095626513283987,0.0,0.0,0.0,0.0,1.4764921241948992,0.0,1.3964918832444608,0.0,2.0,1.5713959559870645,1.5616648072213188,1.5267808359705275,1.4784281575182623,1.309562653689843],"V":[5.46736251295604,4.210114836554799,5.728840596917487,3.974588219543363,6.526065539729785,3.242290638009155,7.766928968098202,5.200287107737327,5.200287129056458,4.761240102107836,4.737027028895919,4.568367812539238,4.2041904677391555,2.857913961328685,0.0,0.0,0.0,3.9745882268988986,0.0,3.524248065114832,0.0,1.6817830534095228,0.0,4.761240124321514,4.566633098353133,4.568367838083058,2.9018897308888967,2.8579139426369506,5.467362562873238,7.290681415164758,5.728840596917483,6.526065612507044,3.9745882764064064,7.766930625422034,3.2422923125294436,5.2002871077373225,5.200287129056452,4.76124017210897,4.73702876719551,4.568369914922274,4.204190467739147,2.857913961328685,0.0,0.0,0.0,0.0,3.9745882810014157,0.0,3.524248114502524,0.0,1.6817830894039756,4.7612401873306665,4.5666331905108715,4.568369926462126,2.901889838055315,2.8579139426369506],"D":[0.46978432829998745,0.6635256123377955,0.663525612337796,0.30044312636139037,0.6008862585561642,0.5233357379848692,0.6826291221570775,0.663525612337796,0.663525612337796,0.41663336484564073,0.447349038671912,0.43361288335948056,0.5577688529594366,0.46160602398728445,0.0,0.0,0.0,0.3004431338383374,0.0,0.15929338002952256,0.0,0.0,0.0,0.4166333695112673,0.4065262139431529,0.43361288996176206,0.3032739853690864,0.4616060174469428,0.46978432829998745,0.6635256123377955,0.663525612337796,0.6008862601997278,0.3004431273277721,0.6826291180143917,0.5233357434466197,0.663525612337796,0.663525612337796,0.41663336557991837,0.4473490389965116,0.43361288516927665,0.5577688529594366,0.46160602398728445,0.0,0.0,0.0,0.0,0.30044313122839206,0.0,0.15929337871045784,0.0,0.0,0.4166333687769897,0.4065262136185533,0.4336128881519659,0.3032739853690864,0.4616060174469428],"Q":[0.46978432829998745,0.6635256123377955,0.663525612337796,0.30044312636139037,0.3004431273277721,0.5233357379848692,0.5233357434466197,0.663525612337796,0.663525612337796,0.20831668162355255,0.23436814913303228,0.21680644093406798,0.5577688529594366,0.46160602398728445,0.0,0.0,0.0,0.0,0.0,0.0,0.0,0.0,0.0,0.2083166855549015,0.1935453240796736,0.21680644572655333,0.3032739853690864,0.4616060174469428,0.0,0.0,0.0,0.0,0.30044313122839206,0.0,0.15929337871045784,0.0,0.0,0.2083166832220882,0.2129808895388797,0.21680644242541258,0.0,0.0,0.0,0.0,0.0,0.3004431338383374,0.0,0.15929338002952256,0.0,0.0,0.0,0.20831668395636582,0.21298088986347935,0.2168064442352087,0.0,0.0,0.0,0.0,0.0,0.0,0.0,0.0,0.0,0.0,0.0,0.0,0.0,0.0,0.0,0.0,0.0,0.0,0.0,0.0,0.0,0.0,0.0,0.0,0.0,0.0,0.0,0.0,0.0,0.0,0.0,0.0,0.0,0.0,0.0,0.0,0.0,0.0,0.0,0.0,0.0,0.0,0.0,0.0,0.0,0.0,0.0,0.0,0.0,0.0,0.0,0.0,0.0,0.0,0.0,0.0,0.0,0.0,0.5302156717000125,0.33647438766220444,0.33647438766220406,0.3991137398002722,0.3991137414438358,0.3173708819856082,0.31737087784292256,0.33647438766220406,0.33647438766220406,0.16673326564309185,0.14612474738493514,0.1327742266787573,0.13895716167147712,0.07678795856577278],"PI":[0.2953416590025051,-0.0061941415707558135,0.3286657353835199,0.1431587803229897,0.5018504719954403,1.616382312535034e-8,0.71696254222186,0.3286657353835199,0.3286657353835199,0.2380626177872753,0.23699115528423045,0.2284189537177228,0.21021014942536767,0.1428959846546641,0.0,0.0,0.0,0.14315878139338029,0.0,0.06315853160109874,0.0,0.0,0.0,0.23806261889798663,0.22833146279457842,0.22841895499491768,0.1450948086850154,0.14289598372007553,0.2953416619632835,0.6635256123377955,0.32866573538352,0.501850482101374,0.14315878524037526,0.7169625416787264,1.4985507368012682e-8,0.32866573538352,0.32866573538352,0.23806262128733602,0.2369911605001703,0.22841895913129356,0.2102101494253676,0.14289598465466416,0.0,0.0,0.0,0.0,0.14315878579878338,0.0,0.06315853171328253,0.0,0.0,0.23806262204843923,0.22833146740247742,0.22841895970828743,0.14509481404335245,0.1428959837200756],"CS":[0.21149047582424485,0.36307774890840294,0.3630777489084034,0.3061696135195664,0.30616961214688887,0.38256140475796707,0.3825614091090128,0.3630777489084034,0.3630777489084034,0.5971199850619562,0.641098195983822,0.6730350456630689,0.6578631942551323,0.8555691468764794],"pr_entry":[0.0,0.0,0.0,0.0,0.0,0.0,0.0,0.0,0.0,0.0,0.0,0.0,0.0,0.0,0.09936468843489733,0.08810618470693143,0.04204456429348171,0.0,0.11903098698482968,0.0,0.11416581368455465,0.0,0.07254723479483899,0.0,0.0,0.0,0.0,0.0,0.0,0.0,0.0,0.0,0.0,0.0,0.0,0.0,0.0,0.0,0.0,0.0,0.0,0.0,0.09936468978745996,0.08810618594162331,0.04204456519334243,0.11903098856005863,0.0,0.11416581598849777,0.0,0.07254723747399901,0.0,0.0,0.0,0.0,0.0,0.0],"pr_exit":[0.0,0.0,0.0,0.0,0.0,0.25,0.0,0.25,0.0,0.0,0.0,0.0,0.0,0.0,0.0,0.0,0.0,0.0,0.0,0.0,0.0,0.0,0.0,0.0,0.0,0.0,0.0,0.0,0.0,0.0,0.0,0.0,0.0,0.0,0.25,0.0,0.25,0.0,0.0,0.0,0.0,0.0,0.0,0.0,0.0,0.0,0.0,0.0,0.0,0.0,0.0,0.0,0.0,0.0,0.0,0.0],"pr_merger":[0.1414280602403677,0.0,0.0,0.11243421665424547,0.11243422446655438,0.0,0.0,0.0,0.0,0.0,0.0,0.0,0.0,0.0,0.0,0.0,0.0,0.0,0.0,0.0,0.0,0.0,0.0,0.0,0.0008678742805237061,0.0,0.0,0.0,0.0,0.0,0.0,0.0,0.11243422300157735,0.0,0.0,0.0,0.0,0.0,0.0,0.0,0.0,0.0,0.0,0.0,0.0,0.11243421437321899,0.0,0.0,0.0,0.0,0.0,0.0,0.0,0.0,0.0,0.0],"pr_bundling":[0.0,0.0,0.0,0.0,0.0,0.0,0.0,0.0,0.0,0.0,0.0,0.0,0.0,0.0,0.0,0.0,0.0,0.0,0.0,0.0,0.0,0.0,0.0,0.0,0.0,0.0,0.0,0.0,0.0,0.0,0.0,0.0,0.0,0.0,0.0,0.0,0.0,0.0,0.0,0.0,0.0,0.0,0.0,0.0,0.0,0.0,0.0,0.0,0.0,0.0,0.0,0.0,0.0,0.0,0.0,0.0],"active_firms":[true,true,true,true,true,true,true,true,true,true,true,true,true,true,false,false,false,true,false,true,false,true,false,true,true,true,true,true,true,true,true,true,true,true,true,true,true,true,true,true,true,true,false,false,false,false,true,false,true,false,true,true,true,true,true,true,true,true,true,true,true,true,true,true,true,true,true,true,true,true],