{"modelname":"lbd","policy":"nolearning","smax":[5,1],"alpha":0.1,"beta":0.95,"c":1.0,"gamma":1.0,"sigma":5.0,"p0":1.5,"accuracy":1.0e-8,"cost_entry":[0.0,10.0],"value_exit":[0.0,1.0],"cost_merger":[0.0,1.0],"cost_bundling":[0.0,1.0],"entry":true,"exit":true,"mergers":true,"bundling":true,"filename":"a10g100s50","verbose":true,"firms":[1,2,3,4],"rival":[2,1,4,3],"partner":[3,4,1,2],"merger_pairs":[1,2,1,2,3,4,4,3],"outcomes":[1,0,1,0,1,0,0,0,0,0,1,0,1,0,1,0,0,0,1,0,0,1,0,0,1,0,0,0,1,1,0,0,0,0,1,0,0,0,0,0,1,1,1,1,2],"ownership":[0,3,0,3,0,0,4,4,0,1,0,1,0,0,2,2],"S":[1,1,1,1,1,1,1,1,1,1,1,1,1,1,0,0,0,1,0,1,0,1,0,1,1,1,1,1,1,1,1,1,1,1,1,1,1,1,1,1,1,1,0,0,0,0,1,0,1,0,1,1,1,1,1,1,0,1,1,0,0,1,1,1,1,0,1,3,1,3,0,0,1,0,0,0,0,1,1,0,0,0,1,1],"ms":14,"mc":[0.7829867216803844,0.7829867216803844,0.7829867216803844,0.7829867216803844,0.7829867216803844,0.7829867216803844,0.7829867216803844,0.7829867216803844,0.7829867216803844,0.7829867216803844,0.7829867216803844,0.7829867216803844,0.7829867216803844,0.7829867216803844,0.0,0.0,0.0,0.7829867216803844,0.0,0.7829867216803844,0.0,0.7829867216803844,0.0,0.7829867216803844,0.7829867216803844,0.7829867216803844,0.7829867216803844,0.7829867216803844,1.0,1.0,1.0,1.0,1.0,1.0,1.0,1.0,1.0,1.0,1.0,1.0,1.0,1.0,0.0,0.0,0.0,0.0,1.0,0.0,1.0,0.0,1.0,1.0,1.0,1.0,1.0,1.0],"P":[1.368663527623795,1.3686635276256056,1.25903786426638,1.1529972456404072,1.36866352762526,1.1529972456396909,1.3686635276236458,1.25903786426638,1.25903786426638,1.1529972456418371,1.1529972456390767,1.1529972456370896,1.0442814207265219,0.9813586318183186,0.0,0.0,0.0,1.1529972472516652,0.0,1.1529972472510206,0.0,1.5659734433607688,0.0,1.1529972472517123,1.1529972472515193,1.152997247250862,1.0972258681463116,0.9813586327002067,1.452991944048023,1.452991944044681,1.4760511425859957,1.452991944048497,1.3383477709024056,1.4529919440473769,1.3383477709047438,1.4760511425859957,1.4760511425859957,1.3383477709019462,1.3383477709036333,1.338347770902105,1.2612946990461376,1.1983719101379342,0.0,0.0,0.0,0.0,1.3383477693742263,0.0,1.3383477693749015,0.0,2.0,1.3383477693737513,1.338347769373535,1.338347769371928,1.3142391530458222,1.1983719110198223],"V":[5.917257561502684,6.838258462553805,6.335296760265829,2.4057355801259366,6.286429595690786,4.560452671331672,6.082177767383436,5.285633280355155,5.285633176566862,3.0122726654307623,3.4295110052382767,3.4001940287501933,3.225877074922435,1.9674308432539322,0.0,0.0,0.0,2.405735578600065,0.0,1.5316923513485003,0.0,1.1890887931820355,0.0,3.0122726641370923,2.807521440752665,3.400194016144189,2.284770902639853,1.9674308346498632,4.906074822778503,5.14271714300582,6.335296760265829,5.6335716762096615,2.1717581421351198,4.950333997903134,3.600543538423273,5.285633280355155,5.285633176566862,2.738003947409184,2.796258332159791,2.766941355670836,3.225877074922435,1.9674308432539322,0.0,0.0,0.0,0.0,2.171758143189203,0.0,1.4973329418289898,0.0,1.1890887332717095,2.7380039483733802,2.6127247719628275,2.7669413643268905,2.2847708104600764,1.9674308346498632],"D":[0.658514733771622,0.6585147337695865,0.7899385359075938,0.45947483362050856,0.6585147337699753,0.4594748336207175,0.6585147337717899,0.7899385359075938,0.7899385359075938,0.4594748336187825,0.45947483362200664,0.45947483362378055,0.6172903607508556,0.49589636991064334,0.0,0.0,0.0,0.4594748299188458,0.0,0.45947482991889027,0.0,0.0,0.0,0.45947482992029676,0.4594748299176225,0.4594748299163411,0.3635420630291857,0.49589636553739197,0.5584910445963246,0.5584910446004446,0.7899385359075938,0.5584910445957401,0.4088922132681208,0.5584910445971211,0.4088922132658598,0.7899385359075938,0.7899385359075938,0.4088922132682788,0.40889221326605946,0.4088922132665628,0.6172903607508556,0.49589636991064334,0.0,0.0,0.0,0.0,0.4088922163924242,0.0,0.40889221639356266,0.0,0.0,0.40889221639261436,0.4088922163942855,0.40889221639495044,0.3635420630291857,0.49589636553739197],"Q":[0.3677745815461838,0.36777458154776005,0.7899385359075938,0.2566125797941716,0.26926154696087246,0.2566125797949229,0.2692615469601256,0.7899385359075938,0.7899385359075938,0.18787568165945814,0.18787568165975665,0.1878756816607133,0.6172903607508556,0.49589636991064334,0.0,0.0,0.0,0.0,0.0,0.0,0.0,0.0,0.0,0.18787568158272966,0.18787568158240403,0.18787568158218562,0.3635420630291857,0.49589636553739197,0.0,0.0,0.0,0.0,0.26926154901827243,0.0,0.269261549019764,0.0,0.0,0.1878756830950117,0.18787568309709798,0.18787568309812874,0.0,0.0,0.0,0.0,0.0,0.25661257772682633,0.0,0.2566125777274855,0.0,0.0,0.0,0.18787568014717612,0.18787568014506303,0.18787568014477019,0.0,0.0,0.29074015222543814,0.2907401522218264,0.0,0.2028622538263369,0.11999163779083034,0.20286225382579462,0.11999163779190022,0.0,0.0,0.08372346886431267,0.08372346886515197,0.08372346886493849,0.0,0.0,0.0,0.0,0.0,0.20286225219201948,0.0,0.20286225219140475,0.0,0.0,0.0,0.08372346819039098,0.08372346819015546,0.0837234681893853,0.0,0.0,0.19071646305014078,0.19071646305268458,0.0,0.04526588707474216,0.13963066630724835,0.04526588707471258,0.1396306663057342,0.0,0.0,0.03314085146164452,0.03314085146123976,0.03314085146107925,0.0,0.0,0.0,0.0,0.0,0.0,0.13963066737415175,0.0,0.13963066737379864,0.0,0.0,0.033140851714872965,0.033140851714783565,0.03314085171463613,0.0,0.0,0.15076880317823707,0.15076880317772895,0.2100614640924062,0.035784449385903465,0.06222393254862459,0.03578444938567966,0.06222393254867725,0.2100614640924062,0.2100614640924062,0.014768633284403162,0.014768633284347372,0.014768633284162985,0.019167576219958692,0.008207264551964874],"PI":[0.38567680594203896,0.3856768059420391,0.3760511425915185,0.17001052393436866,0.3856768059420391,0.17001052393411684,0.38567680594203907,0.3760511425915185,0.3760511425915185,0.17001052393438704,0.17001052393431162,0.170010523934055,0.16129469903647645,0.09837191012964192,0.0,0.0,0.0,0.17001052330504698,0.0,0.17001052330476726,0.0,0.0,0.0,0.17001052330560548,0.17001052330452732,0.1700105233037512,0.11423914759075363,0.09837190969943681,0.25299194402510017,0.25299194402510006,0.3760511425915186,0.25299194402510017,0.13834776889861972,0.2529919440251001,0.13834776889881076,0.3760511425915186,0.3760511425915186,0.13834776889848532,0.13834776889842426,0.13834776889796963,0.1612946990364765,0.09837191012964192,0.0,0.0,0.0,0.0,0.13834776933086015,0.0,0.13834776933152146,0.0,0.0,0.1383477693307303,0.13834776933120732,0.13834776933077514,0.11423914998282221,0.09837190969943681],"CS":[0.3784015440571693,0.37840154405784343,0.31207102098691797,0.6660483709277867,0.5554031171156648,0.6660483709290377,0.5554031171154952,0.31207102098691797,0.31207102098691797,0.8430499439872152,0.8430499439879702,0.8430499439904677,0.7909070332037054,0.9605471191873933],"pr_entry":[0.0,0.0,0.0,0.0,0.0,0.0,0.0,0.0,0.0,0.0,0.0,0.0,0.0,0.0,0.06014336727301174,0.03829228530402666,0.029727196283602264,0.0,0.07530680192708959,0.0,0.07018802189117476,0.0,0.0571192567118184,0.0,0.0,0.0,0.0,0.0,0.0,0.0,0.0,0.0,0.0,0.0,0.0,0.0,0.0,0.0,0.0,0.0,0.0,0.0,0.054293930564158564,0.03743329958494984,0.02972719468997074,0.06845007976541352,0.0,0.06531810222554349,0.0,0.057119254223085635,0.0,0.0,0.0,0.0,0.0,0.0],"pr_exit":[0.0,0.0,0.0,0.0,0.0,0.25,0.0,0.25,0.0,0.0,0.0,0.0,0.0,0.0,0.0,0.0,0.0,0.0,0.0,0.0,0.0,0.0,0.0,0.0,0.0,0.0,0.0,0.0,0.0,0.0,0.0,0.0,0.0,0.0,0.25,0.0,0.25,0.0,0.0,0.0,0.0,0.0,0.0,0.0,0.0,0.0,0.0,0.0,0.0,0.0,0.0,0.0,0.0,0.0,0.0,0.0],"pr_merger":[0.25,0.0,0.0,0.25,0.25,0.0,0.0,0.0,0.0,0.11887310206286184,0.0,0.0,0.0,0.0,0.0,0.0,0.0,0.0,0.0,0.0,0.0,0.0,0.0,0.11887310214522995,0.1867222030003317,0.0,0.0,0.0,0.0,0.0,0.0,0.0,0.25,0.0,0.0,0.0,0.0,0.11887310182181243,0.0,0.0,0.0,0.0,0.0,0.0,0.0,0.25,0.0,0.0,0.0,0.0,0.0,0.11887310238627935,0.0,0.0,0.0,0.0],