{"modelname":"lbd","policy":"nolearning","smax":[5,1],"alpha":0.1,"beta":0.95,"c":1.0,"gamma":0.0,"sigma":10.0,"p0":1.5,"accuracy":1.0e-8,"cost_entry":[0.0,10.0],"value_exit":[0.0,1.0],"cost_merger":[0.0,1.0],"cost_bundling":[0.0,1.0],"entry":true,"exit":true,"mergers":true,"bundling":true,"filename":"a10g0s100","verbose":true,"firms":[1,2,3,4],"rival":[2,1,4,3],"partner":[3,4,1,2],"merger_pairs":[1,2,1,2,3,4,4,3],"outcomes":[1,0,1,0,1,0,0,0,0,0,1,0,1,0,1,0,0,0,1,0,0,1,0,0,1,0,0,0,1,1,0,0,0,0,1,0,0,0,0,0,1,1,1,1,2],"ownership":[0,3,0,3,0,0,4,4,0,1,0,1,0,0,2,2],"S":[1,1,1,1,1,1,1,1,1,1,1,1,1,1,0,0,0,1,0,1,0,1,0,1,1,1,1,1,1,1,1,1,1,1,1,1,1,1,1,1,1,1,0,0,0,0,1,0,1,0,1,1,1,1,1,1,0,1,1,0,0,1,1,1,1,0,1,3,1,3,0,0,1,0,0,0,0,1,1,0,0,0,1,1],"ms":14,"mc":[0.7829867216803844,0.7829867216803844,0.7829867216803844,0.7829867216803844,0.7829867216803844,0.7829867216803844,0.7829867216803844,0.7829867216803844,0.7829867216803844,0.7829867216803844,0.7829867216803844,0.7829867216803844,0.7829867216803844,0.7829867216803844,0.0,0.0,0.0,0.7829867216803844,0.0,0.7829867216803844,0.0,0.7829867216803844,0.0,0.7829867216803844,0.7829867216803844,0.7829867216803844,0.7829867216803844,0.7829867216803844,1.0,1.0,1.0,1.0,1.0,1.0,1.0,1.0,1.0,1.0,1.0,1.0,1.0,1.0,0.0,0.0,0.0,0.0,1.0,0.0,1.0,0.0,1.0,1.0,1.0,1.0,1.0,1.0],"P":[1.3179847769869715,0.7805487909568237,1.281767756318604,0.9629584539391443,1.6815753981410673,0.7829866929584018,1.8032225020525148,1.281767756318604,1.281767756318604,0.9829725771199005,0.9829631521988732,0.98295844487965,0.9167984336139533,0.882984807553206,0.0,0.0,0.0,0.9629584545715134,0.0,0.9080963064451216,0.0,1.5659734433607688,0.0,0.982972577894489,0.9829678670095032,0.9829584440744977,0.9426322304787481,0.8829848081103023,1.534998079841404,2.0,1.4987810346382195,1.8985886802327867,1.1799717348525431,2.020235837259973,1.0000000315718462,1.4987810346382195,1.4987810346382195,1.1999858589873884,1.1999764342237003,1.199971726128939,1.1338117119335689,1.0999980858728216,0.0,0.0,0.0,0.0,1.1799717360615576,0.0,1.1251096004898096,0.0,2.0,1.1999858580277956,1.1999811472007387,1.19997172508387,1.1596455148138252,1.099998086429918],"V":[8.13011278240637,1.2691235613590413,8.66863799187092,1.373731732964516,12.090399394811334,1.4857060867423615,6.162509779080184,7.795593872301392,7.795593898490544,1.9997167265355205,1.9996700404919863,1.999575836181237,1.6762356432377552,1.0027501188377064,0.0,0.0,0.0,1.3737317319217555,0.0,0.5600047502360105,0.0,0.4314611447715271,0.0,1.9997167187918474,1.9996224176565638,1.9995758442299094,1.192909989586127,0.9999617115759781,8.130112914653267,15.880392375320294,8.66863799187092,12.090399382106414,1.3737317514947387,13.534383340738401,8.857579678736238,7.7955938723013904,7.795593898490543,1.9997167446734463,1.999670065162445,1.9995758690295398,1.6762356432377552,1.0027501188377064,0.0,0.0,0.0,0.0,1.3737317511623932,0.0,0.5600047767398632,0.0,0.4314611506516531,1.999716754266636,1.9996224547038723,1.9995758794765388,1.192910034535083,0.9999617115759781],"D":[0.8130834414097847,0.8997556111678391,0.8997556111678391,0.4443571905990351,0.8887143792683121,0.7012827025152842,0.9019834507993836,0.8997556111678391,0.8997556111678391,0.49996464188626244,0.4999764311407422,0.49996464792991824,0.626340629745193,0.4999904290257523,0.0,0.0,0.0,0.44435718778905875,0.0,0.20070074252774328,0.0,0.0,0.0,0.49996463801359353,0.4999528587545199,0.49996465195539463,0.3736122005851257,0.4999904234548948,0.8130834414097847,0.8997556111678391,0.8997556111678391,0.8887143783880939,0.44435719232032644,0.9019834450430275,0.7012826374444775,0.8997556111678391,0.8997556111678391,0.4999646375511153,0.49997642655708696,0.49996464733016843,0.626340629745193,0.4999904290257523,0.0,0.0,0.0,0.0,0.4443571869479856,0.0,0.20070081335490605,0.0,0.0,0.4999646423487407,0.4999528633381752,0.49996465255514444,0.3736122005851257,0.4999904234548948],"Q":[0.8130834414097847,0.8997556111678391,0.8997556111678391,0.4443571905990351,0.44435719232032644,0.7012827025152842,0.7012826374444775,0.8997556111678391,0.8997556111678391,0.24998231974372487,0.2499941065139692,0.2499823226587151,0.626340629745193,0.4999904290257523,0.0,0.0,0.0,0.0,0.0,0.0,0.0,0.0,0.0,0.24998232020620312,0.24997053871140215,0.24998232728394135,0.3736122005851257,0.4999904234548948,0.0,0.0,0.0,0.0,0.4443571869479856,0.0,0.20070081335490605,0.0,0.0,0.2499823221425376,0.24998232462677303,0.24998232527120312,0.0,0.0,0.0,0.0,0.0,0.44435718778905875,0.0,0.20070074252774328,0.0,0.0,0.0,0.24998231780739041,0.24998232004311777,0.24998232467145332,0.0,0.0,0.0,0.0,0.0,0.0,0.0,0.0,0.0,0.0,0.0,0.0,0.0,0.0,0.0,0.0,0.0,0.0,0.0,0.0,0.0,0.0,0.0,0.0,0.0,0.0,0.0,0.0,0.0,0.0,0.0,0.0,0.0,0.0,0.0,0.0,0.0,0.0,0.0,0.0,0.0,0.0,0.0,0.0,0.0,0.0,0.0,0.0,0.0,0.0,0.0,0.0,0.0,0.0,0.0,0.0,0.0,0.0,0.18691655859021533,0.10024438883216104,0.10024438883216104,0.11128562161190614,0.11128562073168792,0.09801655495697255,0.09801654920061639,0.10024438883216104,0.10024438883216104,7.072010014397094e-5,7.071010473799056e-5,7.070011468698754e-5,4.7169669681231396e-5,1.914751935298708e-5],"PI":[0.43499805995622215,-0.0021935418481621996,0.44878103465983843,0.07997173333374426,0.7985886778182899,-2.014222955834973e-8,0.9202357898090563,0.44878103465983843,0.44878103465983843,0.0999858565971355,0.09998350204289863,0.09997879218525989,0.0838117119197539,0.04999808585730607,0.0,0.0,0.0,0.07997173310902574,0.0,0.0251095865596204,0.0,0.0,0.0,0.09998585620992337,0.09998114530429605,0.09997879258769365,0.05964550985568871,0.04999808557877383,0.43499807990507555,0.8997556111678391,0.4487810346598383,0.7985886803796587,0.0799717347960943,0.9202358352481079,2.2140787606117316e-8,0.4487810346598383,0.4487810346598383,0.0999858575039781,0.099983502978794,0.09997879353006006,0.0838117119197539,0.04999808585730607,0.0,0.0,0.0,0.0,0.07997173436645906,0.0,0.025109598576812133,0.0,0.0,0.09998585798367285,0.0999811471566624,0.0999787940524099,0.0596455121031385,0.04999808557877383],"CS":[0.16770929724567019,0.23001441861109528,0.23001441861109528,0.2195655214922705,0.2195655222832249,0.23226188864459418,0.23226189451743506,0.23001441861109528,0.23001441861109528,0.9556780723572951,0.955692207111615,0.9557063362899165,0.9961759463422508,1.0863337388431376],"pr_entry":[0.0,0.0,0.0,0.0,0.0,0.0,0.0,0.0,0.0,0.0,0.0,0.0,0.0,0.0,0.03434329345730806,0.014000118192801492,0.010786528172032664,0.0,0.04999291743636643,0.0,0.04999055979874388,0.0,0.02982274946659048,0.0,0.0,0.0,0.0,0.0,0.0,0.0,0.0,0.0,0.0,0.0,0.0,0.0,0.0,0.0,0.0,0.0,0.0,0.0,0.03434329393832418,0.014000118855397776,0.010786528319035779,0.04999291832323588,0.0,0.04999056072492657,0.0,0.029822750590314327,0.0,0.0,0.0,0.0,0.0,0.0],"pr_exit":[0.0,0.0,0.0,0.0,0.0,0.25,0.0,0.25,0.0,0.0,0.0,0.0,0.0,0.0,0.0,0.0,0.0,0.0,0.0,0.10999881807198508,0.0,0.1421347182796734,0.0,0.0,0.0,0.0,0.0,9.57210599888958e-6,0.0,0.0,0.0,0.0,0.0,0.0,0.25,0.0,0.25,0.0,0.0,0.0,0.0,0.0,0.0,0.0,0.0,0.0,0.0,0.0,0.10999881144602225,0.0,0.1421347168096422,0.0,0.0,0.0,0.0,9.57210599888958e-6],"pr_merger":[0.25,0.0,0.0,0.25,0.25,0.0,0.0,0.0,0.0,0.0,0.0,0.0,0.0,0.0,0.0,0.0,0.0,0.0,0.0,0.0,0.0,0.0,0.0,0.0,0.0,0.0,0.0,0.0,0.0,0.0,0.0,0.0,0.25,0.0,0.0,0.0,0.0,0.0,0.0,0.0,0.0,0.0,0.0,0.0,0.0,0.25,0.0,0.0,0.0,0.0,0.0,0.0,0.0,0.0,0.0,0.0],"pr_bundling":[0.0,0.05212785161461331,0.0,0.0,0.0,0.1938232635037076,0.19382327162019553,0.0,0.0,0.0,0.0,0.0,0.0,0.0,0.0,0.0,0.0,0.0,0.0,0.0,0.0,0.0,0.0,0.0,0.0,0.0,0.0,0.0,0.0,0.05212785161461331,0.0,0.0,0.0,0.1938232635037076,0.19382327162019553,0.0,0.0,0.0,0.0,0.0,0.0,0.0,0.0,0.0,0.0,0.0,0.0,0.0,0.0,0.0,0.0,0.0,0.0,0.0,0.0,0.0],"active_firms":[true,true,true,true,true,true,true,true,true,true,true,true,true,true,false,false,false,true,false,true,false,true,false,true,true,true,true,true,true,true,true,true,true,true,true,true,true,true,true,true,true,true,false,false,false,false,true,false,true,false,true,true,true,true,true,true,true,true,true,true,true,true,true,true,true,true,true,true,true,true],