{"modelname":"lbd","policy":"nolearning","smax":[5,1],"alpha":0.1,"beta":0.95,"c":1.0,"gamma":1.0,"sigma":6.0,"p0":1.5,"accuracy":1.0e-8,"cost_entry":[0.0,10.0],"value_exit":[0.0,1.0],"cost_merger":[0.0,1.0],"cost_bundling":[0.0,1.0],"entry":true,"exit":true,"mergers":true,"bundling":true,"filename":"a10g100s60","verbose":true,"firms":[1,2,3,4],"rival":[2,1,4,3],"partner":[3,4,1,2],"merger_pairs":[1,2,1,2,3,4,4,3],"outcomes":[1,0,1,0,1,0,0,0,0,0,1,0,1,0,1,0,0,0,1,0,0,1,0,0,1,0,0,0,1,1,0,0,0,0,1,0,0,0,0,0,1,1,1,1,2],"ownership":[0,3,0,3,0,0,4,4,0,1,0,1,0,0,2,2],"S":[1,1,1,1,1,1,1,1,1,1,1,1,1,1,0,0,0,1,0,1,0,1,0,1,1,1,1,1,1,1,1,1,1,1,1,1,1,1,1,1,1,1,0,0,0,0,1,0,1,0,1,1,1,1,1,1,0,1,1,0,0,1,1,1,1,0,1,3,1,3,0,0,1,0,0,0,0,1,1,0,0,0,1,1],"ms":14,"mc":[0.7829867216803844,0.7829867216803844,0.7829867216803844,0.7829867216803844,0.7829867216803844,0.7829867216803844,0.7829867216803844,0.7829867216803844,0.7829867216803844,0.7829867216803844,0.7829867216803844,0.7829867216803844,0.7829867216803844,0.7829867216803844,0.0,0.0,0.0,0.7829867216803844,0.0,0.7829867216803844,0.0,0.7829867216803844,0.0,0.7829867216803844,0.7829867216803844,0.7829867216803844,0.7829867216803844,0.7829867216803844,1.0,1.0,1.0,1.0,1.0,1.0,1.0,1.0,1.0,1.0,1.0,1.0,1.0,1.0,0.0,0.0,0.0,0.0,1.0,0.0,1.0,0.0,1.0,1.0,1.0,1.0,1.0,1.0],"P":[1.3527876792150653,1.3527876792139817,1.2617359121070408,1.1022828652115895,1.3527876792127123,1.1022828652138748,1.352787679216144,1.2617359121070408,1.2617359121070408,1.1022828652125531,1.1022828652123473,1.1022828652136305,1.0043481015490845,0.949242368068704,0.0,0.0,0.0,1.1022828636688657,0.0,1.1022828636696014,0.0,1.5659734433607688,0.0,1.1022828636693054,1.1022828636698416,1.1022828636695616,1.047734838439607,0.9492423670537272,1.4261909331777243,1.4261909331842328,1.4787491904266565,1.4261909331810796,1.295541562689398,1.426190933181204,1.2955415626858102,1.4787491904266565,1.4787491904266565,1.2955415626881095,1.2955415626882056,1.295541562689815,1.2213613798687002,1.1662556463883196,0.0,0.0,0.0,0.0,1.2955415604154799,0.0,1.2955415604140306,0.0,2.0,1.295541560415714,1.2955415604159495,1.2955415604149003,1.2647481265434144,1.1662556453733428],"V":[6.330958696670929,7.335958253982892,6.814327695233322,2.2599082377614494,6.69150866692706,4.628679775111132,6.3235560692359245,5.58062865593697,5.580628667869197,3.0525874803186035,3.052587792324071,3.0525877783067323,2.760559335429762,1.6584456113286583,0.0,0.0,0.0,2.25990824044362,0.0,1.2943456678032774,0.0,0.9461723854872475,0.0,3.052587493829252,3.052587453349939,3.0525877918252973,1.9616278575425907,1.658445621403391,5.242606154679345,5.554497661172355,6.814327695233322,6.0250558370112035,2.004181706078577,5.328328921861265,3.8035092713967065,5.58062865593697,5.580628667869197,2.5774963450544757,2.577496325795222,2.577496306290296,2.760559335429762,1.6584456113286583,0.0,0.0,0.0,0.0,2.004181709314162,0.0,1.239010394822466,0.0,0.9461723980258689,2.5774963603780248,2.577496322557983,2.577496321631674,1.9616279210656111,1.658445621403391],"D":[0.7075001990517298,0.7075001990530754,0.8259353018434461,0.4780185345588843,0.7075001990546514,0.47801853455647175,0.7075001990503903,0.8259353018434461,0.8259353018434461,0.4780185345580444,0.47801853455908805,0.47801853455678306,0.6235416792868064,0.49876388157944945,0.0,0.0,0.0,0.4780185389835881,0.0,0.47801853898561975,0.0,0.0,0.0,0.4780185389842511,0.47801853898316593,0.47801853898534424,0.3704708294791987,0.49876388765425506,0.6089389667784854,0.608938966769186,0.8259353018434461,0.6089389667736911,0.43606351596246967,0.6089389667735133,0.4360635159661096,0.8259353018434461,0.8259353018434461,0.4360635159646381,0.4360635159647647,0.4360635159611929,0.6235416792868064,0.49876388157944945,0.0,0.0,0.0,0.0,0.43606352191190617,0.0,0.43606352190995135,0.0,0.0,0.43606352191009035,0.4360635219098528,0.43606352191323705,0.3704708294791987,0.49876388765425506],"Q":[0.4308244402061331,0.43082444020037314,0.8259353018434461,0.29108411253296096,0.30851502434391836,0.2910841125314069,0.30851502434463557,0.8259353018434461,0.8259353018434461,0.2084464428756447,0.2084464428761605,0.20844644287344782,0.6235416792868064,0.49876388157944945,0.0,0.0,0.0,0.0,0.0,0.0,0.0,0.0,0.0,0.20844644764778833,0.20844644764720174,0.20844644764976925,0.3704708294791987,0.49876388765425506,0.0,0.0,0.0,0.0,0.30851502855314605,0.0,0.3085150285499048,0.0,0.0,0.20844644571768106,0.20844644571802243,0.20844644571863521,0.0,0.0,0.0,0.0,0.0,0.2910841152273355,0.0,0.2910841152284877,0.0,0.0,0.0,0.20844644480575195,0.20844644480533905,0.2084464448045818,0.0,0.0,0.27667575884559664,0.2766757588527022,0.0,0.1869344220259234,0.09047014615758692,0.18693442202506483,0.09047014615584993,0.0,0.0,0.061125645964718665,0.0611256459649051,0.06112564596469997,0.0,0.0,0.0,0.0,0.0,0.18693442375625258,0.0,0.186934423757132,0.0,0.0,0.0,0.06112564653071082,0.06112564653062514,0.06112564653099323,0.0,0.0,0.17811452657235224,0.17811452656881288,0.0,0.02677073901339461,0.1275484916185513,0.026770739013618747,0.127548491621474,0.0,0.0,0.019170628283241443,0.019170628283265143,0.019170628283163287,0.0,0.0,0.0,0.0,0.0,0.0,0.12754849335876012,0.0,0.12754849336004653,0.0,0.0,0.019170628544620955,0.01917062854462865,0.019170628544832594,0.0,0.0,0.11438527437591785,0.11438527437811179,0.17406469815655398,0.017192187444132968,0.03740281596803723,0.017192187444289738,0.03740281596808917,0.17406469815655398,0.17406469815655398,0.0056216696298421525,0.005621669629852357,0.005621669629876773,0.005987491233994926,0.0024722307662953624],"PI":[0.40313429087565295,0.403134290875653,0.39541585710234595,0.15262947462108983,0.40313429087565295,0.1526294746214119,0.4031342908756529,0.39541585710234595,0.39541585710234595,0.1526294746212823,0.15262947462151713,0.15262947462139456,0.1380280465325739,0.08292231152713865,0.0,0.0,0.0,0.15262947529643014,0.0,0.15262947529743048,0.0,0.0,0.0,0.152629475296852,0.15262947529676185,0.1526294752973235,0.09808145441884494,0.08292231203087562,0.2595242664996019,0.2595242664996019,0.395415857102346,0.2595242664996018,0.12887489293938154,0.2595242664996018,0.1288748929388928,0.395415857102346,0.395415857102346,0.12887489293946053,0.12887489293953988,0.12887489293918605,0.13802804653257397,0.08292231152713865,0.0,0.0,0.0,0.0,0.12887489370611455,0.0,0.12887489370490482,0.0,0.0,0.12887489370568003,0.12887489370571248,0.12887489370625516,0.09808145804360259,0.08292231203087562],"CS":[0.36136382146864365,0.3613638214654471,0.29138803673212443,0.6772167027859166,0.54766821402217,0.6772167027843969,0.5476682140219382,0.29138803673212443,0.29138803673212443,0.8635210953396109,0.863521095339308,0.8635210953385841,0.8530137967161879,1.0004390652804158],"pr_entry":[0.0,0.0,0.0,0.0,0.0,0.0,0.0,0.0,0.0,0.0,0.0,0.0,0.0,0.0,0.05649770577188351,0.032358639132443516,0.023654307173181337,0.0,0.07631468469822096,0.0,0.07631468363297814,0.0,0.04904069481904595,0.0,0.0,0.0,0.0,0.0,0.0,0.0,0.0,0.0,0.0,0.0,0.0,0.0,0.0,0.0,0.0,0.0,0.0,0.0,0.050104542902412175,0.030975257347260542,0.02365430748095281,0.0644374070176932,0.0,0.06443740602242798,0.0,0.04904069639531601,0.0,0.0,0.0,0.0,0.0,0.0],"pr_exit":[0.0,0.0,0.0,0.0,0.0,0.25,0.0,0.25,0.0,0.0,0.0,0.0,0.0,0.0,0.0,0.0,0.0,0.0,0.0,0.0,0.0,0.013456928268186619,0.0,0.0,0.0,0.0,0.0,0.0,0.0,0.0,0.0,0.0,0.0,0.0,0.25,0.0,0.25,0.0,0.0,0.0,0.0,0.0,0.0,0.0,0.0,0.0,0.0,0.0,0.0,0.0,0.013456925190471897,0.0,0.0,0.0,0.0,0.0],"pr_merger":[0.25,0.0,0.0,0.25,0.25,0.0,0.0,0.0,0.0,7.703839899342313e-8,0.0,0.0,0.0,0.0,0.0,0.0,0.0,0.0,0.0,0.0,0.0,0.0,0.0,6.982986855419426e-8,8.882841062707314e-8,0.0,0.0,0.0,0.0,0.0,0.0,0.0,0.25,0.0,0.0,0.0,0.0,7.320752171136036e-8,0.0,0.0,0.0,0.0,0.0,0.0,0.0,0.25,0.0,0.0,0.0,0.0,0.0,7.366074583625704e-8,0.0,0.0,0.0,0.0],