{"modelname":"lbd","policy":"nolearning","smax":[5,1],"alpha":0.1,"beta":0.95,"c":1.0,"gamma":0.0,"sigma":6.0,"p0":1.5,"accuracy":1.0e-8,"cost_entry":[0.0,10.0],"value_exit":[0.0,1.0],"cost_merger":[0.0,1.0],"cost_bundling":[0.0,1.0],"entry":true,"exit":true,"mergers":true,"bundling":true,"filename":"a10g0s60","verbose":true,"firms":[1,2,3,4],"rival":[2,1,4,3],"partner":[3,4,1,2],"merger_pairs":[1,2,1,2,3,4,4,3],"outcomes":[1,0,1,0,1,0,0,0,0,0,1,0,1,0,1,0,0,0,1,0,0,1,0,0,1,0,0,0,1,1,0,0,0,0,1,0,0,0,0,0,1,1,1,1,2],"ownership":[0,3,0,3,0,0,4,4,0,1,0,1,0,0,2,2],"S":[1,1,1,1,1,1,1,1,1,1,1,1,1,1,0,0,0,1,0,1,0,1,0,1,1,1,1,1,1,1,1,1,1,1,1,1,1,1,1,1,1,1,0,0,0,0,1,0,1,0,1,1,1,1,1,1,0,1,1,0,0,1,1,1,1,0,1,3,1,3,0,0,1,0,0,0,0,1,1,0,0,0,1,1],"ms":14,"mc":[0.7829867216803844,0.7829867216803844,0.7829867216803844,0.7829867216803844,0.7829867216803844,0.7829867216803844,0.7829867216803844,0.7829867216803844,0.7829867216803844,0.7829867216803844,0.7829867216803844,0.7829867216803844,0.7829867216803844,0.7829867216803844,0.0,0.0,0.0,0.7829867216803844,0.0,0.7829867216803844,0.0,0.7829867216803844,0.0,0.7829867216803844,0.7829867216803844,0.7829867216803844,0.7829867216803844,0.7829867216803844,1.0,1.0,1.0,1.0,1.0,1.0,1.0,1.0,1.0,1.0,1.0,1.0,1.0,1.0,0.0,0.0,0.0,0.0,1.0,0.0,1.0,0.0,1.0,1.0,1.0,1.0,1.0,1.0],"P":[1.3240500248059341,0.7404851025336978,1.2617359121070408,1.0603525681949961,1.6089598906729556,0.7829866924584281,1.775869097884515,1.2617359121070408,1.2617359121070408,1.1134098279281268,1.1115583563618665,1.110728107243393,1.0043481015490845,0.949242368068704,0.0,0.0,0.0,1.060352565775939,0.0,0.9882395648185844,0.0,1.5659734433607688,0.0,1.1134098265216488,1.1125210859303816,1.1107281089598848,1.047734838439607,0.9492423670537272,1.5410633125091557,2.0,1.4787491904266565,1.8259731770465377,1.2773658496446394,1.992882431667663,1.0000000294001092,1.4787491904266565,1.4787491904266565,1.3304231089208214,1.3285716380363821,1.3277413910716487,1.2213613798687002,1.1662556463883196,0.0,0.0,0.0,0.0,1.2773658517728874,0.0,1.2052528618564382,0.0,2.0,1.330423110203702,1.32953437089674,1.3277413930745465,1.2647481265434144,1.1662556453733428],"V":[6.191089313328624,2.9290290073258523,6.81431940229782,2.126796887306914,7.792484800548576,2.1674943298800127,8.654633053005526,5.580622012965929,5.5806220146632555,3.275127804462132,3.2666516144163698,3.24945303731236,2.7605602073357756,1.6584459436662697,0.0,0.0,0.0,2.126796889484693,0.0,1.3854670138036411,0.0,0.9461734064703958,0.0,3.275127818159575,3.257353034631671,3.2494530208648835,1.9616285272155565,1.6584459537410043,6.191089348968739,10.363986370902039,6.81431940229782,7.792484842381332,2.1267969322679257,8.654633776247756,2.167495052762991,5.580622012965929,5.5806220146632555,3.2751278573814253,3.2666520731267283,3.2494535203915165,2.7605602073357756,1.6584459436662697,0.0,0.0,0.0,0.0,2.1267969303193657,0.0,1.3854670618429752,0.0,0.94617342333656,3.275127844887673,3.257353068071836,3.2494535011996817,1.9616285997106773,1.6584459537410043],"D":[0.6919645764051181,0.8259353018434455,0.8259353018434461,0.39910890690535406,0.7982178221647407,0.6441451612797584,0.8321385692760952,0.8259353018434461,0.8259353018434461,0.49559621127762954,0.4970990159258034,0.49573448676245213,0.6235416792868064,0.49876388157944945,0.0,0.0,0.0,0.39910891269815857,0.0,0.18799340308808235,0.0,0.0,0.0,0.49559621545990107,0.4942358616899836,0.49573448165690703,0.3704708294791987,0.49876388765425506,0.6919645764051181,0.8259353018434455,0.8259353018434461,0.7982178196035126,0.399108913630579,0.8321385643678407,0.6441451302376834,0.8259353018434461,0.8259353018434461,0.49559621527613784,0.4970990208207402,0.49573448718839597,0.6235416792868064,0.49876388157944945,0.0,0.0,0.0,0.0,0.39910890853416164,0.0,0.18799343903841176,0.0,0.0,0.49559621146139277,0.4942358567950468,0.4957344812309632,0.3704708294791987,0.49876388765425506],"Q":[0.6919645764051181,0.8259353018434455,0.8259353018434461,0.39910890690535406,0.399108913630579,0.6441451612797584,0.6441451302376834,0.8259353018434461,0.8259353018434461,0.24779810659250104,0.24926736630307703,0.24786724487058426,0.6235416792868064,0.49876388157944945,0.0,0.0,0.0,0.0,0.0,0.0,0.0,0.0,0.0,0.24779810677626427,0.24640420717232042,0.24786723933909532,0.3704708294791987,0.49876388765425506,0.0,0.0,0.0,0.0,0.39910890853416164,0.0,0.18799343903841176,0.0,0.0,0.2477981046851285,0.24783164962272639,0.2478672418918679,0.0,0.0,0.0,0.0,0.0,0.39910891269815857,0.0,0.18799340308808235,0.0,0.0,0.0,0.24779810868363683,0.2478316545176632,0.24786724231781168,0.0,0.0,0.0,0.0,0.0,0.0,0.0,0.0,0.0,0.0,0.0,0.0,0.0,0.0,0.0,0.0,0.0,0.0,0.0,0.0,0.0,0.0,0.0,0.0,0.0,0.0,0.0,0.0,0.0,0.0,0.0,0.0,0.0,0.0,0.0,0.0,0.0,0.0,0.0,0.0,0.0,0.0,0.0,0.0,0.0,0.0,0.0,0.0,0.0,0.0,0.0,0.0,0.0,0.0,0.0,0.0,0.0,0.0,0.3080354235948819,0.1740646981565545,0.17406469815655398,0.20178218039648735,0.20178217783525929,0.16786143563215924,0.1678614307239049,0.17406469815655398,0.17406469815655398,0.00880757326246927,0.008665122384212947,0.008531031580640726,0.005987491233994926,0.0024722307662953624],"PI":[0.37439663935562506,-0.03510358763875376,0.39541585710234595,0.11069917981532489,0.6593065041197596,-1.8823181753241926e-8,0.826215719993955,0.39541585710234595,0.39541585710234595,0.16375643957496677,0.16333263626129732,0.162472707562893,0.1380280465325739,0.08292231152713865,0.0,0.0,0.0,0.11069918045658374,0.0,0.03858618047505458,0.0,0.0,0.0,0.16375644025984074,0.16286770047155827,0.16247270674051875,0.09808145441884494,0.08292231203087562,0.374396645848748,0.8259353018434455,0.395415857102346,0.6593065084330734,0.11069918292989454,0.8262157612739798,1.893793719283943e-8,0.395415857102346,0.395415857102346,0.16375644222093413,0.16333263953735222,0.1624727104333153,0.13802804653257397,0.08292231152713865,0.0,0.0,0.0,0.0,0.11069918236572517,0.0,0.03858619137286787,0.0,0.0,0.16375644159624503,0.16286770214356702,0.16247270947372353,0.09808145804360259,0.08292231203087562],"CS":[0.1962567484917006,0.291388036732124,0.29138803673212443,0.2667610797082607,0.26676108182376623,0.2974360713012296,0.29743607617454915,0.29138803673212443,0.29138803673212443,0.7886905549320411,0.7914082053238034,0.7940074981989778,0.8530137967161879,1.0004390652804158],"pr_entry":[0.0,0.0,0.0,0.0,0.0,0.0,0.0,0.0,0.0,0.0,0.0,0.0,0.0,0.0,0.05316991676296286,0.034636669872362434,0.023654334041163228,0.0,0.08187819415525618,0.0,0.08143382458316087,0.0,0.04904071244201873,0.0,0.0,0.0,0.0,0.0,0.0,0.0,0.0,0.0,0.0,0.0,0.0,0.0,0.0,0.0,0.0,0.0,0.0,0.0,0.05316991778382937,0.034636671073345386,0.023654334462817273,0.08187819482345864,0.0,0.08143382541916497,0.0,0.0490407142543967,0.0,0.0,0.0,0.0,0.0,0.0],"pr_exit":[0.0,0.0,0.0,0.0,0.0,0.25,0.0,0.25,0.0,0.0,0.0,0.0,0.0,0.0,0.0,0.0,0.0,0.0,0.0,0.0,0.0,0.013456659588367725,0.0,0.0,0.0,0.0,0.0,0.0,0.0,0.0,0.0,0.0,0.0,0.0,0.25,0.0,0.25,0.0,0.0,0.0,0.0,0.0,0.0,0.0,0.0,0.0,0.0,0.0,0.0,0.0,0.013456655371827275,0.0,0.0,0.0,0.0,0.0],"pr_merger":[0.25,0.0,0.0,0.2073602370348383,0.20736023656788216,0.0,0.0,0.0,0.0,0.0,0.0,0.0,0.0,0.0,0.0,0.0,0.0,0.0,0.0,0.0,0.0,0.0,0.0,0.0,0.0,0.0,0.0,0.0,0.0,0.0,0.0,0.0,0.20736023727087716,0.0,0.0,0.0,0.0,0.0,0.0,0.0,0.0,0.0,0.0,0.0,0.0,0.20736023625459132,0.0,0.0,0.0,0.0,0.0,0.0,0.0,0.0,0.0,0.0],"pr_bundling":[0.0,0.09790791391436515,0.0,0.0,0.0,0.11083758905560503,0.11083758913506003,0.0,0.0,0.0,0.0,0.0,0.0,0.0,0.0,0.0,0.0,0.0,0.0,0.0,0.0,0.0,0.0,0.0,0.0,0.0,0.0,0.0,0.0,0.09790791391436515,0.0,0.0,0.0,0.11083758905560503,0.11083758913506003,0.0,0.0,0.0,0.0,0.0,0.0,0.0,0.0,0.0,0.0,0.0,0.0,0.0,0.0,0.0,0.0,0.0,0.0,0.0,0.0,0.0],"active_firms":[true,true,true,true,true,true,true,true,true,true,true,true,true,true,false,false,false,true,false,true,false,true,false,true,true,true,true,true,true,true,true,true,true,true,true,true,true,true,true,true,true,true,false,false,false,false,true,false,true,false,true,true,true,true,true,true,true,true,true,true,true,true,true,true,true,true,true,true,true,true],