{"modelname":"lbd","policy":"nolearning","smax":[5,1],"alpha":0.1,"beta":0.95,"c":1.0,"gamma":1.0,"sigma":3.0,"p0":1.5,"accuracy":1.0e-8,"cost_entry":[0.0,10.0],"value_exit":[0.0,1.0],"cost_merger":[0.0,1.0],"cost_bundling":[0.0,1.0],"entry":true,"exit":true,"mergers":true,"bundling":true,"filename":"a10g100s30","verbose":true,"firms":[1,2,3,4],"rival":[2,1,4,3],"partner":[3,4,1,2],"merger_pairs":[1,2,1,2,3,4,4,3],"outcomes":[1,0,1,0,1,0,0,0,0,0,1,0,1,0,1,0,0,0,1,0,0,1,0,0,1,0,0,0,1,1,0,0,0,0,1,0,0,0,0,0,1,1,1,1,2],"ownership":[0,3,0,3,0,0,4,4,0,1,0,1,0,0,2,2],"S":[1,1,1,1,1,1,1,1,1,1,1,1,1,1,0,0,0,1,0,1,0,1,0,1,1,1,1,1,1,1,1,1,1,1,1,1,1,1,1,1,1,1,0,0,0,0,1,0,1,0,1,1,1,1,1,1,0,1,1,0,0,1,1,1,1,0,1,3,1,3,0,0,1,0,0,0,0,1,1,0,0,0,1,1],"ms":14,"mc":[0.7829867216803844,0.7829867216803844,0.7829867216803844,0.7829867216803844,0.7829867216803844,0.7829867216803844,0.7829867216803844,0.7829867216803844,0.7829867216803844,0.7829867216803844,0.7829867216803844,0.7829867216803844,0.7829867216803844,0.7829867216803844,0.0,0.0,0.0,0.7829867216803844,0.0,0.7829867216803844,0.0,0.7829867216803844,0.0,0.7829867216803844,0.7829867216803844,0.7829867216803844,0.7829867216803844,0.7829867216803844,1.0,1.0,1.0,1.0,1.0,1.0,1.0,1.0,1.0,1.0,1.0,1.0,1.0,1.0,0.0,0.0,0.0,0.0,1.0,0.0,1.0,0.0,1.0,1.0,1.0,1.0,1.0,1.0],"P":[1.475295932550146,1.4752959325576263,1.278319123734216,1.3256151047099491,1.4752959325528288,1.3256151047072433,1.4752959325486488,1.278319123734216,1.278319123734216,1.3256151047120506,1.3256151047115061,1.3256151047165083,1.1598635377844473,1.092549373008783,0.0,0.0,0.0,1.325615111446251,0.0,1.3256151114476409,0.0,1.5659734433607688,0.0,1.3256151114454942,1.325615111448114,1.3256151114505708,1.2614148615303424,1.0925493753702273,1.5887495360888992,1.5887495360860546,1.4953324020538317,1.588749536083701,1.5000000010155952,1.5887495360873702,1.500000001028802,1.4953324020538317,1.4953324020538317,1.5000000010173673,1.5000000010243861,1.5000000010244041,1.3768768161040628,1.3095626513283987,0.0,0.0,0.0,0.0,1.5000000058663794,0.0,1.5000000058733858,0.0,2.0,1.5000000058656588,1.50000000586545,1.5000000058714786,1.4784281575182623,1.309562653689843],"V":[5.432580711240773,6.189302330098213,5.728836917882444,3.003152988726651,5.909873427495512,4.873260325422833,5.886034951483793,5.200281991854531,5.200281978090029,3.5461665436927023,4.353710223244761,4.185887258771319,4.204184216068835,2.857911053376541,0.0,0.0,0.0,3.003152984946499,0.0,2.1703297578354275,0.0,1.6817784556042616,0.0,3.5461665418355963,3.2367381126629664,4.185887226154451,2.9018865242952803,2.8579110346848253,4.6749712931805645,4.78727776517639,5.72883691788244,5.36449877364973,2.7637523181308055,4.736402882159713,3.853695509551654,5.200281991854525,5.200281978090023,3.3527474533905544,3.5011452075110596,3.3333222430390403,4.2041842160688265,2.857911053376541,0.0,0.0,0.0,0.0,2.7637523162591435,0.0,2.1212475753711937,0.0,1.6817784323659446,3.3527474524327068,3.1159011785796658,3.3333222268821823,2.901886529255461,2.8579110346848253],"D":[0.5185195746167113,0.5185195746111089,0.663525612337796,0.38570604895859584,0.518519574614702,0.38570604896113936,0.5185195746178329,0.663525612337796,0.663525612337796,0.3857060489567643,0.3857060489583207,0.38570604895586136,0.5577688529594366,0.46160602398728445,0.0,0.0,0.0,0.3857060411638988,0.0,0.38570604116170315,0.0,0.0,0.0,0.38570604116537455,0.3857060411632691,0.3857060411637556,0.3032739853690864,0.4616060174469428,0.43382828701204523,0.43382828701414144,0.663525612337796,0.43382828701587556,0.33333333461172954,0.43382828701317183,0.3333333346052608,0.663525612337796,0.663525612337796,0.3333333346103083,0.33333333460555936,0.3333333346075566,0.5577688529594366,0.46160602398728445,0.0,0.0,0.0,0.0,0.33333332976094554,0.0,0.33333332976067653,0.0,0.0,0.3333333297620167,0.33333332976449553,0.3333333297604824,0.3032739853690864,0.4616060174469428],"Q":[0.2249484588381821,0.22494845883683873,0.663525612337796,0.167330194511369,0.17283985886777414,0.16733019451142972,0.17283985886546366,0.663525612337796,0.663525612337796,0.128568683478125,0.12856868347681216,0.12856868347676279,0.5577688529594366,0.46160602398728445,0.0,0.0,0.0,0.0,0.0,0.0,0.0,0.0,0.0,0.12856867901097968,0.12856867901123403,0.1285686790098484,0.3032739853690864,0.4616060174469428,0.0,0.0,0.0,0.0,0.17283985635254767,0.0,0.1728398563534517,0.0,0.0,0.12856868160810972,0.12856868160958457,0.12856868160721685,0.0,0.0,0.0,0.0,0.0,0.1673301911298091,0.0,0.1673301911278135,0.0,0.0,0.0,0.12856868088099513,0.1285686808784616,0.12856868087939405,0.0,0.0,0.2935711157785292,0.2935711157742702,0.0,0.21837585444722687,0.1728398593943802,0.2183758544497096,0.17283985939891758,0.0,0.0,0.12856868387052955,0.12856868387192402,0.1285686838718817,0.0,0.0,0.0,0.0,0.0,0.21837585003408969,0.0,0.21837585003388962,0.0,0.0,0.0,0.1285686812733997,0.12856868127357343,0.12856868127451318,0.0,0.0,0.2088798281738631,0.20887982817730272,0.0,0.09916790137469748,0.1604934757439554,0.0991679013739286,0.16049347573979716,0.0,0.0,0.07619597025118813,0.07619597025028557,0.07619597025139975,0.0,0.0,0.0,0.0,0.0,0.0,0.16049347340839784,0.0,0.1604934734072248,0.0,0.0,0.07619596914292724,0.07619596914367692,0.07619596914341714,0.0,0.0,0.27260059720942564,0.2726005972115883,0.33647438766220406,0.12942000850280796,0.1604934762329447,0.12942000850322896,0.16049347623514518,0.33647438766220406,0.33647438766220406,0.07619597048374592,0.07619597048444782,0.07619597048556619,0.13895716167147712,0.07678795856577278],"PI":[0.35897587752341986,0.3589758775234199,0.3286657353835199,0.209295049671125,0.35897587752341986,0.2092950496714615,0.35897587752342003,0.3286657353835199,0.3286657353835199,0.20929504967094167,0.20929504967157625,0.2092950496721711,0.21021014942536767,0.1428959846546641,0.0,0.0,0.0,0.20929504803973348,0.0,0.2092950480390781,0.0,0.0,0.0,0.20929504804024232,0.20929504804011037,0.20929504804132193,0.1450948086850154,0.14289598372007553,0.25541620272058346,0.2554162027205835,0.32866573538352,0.2554162027205834,0.1666666676443965,0.2554162027205834,0.1666666676455644,0.32866573538352,0.32866573538352,0.16666666764427657,0.16666666764424173,0.16666666764524635,0.2102101494253676,0.14289598465466416,0.0,0.0,0.0,0.0,0.16666666683593254,0.0,0.1666666668381335,0.0,0.0,0.16666666683622794,0.16666666683739773,0.16666666683740072,0.14509481404335245,0.1428959837200756],"CS":[0.4332491896439472,0.4332491896413031,0.3630777489084034,0.681564094551228,0.6098339945872895,0.6815640945501436,0.6098339945827189,0.3630777489084034,0.3630777489084034,0.858148899492837,0.8581488994897666,0.8581488994848736,0.6578631942551323,0.8555691468764794],"pr_entry":[0.0,0.0,0.0,0.0,0.0,0.0,0.0,0.0,0.0,0.0,0.0,0.0,0.0,0.0,0.07507880627285365,0.05425822664748873,0.04204444329857211,0.0,0.0886541508449733,0.0,0.08091844280721575,0.0,0.07254715041079646,0.0,0.0,0.0,0.0,0.0,0.0,0.0,0.0,0.0,0.0,0.0,0.0,0.0,0.0,0.0,0.0,0.0,0.0,0.0,0.06909378876433193,0.05303117201630253,0.04204444263967703,0.08381867069681181,0.0,0.07789751770116868,0.0,0.07254715040031864,0.0,0.0,0.0,0.0,0.0,0.0],"pr_exit":[0.0,0.0,0.0,0.0,0.0,0.25,0.0,0.25,0.0,0.0,0.0,0.0,0.0,0.0,0.0,0.0,0.0,0.0,0.0,0.0,0.0,0.0,0.0,0.0,0.0,0.0,0.0,0.0,0.0,0.0,0.0,0.0,0.0,0.0,0.25,0.0,0.25,0.0,0.0,0.0,0.0,0.0,0.0,0.0,0.0,0.0,0.0,0.0,0.0,0.0,0.0,0.0,0.0,0.0,0.0,0.0],"pr_merger":[0.2397437544810379,0.0,0.0,0.25,0.25,0.0,0.0,0.0,0.0,0.23898520575726223,0.0,0.0,0.0,0.0,0.0,0.0,0.0,0.0,0.0,0.0,0.0,0.0,0.0,0.23898520646100108,0.25,0.0,0.0,0.0,0.0,0.0,0.0,0.0,0.25,0.0,0.0,0.0,0.0,0.23898520599672424,0.0,0.0,0.0,0.0,0.0,0.0,0.0,0.25,0.0,0.0,0.0,0.0,0.0,0.23898520622153907,0.0,0.0,0.0,0.0],