{"modelname":"lbd","policy":"nolearning","smax":[5,1],"alpha":0.1,"beta":0.95,"c":1.0,"gamma":1.0,"sigma":7.0,"p0":1.5,"accuracy":1.0e-8,"cost_entry":[0.0,10.0],"value_exit":[0.0,1.0],"cost_merger":[0.0,1.0],"cost_bundling":[0.0,1.0],"entry":true,"exit":true,"mergers":true,"bundling":true,"filename":"a10g100s70","verbose":true,"firms":[1,2,3,4],"rival":[2,1,4,3],"partner":[3,4,1,2],"merger_pairs":[1,2,1,2,3,4,4,3],"outcomes":[1,0,1,0,1,0,0,0,0,0,1,0,1,0,1,0,0,0,1,0,0,1,0,0,1,0,0,0,1,1,0,0,0,0,1,0,0,0,0,0,1,1,1,1,2],"ownership":[0,3,0,3,0,0,4,4,0,1,0,1,0,0,2,2],"S":[1,1,1,1,1,1,1,1,1,1,1,1,1,1,0,0,0,1,0,1,0,1,0,1,1,1,1,1,1,1,1,1,1,1,1,1,1,1,1,1,1,1,0,0,0,0,1,0,1,0,1,1,1,1,1,1,0,1,1,0,0,1,1,1,1,0,1,3,1,3,0,0,1,0,0,0,0,1,1,0,0,0,1,1],"ms":14,"mc":[0.7829867216803844,0.7829867216803844,0.7829867216803844,0.7829867216803844,0.7829867216803844,0.7829867216803844,0.7829867216803844,0.7829867216803844,0.7829867216803844,0.7829867216803844,0.7829867216803844,0.7829867216803844,0.7829867216803844,0.7829867216803844,0.0,0.0,0.0,0.7829867216803844,0.0,0.7829867216803844,0.0,0.7829867216803844,0.0,0.7829867216803844,0.7829867216803844,0.7829867216803844,0.7829867216803844,0.7829867216803844,1.0,1.0,1.0,1.0,1.0,1.0,1.0,1.0,1.0,1.0,1.0,1.0,1.0,1.0,0.0,0.0,0.0,0.0,1.0,0.0,1.0,0.0,1.0,1.0,1.0,1.0,1.0,1.0],"P":[1.3459167123013738,1.3459167123013738,1.2663402689708874,1.0623254748595146,1.345916712304028,1.0623254748596092,1.345916712304028,1.2663402689708874,1.2663402689708874,1.062325474861041,1.0623254748593476,1.062325474858991,0.9737244574386789,0.9257388173498436,0.0,0.0,0.0,1.062325473066078,0.0,1.0623254730647282,0.0,1.5659734433607688,0.0,1.0623254730645777,1.0623254730670475,1.062325473065275,1.010713606767739,0.9257388181641412,1.4103781486349907,1.410378148635578,1.483353547290503,1.4103781486341707,1.2628871198292673,1.410378148632624,1.262887119830846,1.483353547290503,1.483353547290503,1.2628871198290907,1.2628871198286573,1.2628871198305904,1.1907377357582944,1.1427520956694592,0.0,0.0,0.0,0.0,1.2628871209567316,0.0,1.2628871209558414,0.0,2.0,1.2628871209561818,1.2628871209578545,1.2628871209556216,1.227726890081084,1.1427520964837568],"V":[6.935796764380389,8.059052496138762,7.465957177000018,2.1345033981765145,7.690413560519523,5.0979493552481445,7.1225634401839395,6.323418915290299,6.3234189272128605,2.729630690166533,2.7296309952730367,2.729630981297498,2.3861823315337536,1.4264701523125054,0.0,0.0,0.0,2.134503401423364,0.0,1.0715822713227188,0.0,0.7576659184615933,0.0,2.7296307069367747,2.729630668085797,2.729630998043016,1.6973940463008315,1.4264701441874912,5.785548741287226,6.113295351577124,7.465957177000018,7.0233900262396585,1.9267488776695494,6.147154860765123,4.323841328918637,6.323418915290299,6.3234189272128605,2.4005984203517503,2.4005984132241585,2.400598397859018,2.3861823315337536,1.4264701523125054,0.0,0.0,0.0,0.0,1.926748875917213,0.0,1.0345567145290502,0.0,0.7576659242022146,2.400598411704593,2.400598373808247,2.400598389227197,1.6973940797682232,1.4264701441874912],"D":[0.7462257382240822,0.7462257382240822,0.8522229291223916,0.4885881608329212,0.7462257382205636,0.4885881608304996,0.7462257382205639,0.8522229291223916,0.8522229291223916,0.4885881608277443,0.4885881608348333,0.48858816083249446,0.6255142047116247,0.49963206411221306,0.0,0.0,0.0,0.4885881669666839,0.0,0.48858816696920354,0.0,0.0,0.0,0.48858816697185886,0.4885881669647089,0.4885881669672139,0.3726821506959167,0.4996320584163255,0.6518890117898181,0.6518890117888854,0.8522229291223916,0.6518890117911206,0.45658371169844775,0.6518890117935783,0.45658371169440715,0.8522229291223916,0.8522229291223916,0.45658371169795237,0.4565837117011455,0.4565837116945295,0.6255142047116247,0.49963206411221306,0.0,0.0,0.0,0.0,0.45658370809497484,0.0,0.4565837080988245,0.0,0.0,0.4565837080956716,0.4565837080921346,0.4565837080988337,0.3726821506959167,0.4996320584163255],"Q":[0.4864563590630244,0.48645635906232837,0.8522229291223916,0.3185052533382143,0.34071451732165914,0.31850525333783625,0.3407145173186442,0.8522229291223916,0.8522229291223916,0.22308139596240756,0.22308139596720447,0.22308139596290394,0.6255142047116247,0.49963206411221306,0.0,0.0,0.0,0.0,0.0,0.0,0.0,0.0,0.0,0.22308139700767843,0.22308139700268584,0.22308139700710247,0.3726821506959167,0.4996320584163255,0.0,0.0,0.0,0.0,0.3407145146326549,0.0,0.3407145146355276,0.0,0.0,0.22308139420237583,0.2230813942038845,0.22308139420608994,0.0,0.0,0.0,0.0,0.0,0.31850525733674634,0.0,0.3185052573395899,0.0,0.0,0.0,0.22308139876771016,0.22308139876600583,0.22308139876391728,0.0,0.0,0.25976937916105775,0.25976937916175386,0.0,0.17008290749470695,0.06479670626624957,0.17008290749266333,0.06479670626639214,0.0,0.0,0.04242537066296095,0.04242537066374435,0.0424253706635006,0.0,0.0,0.0,0.0,0.0,0.17008290962993755,0.0,0.17008290962961364,0.0,0.0,0.0,0.04242537119647026,0.04242537119601727,0.042425371196194175,0.0,0.0,0.1654326527267936,0.16543265272655694,0.0,0.014878501116159926,0.11586919437678862,0.0148785011161521,0.1158691943757629,0.0,0.0,0.01042091696783463,0.01042091696793517,0.010420916967708286,0.0,0.0,0.0,0.0,0.0,0.0,0.11586919346231994,0.0,0.11586919346329688,0.0,0.0,0.010420916885617358,0.010420916885564289,0.010420916885641287,0.0,0.0,0.08834160904912411,0.08834160904936085,0.14777707087760844,0.007945171084234998,0.022035873940327907,0.007945171084144812,0.02203587394037639,0.14777707087760844,0.14777707087760844,0.0019818383469450045,0.0019818383469581116,0.001981838346941782,0.0018036445924586749,0.0007358774714616155],"PI":[0.42007284781962345,0.42007284781962345,0.4119249758736109,0.13648160766515252,0.42007284781962345,0.1364816076645223,0.4200728478196236,0.4119249758736109,0.4119249758736109,0.13648160766445216,0.13648160766560508,0.1364816076647775,0.11930916309134557,0.07132352421567603,0.0,0.0,0.0,0.1364816085022983,0.0,0.13648160850234262,0.0,0.0,0.0,0.1364816085030108,0.13648160850222027,0.13648160850205393,0.08486974530563715,0.07132352380942529,0.2675210057737991,0.2675210057737992,0.41192497587361093,0.2675210057737991,0.12002997692936146,0.2675210057737994,0.12002997692902005,0.41192497587361093,0.41192497587361093,0.12002997692915063,0.12002997692979216,0.12002997692893552,0.11930916309134557,0.07132352421567603,0.0,0.0,0.0,0.0,0.1200299764968367,0.0,0.12002997649744226,0.0,0.0,0.12002997649676884,0.12002997649660271,0.12002997649734433,0.08486974716671102,0.07132352380942529],"CS":[0.3466491512434051,0.34664915124302187,0.2731500598069969,0.6907415636646594,0.5450119314303001,0.6907415636662813,0.5450119314299862,0.2731500598069969,0.2731500598069969,0.8891043438533197,0.8891043438523747,0.889104343853552,0.9025636982261585,1.030635276012419],"pr_entry":[0.0,0.0,0.0,0.0,0.0,0.0,0.0,0.0,0.0,0.0,0.0,0.0,0.0,0.0,0.05336258542048174,0.0267895549509503,0.018941646201129404,0.0,0.06824076574825683,0.0,0.06824076472588339,0.0,0.042434850026189325,0.0,0.0,0.0,0.0,0.0,0.0,0.0,0.0,0.0,0.0,0.0,0.0,0.0,0.0,0.0,0.0,0.0,0.0,0.0,0.048168722528551214,0.025863916052851953,0.018941646342440263,0.06001495882125838,0.0,0.06001495782399043,0.0,0.04243485085793453,0.0,0.0,0.0,0.0,0.0,0.0],"pr_exit":[0.0,0.0,0.0,0.0,0.0,0.25,0.0,0.25,0.0,0.0,0.0,0.0,0.0,0.0,0.0,0.0,0.0,0.0,0.0,0.0,0.0,0.06058353798870597,0.0,0.0,0.0,0.0,0.0,0.0,0.0,0.0,0.0,0.0,0.0,0.0,0.25,0.0,0.25,0.0,0.0,0.0,0.0,0.0,0.0,0.0,0.0,0.0,0.0,0.0,0.0,0.0,0.06058353657559737,0.0,0.0,0.0,0.0,0.0],"pr_merger":[0.25,0.0,0.0,0.25,0.25,0.0,0.0,0.0,0.0,7.841503524286253e-8,0.0,0.0,0.0,0.0,0.0,0.0,0.0,0.0,0.0,0.0,0.0,0.0,0.0,7.63842694651018e-8,9.088831876002956e-8,0.0,0.0,0.0,0.0,0.0,0.0,0.0,0.25,0.0,0.0,0.0,0.0,8.057681855078158e-8,0.0,0.0,0.0,0.0,0.0,0.0,0.0,0.25,0.0,0.0,0.0,0.0,0.0,7.422248615718274e-8,0.0,0.0,0.0,0.0],