{"modelname":"lbd","policy":"nolearning","smax":[5,1],"alpha":0.2,"beta":0.95,"c":1.0,"gamma":0.0,"sigma":1.0,"p0":1.5,"accuracy":1.0e-8,"cost_entry":[0.0,10.0],"value_exit":[0.0,1.0],"cost_merger":[0.0,1.0],"cost_bundling":[0.0,1.0],"entry":true,"exit":true,"mergers":true,"bundling":true,"filename":"a20g0s10","verbose":true,"firms":[1,2,3,4],"rival":[2,1,4,3],"partner":[3,4,1,2],"merger_pairs":[1,2,1,2,3,4,4,3],"outcomes":[1,0,1,0,1,0,0,0,0,0,1,0,1,0,1,0,0,0,1,0,0,1,0,0,1,0,0,0,1,1,0,0,0,0,1,0,0,0,0,0,1,1,1,1,2],"ownership":[0,3,0,3,0,0,4,4,0,1,0,1,0,0,2,2],"S":[1,1,1,1,1,1,1,1,1,1,1,1,1,1,0,0,0,1,0,1,0,1,0,1,1,1,1,1,1,1,1,1,1,1,1,1,1,1,1,1,1,1,0,0,0,0,1,0,1,0,1,1,1,1,1,1,0,1,1,0,0,1,1,1,1,0,1,3,1,3,0,0,1,0,0,0,0,1,1,0,0,0,1,1],"ms":14,"mc":[0.5956373436127806,0.5956373436127806,0.5956373436127806,0.5956373436127806,0.5956373436127806,0.5956373436127806,0.5956373436127806,0.5956373436127806,0.5956373436127806,0.5956373436127806,0.5956373436127806,0.5956373436127806,0.5956373436127806,0.5956373436127806,0.0,0.0,0.0,0.5956373436127806,0.0,0.5956373436127806,0.0,0.5956373436127806,0.0,0.5956373436127806,0.5956373436127806,0.5956373436127806,0.5956373436127806,0.5956373436127806,1.0,1.0,1.0,1.0,1.0,1.0,1.0,1.0,1.0,1.0,1.0,1.0,1.0,1.0,0.0,0.0,0.0,0.0,1.0,0.0,1.0,0.0,1.0,1.0,1.0,1.0,1.0,1.0],"P":[1.897202819764203,1.3210351189641643,1.4583362312884725,1.8044305876780962,2.123421613508109,0.5956374346544837,2.444550734716127,1.458336231289973,1.4583362312884725,1.9482279579789008,1.7029695514561107,1.7373778606679042,1.3959812195779304,1.3360773435198987,0.0,0.0,0.0,1.8044306318546304,0.0,1.7222596449382275,0.0,1.1912746872255613,0.0,1.9482279429680682,1.9436353543228084,1.7373778589013107,1.797645314022519,1.3360773409073623,2.301565435054937,2.0,1.8626988876756916,2.527784243897627,2.2087932227731653,2.8489133930420345,1.0000000933272497,1.8626988876771922,1.8626988876756916,2.3525905729745547,2.107332150308123,2.141740466239701,1.8003438759651496,1.7404399999071183,0.0,0.0,0.0,0.0,2.208793228454235,0.0,2.126622303120234,0.0,2.0,2.352590577399597,2.3479979576953434,2.141740469726286,2.202007953194278,1.7404399972945814],"V":[7.098150961600782,7.287104921982096,6.168002703198851,6.317392672550383,8.044501648905358,5.536891529835155,9.455299373000898,5.794938932031283,5.794938926047684,7.071692927329403,7.198154023651111,7.126092703751244,5.112084709349263,4.8087901855225645,0.0,0.0,0.0,6.3173926704000065,0.0,5.981809998731895,0.0,3.064153255392948,0.0,7.071692932712313,7.016742869820341,7.126092705314097,4.498241645161579,4.808790193681727,7.098150782334435,7.632620826738708,6.168002703198849,8.044501437702468,6.317392475380246,9.455299343592399,5.536891480464216,5.794938932031282,5.794938926047684,7.071692676564862,7.198153841331178,7.126092553302915,5.112084709349262,4.8087901855225645,0.0,0.0,0.0,0.0,6.317392474479913,0.0,5.981809808760765,0.0,3.064153228542981,7.071692674978038,7.01674257848123,7.126092550218455,4.49824158729753,4.808790193681727],"D":[0.2316944095922529,0.42042350216197133,0.42042350216197133,0.17272866559493366,0.3454573268475417,0.34675077794046333,0.4591418036609325,0.42042350216123997,0.42042350216197133,0.2606779770524743,0.32840316323175756,0.3120721186238272,0.37526853328584925,0.3247258345145563,0.0,0.0,0.0,0.17272865796438014,0.0,0.11239102577677264,0.0,0.0,0.0,0.2606779809654678,0.2581591375338239,0.3120721191751318,0.16805876111492704,0.3247258362112726,0.2316944095922529,0.42042350216197133,0.42042350216197133,0.3454573235593138,0.17272866391441266,0.45914180371723595,0.3467507778562868,0.42042350216123997,0.42042350216197133,0.26067797958572664,0.3284031638851429,0.31207211944351243,0.37526853328584925,0.3247258345145563,0.0,0.0,0.0,0.0,0.17272866293312908,0.0,0.11239102580464573,0.0,0.0,0.2606779784322155,0.25815913688043857,0.31207211835544657,0.16805876111492704,0.3247258362112726],"Q":[0.2316944095922529,0.42042350216197133,0.42042350216197133,0.17272866559493366,0.17272866391441266,0.34675077794046333,0.3467507778562868,0.42042350216123997,0.42042350216197133,0.130338988814615,0.18386561443589897,0.15603605958393013,0.37526853328584925,0.3247258345145563,0.0,0.0,0.0,0.0,0.0,0.0,0.0,0.0,0.0,0.13033899019435619,0.11362158808457998,0.15603605931554945,0.16805876111492704,0.3247258362112726,0.0,0.0,0.0,0.0,0.17272866293312908,0.0,0.11239102580464573,0.0,0.0,0.13033898823785933,0.14453754879585856,0.1560360590398971,0.0,0.0,0.0,0.0,0.0,0.17272865796438014,0.0,0.11239102577677264,0.0,0.0,0.0,0.13033899077111163,0.14453754944924393,0.15603605985958233,0.0,0.0,0.0,0.0,0.0,0.0,0.0,0.0,0.0,0.0,0.0,0.0,0.0,0.0,0.0,0.0,0.0,0.0,0.0,0.0,0.0,0.0,0.0,0.0,0.0,0.0,0.0,0.0,0.0,0.0,0.0,0.0,0.0,0.0,0.0,0.0,0.0,0.0,0.0,0.0,0.0,0.0,0.0,0.0,0.0,0.0,0.0,0.0,0.0,0.0,0.0,0.0,0.0,0.0,0.0,0.0,0.0,0.0,0.768305590407747,0.5795764978380288,0.5795764978380288,0.6545426764406862,0.6545426731524583,0.540858196282764,0.5408581963390675,0.5795764978387601,0.5795764978380288,0.47864404198205773,0.4134376992344186,0.3758557622010409,0.45667270559922374,0.350548329274171],"PI":[0.30156544454256334,0.3049742731737316,0.36269888766785147,0.2087932440275729,0.5277842698777634,3.1568781362912784e-8,0.8489134292040416,0.3626988876678514,0.36269888766785147,0.3525905851331236,0.3636513998041556,0.35630538207605633,0.3003438724577534,0.24043999687779688,0.0,0.0,0.0,0.20879324243436484,0.0,0.1266222361089552,0.0,0.0,0.0,0.35259058651280833,0.3479980038422111,0.3563053821541985,0.2020079703573285,0.24043999728575544,0.3015654350207374,0.42042350216197133,0.36269888766785136,0.5277842558729642,0.20879323831840582,0.8489134301982746,3.236129643078539e-8,0.3626988876678513,0.36269888766785136,0.35259057776970726,0.36365138163292615,0.35630536715384753,0.30034387245775335,0.24043999687779696,0.0,0.0,0.0,0.0,0.20879323811352046,0.0,0.12662223634207562,0.0,0.0,0.35259057736299015,0.3479979892752238,0.3563053669996246,0.20200796746411953,0.24043999728575538],"CS":[0.2635677208005842,0.5454576182914379,0.5454576182914379,0.42381849111209746,0.42381849613580025,0.6145981485734735,0.6145981484693732,0.5454576182901762,0.5454576182914379,0.7367980852133491,0.8832484427756695,0.9785498203572733,0.7837883249756059,1.0482566953534376],"pr_entry":[0.0,0.0,0.0,0.0,0.0,0.0,0.0,0.0,0.0,0.0,0.0,0.0,0.0,0.0,0.15793479472799368,0.14954522752605393,0.07660381446232467,0.0,0.17679230376021243,0.0,0.1754185521879134,0.0,0.11245602829741655,0.0,0.0,0.0,0.0,0.0,0.0,0.0,0.0,0.0,0.0,0.0,0.0,0.0,0.0,0.0,0.0,0.0,0.0,0.0,0.1579347898299924,0.14954522277677687,0.07660381379107578,0.17679229731685642,0.0,0.17541854490443648,0.0,0.11245602685081549,0.0,0.0,0.0,0.0,0.0,0.0],"pr_exit":[0.0,0.0,0.0,0.0,0.0,0.25,0.0,0.25,0.0,0.0,0.0,0.0,0.0,0.0,0.0,0.0,0.0,0.0,0.0,0.0,0.0,0.0,0.0,0.0,0.0,0.0,0.0,0.0,0.0,0.0,0.0,0.0,0.0,0.0,0.25,0.0,0.25,0.0,0.0,0.0,0.0,0.0,0.0,0.0,0.0,0.0,0.0,0.0,0.0,0.0,0.0,0.0,0.0,0.0,0.0,0.0],"pr_merger":[0.17319801550068314,0.0,0.0,0.14109961989096642,0.14109961215479072,0.0,0.0,0.0,0.0,0.06323056527200088,0.0,0.0,0.0,0.0,0.0,0.0,0.0,0.0,0.0,0.0,0.0,0.0,0.0,0.06323056432297891,0.05467495180774651,0.0,0.15527428872608606,0.0,0.0,0.0,0.0,0.0,0.1410996124102153,0.0,0.0,0.0,0.0,0.06323056566870644,0.0,0.0,0.0,0.0,0.0,0.0,0.0,0.14109962009560384,0.0,0.0,0.0,0.0,0.0,0.06323056392627335,0.0,0.0,0.0,0.0],"pr_bundling":[0.0,0.0,0.0,0.0,0.0,0.0,0.0,0.0,0.0,0.0,0.0,0.0,0.0,0.0,0.0,0.0,0.0,0.0,0.0,0.0,0.0,0.0,0.0,0.0,0.0,0.0,0.0,0.0,0.0,0.0,0.0,0.0,0.0,0.0,0.0,0.0,0.0,0.0,0.0,0.0,0.0,0.0,0.0,0.0,0.0,0.0,0.0,0.0,0.0,0.0,0.0,0.0,0.0,0.0,0.0,0.0],"active_firms":[true,true,true,true,true,true,true,true,true,true,true,true,true,true,false,false,false,true,false,true,false,true,false,true,true,true,true,true,true,true,true,true,true,true,true,true,true,true,true,true,true,true,false,false,false,false,true,false,true,false,true,true,true,true,true,true,true,true,true,true,true,true,true,true,true,true,true,true,true,true],