{"modelname":"lbd","policy":"nolearning","smax":[5,1],"alpha":0.2,"beta":0.95,"c":1.0,"gamma":0.0,"sigma":10.0,"p0":1.5,"accuracy":1.0e-8,"cost_entry":[0.0,10.0],"value_exit":[0.0,1.0],"cost_merger":[0.0,1.0],"cost_bundling":[0.0,1.0],"entry":true,"exit":true,"mergers":true,"bundling":true,"filename":"a20g0s100","verbose":true,"firms":[1,2,3,4],"rival":[2,1,4,3],"partner":[3,4,1,2],"merger_pairs":[1,2,1,2,3,4,4,3],"outcomes":[1,0,1,0,1,0,0,0,0,0,1,0,1,0,1,0,0,0,1,0,0,1,0,0,1,0,0,0,1,1,0,0,0,0,1,0,0,0,0,0,1,1,1,1,2],"ownership":[0,3,0,3,0,0,4,4,0,1,0,1,0,0,2,2],"S":[1,1,1,1,1,1,1,1,1,1,1,1,1,1,0,0,0,1,0,1,0,1,0,1,1,1,1,1,1,1,1,1,1,1,1,1,1,1,1,1,1,1,0,0,0,0,1,0,1,0,1,1,1,1,1,1,0,1,1,0,0,1,1,1,1,0,1,3,1,3,0,0,1,0,0,0,0,1,1,0,0,0,1,1],"ms":14,"mc":[0.5956373436127806,0.5956373436127806,0.5956373436127806,0.5956373436127806,0.5956373436127806,0.5956373436127806,0.5956373436127806,0.5956373436127806,0.5956373436127806,0.5956373436127806,0.5956373436127806,0.5956373436127806,0.5956373436127806,0.5956373436127806,0.0,0.0,0.0,0.5956373436127806,0.0,0.5956373436127806,0.0,0.5956373436127806,0.0,0.5956373436127806,0.5956373436127806,0.5956373436127806,0.5956373436127806,0.5956373436127806,1.0,1.0,1.0,1.0,1.0,1.0,1.0,1.0,1.0,1.0,1.0,1.0,1.0,1.0,0.0,0.0,0.0,0.0,1.0,0.0,1.0,0.0,1.0,1.0,1.0,1.0,1.0,1.0],"P":[1.2154077963916048,0.7632033599007292,1.1794203517567547,0.7784587429036172,1.6598764092460383,0.5956373726471275,1.786157340572013,1.1794203517593638,1.1794203517567547,0.7956351732397747,0.7956337231518394,0.7956329990443135,0.7294557785523406,0.6956370504733286,0.0,0.0,0.0,0.7784587422570897,0.0,0.72113924642087,0.0,1.1912746872255613,0.0,0.7956351719788466,0.7956344484427131,0.7956330001679053,0.7552882432763264,0.6956370500115544,1.61977048767887,2.0,1.5837830081439743,2.0642390679064,1.1828213990796506,2.1905200088407657,1.0000000336025514,1.583783008146583,1.5837830081439743,1.199997829259766,1.199996380759402,1.1999956565997898,1.13381843493956,1.0999997068605478,0.0,0.0,0.0,0.0,1.1828214005434234,0.0,1.1255019081510076,0.0,2.0,1.199997828198547,1.1999971039837494,1.1999956555100386,1.159650903197542,1.0999997063987736],"V":[9.69076840953722,3.9655480684681046,10.297077978519772,1.4798595169299253,14.518692616965465,2.9812179235265943,8.40875881632142,9.220587235666974,9.220587254636348,1.9999560363103437,1.9999493242312611,1.9999348295659454,1.6763705113839413,0.9999941230612438,0.0,0.0,0.0,1.4798595183448995,0.0,0.5416083859483629,0.0,0.4315250317829245,0.0,1.9999560489176402,1.9999414364331831,1.9999348183306345,1.1930178218571679,1.0005131641416087,9.690768634035695,16.43236360037248,10.297077978519772,14.518692607004079,1.4798595261011616,14.826023819551288,9.398482957135585,9.220587235666974,9.220587254636348,1.9999560346361882,1.9999493207096537,1.999934824055492,1.6763705113839413,0.9999941230612438,0.0,0.0,0.0,0.0,1.479859525563896,0.0,0.5416083895055506,0.0,0.4315250352380067,1.9999560452467047,1.9999414486362428,1.9999348349524155,1.1930178482655227,1.0005131641416065],"D":[0.83864994880345,0.9143517381995944,0.9143517381995944,0.4530180736895392,0.9060361515246906,0.7128037635170908,0.916003098982696,0.9143517381955087,0.9143517381995944,0.4999945644089285,0.49999638088675336,0.49999457060623315,0.6263593958507209,0.4999985272229788,0.0,0.0,0.0,0.45301807661842547,0.0,0.20319932997085513,0.0,0.0,0.0,0.4999945707135021,0.4999927544717847,0.4999945649883347,0.3736333583511314,0.4999985318407061,0.83864994880345,0.9143517381995944,0.9143517381995944,0.9060361503079647,0.45301807907792285,0.916003093487946,0.7128037690179275,0.9143517381955087,0.9143517381995944,0.49999456490819655,0.49999637572049327,0.4999945650729355,0.6263593958507209,0.4999985272229788,0.0,0.0,0.0,0.0,0.45301807244676773,0.0,0.2031993299647685,0.0,0.0,0.49999457021423405,0.4999927596380449,0.4999945705216324,0.3736333583511314,0.4999985318407061],"Q":[0.83864994880345,0.9143517381995944,0.9143517381995944,0.4530180736895392,0.45301807907792285,0.7128037635170908,0.7128037690179275,0.9143517381955087,0.9143517381995944,0.24999728087795486,0.24999909446726717,0.24999728394094234,0.6263593958507209,0.4999985272229788,0.0,0.0,0.0,0.0,0.0,0.0,0.0,0.0,0.0,0.24999728668326043,0.24999547321855867,0.24999728385634157,0.3736333583511314,0.4999985318407061,0.0,0.0,0.0,0.0,0.45301807244676773,0.0,0.2031993299647685,0.0,0.0,0.2499972835309736,0.2499972864194862,0.2499972866652908,0.0,0.0,0.0,0.0,0.0,0.45301807661842547,0.0,0.20319932997085513,0.0,0.0,0.0,0.24999728403024168,0.24999728125322607,0.24999728113199315,0.0,0.0,0.0,0.0,0.0,0.0,0.0,0.0,0.0,0.0,0.0,0.0,0.0,0.0,0.0,0.0,0.0,0.0,0.0,0.0,0.0,0.0,0.0,0.0,0.0,0.0,0.0,0.0,0.0,0.0,0.0,0.0,0.0,0.0,0.0,0.0,0.0,0.0,0.0,0.0,0.0,0.0,0.0,0.0,0.0,0.0,0.0,0.0,0.0,0.0,0.0,0.0,0.0,0.0,0.0,0.0,0.0,0.0,0.1613500511965499,0.08564826180040566,0.08564826180040566,0.09396384969203542,0.09396384847530949,0.08399690651205412,0.08399690101730395,0.08564826180449135,0.08564826180040566,1.0864877569350724e-5,1.0864641462120966e-5,1.0864405432205421e-5,7.245798147837742e-6,2.940936315136933e-6],"PI":[0.5197704584928519,0.1532142782560673,0.5337830082278306,0.08282139813596086,0.9642390673285894,2.069579168147049e-8,1.0905200066155267,0.5337830082278311,0.5337830082278306,0.09999782770708,0.09999746595998293,0.09999674186060144,0.08381843406243175,0.04999970615300357,0.0,0.0,0.0,0.08282139837853529,0.0,0.02550190256067114,0.0,0.0,0.0,0.09999782833752381,0.09999710333030022,0.09999674129883594,0.0596509018050701,0.049999706383888544,0.5197704877617737,0.9143517381995944,0.5337830082278309,0.9642390680932514,0.08282139902540163,1.0905200109574382,2.3952025292277986e-8,0.5337830082278309,0.5337830082278309,0.09999782762332046,0.09999746553691682,0.09999674133808806,0.08381843406243175,0.04999970615300352,0.0,0.0,0.0,0.0,0.08282139847620014,0.0,0.02550190364558466,0.0,0.0,0.09999782815391275,0.09999710394045187,0.0999967418829341,0.05965090312548897,0.04999970638388849],"CS":[0.18241790431830074,0.24575063486338689,0.24575063486338689,0.2364845148425423,0.2364845161374296,0.24769753080544143,0.2476975373470518,0.24575063485861648,0.24575063486338689,1.142997521267181,1.1429996944144967,1.1430018668974107,1.1835088822926363,1.2736782552779562],"pr_entry":[0.0,0.0,0.0,0.0,0.0,0.0,0.0,0.0,0.0,0.0,0.0,0.0,0.0,0.0,0.036996488232098654,0.01354020908178723,0.010788125332850111,0.0,0.049998900541582014,0.0,0.049998535081654805,0.0,0.029825445264528887,0.0,0.0,0.0,0.0,0.0,0.0,0.0,0.0,0.0,0.0,0.0,0.0,0.0,0.0,0.0,0.0,0.0,0.0,0.0,0.036996488412573074,0.013540209170716902,0.010788125419227147,0.04999890044981033,0.0,0.04999853538673133,0.0,0.02982544592473773,0.0,0.0,0.0,0.0,0.0,0.0],"pr_exit":[0.0,0.0,0.0,0.0,0.0,0.25,0.0,0.25,0.0,0.0,0.0,0.0,0.0,1.4692346735900585e-6,0.0,0.0,0.0,0.0,0.0,0.1145979091821277,0.0,0.14211874667149887,0.0,0.0,0.0,0.0,0.0,0.0,0.0,0.0,0.0,0.0,0.0,0.0,0.25,0.0,0.25,0.0,0.0,0.0,0.0,1.4692346735900585e-6,0.0,0.0,0.0,0.0,0.0,0.0,0.11459790829283098,0.0,0.14211874580772854,0.0,0.0,0.0,0.0,0.0],"pr_merger":[0.25,0.0,0.0,0.25,0.25,0.0,0.0,0.0,0.0,0.0,0.0,0.0,0.0,0.0,0.0,0.0,0.0,0.0,0.0,0.0,0.0,0.0,0.0,0.0,0.0,0.0,0.0,0.0,0.0,0.0,0.0,0.0,0.25,0.0,0.0,0.0,0.0,0.0,0.0,0.0,0.0,0.0,0.0,0.0,0.0,0.25,0.0,0.0,0.0,0.0,0.0,0.0,0.0,0.0,0.0,0.0],"pr_bundling":[0.0,0.054627384919737176,0.0,0.0,0.0,0.22226799336014347,0.22226799642725448,0.0,0.0,0.0,0.0,0.0,0.0,0.0,0.0,0.0,0.0,0.0,0.0,0.0,0.0,0.0,0.0,0.0,0.0,0.0,0.0,0.0,0.0,0.054627384919737176,0.0,0.0,0.0,0.22226799336014347,0.22226799642725448,0.0,0.0,0.0,0.0,0.0,0.0,0.0,0.0,0.0,0.0,0.0,0.0,0.0,0.0,0.0,0.0,0.0,0.0,0.0,0.0,0.0],"active_firms":[true,true,true,true,true,true,true,true,true,true,true,true,true,true,false,false,false,true,false,true,false,true,false,true,true,true,true,true,true,true,true,true,true,true,true,true,true,true,true,true,true,true,false,false,false,false,true,false,true,false,true,true,true,true,true,true,true,true,true,true,true,true,true,true,true,true,true,true,true,true],