{"modelname":"lbd","policy":"nolearning","smax":[5,1],"alpha":0.2,"beta":0.95,"c":1.0,"gamma":0.0,"sigma":7.0,"p0":1.5,"accuracy":1.0e-8,"cost_entry":[0.0,10.0],"value_exit":[0.0,1.0],"cost_merger":[0.0,1.0],"cost_bundling":[0.0,1.0],"entry":true,"exit":true,"mergers":true,"bundling":true,"filename":"a20g0s70","verbose":true,"firms":[1,2,3,4],"rival":[2,1,4,3],"partner":[3,4,1,2],"merger_pairs":[1,2,1,2,3,4,4,3],"outcomes":[1,0,1,0,1,0,0,0,0,0,1,0,1,0,1,0,0,0,1,0,0,1,0,0,1,0,0,0,1,1,0,0,0,0,1,0,0,0,0,0,1,1,1,1,2],"ownership":[0,3,0,3,0,0,4,4,0,1,0,1,0,0,2,2],"S":[1,1,1,1,1,1,1,1,1,1,1,1,1,1,0,0,0,1,0,1,0,1,0,1,1,1,1,1,1,1,1,1,1,1,1,1,1,1,1,1,1,1,0,0,0,0,1,0,1,0,1,1,1,1,1,1,0,1,1,0,0,1,1,1,1,0,1,3,1,3,0,0,1,0,0,0,0,1,1,0,0,0,1,1],"ms":14,"mc":[0.5956373436127806,0.5956373436127806,0.5956373436127806,0.5956373436127806,0.5956373436127806,0.5956373436127806,0.5956373436127806,0.5956373436127806,0.5956373436127806,0.5956373436127806,0.5956373436127806,0.5956373436127806,0.5956373436127806,0.5956373436127806,0.0,0.0,0.0,0.5956373436127806,0.0,0.5956373436127806,0.0,0.5956373436127806,0.0,0.5956373436127806,0.5956373436127806,0.5956373436127806,0.5956373436127806,0.5956373436127806,1.0,1.0,1.0,1.0,1.0,1.0,1.0,1.0,1.0,1.0,1.0,1.0,1.0,1.0,0.0,0.0,0.0,0.0,1.0,0.0,1.0,0.0,1.0,1.0,1.0,1.0,1.0,1.0],"P":[1.212195064512806,0.7240861431664684,1.1598617433896243,0.8455698779582494,1.593482452906522,0.5956373764050291,1.7557482990868576,1.1598617433917817,1.1598617433896243,0.8811427953841126,0.8810041470918583,0.8809354769781576,0.7866907884276328,0.7384661238313851,0.0,0.0,0.0,0.8455698801535368,0.0,0.7733601192095172,0.0,1.1912746872255613,0.0,0.8811427964659493,0.8810737084739176,0.8809354757541253,0.8236172514557962,0.7384661231835215,1.616557743017614,2.0,1.564224399776844,1.9978451088961837,1.2499325340939564,2.1601109557717804,1.0000000258496087,1.5642243997790009,1.564224399776844,1.2855054576645284,1.2853668093277548,1.285298138178605,1.1910534448148522,1.1428287802186046,0.0,0.0,0.0,0.0,1.2499325359476312,0.0,1.1777227757322892,0.0,2.0,1.2855054559294932,1.2854363678251923,1.2852981364081852,1.2279799138092098,1.1428287795707408],"V":[8.159952718387443,4.401982165114659,8.860972047792123,1.826611912689804,10.815076310628667,2.7524053909323367,10.384411349615045,7.397691264265601,7.397691281020831,2.8529657021981403,2.852277456238953,2.8508999950283767,2.3924971544572045,1.428004040841768,0.0,0.0,0.0,1.8266119100993654,0.0,0.9294429469357434,0.0,0.761178280901747,0.0,2.852965691403539,2.8515839219149117,2.8509000072241384,1.702455086811617,1.428004047316548,8.159952821924094,13.022214124615594,8.86097204779214,10.815076265574993,1.8266119142164512,11.39091548473192,3.758909561172104,7.397691264265611,7.397691281020839,2.8529657329595475,2.852277703663958,2.8509002580103795,2.3924971544572045,1.4280040408417722,0.0,0.0,0.0,0.0,1.8266119145238888,0.0,0.929442954704234,0.0,0.7611782898080514,2.852965750271781,2.8515839803237,2.8509002756501234,1.7024551313645606,1.428004047316548],"D":[0.7682988423393383,0.87340396579257,0.8734039657925703,0.4284171787198318,0.8568343508774323,0.6806792044847282,0.8768590763444122,0.8734039657892305,0.8734039657925703,0.49963427931011406,0.49975645198734137,0.49963533446581304,0.626133027982286,0.4999007040539129,0.0,0.0,0.0,0.428417172136339,0.0,0.1961798675840917,0.0,0.0,0.0,0.49963427552645556,0.499513164977527,0.49963533874680116,0.37337838002768636,0.4999007085880584,0.7682988423393383,0.87340396579257,0.8734039657925703,0.8568343508561709,0.42841717821822717,0.8768590720688199,0.6806792153492329,0.8734039657892305,0.8734039657925703,0.49963427438419405,0.4997564469429405,0.4996353335103322,0.626133027982286,0.4999007040539129,0.0,0.0,0.0,0.0,0.4284171726592051,0.0,0.19617986099517923,0.0,0.0,0.49963428045237557,0.49951317002192785,0.499635339702282,0.37337838002768636,0.4999007085880584],"Q":[0.7682988423393383,0.87340396579257,0.8734039657925703,0.4284171787198318,0.42841717821822717,0.6806792044847282,0.6806792153492329,0.8734039657892305,0.8734039657925703,0.24981713813801165,0.24993906003126756,0.24981766568491906,0.626133027982286,0.4999007040539129,0.0,0.0,0.0,0.0,0.0,0.0,0.0,0.0,0.0,0.24981713928027316,0.24969577806585402,0.24981767092138807,0.37337838002768636,0.4999007085880584,0.0,0.0,0.0,0.0,0.4284171726592051,0.0,0.19617986099517923,0.0,0.0,0.24981714117210238,0.2498173919560738,0.24981766878089398,0.0,0.0,0.0,0.0,0.0,0.428417172136339,0.0,0.1961798675840917,0.0,0.0,0.0,0.2498171362461824,0.249817386911673,0.2498176678254131,0.0,0.0,0.0,0.0,0.0,0.0,0.0,0.0,0.0,0.0,0.0,0.0,0.0,0.0,0.0,0.0,0.0,0.0,0.0,0.0,0.0,0.0,0.0,0.0,0.0,0.0,0.0,0.0,0.0,0.0,0.0,0.0,0.0,0.0,0.0,0.0,0.0,0.0,0.0,0.0,0.0,0.0,0.0,0.0,0.0,0.0,0.0,0.0,0.0,0.0,0.0,0.0,0.0,0.0,0.0,0.0,0.0,0.0,0.23170115766066168,0.12659603420743007,0.12659603420742965,0.14316564914382923,0.14316564912256763,0.12314092793118019,0.12314092365558782,0.12659603421076943,0.12659603420742965,0.0007314451634305914,0.0007303830351317426,0.0007293267873858668,0.0004885919900276585,0.0001985873580286477],"PI":[0.4737005832028703,0.11218769093148573,0.4927958283620279,0.1070753912345832,0.8549879664979233,2.2321001603316497e-8,1.0172538208740325,0.4927958283620278,0.4927958283620279,0.14264831063487796,0.14261390122167272,0.14254502828648222,0.11962487190836998,0.07140020779044196,0.0,0.0,0.0,0.107075390529653,0.0,0.034865630583245016,0.0,0.0,0.0,0.14264831009514553,0.14257922201146672,0.1425450288962704,0.08512276866928639,0.07140020811418094,0.473700600195788,0.87340396579257,0.49279582836202807,0.8549879661360668,0.10707539100146367,1.017253816174915,1.7595291350527357e-8,0.49279582836202757,0.49279582836202807,0.14264831217294388,0.14261390270508234,0.14254503041874417,0.11962487190836998,0.07140020779044201,0.0,0.0,0.0,0.0,0.1070753904062293,0.0,0.03486562943883791,0.0,0.0,0.14264831303855974,0.14257922493190683,0.14254503130073162,0.08512277089693432,0.07140020811418094],"CS":[0.20890097873982993,0.29525058501977997,0.2952505850197804,0.27767899050171296,0.2776789905229289,0.2992036891355161,0.2992036940956777,0.2952505850160114,0.2952505850197804,1.0314983292665083,1.0317059222531137,1.0319126654826696,1.0891403989995065,1.2177544948320247],"pr_entry":[0.0,0.0,0.0,0.0,0.0,0.0,0.0,0.0,0.0,0.0,0.0,0.0,0.0,0.0,0.04566529809416961,0.02323607288760775,0.019029456436991395,0.0,0.07132414161337877,0.0,0.07128959736588013,0.0,0.042561376793219224,0.0,0.0,0.0,0.0,0.0,0.0,0.0,0.0,0.0,0.0,0.0,0.0,0.0,0.0,0.0,0.0,0.0,0.0,0.0,0.045665298204782684,0.023236073081820005,0.01902945665964898,0.07132414308508477,0.0,0.07128959882609984,0.0,0.0425613779070428,0.0,0.0,0.0,0.0,0.0,0.0],"pr_exit":[0.0,0.0,0.0,0.0,0.0,0.25,0.0,0.25,0.0,0.0,0.0,0.0,0.0,0.0,0.0,0.0,0.0,0.0,0.0,0.017639271123922523,0.0,0.05970543563008607,0.0,0.0,0.0,0.0,0.0,0.0,0.0,0.0,0.0,0.0,0.0,0.0,0.25,0.0,0.25,0.0,0.0,0.0,0.0,0.0,0.0,0.0,0.0,0.0,0.0,0.0,0.017639269181799977,0.0,0.05970543340351017,0.0,0.0,0.0,0.0,0.0],"pr_merger":[0.25,0.0,0.0,0.25,0.25,0.0,0.0,0.0,0.0,0.0,0.0,0.0,0.0,0.0,0.0,0.0,0.0,0.0,0.0,0.0,0.0,0.0,0.0,0.0,0.0,0.0,0.0,0.0,0.0,0.0,0.0,0.0,0.25,0.0,0.0,0.0,0.0,0.0,0.0,0.0,0.0,0.0,0.0,0.0,0.0,0.25,0.0,0.0,0.0,0.0,0.0,0.0,0.0,0.0,0.0,0.0],"pr_bundling":[0.0,0.08569900525228702,0.0,0.0,0.0,0.23528756150296148,0.23528756068826007,0.0,0.0,0.0,0.0,0.0,0.0,0.0,0.0,0.0,0.0,0.0,0.0,0.0,0.0,0.0,0.0,0.0,0.0,0.0,0.0,0.0,0.0,0.08569900525228702,0.0,0.0,0.0,0.23528756150296148,0.23528756068826007,0.0,0.0,0.0,0.0,0.0,0.0,0.0,0.0,0.0,0.0,0.0,0.0,0.0,0.0,0.0,0.0,0.0,0.0,0.0,0.0,0.0],"active_firms":[true,true,true,true,true,true,true,true,true,true,true,true,true,true,false,false,false,true,false,true,false,true,false,true,true,true,true,true,true,true,true,true,true,true,true,true,true,true,true,true,true,true,false,false,false,false,true,false,true,false,true,true,true,true,true,true,true,true,true,true,true,true,true,true,true,true,true,true,true,true],