{"modelname":"lbd","policy":"nolearning","smax":[5,1],"alpha":0.2,"beta":0.95,"c":1.0,"gamma":1.0,"sigma":5.0,"p0":1.5,"accuracy":1.0e-8,"cost_entry":[0.0,10.0],"value_exit":[0.0,1.0],"cost_merger":[0.0,1.0],"cost_bundling":[0.0,1.0],"entry":true,"exit":true,"mergers":true,"bundling":true,"filename":"a20g100s50","verbose":true,"firms":[1,2,3,4],"rival":[2,1,4,3],"partner":[3,4,1,2],"merger_pairs":[1,2,1,2,3,4,4,3],"outcomes":[1,0,1,0,1,0,0,0,0,0,1,0,1,0,1,0,0,0,1,0,0,1,0,0,1,0,0,0,1,1,0,0,0,0,1,0,0,0,0,0,1,1,1,1,2],"ownership":[0,3,0,3,0,0,4,4,0,1,0,1,0,0,2,2],"S":[1,1,1,1,1,1,1,1,1,1,1,1,1,1,0,0,0,1,0,1,0,1,0,1,1,1,1,1,1,1,1,1,1,1,1,1,1,1,1,1,1,1,0,0,0,0,1,0,1,0,1,1,1,1,1,1,0,1,1,0,0,1,1,1,1,0,1,3,1,3,0,0,1,0,0,0,0,1,1,0,0,0,1,1],"ms":14,"mc":[0.5956373436127806,0.5956373436127806,0.5956373436127806,0.5956373436127806,0.5956373436127806,0.5956373436127806,0.5956373436127806,0.5956373436127806,0.5956373436127806,0.5956373436127806,0.5956373436127806,0.5956373436127806,0.5956373436127806,0.5956373436127806,0.0,0.0,0.0,0.5956373436127806,0.0,0.5956373436127806,0.0,0.5956373436127806,0.0,0.5956373436127806,0.5956373436127806,0.5956373436127806,0.5956373436127806,0.5956373436127806,1.0,1.0,1.0,1.0,1.0,1.0,1.0,1.0,1.0,1.0,1.0,1.0,1.0,1.0,0.0,0.0,0.0,0.0,1.0,0.0,1.0,0.0,1.0,1.0,1.0,1.0,1.0,1.0],"P":[1.3107761824395563,1.3107761824378503,1.1470888862202377,0.9816998604881114,1.3107761824402673,0.9816998604872571,1.3107761824419037,1.1470888862197666,1.1470888862202377,0.9816998604865328,0.9816998604883121,0.9816998604854447,0.8606469559701379,0.7949866273066465,0.0,0.0,0.0,0.9816998633406671,0.0,0.9816998633394108,0.0,1.1912746872255613,0.0,0.9816998633426027,0.9816998633413286,0.9816998633412355,0.9128363228144081,0.7949866263979144,1.452991944048353,1.4529919440445525,1.5514515426074573,1.4529919440481078,1.3383477709020806,1.452991944049767,1.3383477709026084,1.5514515426069861,1.5514515426074573,1.3383477709032727,1.3383477709018747,1.3383477709015268,1.2650096123573573,1.199349283693866,0.0,0.0,0.0,0.0,1.3383477693737043,0.0,1.338347769373036,0.0,2.0,1.338347769374079,1.338347769373892,1.3383477693723147,1.3171989867665566,1.1993492827851338],"V":[7.248084187677497,8.574130918814474,7.399769339330745,2.699558078727482,7.449882690054199,5.334606632640129,7.304110293228532,6.010924440967627,6.0109242742701525,3.4035648623659336,3.727960606335257,3.721237361747677,3.3001802165422442,1.98698032210784,0.0,0.0,0.0,2.699558075535912,0.0,1.628549793965725,0.0,1.2348577912889709,0.0,3.4035648587503573,3.217433251904455,3.7212373361391458,2.3439707789256476,1.986980331106535,5.3698409626772134,5.457095216902838,7.399769339330746,6.2164882197976254,2.2568759156957108,5.378764400684021,3.7466523241041783,6.010924440967638,6.0109242742701525,2.7952346107015487,2.773668157030376,2.76694491244053,3.3001802165422442,1.98698032210784,0.0,0.0,0.0,0.0,2.2568759168031756,0.0,1.5270709078539073,0.0,1.2348577153568594,2.7952346121575977,2.729361372100969,2.7669449210911408,2.3439706612388647,1.986980331106535],"D":[0.7203340258811496,0.7203340258828678,0.818660403923568,0.4819491888531611,0.7203340258804333,0.48194918885276855,0.7203340258787848,0.8186604039242679,0.818660403923568,0.48194918885738014,0.4819491888536791,0.48194918885715043,0.6226551968687545,0.49836789220451017,0.0,0.0,0.0,0.481949181979227,0.0,0.4819491819798031,0.0,0.0,0.0,0.48194918197497694,0.48194918197863396,0.48194918197542025,0.3694809575134402,0.4983678967333401,0.5584910445959177,0.5584910446006032,0.818660403923568,0.5584910445962196,0.4088922132680773,0.5584910445941742,0.4088922132668811,0.8186604039242679,0.818660403923568,0.40889221326694997,0.40889221326848335,0.4088922132675853,0.6226551968687545,0.49836789220451017,0.0,0.0,0.0,0.0,0.4088922163927832,0.0,0.40889221639403184,0.0,0.0,0.40889221639332685,0.4088922163923839,0.4088922163939993,0.3694809575134402,0.4983678967333401],"Q":[0.4023001025723461,0.40230010257668075,0.818660403923568,0.26916430592490265,0.2945389741345548,0.2691643059236978,0.29453897413301905,0.8186604039242679,0.818660403923568,0.1970652705141055,0.19706527051333117,0.1970652705143176,0.6226551968687545,0.49836789220451017,0.0,0.0,0.0,0.0,0.0,0.0,0.0,0.0,0.0,0.1970652692066992,0.19706526920773998,0.19706526920720432,0.3694809575134402,0.4983678967333401,0.0,0.0,0.0,0.0,0.29453897638538684,0.0,0.29453897638561216,0.0,0.0,0.19706527202086013,0.19706527201889246,0.19706527202109048,0.0,0.0,0.0,0.0,0.0,0.269164302085872,0.0,0.2691643020852079,0.0,0.0,0.0,0.19706526769994423,0.19706526770217866,0.19706526770043187,0.0,0.0,0.3180339233088035,0.318033923306187,0.0,0.21278488292825848,0.13125607536049155,0.21278488292907077,0.1312560753601536,0.0,0.0,0.08781864632241455,0.08781864632145549,0.08781864632174237,0.0,0.0,0.0,0.0,0.0,0.212784879893355,0.0,0.21278487989459519,0.0,0.0,0.0,0.08781864506833346,0.08781864506871534,0.08781864506778403,0.0,0.0,0.15619094202357156,0.15619094202392242,0.0,0.020162436585444928,0.11435323913352245,0.02016243658526854,0.114353239133862,0.0,0.0,0.014761675052900238,0.014761675052973532,0.01476167505283581,0.0,0.0,0.0,0.0,0.0,0.0,0.11435324000739638,0.0,0.11435324000841968,0.0,0.0,0.014761675165767527,0.014761675165751454,0.014761675165704462,0.0,0.0,0.12347503209527887,0.12347503209320979,0.18133959607643202,0.01593919258216699,0.05095949497864783,0.015939192582159773,0.050959494978933574,0.18133959607573213,0.18133959607643202,0.006578278948975254,0.0065782789489619445,0.006578278948889121,0.007863845617805391,0.0032642110621497827],"PI":[0.5151388388360618,0.5151388388360617,0.45145154261529546,0.1860625168546755,0.5151388388360617,0.1860625168541122,0.5151388388360617,0.4514515426152957,0.45145154261529546,0.18606251685554348,0.18606251685497222,0.1860625168549304,0.16500961235448255,0.09934928232699085,0.0,0.0,0.0,0.18606251557569403,0.0,0.186062515575311,0.0,0.0,0.0,0.18606251557498615,0.18606251557578393,0.18606251557449835,0.1171989825577031,0.09934928277692695,0.25299194402510017,0.25299194402510006,0.4514515426152957,0.2529919440251,0.13834776889847208,0.25299194402510006,0.13834776889828315,0.4514515426152959,0.4514515426152957,0.1383477688985781,0.13834776889852532,0.13834776889807918,0.16500961235448264,0.0993492823269909,0.0,0.0,0.0,0.0,0.1383477693307682,0.0,0.1383477693309174,0.0,0.0,0.13834776933110537,0.13834776933070989,0.13834776933061146,0.11719898535280035,0.09934928277692695],"CS":[0.41834326252441256,0.4183432625277641,0.3414767568408985,0.8277948520936875,0.5953448355838917,0.8277948520937781,0.59534483558277,0.3414767568416708,0.3414767568408985,1.0047964251527286,1.0047964251531334,1.0047964251553474,0.9690959055679937,1.14494743606441],"pr_entry":[0.0,0.0,0.0,0.0,0.0,0.0,0.0,0.0,0.0,0.0,0.0,0.0,0.0,0.0,0.06748893548752775,0.04071372737069803,0.030871427476100395,0.0,0.0850891106324146,0.0,0.08043581999576872,0.0,0.058599257799156444,0.0,0.0,0.0,0.0,0.0,0.0,0.0,0.0,0.0,0.0,0.0,0.0,0.0,0.0,0.0,0.0,0.0,0.0,0.0,0.056421881140108265,0.0381767551399969,0.03087142545747732,0.06988084920916326,0.0,0.06823401935455342,0.0,0.05859925462858064,0.0,0.0,0.0,0.0,0.0,0.0],"pr_exit":[0.0,0.0,0.0,0.0,0.0,0.25,0.0,0.25,0.0,0.0,0.0,0.0,0.0,0.0,0.0,0.0,0.0,0.0,0.0,0.0,0.0,0.0,0.0,0.0,0.0,0.0,0.0,0.0,0.0,0.0,0.0,0.0,0.0,0.0,0.25,0.0,0.25,0.0,0.0,0.0,0.0,0.0,0.0,0.0,0.0,0.0,0.0,0.0,0.0,0.0,0.0,0.0,0.0,0.0,0.0,0.0],"pr_merger":[0.25,0.0,0.0,0.25,0.25,0.0,0.0,0.0,0.0,0.07570728197886578,0.0,0.0,0.0,0.0,0.0,0.0,0.0,0.0,0.0,0.0,0.0,0.0,0.0,0.0757072825187477,0.1353468623718247,0.0,0.0,0.0,0.0,0.0,0.0,0.0,0.25,0.0,0.0,0.0,0.0,0.07570728161485318,0.0,0.0,0.0,0.0,0.0,0.0,0.0,0.25,0.0,0.0,0.0,0.0,0.0,0.0757072828827603,0.0,0.0,0.0,0.0],"pr_bundling":[0.0,0.2114191897244797,0.0,0.0,0.0,0.25,0.25,0.0,0.0,0.0,0.02513789557371382,0.0,0.0,0.0,0.0,0.0,0.0,0.0,0.0,0.0,0.0,0.0,0.0,0.0,0.0,0.0,0.0,0.0,0.0,0.2114191897244797,0.0,0.0,0.0,0.25,0.25,0.0,0.0,0.0,0.02513789557371382,0.0,0.0,0.0,0.0,0.0,0.0,0.0,0.0,0.0,0.0,0.0,0.0,0.0,0.0,0.0,0.0,0.0],