{"modelname":"lbd","policy":"nolearning","smax":[5,1],"alpha":0.2,"beta":0.95,"c":1.0,"gamma":1.0,"sigma":3.0,"p0":1.5,"accuracy":1.0e-8,"cost_entry":[0.0,10.0],"value_exit":[0.0,1.0],"cost_merger":[0.0,1.0],"cost_bundling":[0.0,1.0],"entry":true,"exit":true,"mergers":true,"bundling":true,"filename":"a20g100s30","verbose":true,"firms":[1,2,3,4],"rival":[2,1,4,3],"partner":[3,4,1,2],"merger_pairs":[1,2,1,2,3,4,4,3],"outcomes":[1,0,1,0,1,0,0,0,0,0,1,0,1,0,1,0,0,0,1,0,0,1,0,0,1,0,0,0,1,1,0,0,0,0,1,0,0,0,0,0,1,1,1,1,2],"ownership":[0,3,0,3,0,0,4,4,0,1,0,1,0,0,2,2],"S":[1,1,1,1,1,1,1,1,1,1,1,1,1,1,0,0,0,1,0,1,0,1,0,1,1,1,1,1,1,1,1,1,1,1,1,1,1,1,1,1,1,1,0,0,0,0,1,0,1,0,1,1,1,1,1,1,0,1,1,0,0,1,1,1,1,0,1,3,1,3,0,0,1,0,0,0,0,1,1,0,0,0,1,1],"ms":14,"mc":[0.5956373436127806,0.5956373436127806,0.5956373436127806,0.5956373436127806,0.5956373436127806,0.5956373436127806,0.5956373436127806,0.5956373436127806,0.5956373436127806,0.5956373436127806,0.5956373436127806,0.5956373436127806,0.5956373436127806,0.5956373436127806,0.0,0.0,0.0,0.5956373436127806,0.0,0.5956373436127806,0.0,0.5956373436127806,0.0,0.5956373436127806,0.5956373436127806,0.5956373436127806,0.5956373436127806,0.5956373436127806,1.0,1.0,1.0,1.0,1.0,1.0,1.0,1.0,1.0,1.0,1.0,1.0,1.0,1.0,0.0,0.0,0.0,0.0,1.0,0.0,1.0,0.0,1.0,1.0,1.0,1.0,1.0,1.0],"P":[1.3910996549883412,1.3910996549855026,1.1549850338497811,1.1716697953469044,1.3910996549915677,1.1716697953410697,1.3910996549872996,1.1549850338514527,1.1549850338497811,1.1716697953456623,1.1716697953445252,1.1716697953460384,0.9933578457995474,0.9138371190408071,0.0,0.0,0.0,1.1716697924493926,0.0,1.1716697924512134,0.0,1.1912746872255613,0.0,1.1716697924538642,1.1716697924491606,1.171669792454694,1.0898754709567977,0.9138371178431336,1.5887495360884663,1.5887495360878596,1.5593476902370003,1.5887495360849015,1.500000001021927,1.5887495360845771,1.5000000010220256,1.5593476902386723,1.5593476902370003,1.5000000010204826,1.5000000010207184,1.5000000010200387,1.397720502186767,1.3181997754280266,0.0,0.0,0.0,0.0,1.500000005867251,0.0,1.5000000058716711,0.0,2.0,1.5000000058706469,1.5000000058728904,1.5000000058707355,1.4942381393706368,1.318199774230353],"V":[6.473074346393635,7.613613691213979,6.585577334758376,3.439609150153258,6.894448043170726,5.828744653349396,7.10815841908873,5.899458889911413,5.899458832258063,3.9423686551353234,5.072389319241203,4.8539664355403,4.621059578256218,3.030652979033996,0.0,0.0,0.0,3.439609152221444,0.0,2.419752866964827,0.0,1.9453995386863001,0.0,3.942368656298749,3.567314673106508,4.8539664532797,3.2180850843333833,3.0306529894053047,5.068555401433493,4.976400127961635,6.585577334758376,5.875077792334461,3.0162479220287475,4.989966597478478,3.9587728420682824,5.899458889911413,5.899458832258063,3.623573720470237,3.551745050459014,3.3333221667509565,4.621059578256218,3.030652979033996,0.0,0.0,0.0,0.0,3.0162479201577264,0.0,2.343160259546366,0.0,1.9453994509544743,3.623573719410092,3.3750308032312177,3.3333221505820294,3.2180849701749725,3.0306529894053047],"D":[0.5809564720152347,0.5809564720173079,0.7020338698624091,0.42132889191975453,0.5809564720128781,0.4213288919249918,0.5809564720159955,0.7020338698603108,0.7020338698624091,0.42132889192304446,0.421328891921371,0.42132889192321105,0.5809452473552318,0.4762200313491966,0.0,0.0,0.0,0.42132889558217085,0.0,0.4213288955777318,0.0,0.0,0.0,0.4213288955782385,0.4213288955810732,0.4213288955778319,0.3255612860614597,0.4762200347713333,0.4338282870123642,0.43382828701281145,0.7020338698624091,0.4338282870149912,0.3333333346077991,0.4338282870152299,0.3333333346092068,0.7020338698603108,0.7020338698624091,0.3333333346098937,0.3333333346104844,0.33333333461021936,0.5809452473552318,0.4762200313491966,0.0,0.0,0.0,0.0,0.333333329762475,0.0,0.333333329759561,0.0,0.0,0.33333332975972985,0.3333333297583125,0.33333332975952257,0.3255612860614597,0.4762200347713333],"Q":[0.25203535108311587,0.2520353510842751,0.7020338698624091,0.18278439145147138,0.19365215807803518,0.1827843914538442,0.1936521580798921,0.7020338698603108,0.7020338698624091,0.14044296451219998,0.14044296451189103,0.14044296451239263,0.5809452473552318,0.4762200313491966,0.0,0.0,0.0,0.0,0.0,0.0,0.0,0.0,0.0,0.14044296368708384,0.14044296368743153,0.14044296368686085,0.3255612860614597,0.4762200347713333,0.0,0.0,0.0,0.0,0.19365215526311277,0.0,0.19365215526245888,0.0,0.0,0.1404429624686857,0.1404429624675308,0.14044296246865406,0.0,0.0,0.0,0.0,0.0,0.18278439304033134,0.0,0.18278439303850594,0.0,0.0,0.0,0.1404429657305979,0.1404429657317918,0.14044296573059967,0.0,0.0,0.32892112093211884,0.3289211209330328,0.0,0.23854450046828313,0.1936521586717302,0.2385445004711476,0.19365215867364458,0.0,0.0,0.1404429649421588,0.14044296494194916,0.14044296494216435,0.0,0.0,0.0,0.0,0.0,0.2385445025418395,0.0,0.23854450253922585,0.0,0.0,0.0,0.1404429661605567,0.1404429661618499,0.14044296616037139,0.0,0.0,0.18179293592924833,0.18179293592853635,0.0,0.06825950252318849,0.13968117652976392,0.06825950252287977,0.13968117652931464,0.0,0.0,0.05244740436709585,0.0524474043668016,0.05244740436722705,0.0,0.0,0.0,0.0,0.0,0.0,0.13968117449936224,0.0,0.13968117449710207,0.0,0.0,0.0524474036039603,0.05244740360335014,0.05244740360400765,0.0,0.0,0.23725059205551702,0.23725059205415583,0.29796613013759093,0.08908270997488629,0.13968117695799578,0.0890827099743967,0.1396811769575879,0.29796613013968926,0.29796613013759093,0.05244740452766086,0.05244740452740369,0.05244740452772218,0.0934934665833086,0.047559933879470065],"PI":[0.46212897803782976,0.4621289780378298,0.3926810235756815,0.24269911459895785,0.4621289780378297,0.24269911459951637,0.4621289780378299,0.3926810235756813,0.3926810235756815,0.2426991146003296,0.24269911459888657,0.24269911460058405,0.23105383552113826,0.1515331070296421,0.0,0.0,0.0,0.24269911548782305,0.0,0.24269911548603315,0.0,0.0,0.0,0.24269911548744189,0.24269911548709303,0.24269911548755727,0.16090480035872567,0.1515331075482091,0.2554162027205834,0.2554162027205836,0.39268102357568135,0.2554162027205836,0.16666666764454188,0.2554162027205834,0.16666666764527857,0.39268102357568146,0.39268102357568135,0.1666666676451077,0.1666666676454817,0.16666666764512258,0.2310538355211383,0.15153310702964212,0.0,0.0,0.0,0.0,0.16666666683698778,0.0,0.16666666683700418,0.0,0.0,0.1666666668367472,0.16666666683678635,0.16666666683667308,0.16090480427412746,0.15153310754820914],"CS":[0.4795461153343483,0.479546115336261,0.4035918187308716,0.8060633384150422,0.656130920274618,0.806063338416874,0.6561309202755914,0.4035918187285241,0.4035918187308716,0.9826481433536287,0.9826481433552634,0.9826481433532388,0.7899545737477642,1.0152548658051892],"pr_entry":[0.0,0.0,0.0,0.0,0.0,0.0,0.0,0.0,0.0,0.0,0.0,0.0,0.0,0.0,0.08599020841799296,0.060493801736537935,0.048634968310887004,0.0,0.09855919958896295,0.0,0.08918285355932301,0.0,0.08045211273617521,0.0,0.0,0.0,0.0,0.0,0.0,0.0,0.0,0.0,0.0,0.0,0.0,0.0,0.0,0.0,0.0,0.0,0.0,0.0,0.07540617691629518,0.058578986460699686,0.04863496596450197,0.09058932471176827,0.0,0.08437575535746446,0.0,0.0804521096289696,0.0,0.0,0.0,0.0,0.0,0.0],"pr_exit":[0.0,0.0,0.0,0.0,0.0,0.25,0.0,0.25,0.0,0.0,0.0,0.0,0.0,0.0,0.0,0.0,0.0,0.0,0.0,0.0,0.0,0.0,0.0,0.0,0.0,0.0,0.0,0.0,0.0,0.0,0.0,0.0,0.0,0.0,0.25,0.0,0.25,0.0,0.0,0.0,0.0,0.0,0.0,0.0,0.0,0.0,0.0,0.0,0.0,0.0,0.0,0.0,0.0,0.0,0.0,0.0],"pr_merger":[0.25,0.0,0.0,0.25,0.25,0.0,0.0,0.0,0.0,0.25,0.0,0.0,0.0,0.0,0.0,0.0,0.0,0.0,0.0,0.0,0.0,0.0,0.0,0.25,0.25,0.0,0.0,0.0,0.0,0.0,0.0,0.0,0.25,0.0,0.0,0.0,0.0,0.25,0.0,0.0,0.0,0.0,0.0,0.0,0.0,0.25,0.0,0.0,0.0,0.0,0.0,0.25,0.0,0.0,0.0,0.0],"pr_bundling":[0.0,0.1610092315913807,0.0,0.0,0.0,0.23991893933848552,0.18603553749997115,0.0,0.0,0.0,0.1817990117180608,0.0,0.0,0.0,0.0,0.0,0.0,0.0,0.0,0.0,0.0,0.0,0.0,0.0,0.0,0.0,0.0,0.0,0.0,0.1610092315913807,0.0,0.0,0.0,0.23991893933848552,0.18603553749997115,0.0,0.0,0.0,0.1817990117180608,0.0,0.0,0.0,0.0,0.0,0.0,0.0,0.0,0.0,0.0,0.0,0.0,0.0,0.0,0.0,0.0,0.0],