{"modelname":"lbd","policy":"nolearning","smax":[5,1],"alpha":0.2,"beta":0.95,"c":1.0,"gamma":0.0,"sigma":8.0,"p0":1.5,"accuracy":1.0e-8,"cost_entry":[0.0,10.0],"value_exit":[0.0,1.0],"cost_merger":[0.0,1.0],"cost_bundling":[0.0,1.0],"entry":true,"exit":true,"mergers":true,"bundling":true,"filename":"a20g0s80","verbose":true,"firms":[1,2,3,4],"rival":[2,1,4,3],"partner":[3,4,1,2],"merger_pairs":[1,2,1,2,3,4,4,3],"outcomes":[1,0,1,0,1,0,0,0,0,0,1,0,1,0,1,0,0,0,1,0,0,1,0,0,1,0,0,0,1,1,0,0,0,0,1,0,0,0,0,0,1,1,1,1,2],"ownership":[0,3,0,3,0,0,4,4,0,1,0,1,0,0,2,2],"S":[1,1,1,1,1,1,1,1,1,1,1,1,1,1,0,0,0,1,0,1,0,1,0,1,1,1,1,1,1,1,1,1,1,1,1,1,1,1,1,1,1,1,0,0,0,0,1,0,1,0,1,1,1,1,1,1,0,1,1,0,0,1,1,1,1,0,1,3,1,3,0,0,1,0,0,0,0,1,1,0,0,0,1,1],"ms":14,"mc":[0.5956373436127806,0.5956373436127806,0.5956373436127806,0.5956373436127806,0.5956373436127806,0.5956373436127806,0.5956373436127806,0.5956373436127806,0.5956373436127806,0.5956373436127806,0.5956373436127806,0.5956373436127806,0.5956373436127806,0.5956373436127806,0.0,0.0,0.0,0.5956373436127806,0.0,0.5956373436127806,0.0,0.5956373436127806,0.0,0.5956373436127806,0.5956373436127806,0.5956373436127806,0.5956373436127806,0.5956373436127806,1.0,1.0,1.0,1.0,1.0,1.0,1.0,1.0,1.0,1.0,1.0,1.0,1.0,1.0,0.0,0.0,0.0,0.0,1.0,0.0,1.0,0.0,1.0,1.0,1.0,1.0,1.0,1.0],"P":[1.2122345350406185,0.7379270625816475,1.1667822030972141,0.8183904864112967,1.6175584804458996,0.5956373784530455,1.7660476855033451,1.1667822030973296,1.1667822030972141,0.8455923344224741,0.8455623509280666,0.8455473972684395,0.7628866233248615,0.720631246950506,0.0,0.0,0.0,0.8183904851901765,0.0,0.7517169484434391,0.0,1.1912746872255613,0.0,0.8455923327485872,0.845577353591348,0.8455473983631332,0.7951819119384567,0.720631247437454,1.616597217388957,2.0,1.5711448594844333,2.0219211364214504,1.2227531422677722,2.1704103495777036,1.0000000334737305,1.5711448594845487,1.5711448594844333,1.2499549888037436,1.2499250110665492,1.2499100571982151,1.1672492797120808,1.1249939033377254,0.0,0.0,0.0,0.0,1.2227531412732617,0.0,1.156079604578575,0.0,2.0,1.249954990032683,1.2499400137964756,1.249910058462426,1.1995445759078494,1.1249939038246732],"V":[8.801160386744067,4.09360171912871,9.476336773650226,1.6988610365654566,12.28620878565354,2.9006672107893188,9.307089944175578,8.164843803599931,8.164843834951133,2.4990993221567512,2.498949630442878,2.4986503348657,2.0949854908215313,1.2498779990662832,0.0,0.0,0.0,1.6988610389105148,0.0,0.7582221854974919,0.0,0.6180924047079204,0.0,2.4990993388864045,2.4987997407958913,2.4986503239286137,1.4908911737506472,1.2498779941975158,8.801160517392812,14.604142362211075,9.476336773650226,12.28620876673645,1.6988610532120612,12.774617673316195,6.368194997509872,8.164843803599931,8.164843834951133,2.499099331118771,2.4989498991127856,2.4986506027241,2.0949854908215313,1.2498779990662832,0.0,0.0,0.0,0.0,1.6988610529541692,0.0,0.7582221927831322,0.0,0.6180924144446717,2.4990993188361488,2.4987997782996265,2.4986505900933618,1.4908912304006088,1.2498779941975158],"D":[0.7972744663380493,0.8905706692819457,0.8905706692819457,0.4388406796770312,0.8776813636460359,0.6940732310773507,0.8931998600891731,0.8905706692817656,0.8905706692819457,0.49990995543857497,0.49993999108426335,0.4999100256739578,0.6263063128841726,0.4999756120596506,0.0,0.0,0.0,0.4388406839640487,0.0,0.19912662229210865,0.0,0.0,0.0,0.4999099621329164,0.499879991234189,0.49991002129597106,0.3735735441912256,0.4999756081642563,0.7972744663380493,0.8905706692819457,0.8905706692819457,0.8776813636410798,0.4388406800772917,0.8931998533694594,0.6940732376785448,0.8905706692817656,0.8905706692819457,0.4999099612431814,0.4999399912175292,0.49991002601293133,0.6263063128841726,0.4999756120596506,0.0,0.0,0.0,0.0,0.4388406835687441,0.0,0.19912662241062828,0.0,0.0,0.49990995632831,0.4998799911009232,0.49991002095699755,0.3735735441912256,0.4999756081642563],"Q":[0.7972744663380493,0.8905706692819457,0.8905706692819457,0.4388406796770312,0.4388406800772917,0.6940732310773507,0.6940732376785448,0.8905706692817656,0.8905706692819457,0.2499549789480053,0.24998499647144495,0.24995501410096235,0.6263063128841726,0.4999756120596506,0.0,0.0,0.0,0.0,0.0,0.0,0.0,0.0,0.0,0.24995497983774034,0.2499249964881048,0.24995500938400209,0.3735735441912256,0.4999756081642563,0.0,0.0,0.0,0.0,0.4388406835687441,0.0,0.19912662241062828,0.0,0.0,0.24995497649056964,0.2499549946128184,0.24995501157299543,0.0,0.0,0.0,0.0,0.0,0.4388406839640487,0.0,0.19912662229210865,0.0,0.0,0.0,0.24995498229517607,0.24995499474608424,0.24995501191196898,0.0,0.0,0.0,0.0,0.0,0.0,0.0,0.0,0.0,0.0,0.0,0.0,0.0,0.0,0.0,0.0,0.0,0.0,0.0,0.0,0.0,0.0,0.0,0.0,0.0,0.0,0.0,0.0,0.0,0.0,0.0,0.0,0.0,0.0,0.0,0.0,0.0,0.0,0.0,0.0,0.0,0.0,0.0,0.0,0.0,0.0,0.0,0.0,0.0,0.0,0.0,0.0,0.0,0.0,0.0,0.0,0.0,0.0,0.2027255336619506,0.10942933071805429,0.10942933071805429,0.12231863635892024,0.12231863635396421,0.10680014663054069,0.10680013991082694,0.10942933071823434,0.10942933071805429,0.00018008242850872636,0.00018001768154765263,0.00017995303007123232,0.00012014292460184264,4.8779776093100486e-5],"PI":[0.4915971967411695,0.12671905025404376,0.5086448597679948,0.0977531405858956,0.896921136914399,2.4181695227477454e-8,1.0454103536235735,0.5086448597679948,0.5086448597679948,0.12495498831732325,0.12494750592893854,0.12493254133918061,0.10474927970900698,0.06249390332500401,0.0,0.0,0.0,0.09775314100496499,0.0,0.031079604518616095,0.0,0.0,0.0,0.1249549891538146,0.12494000999715937,0.12493254079232603,0.07454457161353097,0.06249390308156562,0.4915972174393068,0.8905706692819457,0.5086448597679946,0.8969211365480206,0.09775314044214287,1.0454103526249026,2.3233220473489198e-8,0.5086448597679946,0.5086448597679946,0.12495498876541927,0.12494750783765149,0.12493254319485288,0.10474927970900698,0.06249390332500407,0.0,0.0,0.0,0.0,0.0977531407834432,0.0,0.031079604486918086,0.0,0.0,0.1249549881512817,0.12494001187234682,0.1249325425633159,0.07454457444603034,0.06249390308156556],"CS":[0.1994877832140327,0.2765595399555245,0.2765595399555245,0.26264073319604186,0.2626407332011067,0.2795994974389808,0.27959950530380384,0.2765595399553189,0.2765595399555245,1.0777619844669046,1.0778069351347628,1.0778518356468245,1.128353560694628,1.241024344415547],"pr_entry":[0.0,0.0,0.0,0.0,0.0,0.0,0.0,0.0,0.0,0.0,0.0,0.0,0.0,0.0,0.042471526362268794,0.01895555395808881,0.015452309578408074,0.0,0.062477482887699734,0.0,0.0624699929157561,0.0,0.037272279003608313,0.0,0.0,0.0,0.0,0.0,0.0,0.0,0.0,0.0,0.0,0.0,0.0,0.0,0.0,0.0,0.0,0.0,0.0,0.0,0.042471526713360054,0.018955554140229775,0.015452309821826826,0.062477482386443885,0.0,0.06246999385334947,0.0,0.037272280419857334,0.0,0.0,0.0,0.0,0.0,0.0],"pr_exit":[0.0,0.0,0.0,0.0,0.0,0.25,0.0,0.25,0.0,0.0,0.0,0.0,0.0,0.0,0.0,0.0,0.0,0.0,0.0,0.06044446041911189,0.0,0.09547690421591923,0.0,0.0,0.0,0.0,0.0,0.0,0.0,0.0,0.0,0.0,0.0,0.0,0.25,0.0,0.25,0.0,0.0,0.0,0.0,0.0,0.0,0.0,0.0,0.0,0.0,0.0,0.060444458597702255,0.0,0.09547690178173174,0.0,0.0,0.0,0.0,0.0],"pr_merger":[0.25,0.0,0.0,0.25,0.25,0.0,0.0,0.0,0.0,0.0,0.0,0.0,0.0,0.0,0.0,0.0,0.0,0.0,0.0,0.0,0.0,0.0,0.0,0.0,0.0,0.0,0.0,0.0,0.0,0.0,0.0,0.0,0.25,0.0,0.0,0.0,0.0,0.0,0.0,0.0,0.0,0.0,0.0,0.0,0.0,0.25,0.0,0.0,0.0,0.0,0.0,0.0,0.0,0.0,0.0,0.0],"pr_bundling":[0.0,0.07231635706821504,0.0,0.0,0.0,0.23469153026244238,0.2346915328278094,0.0,0.0,0.0,0.0,0.0,0.0,0.0,0.0,0.0,0.0,0.0,0.0,0.0,0.0,0.0,0.0,0.0,0.0,0.0,0.0,0.0,0.0,0.07231635706821504,0.0,0.0,0.0,0.23469153026244238,0.2346915328278094,0.0,0.0,0.0,0.0,0.0,0.0,0.0,0.0,0.0,0.0,0.0,0.0,0.0,0.0,0.0,0.0,0.0,0.0,0.0,0.0,0.0],"active_firms":[true,true,true,true,true,true,true,true,true,true,true,true,true,true,false,false,false,true,false,true,false,true,false,true,true,true,true,true,true,true,true,true,true,true,true,true,true,true,true,true,true,true,false,false,false,false,true,false,true,false,true,true,true,true,true,true,true,true,true,true,true,true,true,true,true,true,true,true,true,true],