{"modelname":"lbd","policy":"nolearning","smax":[5,1],"alpha":0.2,"beta":0.95,"c":1.0,"gamma":1.0,"sigma":8.0,"p0":1.5,"accuracy":1.0e-8,"cost_entry":[0.0,10.0],"value_exit":[0.0,1.0],"cost_merger":[0.0,1.0],"cost_bundling":[0.0,1.0],"entry":true,"exit":true,"mergers":true,"bundling":true,"filename":"a20g100s80","verbose":true,"firms":[1,2,3,4],"rival":[2,1,4,3],"partner":[3,4,1,2],"merger_pairs":[1,2,1,2,3,4,4,3],"outcomes":[1,0,1,0,1,0,0,0,0,0,1,0,1,0,1,0,0,0,1,0,0,1,0,0,1,0,0,0,1,1,0,0,0,0,1,0,0,0,0,0,1,1,1,1,2],"ownership":[0,3,0,3,0,0,4,4,0,1,0,1,0,0,2,2],"S":[1,1,1,1,1,1,1,1,1,1,1,1,1,1,0,0,0,1,0,1,0,1,0,1,1,1,1,1,1,1,1,1,1,1,1,1,1,1,1,1,1,1,0,0,0,0,1,0,1,0,1,1,1,1,1,1,0,1,1,0,0,1,1,1,1,0,1,3,1,3,0,0,1,0,0,0,0,1,1,0,0,0,1,1],"ms":14,"mc":[0.5956373436127806,0.5956373436127806,0.5956373436127806,0.5956373436127806,0.5956373436127806,0.5956373436127806,0.5956373436127806,0.5956373436127806,0.5956373436127806,0.5956373436127806,0.5956373436127806,0.5956373436127806,0.5956373436127806,0.5956373436127806,0.0,0.0,0.0,0.5956373436127806,0.0,0.5956373436127806,0.0,0.5956373436127806,0.0,0.5956373436127806,0.5956373436127806,0.5956373436127806,0.5956373436127806,0.5956373436127806,1.0,1.0,1.0,1.0,1.0,1.0,1.0,1.0,1.0,1.0,1.0,1.0,1.0,1.0,0.0,0.0,0.0,0.0,1.0,0.0,1.0,0.0,1.0,1.0,1.0,1.0,1.0,1.0],"P":[1.3068326000856403,1.3068326000835062,1.1667822030972141,0.8449784187484839,1.3068326000847388,0.8449784187483634,1.3068326000852484,1.1667822030973296,1.1667822030972141,0.8449784187485297,0.8449784187473545,0.8449784187471288,0.7628866233248615,0.720631246950506,0.0,0.0,0.0,0.8449784196995562,0.0,0.8449784196989164,0.0,1.1912746872255613,0.0,0.8449784196989678,0.8449784196983657,0.8449784196990171,0.7951819119384567,0.720631247437454,1.4009925034691182,1.4009925034690425,1.5711448594844333,1.4009925034689965,1.2364633310133095,1.400992503468529,1.2364633310125928,1.5711448594845487,1.5711448594844333,1.236463331012907,1.2364633310128923,1.2364633310130366,1.1672492797120808,1.1249939033377254,0.0,0.0,0.0,0.0,1.2364633322848093,0.0,1.2364633322837404,0.0,2.0,1.2364633322845788,1.2364633322851566,1.2364633322842702,1.1995445759078494,1.1249939038246732],"V":[9.290785978599432,11.222385600909341,9.476342642072135,2.259528511347279,10.643881983955403,7.050149026283962,9.71009113786185,8.164849139697447,8.164849170751722,2.4868205777959647,2.48682090999466,2.4868208996978662,2.0949854128981475,1.2498779417059311,0.0,0.0,0.0,2.259528509563285,0.0,0.9052481631091098,0.0,0.6180920127887485,0.0,2.4868205683672024,2.486820531646789,2.4868208902541875,1.4908909271362167,1.2498779368371626,7.036037858746159,6.920403474306457,9.476342642072135,9.273456481164803,1.9661413397209972,7.425365816113125,5.255958068506383,8.164849139697447,8.164849170751722,2.229265964542588,2.2292659352624926,2.229265924957678,2.0949854128981475,1.2498779417059311,0.0,0.0,0.0,0.0,1.9661413376245966,0.0,0.8770325979084208,0.0,0.6180920218637443,2.2292659538527593,2.229265917667357,2.2292659142709335,1.490890982189818,1.2498779368371626],"D":[0.8242395476847508,0.824239547687224,0.8905706692819457,0.498678667536948,0.8242395476857953,0.4986786675359157,0.8242395476852051,0.8905706692817656,0.8905706692819457,0.4986786675356853,0.4986786675368381,0.4986786675385855,0.6263063128841726,0.4999756120596506,0.0,0.0,0.0,0.49867866374271175,0.0,0.4986786637437519,0.0,0.0,0.0,0.4986786637439803,0.4986786637428459,0.49867866374109426,0.3735735441912256,0.4999756081642563,0.6882734753354823,0.6882734753356129,0.8905706692819457,0.6882734753356909,0.47137681132883724,0.6882734753364932,0.4713768113283654,0.8905706692817656,0.8905706692819457,0.4713768113292291,0.47137681133028597,0.47137681132842196,0.6263063128841726,0.4999756120596506,0.0,0.0,0.0,0.0,0.471376806533992,0.0,0.47137680653484926,0.0,0.0,0.4713768065337368,0.47137680653255803,0.4713768065345826,0.3735735441912256,0.4999756081642563],"Q":[0.5673022179939297,0.5673022179957393,0.8905706692819457,0.34322729958142706,0.38852740975925354,0.3432272995811164,0.38852740975858613,0.8905706692817656,0.8905706692819457,0.2350655601808801,0.2350655601819506,0.23506556018184468,0.6263063128841726,0.4999756120596506,0.0,0.0,0.0,0.0,0.0,0.0,0.0,0.0,0.0,0.2350655560021486,0.2350655560010261,0.23506555600120996,0.3735735441912256,0.4999756081642563,0.0,0.0,0.0,0.0,0.388527405807152,0.0,0.38852740580758055,0.0,0.0,0.23506555778947041,0.23506555778942606,0.23506555779125926,0.0,0.0,0.0,0.0,0.0,0.3432272969699545,0.0,0.3432272969710707,0.0,0.0,0.0,0.23506555839355825,0.23506555839355064,0.23506555839179535,0.0,0.0,0.25693732969082117,0.2569373296914847,0.0,0.15545136795552095,0.04718473211938983,0.1554513679547993,0.04718473211903839,0.0,0.0,0.028547549565334805,0.02854754956546147,0.028547549565481566,0.0,0.0,0.0,0.0,0.0,0.15545136677275725,0.0,0.15545136677268123,0.0,0.0,0.0,0.028547549348273405,0.028547549348269138,0.028547549348088928,0.0,0.0,0.12097125734155272,0.12097125733987353,0.0,0.0018188787843094682,0.08284940156958369,0.0018188787843060716,0.08284940156977928,0.0,0.0,0.0012456927547907601,0.0012456927547847187,0.001245692754781909,0.0,0.0,0.0,0.0,0.0,0.0,0.08284940072684001,0.0,0.08284940072726872,0.0,0.0,0.0012456927421178583,0.0012456927421059178,0.0012456927421133797,0.0,0.0,0.05478919497369636,0.05478919497290255,0.10942933071805429,0.0008237899360307266,0.01006165001778094,0.0008237899360261062,0.010061650017747,0.10942933071823434,0.10942933071805429,0.00015128322342585428,0.00015128322342510285,0.00015128322342493632,0.00012014292460184264,4.8779776093100486e-5],"PI":[0.5861952565107302,0.5861952565107301,0.5086448597679948,0.12434107511090253,0.58619525651073,0.12434107511058508,0.5861952565107302,0.5086448597679948,0.5086448597679948,0.12434107511061056,0.12434107511031191,0.12434107511063504,0.10474927970900698,0.06249390332500401,0.0,0.0,0.0,0.12434107463912307,0.0,0.12434107463906335,0.0,0.0,0.0,0.12434107463914593,0.12434107463856285,0.12434107463845091,0.07454457161353097,0.06249390308156562,0.2759925039461654,0.27599250394616565,0.5086448597679946,0.2759925039461653,0.1114633309692492,0.2759925039461653,0.11146333096879975,0.5086448597679946,0.5086448597679946,0.11146333096915209,0.11146333096939509,0.11146333096902236,0.10474927970900698,0.06249390332500407,0.0,0.0,0.0,0.0,0.11146333043479963,0.0,0.11146333043449846,0.0,0.0,0.11146333043463064,0.11146333043462424,0.11146333043468515,0.07454457444603034,0.06249390308156556],"CS":[0.3630327845602457,0.3630327845620567,0.2765595399555245,0.8876993740696291,0.5748780137609888,0.8876993740703303,0.5748780137614102,0.2765595399553189,0.2765595399555245,1.099544603270115,1.0995446032707359,1.0995446032708733,1.128353560694628,1.241024344415547],"pr_entry":[0.0,0.0,0.0,0.0,0.0,0.0,0.0,0.0,0.0,0.0,0.0,0.0,0.0,0.0,0.056488213641509,0.022631202977636853,0.01545229926474877,0.0,0.062170512992843395,0.0,0.06217051202653205,0.0,0.03727227251375488,0.0,0.0,0.0,0.0,0.0,0.0,0.0,0.0,0.0,0.0,0.0,0.0,0.0,0.0,0.0,0.0,0.0,0.0,0.0,0.04915353444554123,0.021925813860201007,0.015452299490752977,0.055731647984687396,0.0,0.055731647032440136,0.0,0.037272273887994416,0.0,0.0,0.0,0.0,0.0,0.0],"pr_exit":[0.0,0.0,0.0,0.0,0.0,0.25,0.0,0.25,0.0,0.0,0.0,0.0,0.0,0.0,0.0,0.0,0.0,0.0,0.0,0.023687970223631505,0.0,0.0954770073525123,0.0,0.0,0.0,0.0,0.0,0.0,0.0,0.0,0.0,0.0,0.0,0.0,0.25,0.0,0.25,0.0,0.0,0.0,0.0,0.0,0.0,0.0,0.0,0.0,0.0,0.0,0.0307418613979899,0.0,0.09547700509247023,0.0,0.0,0.0,0.0,0.0],"pr_merger":[0.25,0.0,0.0,0.25,0.25,0.0,0.0,0.0,0.0,7.971543902751677e-8,0.0,0.0,0.0,0.0,0.0,0.0,0.0,0.0,0.0,0.0,0.0,0.0,0.0,8.474507340316961e-8,9.347659013503318e-8,0.0,0.0,0.0,0.0,0.0,0.0,0.0,0.25,0.0,0.0,0.0,0.0,8.2387889177582e-8,0.0,0.0,0.0,0.0,0.0,0.0,0.0,0.25,0.0,0.0,0.0,0.0,0.0,8.207262325310438e-8,0.0,0.0,0.0,0.0],