{"modelname":"lbd","policy":"nolearning","smax":[5,1],"alpha":0.2,"beta":0.95,"c":1.0,"gamma":0.0,"sigma":4.0,"p0":1.5,"accuracy":1.0e-8,"cost_entry":[0.0,10.0],"value_exit":[0.0,1.0],"cost_merger":[0.0,1.0],"cost_bundling":[0.0,1.0],"entry":true,"exit":true,"mergers":true,"bundling":true,"filename":"a20g0s40","verbose":true,"firms":[1,2,3,4],"rival":[2,1,4,3],"partner":[3,4,1,2],"merger_pairs":[1,2,1,2,3,4,4,3],"outcomes":[1,0,1,0,1,0,0,0,0,0,1,0,1,0,1,0,0,0,1,0,0,1,0,0,1,0,0,0,1,1,0,0,0,0,1,0,0,0,0,0,1,1,1,1,2],"ownership":[0,3,0,3,0,0,4,4,0,1,0,1,0,0,2,2],"S":[1,1,1,1,1,1,1,1,1,1,1,1,1,1,0,0,0,1,0,1,0,1,0,1,1,1,1,1,1,1,1,1,1,1,1,1,1,1,1,1,1,1,0,0,0,0,1,0,1,0,1,1,1,1,1,1,0,1,1,0,0,1,1,1,1,0,1,3,1,3,0,0,1,0,0,0,0,1,1,0,0,0,1,1],"ms":14,"mc":[0.5956373436127806,0.5956373436127806,0.5956373436127806,0.5956373436127806,0.5956373436127806,0.5956373436127806,0.5956373436127806,0.5956373436127806,0.5956373436127806,0.5956373436127806,0.5956373436127806,0.5956373436127806,0.5956373436127806,0.5956373436127806,0.0,0.0,0.0,0.5956373436127806,0.0,0.5956373436127806,0.0,0.5956373436127806,0.0,0.5956373436127806,0.5956373436127806,0.5956373436127806,0.5956373436127806,0.5956373436127806,1.0,1.0,1.0,1.0,1.0,1.0,1.0,1.0,1.0,1.0,1.0,1.0,1.0,1.0,0.0,0.0,0.0,0.0,1.0,0.0,1.0,0.0,1.0,1.0,1.0,1.0,1.0,1.0],"P":[1.2406397871333081,0.694415705776894,1.1450265246948375,0.989915733727628,1.5279877922174505,0.5956373687312799,1.7448081835848803,1.1450265246948375,1.1450265246948375,1.0760863833704581,1.06516656046621,1.0616848097396978,0.9181443388532261,0.8424489501315439,0.0,0.0,0.0,0.9899157315667132,0.0,0.9000274300210036,0.0,1.1912746872255613,0.0,1.076086380885698,1.0715488833573192,1.061684806555949,0.9851773703255677,0.8424489490658459,1.6450024503045106,2.0,1.5493891810820566,1.9323504473569173,1.394278388035582,2.1491708515157564,1.0000000293484126,1.5493891810820566,1.5493891810820566,1.4804490465800215,1.4695292254721113,1.4660474746152754,1.3225069952404453,1.2468116065187633,0.0,0.0,0.0,0.0,1.3942783866460637,0.0,1.3043900954719678,0.0,2.0,1.4804490442804144,1.475911548485174,1.4660474720943157,1.3895400379519176,1.2468116054530651],"V":[6.3344511870208695,5.081441436966181,6.9312548710600925,3.874296184325162,7.584831479020536,3.11939721061078,8.835404669955823,5.901279602686667,5.901279634775403,4.608966433866528,4.5728889982257535,4.490697338041583,3.950127924009587,2.4362261768985265,0.0,0.0,0.0,3.8742961901307216,0.0,3.4278591498174777,0.0,1.590769459249458,0.0,4.6089664558387,4.518216947750391,4.490697364552905,2.7907921055916223,2.4362261871494915,6.334451210079564,8.35256794635608,6.931254871060087,7.584831490032944,3.874296225663628,8.835406275022356,3.119398840101238,5.901279602686666,5.901279634775396,4.608966501020277,4.572890656476659,4.4906998433954755,3.950127924009587,2.4362261768985265,0.0,0.0,0.0,0.0,3.8742962306998607,0.0,3.427859199190792,0.0,1.590769485411116,4.608966521355198,4.518217029616274,4.490699864387711,2.7907921861123377,2.4362261871494915],"D":[0.6124045732024411,0.7724745875968622,0.7724745875968622,0.36593023919405965,0.731860481901043,0.6037663807034929,0.7824518516505605,0.7724745875968622,0.7724745875968622,0.4796534505685502,0.4869668737791163,0.4817869750348941,0.6124115078035135,0.4935408291315998,0.0,0.0,0.0,0.3659302423570356,0.0,0.17868546671887447,0.0,0.0,0.0,0.47965345533584536,0.4746923016910807,0.4817869811704485,0.3582174335037503,0.49354083333932347,0.6124045732024411,0.7724745875968622,0.7724745875968622,0.7318604815510952,0.365930239933588,0.7824518474223674,0.6037663866320606,0.7724745875968622,0.7724745875968622,0.4796534507461685,0.4869668738963745,0.48178697567354023,0.6124115078035135,0.4935408291315998,0.0,0.0,0.0,0.0,0.365930241967455,0.0,0.17868546501849994,0.0,0.0,0.47965345515822705,0.4746923015738225,0.48178698053180236,0.3582174335037503,0.49354083333932347],"Q":[0.6124045732024411,0.7724745875968622,0.7724745875968622,0.36593023919405965,0.365930239933588,0.6037663807034929,0.6037663866320606,0.7724745875968622,0.7724745875968622,0.23982672418126036,0.24659124798487997,0.2408934863028814,0.6124115078035135,0.4935408291315998,0.0,0.0,0.0,0.0,0.0,0.0,0.0,0.0,0.0,0.23982672877093722,0.23431667577958615,0.2408934917997897,0.3582174335037503,0.49354083333932347,0.0,0.0,0.0,0.0,0.365930241967455,0.0,0.17868546501849994,0.0,0.0,0.23982672638728983,0.24037562579423635,0.2408934887320127,0.0,0.0,0.0,0.0,0.0,0.3659302423570356,0.0,0.17868546671887447,0.0,0.0,0.0,0.23982672656490817,0.24037562591149453,0.24089348937065883,0.0,0.0,0.0,0.0,0.0,0.0,0.0,0.0,0.0,0.0,0.0,0.0,0.0,0.0,0.0,0.0,0.0,0.0,0.0,0.0,0.0,0.0,0.0,0.0,0.0,0.0,0.0,0.0,0.0,0.0,0.0,0.0,0.0,0.0,0.0,0.0,0.0,0.0,0.0,0.0,0.0,0.0,0.0,0.0,0.0,0.0,0.0,0.0,0.0,0.0,0.0,0.0,0.0,0.0,0.0,0.0,0.0,0.0,0.3875954267975588,0.2275254124031378,0.2275254124031378,0.2681395184489048,0.2681395180989569,0.21754815257763263,0.21754814834943945,0.2275254124031378,0.2275254124031378,0.04069309409560452,0.038340824529803044,0.03642604379465741,0.0293710586927363,0.01291833752907667],"PI":[0.39500244613872026,0.076303774576217,0.42438918108653967,0.14427838560377484,0.6823504486164673,1.5165705399322162e-8,0.8991708515989993,0.42438918108653967,0.42438918108653967,0.23044903974211656,0.22864517487907124,0.22453559892796468,0.19750699523238174,0.12181160492057257,0.0,0.0,0.0,0.14427838606012383,0.0,0.05439008465445185,0.0,0.0,0.0,0.23044904084073514,0.22591154420268125,0.22453560025353553,0.13954002861603693,0.12181160543312214,0.3950024502932626,0.7724745875968622,0.4243891810865395,0.6823504473770126,0.14427838513448882,0.8991708557724386,1.7719585022282806e-8,0.4243891810865395,0.4243891810865395,0.23044904309981395,0.22864517913114002,0.22453560331518455,0.1975069952323817,0.12181160492057261,0.0,0.0,0.0,0.0,0.1442783854279319,0.0,0.05439008575643416,0.0,0.0,0.23044904411656877,0.225911548295989,0.2245356043647998,0.13954003264208942,0.12181160543312208],"CS":[0.23694829945076012,0.37012333598962455,0.37012333598962455,0.32906196067615623,0.32906196100243035,0.38133376544881914,0.3813337703077355,0.37012333598962455,0.37012333598962455,0.8004242197928111,0.8153100089657221,0.8281178178288395,0.8819363719204683,1.0872768657817478],"pr_entry":[0.0,0.0,0.0,0.0,0.0,0.0,0.0,0.0,0.0,0.0,0.0,0.0,0.0,0.0,0.09685738181707768,0.08569645598294184,0.03976922055041407,0.0,0.11522414249994642,0.0,0.11295540535651868,0.0,0.06976979149935751,0.0,0.0,0.0,0.0,0.0,0.0,0.0,0.0,0.0,0.0,0.0,0.0,0.0,0.0,0.0,0.0,0.0,0.0,0.0,0.09685738283130577,0.08569645721727422,0.03976922120445492,0.11522414413785861,0.0,0.11295540740316538,0.0,0.06976979351237496,0.0,0.0,0.0,0.0,0.0,0.0],"pr_exit":[0.0,0.0,0.0,0.0,0.0,0.25,0.0,0.25,0.0,0.0,0.0,0.0,0.0,0.0,0.0,0.0,0.0,0.0,0.0,0.0,0.0,0.0,0.0,0.0,0.0,0.0,0.0,0.0,0.0,0.0,0.0,0.0,0.0,0.0,0.25,0.0,0.25,0.0,0.0,0.0,0.0,0.0,0.0,0.0,0.0,0.0,0.0,0.0,0.0,0.0,0.0,0.0,0.0,0.0,0.0,0.0],"pr_merger":[0.18648328780137025,0.0,0.0,0.10915530540929774,0.10915530463718426,0.0,0.0,0.0,0.0,0.0,0.0,0.0,0.0,0.0,0.0,0.0,0.0,0.0,0.0,0.0,0.0,0.0,0.0,0.0,0.0,0.0,0.0,0.0,0.0,0.0,0.0,0.0,0.10915530293743259,0.0,0.0,0.0,0.0,0.0,0.0,0.0,0.0,0.0,0.0,0.0,0.0,0.10915530349221314,0.0,0.0,0.0,0.0,0.0,0.0,0.0,0.0,0.0,0.0],"pr_bundling":[0.0,0.1295452150602472,0.0,0.0,0.0,0.0,0.0,0.0,0.0,0.0,0.0,0.0,0.0,0.0,0.0,0.0,0.0,0.0,0.0,0.0,0.0,0.0,0.0,0.0,0.0,0.0,0.0,0.0,0.0,0.1295452150602472,0.0,0.0,0.0,0.0,0.0,0.0,0.0,0.0,0.0,0.0,0.0,0.0,0.0,0.0,0.0,0.0,0.0,0.0,0.0,0.0,0.0,0.0,0.0,0.0,0.0,0.0],"active_firms":[true,true,true,true,true,true,true,true,true,true,true,true,true,true,false,false,false,true,false,true,false,true,false,true,true,true,true,true,true,true,true,true,true,true,true,true,true,true,true,true,true,true,false,false,false,false,true,false,true,false,true,true,true,true,true,true,true,true,true,true,true,true,true,true,true,true,true,true,true,true],