{"modelname":"lbd","policy":"nolearning","smax":[5,1],"alpha":0.2,"beta":0.95,"c":1.0,"gamma":1.0,"sigma":6.0,"p0":1.5,"accuracy":1.0e-8,"cost_entry":[0.0,10.0],"value_exit":[0.0,1.0],"cost_merger":[0.0,1.0],"cost_bundling":[0.0,1.0],"entry":true,"exit":true,"mergers":true,"bundling":true,"filename":"a20g100s60","verbose":true,"firms":[1,2,3,4],"rival":[2,1,4,3],"partner":[3,4,1,2],"merger_pairs":[1,2,1,2,3,4,4,3],"outcomes":[1,0,1,0,1,0,0,0,0,0,1,0,1,0,1,0,0,0,1,0,0,1,0,0,1,0,0,0,1,1,0,0,0,0,1,0,0,0,0,0,1,1,1,1,2],"ownership":[0,3,0,3,0,0,4,4,0,1,0,1,0,0,2,2],"S":[1,1,1,1,1,1,1,1,1,1,1,1,1,1,0,0,0,1,0,1,0,1,0,1,1,1,1,1,1,1,1,1,1,1,1,1,1,1,1,1,1,1,0,0,0,0,1,0,1,0,1,1,1,1,1,1,0,1,1,0,0,1,1,1,1,0,1,3,1,3,0,0,1,0,0,0,0,1,1,0,0,0,1,1],"ms":14,"mc":[0.5956373436127806,0.5956373436127806,0.5956373436127806,0.5956373436127806,0.5956373436127806,0.5956373436127806,0.5956373436127806,0.5956373436127806,0.5956373436127806,0.5956373436127806,0.5956373436127806,0.5956373436127806,0.5956373436127806,0.5956373436127806,0.0,0.0,0.0,0.5956373436127806,0.0,0.5956373436127806,0.0,0.5956373436127806,0.0,0.5956373436127806,0.5956373436127806,0.5956373436127806,0.5956373436127806,0.5956373436127806,1.0,1.0,1.0,1.0,1.0,1.0,1.0,1.0,1.0,1.0,1.0,1.0,1.0,1.0,0.0,0.0,0.0,0.0,1.0,0.0,1.0,0.0,1.0,1.0,1.0,1.0,1.0,1.0],"P":[1.3036547400238154,1.3036547400238154,1.1529577245796392,0.923875952743759,1.3036547400257081,0.9238759527441535,1.3036547400257081,1.1529577245794838,1.1529577245796392,0.9238759527435109,0.9238759527438664,0.9238759527423756,0.8181159755535604,0.7621695601566348,0.0,0.0,0.0,0.923875951033105,0.0,0.9238759510344327,0.0,1.1912746872255613,0.0,0.9238759510314198,0.9238759510343884,0.9238759510314642,0.8612796729701883,0.7621695609974176,1.4261909331784852,1.4261909331783498,1.5573203809668588,1.4261909331782905,1.2955415626881237,1.4261909331807432,1.2955415626883822,1.5573203809667033,1.5573203809668588,1.2955415626869973,1.2955415626884323,1.2955415626870943,1.2224786319407799,1.166532216543854,0.0,0.0,0.0,0.0,1.2955415604146636,0.0,1.2955415604164238,0.0,2.0,1.295541560414816,1.2955415604151441,1.295541560413769,1.2656423370393246,1.166532217384637],"V":[7.828865605148447,9.288708662860746,8.013676993160635,2.470118770986481,8.012720060879344,5.387290156772237,7.656134223854987,6.388392657478184,6.388392681564307,3.2314370605236222,3.2314373855185763,3.231437372810935,2.782904763357962,1.6639771724704602,0.0,0.0,0.0,2.470118774229246,0.0,1.3320939258457982,0.0,0.9592854972532806,0.0,3.2314370768628087,3.231437042716788,3.2314373891395975,1.9795123022947054,1.6639771640829764,5.793201433839664,5.9313420602383875,8.013676993160635,6.7768980478362,2.069031118166003,5.9080898212766435,4.005830739151654,6.388392657478184,6.388392681564307,2.5774966721310295,2.577496588483837,2.577496570374111,2.782904763357962,1.6639771724704602,0.0,0.0,0.0,0.0,2.0690311214717627,0.0,1.2556943653941286,0.0,0.9592855035251189,2.5774966874532734,2.577496655492704,2.5774965857047647,1.9795123447397969,1.6639771640829764],"D":[0.7646008879496918,0.7646008879496919,0.8504749939877324,0.49223929002598943,0.7646008879476479,0.49223929002732775,0.764600887947648,0.8504749939879696,0.8504749939877324,0.4922392900239116,0.49223929002769395,0.49223929002567884,0.6254321926759093,0.4995963238549647,0.0,0.0,0.0,0.49223929507829567,0.0,0.4922392950768784,0.0,0.0,0.0,0.4922392950804621,0.4922392950765274,0.49223929507874503,0.37258995699210223,0.4995963188143405,0.6089389667773977,0.6089389667775914,0.8504749939877324,0.6089389667776762,0.4360635159634183,0.6089389667741718,0.4360635159650453,0.8504749939879696,0.8504749939877324,0.43606351596525444,0.4360635159635111,0.4360635159639169,0.6254321926759093,0.4995963238549647,0.0,0.0,0.0,0.0,0.4360635219116567,0.0,0.4360635219093543,0.0,0.0,0.43606352191014647,0.4360635219112999,0.43606352191180203,0.37258995699210223,0.4995963188143405],"Q":[0.465595274705166,0.46559527470531414,0.8504749939877324,0.2997436846758029,0.333414551507203,0.29974368467489276,0.3334145515084471,0.8504749939879696,0.8504749939877324,0.21464759550406748,0.2146475955048586,0.21464759550417972,0.6254321926759093,0.4995963238549647,0.0,0.0,0.0,0.0,0.0,0.0,0.0,0.0,0.0,0.21464760063535418,0.21464760063420604,0.2146476006354203,0.37258995699210223,0.4995963188143405,0.0,0.0,0.0,0.0,0.33341455605523135,0.0,0.3334145560534709,0.0,0.0,0.21464759843037695,0.21464759843259412,0.21464759843196252,0.0,0.0,0.0,0.0,0.0,0.29974368775234905,0.0,0.2997436877497611,0.0,0.0,0.0,0.21464759770904468,0.2146475977064709,0.2146475977076375,0.0,0.0,0.29900561324452585,0.29900561324437774,0.0,0.19249560535018653,0.09777178038521349,0.19249560535243498,0.09777178038572994,0.0,0.0,0.06294409608946715,0.0629440960902412,0.06294409608953662,0.0,0.0,0.0,0.0,0.0,0.19249560732594662,0.0,0.1924956073271173,0.0,0.0,0.0,0.06294409673606323,0.06294409673585043,0.06294409673568725,0.0,0.0,0.14334369207223166,0.1433436920722773,0.0,0.009451594349524263,0.10264896445621531,0.009451594349517943,0.10264896445659816,0.0,0.0,0.0067683227521422645,0.00676832275218165,0.006768322752099696,0.0,0.0,0.0,0.0,0.0,0.0,0.10264896585642536,0.0,0.10264896585588339,0.0,0.0,0.006768322844415377,0.006768322844499729,0.006768322844419266,0.0,0.0,0.0920554199780765,0.0920554199780309,0.14952500601226762,0.006069820546190624,0.030101181739711356,0.006069820546275885,0.030101181739870357,0.14952500601203042,0.14952500601226762,0.001984769299068601,0.001984769299097243,0.0019847692990572745,0.0019778503319884473,0.0008073573306947285],"PI":[0.5413507299797061,0.5413507299797062,0.47398704765202976,0.16157193991775104,0.5413507299797062,0.1615719399183845,0.5413507299797062,0.4739870476520297,0.47398704765202976,0.16157193991694688,0.16157193991836338,0.1615719399169681,0.1391452985982585,0.08319888318872849,0.0,0.0,0.0,0.16157194073406192,0.0,0.1615719407342502,0.0,0.0,0.0,0.1615719407339435,0.1615719407341132,0.16157194073340175,0.09897566407055836,0.08319888276935415,0.2595242664996017,0.2595242664996018,0.4739870476520299,0.25952426649960186,0.12887489293910623,0.25952426649960186,0.12887489293969975,0.4739870476520299,0.4739870476520299,0.1288748929391577,0.12887489293926824,0.1288748929388047,0.13914529859825855,0.08319888318872844,0.0,0.0,0.0,0.0,0.1288748937056849,0.0,0.12887489370577196,0.0,0.0,0.12887489370530497,0.12887489370578895,0.12887489370533772,0.09897566693276348,0.08319888276935421],"CS":[0.3975607487052857,0.3975607487053683,0.3167152726404008,0.8507377064003365,0.5838651412570752,0.8507377063979953,0.583865141256195,0.31671527264066546,0.3167152726404008,1.0370420989548308,1.0370420989524256,1.037042098955782,1.0376241191633209,1.1869573664552437],"pr_entry":[0.0,0.0,0.0,0.0,0.0,0.0,0.0,0.0,0.0,0.0,0.0,0.0,0.0,0.0,0.06175296969816797,0.033302346089926195,0.023982135468991764,0.0,0.08078592463497009,0.0,0.08078592373638607,0.0,0.04948780626905651,0.0,0.0,0.0,0.0,0.0,0.0,0.0,0.0,0.0,0.0,0.0,0.0,0.0,0.0,0.0,0.0,0.0,0.0,0.0,0.05172577885700225,0.031392357119321125,0.02398213561635154,0.06443741562494647,0.0,0.06443741478386604,0.0,0.04948780731071141,0.0,0.0,0.0,0.0,0.0,0.0],"pr_exit":[0.0,0.0,0.0,0.0,0.0,0.25,0.0,0.25,0.0,0.0,0.0,0.0,0.0,0.0,0.0,0.0,0.0,0.0,0.0,0.0,0.0,0.010178645310082363,0.0,0.0,0.0,0.0,0.0,0.0,0.0,0.0,0.0,0.0,0.0,0.0,0.25,0.0,0.25,0.0,0.0,0.0,0.0,0.0,0.0,0.0,0.0,0.0,0.0,0.0,0.0,0.0,0.010178643836484591,0.0,0.0,0.0,0.0,0.0],"pr_merger":[0.25,0.0,0.0,0.25,0.25,0.0,0.0,0.0,0.0,6.351217041178359e-8,0.0,0.0,0.0,0.0,0.0,0.0,0.0,0.0,0.0,0.0,0.0,0.0,0.0,5.5596830472737224e-8,7.279895819500837e-8,0.0,0.0,0.0,0.0,0.0,0.0,0.0,0.25,0.0,0.0,0.0,0.0,5.968161786995552e-8,0.0,0.0,0.0,0.0,0.0,0.0,0.0,0.25,0.0,0.0,0.0,0.0,0.0,5.9427383014565294e-8,0.0,0.0,0.0,0.0],