{"modelname":"lbd","policy":"nolearning","smax":[5,1],"alpha":0.2,"beta":0.95,"c":1.0,"gamma":0.0,"sigma":2.0,"p0":1.5,"accuracy":1.0e-8,"cost_entry":[0.0,10.0],"value_exit":[0.0,1.0],"cost_merger":[0.0,1.0],"cost_bundling":[0.0,1.0],"entry":true,"exit":true,"mergers":true,"bundling":true,"filename":"a20g0s20","verbose":true,"firms":[1,2,3,4],"rival":[2,1,4,3],"partner":[3,4,1,2],"merger_pairs":[1,2,1,2,3,4,4,3],"outcomes":[1,0,1,0,1,0,0,0,0,0,1,0,1,0,1,0,0,0,1,0,0,1,0,0,1,0,0,0,1,1,0,0,0,0,1,0,0,0,0,0,1,1,1,1,2],"ownership":[0,3,0,3,0,0,4,4,0,1,0,1,0,0,2,2],"S":[1,1,1,1,1,1,1,1,1,1,1,1,1,1,0,0,0,1,0,1,0,1,0,1,1,1,1,1,1,1,1,1,1,1,1,1,1,1,1,1,1,1,0,0,0,0,1,0,1,0,1,1,1,1,1,1,0,1,1,0,0,1,1,1,1,0,1,3,1,3,0,0,1,0,0,0,0,1,1,0,0,0,1,1],"ms":14,"mc":[0.5956373436127806,0.5956373436127806,0.5956373436127806,0.5956373436127806,0.5956373436127806,0.5956373436127806,0.5956373436127806,0.5956373436127806,0.5956373436127806,0.5956373436127806,0.5956373436127806,0.5956373436127806,0.5956373436127806,0.5956373436127806,0.0,0.0,0.0,0.5956373436127806,0.0,0.5956373436127806,0.0,0.5956373436127806,0.0,0.5956373436127806,0.5956373436127806,0.5956373436127806,0.5956373436127806,0.5956373436127806,1.0,1.0,1.0,1.0,1.0,1.0,1.0,1.0,1.0,1.0,1.0,1.0,1.0,1.0,0.0,0.0,0.0,0.0,1.0,0.0,1.0,0.0,1.0,1.0,1.0,1.0,1.0,1.0],"P":[1.412138761421532,0.8168423397844242,1.2062398416986024,1.2706788800823448,1.6342955137053918,0.5956373832423254,1.8983610796677273,1.2062398417004583,1.2062398416986024,1.387200438266059,1.3028328446900825,1.3051352236907054,1.1032238872987223,1.0315517866986172,0.0,0.0,0.0,1.2706788915330476,0.0,1.1810225924826028,0.0,1.1912746872255613,0.0,1.3872004409794918,1.375257828426175,1.3051352254311084,1.2708756915020842,1.0315517889630494,1.8165014272381959,2.0,1.6106024980858216,2.0386581625476725,1.6750415381496895,2.3027237327326477,1.0000000344754214,1.6106024980876779,1.6106024980858216,1.7915631142543174,1.7071955118423086,1.709497899462961,1.5075865436859415,1.4359144430858364,0.0,0.0,0.0,0.0,1.6750415365188804,0.0,1.5853852530436483,0.0,2.0,1.7915631073589802,1.7796204960622473,1.7094978960813645,1.6752383619066227,1.4359144453502686],"V":[6.234265578128059,5.694121912323607,5.984054395686627,4.9525025829605855,7.264988991790042,4.215980272145026,8.602062848039093,5.412150489574344,5.41215050307752,5.7149289082641035,5.800748850731651,5.642453423757571,4.355717080779109,3.7182800139801078,0.0,0.0,0.0,4.952502579957857,0.0,4.537117516675508,0.0,2.2602111345661062,0.0,5.71492890569167,5.600683232482463,5.642453417958269,3.5868316901722936,3.718279999616184,6.234265612575356,7.426361549578448,5.984054395686627,7.264989023948688,4.952502625258932,8.60206398686051,4.215981419920602,5.412150489574344,5.41215050307752,5.714928993364322,5.800750055903203,5.642454655439226,4.355717080779109,3.7182800139801078,0.0,0.0,0.0,0.0,4.952502627061913,0.0,4.5371175590244475,0.0,2.260211163455656,5.714928999901345,5.600683310271543,5.642454666707269,3.5868317629277646,3.718279999616184],"D":[0.38763119191500817,0.5905683308066744,0.5905683308066744,0.2593048382768708,0.5186096692750014,0.4703271853756182,0.616188777351688,0.5905683308048792,0.5905683308066744,0.36833841786596444,0.4145656223165779,0.39763813279613447,0.50747315977695,0.42649296444327117,0.0,0.0,0.0,0.2593048323384254,0.0,0.14586159215403538,0.0,0.0,0.0,0.3683384158670413,0.35866231223800554,0.3976381314120335,0.25952072837068957,0.42649296058021363,0.38763119191500817,0.5905683308066744,0.5905683308066744,0.5186096706152962,0.25930483421462397,0.6161887775296535,0.4703271873168131,0.5905683308048792,0.5905683308066744,0.36833841432668535,0.4145656225026617,0.3976381307594322,0.50747315977695,0.42649296444327117,0.0,0.0,0.0,0.0,0.25930483506037744,0.0,0.14586159003487487,0.0,0.0,0.3683384194063204,0.3586623120519218,0.3976381334487358,0.25952072837068957,0.42649296058021363],"Q":[0.38763119191500817,0.5905683308066744,0.5905683308066744,0.2593048382768708,0.25930483421462397,0.4703271853756182,0.4703271873168131,0.5905683308048792,0.5905683308066744,0.1841692076630735,0.22226907177490657,0.19881906572574132,0.50747315977695,0.42649296444327117,0.0,0.0,0.0,0.0,0.0,0.0,0.0,0.0,0.0,0.18416920920342947,0.1663657615102504,0.1988190663783426,0.25952072837068957,0.42649296058021363,0.0,0.0,0.0,0.0,0.25930483506037744,0.0,0.14586159003487487,0.0,0.0,0.18416921020289093,0.19229655054167136,0.19881906707039315,0.0,0.0,0.0,0.0,0.0,0.2593048323384254,0.0,0.14586159215403538,0.0,0.0,0.0,0.18416920666361186,0.19229655072775514,0.19881906503369093,0.0,0.0,0.0,0.0,0.0,0.0,0.0,0.0,0.0,0.0,0.0,0.0,0.0,0.0,0.0,0.0,0.0,0.0,0.0,0.0,0.0,0.0,0.0,0.0,0.0,0.0,0.0,0.0,0.0,0.0,0.0,0.0,0.0,0.0,0.0,0.0,0.0,0.0,0.0,0.0,0.0,0.0,0.0,0.0,0.0,0.0,0.0,0.0,0.0,0.0,0.0,0.0,0.0,0.0,0.0,0.0,0.0,0.0,0.6123688080849918,0.4094316691933255,0.4094316691933255,0.48139032938470383,0.48139033072499865,0.38381122247034644,0.383811222648312,0.4094316691951207,0.4094316691933255,0.26332316626699426,0.22677206544541662,0.2047237357918321,0.23300611185236045,0.14701407497651525],"PI":[0.31650141778550034,0.13063666535518434,0.36060249808092937,0.1750415364444107,0.5386581700815073,1.8638852243225975e-8,0.8027237461467206,0.36060249808092926,0.36060249808092937,0.2915630979256752,0.2931789430035958,0.28212341225700177,0.2575865471845657,0.18591444307531607,0.0,0.0,0.0,0.17504153540493597,0.0,0.0853852244236385,0.0,0.0,0.0,0.29156309734286295,0.2796204857512869,0.2821234119670356,0.17523834786805315,0.18591444235711788,0.3165014214406472,0.5905683308066744,0.3606024980809292,0.5386581675607371,0.17504153413789,0.8027237443313973,1.6214727981706662e-8,0.36060249808092937,0.3606024980809292,0.2915631023439281,0.2931789475979951,0.2821234185201954,0.2575865471845656,0.18591444307531596,0.0,0.0,0.0,0.0,0.17504153428593205,0.0,0.08538522379191411,0.0,0.0,0.29156310382496226,0.27962048964075176,0.2821234190835989,0.175238351505838,0.1859144423571178],"CS":[0.2452102751935219,0.4464926268045608,0.4464926268045608,0.3655384211793078,0.3655384197871996,0.4788022277117272,0.4788022274798873,0.44649262680236834,0.4464926268045608,0.6671866160236051,0.7419049414722276,0.7930469194989023,0.7283452973172282,0.9586134743237009],"pr_entry":[0.0,0.0,0.0,0.0,0.0,0.0,0.0,0.0,0.0,0.0,0.0,0.0,0.0,0.0,0.12381254256993761,0.11342791557485296,0.056505262416940386,0.0,0.1428732038916872,0.0,0.1400170620360333,0.0,0.0896707806128256,0.0,0.0,0.0,0.0,0.0,0.0,0.0,0.0,0.0,0.0,0.0,0.0,0.0,0.0,0.0,0.0,0.0,0.0,0.0,0.12381254374753858,0.11342791663357603,0.05650526313917871,0.14287320624692884,0.0,0.14001706398076003,0.0,0.08967078243171209,0.0,0.0,0.0,0.0,0.0,0.0],"pr_exit":[0.0,0.0,0.0,0.0,0.0,0.25,0.0,0.25,0.0,0.0,0.0,0.0,0.0,0.0,0.0,0.0,0.0,0.0,0.0,0.0,0.0,0.0,0.0,0.0,0.0,0.0,0.0,0.0,0.0,0.0,0.0,0.0,0.0,0.0,0.25,0.0,0.25,0.0,0.0,0.0,0.0,0.0,0.0,0.0,0.0,0.0,0.0,0.0,0.0,0.0,0.0,0.0,0.0,0.0,0.0,0.0],"pr_merger":[0.16137647687068313,0.0,0.0,0.1356868328059646,0.13568683268601323,0.0,0.0,0.0,0.0,0.04291024996745696,0.0,0.0,0.0,0.0,0.0,0.0,0.0,0.0,0.0,0.0,0.0,0.0,0.0,0.04291024897630957,0.020885385520198696,0.0,0.06572413653307918,0.0,0.0,0.0,0.0,0.0,0.13568683206617638,0.0,0.0,0.0,0.0,0.04291024833320134,0.0,0.0,0.0,0.0,0.0,0.0,0.0,0.1356868335412773,0.0,0.0,0.0,0.0,0.0,0.04291025061056519,0.0,0.0,0.0,0.0],"pr_bundling":[0.0,0.0,0.0,0.0,0.0,0.0,0.0,0.0,0.0,0.0,0.0,0.0,0.0,0.0,0.0,0.0,0.0,0.0,0.0,0.0,0.0,0.0,0.0,0.0,0.0,0.0,0.0,0.0,0.0,0.0,0.0,0.0,0.0,0.0,0.0,0.0,0.0,0.0,0.0,0.0,0.0,0.0,0.0,0.0,0.0,0.0,0.0,0.0,0.0,0.0,0.0,0.0,0.0,0.0,0.0,0.0],"active_firms":[true,true,true,true,true,true,true,true,true,true,true,true,true,true,false,false,false,true,false,true,false,true,false,true,true,true,true,true,true,true,true,true,true,true,true,true,true,true,true,true,true,true,false,false,false,false,true,false,true,false,true,true,true,true,true,true,true,true,true,true,true,true,true,true,true,true,true,true,true,true],