{"modelname":"lbd","policy":"nolearning","smax":[5,1],"alpha":0.2,"beta":0.95,"c":1.0,"gamma":1.0,"sigma":1.0,"p0":1.5,"accuracy":1.0e-8,"cost_entry":[0.0,10.0],"value_exit":[0.0,1.0],"cost_merger":[0.0,1.0],"cost_bundling":[0.0,1.0],"entry":true,"exit":true,"mergers":true,"bundling":true,"filename":"a20g100s10","verbose":true,"firms":[1,2,3,4],"rival":[2,1,4,3],"partner":[3,4,1,2],"merger_pairs":[1,2,1,2,3,4,4,3],"outcomes":[1,0,1,0,1,0,0,0,0,0,1,0,1,0,1,0,0,0,1,0,0,1,0,0,1,0,0,0,1,1,0,0,0,0,1,0,0,0,0,0,1,1,1,1,2],"ownership":[0,3,0,3,0,0,4,4,0,1,0,1,0,0,2,2],"S":[1,1,1,1,1,1,1,1,1,1,1,1,1,1,0,0,0,1,0,1,0,1,0,1,1,1,1,1,1,1,1,1,1,1,1,1,1,1,1,1,1,1,0,0,0,0,1,0,1,0,1,1,1,1,1,1,0,1,1,0,0,1,1,1,1,0,1,3,1,3,0,0,1,0,0,0,0,1,1,0,0,0,1,1],"ms":14,"mc":[0.5956373436127806,0.5956373436127806,0.5956373436127806,0.5956373436127806,0.5956373436127806,0.5956373436127806,0.5956373436127806,0.5956373436127806,0.5956373436127806,0.5956373436127806,0.5956373436127806,0.5956373436127806,0.5956373436127806,0.5956373436127806,0.0,0.0,0.0,0.5956373436127806,0.0,0.5956373436127806,0.0,0.5956373436127806,0.0,0.5956373436127806,0.5956373436127806,0.5956373436127806,0.5956373436127806,0.5956373436127806,1.0,1.0,1.0,1.0,1.0,1.0,1.0,1.0,1.0,1.0,1.0,1.0,1.0,1.0,0.0,0.0,0.0,0.0,1.0,0.0,1.0,0.0,1.0,1.0,1.0,1.0,1.0,1.0],"P":[2.128844767740862,2.128844767724351,1.4583362312884725,1.978292701613685,2.128844767745772,1.9782927016176897,2.1288447677535514,1.458336231289973,1.4583362312884725,1.978292701617542,1.9782927016328846,1.9782927016072271,1.3959812195779304,1.3360773435198987,0.0,0.0,0.0,1.9782926887823398,0.0,1.9782926887830594,0.0,1.1912746872255613,0.0,1.9782926887674825,1.978292688780045,1.9782926887828762,1.797645314022519,1.3360773409073623,2.404673855112586,2.4046738551304396,1.8626988876756916,2.404673855114977,2.3082611529389427,2.4046738551042335,2.3082611529418844,1.8626988876771922,1.8626988876756916,2.308261152930252,2.308261152925268,2.30826115292642,1.8003438759651496,1.7404399999071183,0.0,0.0,0.0,0.0,2.3082611562349253,0.0,2.3082611562295705,0.0,2.0,2.3082611562361155,2.30826115623297,2.308261156209532,2.202007953194278,1.7404399972945814],"V":[8.30268989538016,8.30268988358716,6.168001587691266,7.653088632436297,8.302689895376224,7.653088630070512,8.302689883586039,5.79493756420518,5.794937541891993,7.65308863242829,7.653088630068888,7.653088752319124,5.112083087090909,4.808788563264205,0.0,0.0,0.0,7.653088659642927,0.0,7.653088770682018,0.0,3.0641511525762217,0.0,7.653088659645004,7.653088770690208,7.653088779481398,4.498240076687802,4.808788571423367,6.656048961591134,6.656048954220889,6.168001587691262,6.6560489615913605,6.165208223931626,6.656048954221458,6.165208219707496,5.79493756420518,5.794937541891991,6.165208223932001,6.165208219708558,6.165208263424767,5.112083087090903,4.808788563264205,0.0,0.0,0.0,0.0,6.165208219132334,0.0,6.16520825866869,0.0,3.0641510524514897,6.165208219129613,6.165208258663478,6.1652082586554195,4.498239911254586,4.808788571423367],"D":[0.3477725293381243,0.34777252934186936,0.42042350216197133,0.2767539689217371,0.3477725293370105,0.27675396892099063,0.34777252933524594,0.42042350216123997,0.42042350216197133,0.2767539689198272,0.2767539689177183,0.2767539689230708,0.37526853328584925,0.3247258345145563,0.0,0.0,0.0,0.27675397247286293,0.0,0.2767539724730255,0.0,0.0,0.0,0.2767539724761321,0.2767539724747927,0.2767539724722609,0.16805876111492704,0.3247258362112726,0.2880909665066013,0.28809096650293964,0.42042350216197133,0.28809096650611093,0.2356266222054092,0.28809096650831434,0.2356266222045822,0.42042350216123997,0.42042350216197133,0.23562662220704061,0.2356266222077636,0.2356266222062549,0.37526853328584925,0.3247258345145563,0.0,0.0,0.0,0.0,0.23562662142878804,0.0,0.23562662142991575,0.0,0.0,0.2356266214280911,0.23562662142838098,0.23562662143266624,0.16805876111492704,0.3247258362112726],"Q":[0.10019012410146558,0.10019012410127107,0.42042350216197133,0.07973031839106542,0.08194446638351136,0.07973031839146018,0.08194446638280799,0.42042350216123997,0.42042350216197133,0.06521060287897118,0.06521060287867436,0.06521060287951802,0.37526853328584925,0.3247258345145563,0.0,0.0,0.0,0.0,0.0,0.0,0.0,0.0,0.0,0.06521060350135394,0.06521060350111857,0.06521060350170796,0.16805876111492704,0.3247258362112726,0.0,0.0,0.0,0.0,0.08194446611342386,0.0,0.08194446611340027,0.0,0.0,0.06521060266339379,0.06521060266297715,0.06521060266542428,0.0,0.0,0.0,0.0,0.0,0.07973031941411271,0.0,0.07973031941476934,0.0,0.0,0.0,0.06521060371693131,0.0652106037168158,0.0652106037158017,0.0,0.0,0.2475824052366587,0.2475824052405983,0.0,0.19702365053067167,0.18388359684007533,0.19702365052953047,0.1838835968390377,0.0,0.0,0.14633276337746218,0.1463327633760668,0.14633276337812853,0.0,0.0,0.0,0.0,0.0,0.1970236530587502,0.0,0.1970236530582562,0.0,0.0,0.0,0.14633276525784686,0.14633276525685837,0.14633276525475125,0.0,0.0,0.18790084240513574,0.18790084240166857,0.0,0.1286303287009328,0.15368215582189784,0.1286303287020848,0.1536821558217742,0.0,0.0,0.10520541561113812,0.10520541561227344,0.10520541561093517,0.0,0.0,0.0,0.0,0.0,0.0,0.15368215531536417,0.0,0.1536821553165155,0.0,0.0,0.10520541526334337,0.10520541526428526,0.10520541526553401,0.0,0.0,0.4643266282567401,0.4643266282564622,0.5795764978380288,0.31786172990446715,0.34486315952572744,0.317861729903899,0.3448631595264644,0.5795764978387601,0.5795764978380288,0.2360812277295592,0.23608122773093015,0.2360812277281991,0.45667270559922374,0.350548329274171],"PI":[0.5332074238890131,0.5332074238890131,0.36269888766785147,0.3826553579776556,0.533207423889013,0.38265535797773176,0.5332074238890131,0.3626988876678514,0.36269888766785147,0.38265535797608224,0.3826553579774125,0.3826553579777124,0.3003438724577534,0.24043999687779688,0.0,0.0,0.0,0.38265535933651296,0.0,0.38265535933693695,0.0,0.0,0.0,0.3826553593369213,0.3826553593385461,0.38265535933582906,0.2020079703573285,0.24043999728575544,0.4046738485459385,0.4046738485459386,0.36269888766785136,0.4046738485459385,0.3082611564295573,0.4046738485459385,0.3082611564291685,0.3626988876678513,0.36269888766785136,0.30826115642964386,0.3082611564294153,0.308261156427713,0.30034387245775335,0.24043999687779696,0.0,0.0,0.0,0.0,0.30826115619015526,0.0,0.30826115619036887,0.0,0.0,0.30826115618952393,0.308261156189162,0.3082611561892456,0.20200796746411953,0.24043999728575538],"CS":[0.7671670341970853,0.767167034197684,0.5454576182914379,1.1461388023811165,1.0646075796887164,1.146138802382904,1.0646075796865795,0.5454576182901762,0.5454576182914379,1.4435793478799557,1.4435793478741483,1.4435793478857168,0.7837883249756059,1.0482566953534376],"pr_entry":[0.0,0.0,0.0,0.0,0.0,0.0,0.0,0.0,0.0,0.0,0.0,0.0,0.0,0.0,0.1913271921133187,0.1913271950353653,0.07660375912503611,0.0,0.19132719211337063,0.0,0.1913271950355701,0.0,0.11245598702179083,0.0,0.0,0.0,0.0,0.0,0.0,0.0,0.0,0.0,0.0,0.0,0.0,0.0,0.0,0.0,0.0,0.0,0.0,0.0,0.15413018586691246,0.15413018690734914,0.07660375652550436,0.15413018586684443,0.0,0.15413018690721886,0.0,0.11245598274442223,0.0,0.0,0.0,0.0,0.0,0.0],"pr_exit":[0.0,0.0,0.0,0.0,0.0,0.25,0.0,0.25,0.0,0.0,0.0,0.0,0.0,0.0,0.0,0.0,0.0,0.0,0.0,0.0,0.0,0.0,0.0,0.0,0.0,0.0,0.0,0.0,0.0,0.0,0.0,0.0,0.0,0.0,0.25,0.0,0.25,0.0,0.0,0.0,0.0,0.0,0.0,0.0,0.0,0.0,0.0,0.0,0.0,0.0,0.0,0.0,0.0,0.0,0.0,0.0],"pr_merger":[0.0,0.0,0.0,0.0,0.0,0.0,0.0,0.0,0.0,0.0,0.0,0.0,0.0,0.0,0.0,0.0,0.0,0.0,0.0,0.0,0.0,0.0,0.0,0.0,2.3120432235401722e-9,0.0,0.15527428872608606,0.0,0.0,0.0,0.0,0.0,0.0,0.0,0.0,0.0,0.0,0.0,0.0,0.0,0.0,0.0,0.0,0.0,0.0,0.0,0.0,0.0,0.0,0.0,0.0,0.0,0.0,0.0,0.0,0.0],"pr_bundling":[0.0,0.0,0.0,0.0,0.0,0.0,0.0,0.0,0.0,0.0,0.0,0.0,0.0,0.0,0.0,0.0,0.0,0.0,0.0,0.0,0.0,0.0,0.0,0.0,0.0,0.0,0.0,0.0,0.0,0.0,0.0,0.0,0.0,0.0,0.0,0.0,0.0,0.0,0.0,0.0,0.0,0.0,0.0,0.0,0.0,0.0,0.0,0.0,0.0,0.0,0.0,0.0,0.0,0.0,0.0,0.0],