{"modelname":"lbd","policy":"nolearning","smax":[5,1],"alpha":0.2,"beta":0.95,"c":1.0,"gamma":1.0,"sigma":4.0,"p0":1.5,"accuracy":1.0e-8,"cost_entry":[0.0,10.0],"value_exit":[0.0,1.0],"cost_merger":[0.0,1.0],"cost_bundling":[0.0,1.0],"entry":true,"exit":true,"mergers":true,"bundling":true,"filename":"a20g100s40","verbose":true,"firms":[1,2,3,4],"rival":[2,1,4,3],"partner":[3,4,1,2],"merger_pairs":[1,2,1,2,3,4,4,3],"outcomes":[1,0,1,0,1,0,0,0,0,0,1,0,1,0,1,0,0,0,1,0,0,1,0,0,1,0,0,0,1,1,0,0,0,0,1,0,0,0,0,0,1,1,1,1,2],"ownership":[0,3,0,3,0,0,4,4,0,1,0,1,0,0,2,2],"S":[1,1,1,1,1,1,1,1,1,1,1,1,1,1,0,0,0,1,0,1,0,1,0,1,1,1,1,1,1,1,1,1,1,1,1,1,1,1,1,1,1,1,0,0,0,0,1,0,1,0,1,1,1,1,1,1,0,1,1,0,0,1,1,1,1,0,1,3,1,3,0,0,1,0,0,0,0,1,1,0,0,0,1,1],"ms":14,"mc":[0.5956373436127806,0.5956373436127806,0.5956373436127806,0.5956373436127806,0.5956373436127806,0.5956373436127806,0.5956373436127806,0.5956373436127806,0.5956373436127806,0.5956373436127806,0.5956373436127806,0.5956373436127806,0.5956373436127806,0.5956373436127806,0.0,0.0,0.0,0.5956373436127806,0.0,0.5956373436127806,0.0,0.5956373436127806,0.0,0.5956373436127806,0.5956373436127806,0.5956373436127806,0.5956373436127806,0.5956373436127806,1.0,1.0,1.0,1.0,1.0,1.0,1.0,1.0,1.0,1.0,1.0,1.0,1.0,1.0,0.0,0.0,0.0,0.0,1.0,0.0,1.0,0.0,1.0,1.0,1.0,1.0,1.0,1.0],"P":[1.3330747554282711,1.333074755421059,1.1450265246948375,1.0590576298616263,1.3330747554231297,1.059057629860008,1.3330747554250653,1.1450265246948375,1.1450265246948375,1.0590576298598022,1.0590576298603078,1.059057629860989,0.9181443388532261,0.8424489501315439,0.0,0.0,0.0,1.0590576282255975,0.0,1.0590576282243571,0.0,1.1912746872255613,0.0,1.0590576282232136,1.0590576282225923,1.0590576282237725,0.9851773703255677,0.8424489490658459,1.500000000030471,1.5000000000293585,1.5493891810820566,1.5000000000290454,1.3997354669882442,1.5000000000293392,1.3997354669841795,1.5493891810820566,1.5493891810820566,1.3997354669885327,1.3997354669869437,1.399735466987007,1.3225069952404453,1.2468116065187633,0.0,0.0,0.0,0.0,1.3997354715475936,0.0,1.399735471548115,0.0,2.0,1.3997354715497057,1.3997354715477297,1.3997354715478327,1.3895400379519176,1.2468116054530651],"V":[6.793758144190833,8.030732904002566,6.931255618555264,3.0228655768834543,7.120913661080862,5.546476843284345,7.193045271176043,5.9012769552990125,5.90127682246289,3.5194539177056687,4.367157882596078,4.268388339262496,3.95012256856292,2.436223618966209,0.0,0.0,0.0,3.022865578392546,0.0,2.0042716008393824,0.0,1.5907641562571513,0.0,3.5194539185740292,3.224222950970205,4.268388352135814,2.7907884681434845,2.436223629217167,5.133447869153088,5.129298815813363,6.931255618555263,5.973750033442349,2.597979403901718,5.0999353773811595,3.7544956719279905,5.901276955299011,5.901276822462887,3.1682188336722286,3.093466093250793,2.9946965499156812,3.95012256856292,2.436223618966209,0.0,0.0,0.0,0.0,2.5979794014995283,0.0,1.9198417623805621,0.0,1.5907640479615408,3.1682188321701905,2.998612141615051,2.994696529450853,2.7907883127726913,2.436223629217167],"D":[0.6609881787947319,0.6609881788011964,0.7724745875968622,0.46053289051792046,0.6609881787993402,0.46053289051847635,0.6609881787976052,0.7724745875968622,0.7724745875968622,0.46053289051771046,0.4605328905166811,0.4605328905170053,0.6124115078035135,0.4935408291315998,0.0,0.0,0.0,0.46053289353170046,0.0,0.4605328935315602,0.0,0.0,0.0,0.46053289353252214,0.46053289353356863,0.46053289353297366,0.3582174335037503,0.49354083333932347,0.49999999996952904,0.4999999999706413,0.7724745875968622,0.49999999997095446,0.37458639353138357,0.4999999999706608,0.3745863935354854,0.7724745875968622,0.7724745875968622,0.3745863935322988,0.3745863935326785,0.37458639353267703,0.6124115078035135,0.4935408291315998,0.0,0.0,0.0,0.0,0.37458638669990274,0.0,0.3745863866971325,0.0,0.0,0.37458638669808525,0.3745863866990455,0.3745863866989845,0.3582174335037503,0.49354083333932347],"Q":[0.33049408937722485,0.33049408938119246,0.7724745875968622,0.23026644524558376,0.24759717806332218,0.2302664452457265,0.24759717806538367,0.7724745875968622,0.7724745875968622,0.17250935456203423,0.17250935456182354,0.17250935456194422,0.6124115078035135,0.4935408291315998,0.0,0.0,0.0,0.0,0.0,0.0,0.0,0.0,0.0,0.17250935254396146,0.1725093525447957,0.1725093525445447,0.3582174335037503,0.49354083333932347,0.0,0.0,0.0,0.0,0.24759717354779412,0.0,0.2475971735453131,0.0,0.0,0.17250935141465407,0.1725093514147106,0.172509351414804,0.0,0.0,0.0,0.0,0.0,0.23026644675247376,0.0,0.23026644675226843,0.0,0.0,0.0,0.17250935569134165,0.17250935569190837,0.1725093556916849,0.0,0.0,0.3304940894175071,0.330494089420004,0.0,0.23026644527233672,0.16579382718822397,0.23026644527274986,0.1657938271869084,0.0,0.0,0.11551418454102219,0.11551418454014693,0.1155141845402571,0.0,0.0,0.0,0.0,0.0,0.23026644677922672,0.0,0.23026644677929176,0.0,0.0,0.0,0.11551418529721902,0.11551418529686454,0.11551418529674405,0.0,0.0,0.16950591059230416,0.16950591058944886,0.0,0.0394671079728969,0.12698921546806136,0.03946710797266583,0.12698921547010172,0.0,0.0,0.029567683278922913,0.029567683278946624,0.02956768327904793,0.0,0.0,0.0,0.0,0.0,0.0,0.1269892131521086,0.0,0.1269892131518194,0.0,0.0,0.029567682739469667,0.029567682739539178,0.02956768273963576,0.0,0.0,0.16950591061296402,0.16950591060935477,0.2275254124031378,0.03946710797748223,0.08503339258048975,0.039467107977297564,0.08503339258047346,0.2275254124031378,0.2275254124031378,0.019798849931374575,0.019798849931264614,0.019798849931337445,0.0293710586927363,0.01291833752907667],"PI":[0.4874374118110218,0.48743741181102174,0.42438918108653967,0.21342028395082302,0.4874374118110217,0.21342028395033535,0.48743741181102157,0.42438918108653967,0.42438918108653967,0.21342028394988563,0.21342028394964146,0.21342028395010543,0.19750699523238174,0.12181160492057257,0.0,0.0,0.0,0.21342028459402468,0.0,0.21342028459338847,0.0,0.0,0.0,0.2134202845933076,0.21342028459350648,0.21342028459377424,0.13954002861603693,0.12181160543312214,0.25,0.24999999999999992,0.4243891810865395,0.24999999999999994,0.14973546694570986,0.25,0.1497354669458269,0.4243891810865395,0.4243891810865395,0.14973546694618373,0.1497354669457403,0.14973546694576345,0.1975069952323817,0.12181160492057261,0.0,0.0,0.0,0.0,0.14973546592279485,0.0,0.1497354659218828,0.0,0.0,0.1497354659228595,0.14973546592250317,0.14973546592251738,0.13954003264208942,0.12181160543312208],"CS":[0.44371687047416586,0.4437168704794887,0.37012333598962455,0.8080719158502445,0.6161778114376477,0.8080719158514142,0.6161778114376957,0.37012333598962455,0.37012333598962455,0.9805328568106537,0.9805328568120424,0.9805328568111227,0.8819363719204683,1.0872768657817478],"pr_entry":[0.0,0.0,0.0,0.0,0.0,0.0,0.0,0.0,0.0,0.0,0.0,0.0,0.0,0.0,0.07557161744128857,0.05010676716322389,0.03976908099792549,0.0,0.08798633184632723,0.0,0.0806055585577666,0.0,0.0697696957770381,0.0,0.0,0.0,0.0,0.0,0.0,0.0,0.0,0.0,0.0,0.0,0.0,0.0,0.0,0.0,0.0,0.0,0.0,0.0,0.0649494620350263,0.04799602086979235,0.039769078113621514,0.07920545154353588,0.0,0.0749652864224257,0.0,0.06976969158238425,0.0,0.0,0.0,0.0,0.0,0.0],"pr_exit":[0.0,0.0,0.0,0.0,0.0,0.25,0.0,0.25,0.0,0.0,0.0,0.0,0.0,0.0,0.0,0.0,0.0,0.0,0.0,0.0,0.0,0.0,0.0,0.0,0.0,0.0,0.0,0.0,0.0,0.0,0.0,0.0,0.0,0.0,0.25,0.0,0.25,0.0,0.0,0.0,0.0,0.0,0.0,0.0,0.0,0.0,0.0,0.0,0.0,0.0,0.0,0.0,0.0,0.0,0.0,0.0],"pr_merger":[0.25,0.0,0.0,0.25,0.25,0.0,0.0,0.0,0.0,0.19323772974608122,0.0,0.0,0.0,0.0,0.0,0.0,0.0,0.0,0.0,0.0,0.0,0.0,0.0,0.19323772990450072,0.25,0.0,0.0,0.0,0.0,0.0,0.0,0.0,0.25,0.0,0.0,0.0,0.0,0.19323773012159096,0.0,0.0,0.0,0.0,0.0,0.0,0.0,0.25,0.0,0.0,0.0,0.0,0.0,0.193237729528991,0.0,0.0,0.0,0.0],"pr_bundling":[0.0,0.19269360691928683,0.0,0.0,0.0,0.25,0.2159536816892038,0.0,0.0,0.0,0.12225144875041405,0.0,0.0,0.0,0.0,0.0,0.0,0.0,0.0,0.0,0.0,0.0,0.0,0.0,0.0,0.0,0.0,0.0,0.0,0.19269360691928683,0.0,0.0,0.0,0.25,0.2159536816892038,0.0,0.0,0.0,0.12225144875041405,0.0,0.0,0.0,0.0,0.0,0.0,0.0,0.0,0.0,0.0,0.0,0.0,0.0,0.0,0.0,0.0,0.0],