{"modelname":"lbd","policy":"nolearning","smax":[5,1],"alpha":0.2,"beta":0.95,"c":1.0,"gamma":0.0,"sigma":6.0,"p0":1.5,"accuracy":1.0e-8,"cost_entry":[0.0,10.0],"value_exit":[0.0,1.0],"cost_merger":[0.0,1.0],"cost_bundling":[0.0,1.0],"entry":true,"exit":true,"mergers":true,"bundling":true,"filename":"a20g0s60","verbose":true,"firms":[1,2,3,4],"rival":[2,1,4,3],"partner":[3,4,1,2],"merger_pairs":[1,2,1,2,3,4,4,3],"outcomes":[1,0,1,0,1,0,0,0,0,0,1,0,1,0,1,0,0,0,1,0,0,1,0,0,1,0,0,0,1,1,0,0,0,0,1,0,0,0,0,0,1,1,1,1,2],"ownership":[0,3,0,3,0,0,4,4,0,1,0,1,0,0,2,2],"S":[1,1,1,1,1,1,1,1,1,1,1,1,1,1,0,0,0,1,0,1,0,1,0,1,1,1,1,1,1,1,1,1,1,1,1,1,1,1,1,1,1,1,0,0,0,0,1,0,1,0,1,1,1,1,1,1,0,1,1,0,0,1,1,1,1,0,1,3,1,3,0,0,1,0,0,0,0,1,1,0,0,0,1,1],"ms":14,"mc":[0.5956373436127806,0.5956373436127806,0.5956373436127806,0.5956373436127806,0.5956373436127806,0.5956373436127806,0.5956373436127806,0.5956373436127806,0.5956373436127806,0.5956373436127806,0.5956373436127806,0.5956373436127806,0.5956373436127806,0.5956373436127806,0.0,0.0,0.0,0.5956373436127806,0.0,0.5956373436127806,0.0,0.5956373436127806,0.0,0.5956373436127806,0.5956373436127806,0.5956373436127806,0.5956373436127806,0.5956373436127806,1.0,1.0,1.0,1.0,1.0,1.0,1.0,1.0,1.0,1.0,1.0,1.0,1.0,1.0,0.0,0.0,0.0,0.0,1.0,0.0,1.0,0.0,1.0,1.0,1.0,1.0,1.0,1.0],"P":[1.2146199076291246,0.7102781055464978,1.1529577245796392,0.8802081018291897,1.5682778582378833,0.5956373737091555,1.7464698867344128,1.1529577245794838,1.1529577245796392,0.9279914267386082,0.9273491707785683,0.9270398947813626,0.8181159755535604,0.7621695601566348,0.0,0.0,0.0,0.8802081006589042,0.0,0.8019675429784987,0.0,1.1912746872255613,0.0,0.927991428161671,0.9276746716083062,0.9270398925454523,0.8612796729701883,0.7621695609974176,1.6189825830251237,2.0,1.5573203809668588,1.9726405145312533,1.2845707581066492,2.1508325530318055,1.0000000325998413,1.5573203809667033,1.5573203809668588,1.3323540881885856,1.3317118305089957,1.331402555617836,1.2224786319407799,1.166532216543854,0.0,0.0,0.0,0.0,1.284570756989236,0.0,1.2063302032160488,0.0,2.0,1.332354090276042,1.332037334629374,1.3314025577945077,1.2656423370393246,1.166532217384637],"V":[7.312183934964917,4.483402291858108,8.013670299579784,2.0922575955013873,9.176248238894262,2.3407986881400387,9.996637013440738,6.388387286899562,6.3883872868233444,3.313747348595859,3.3106292132579176,3.3043704713677573,2.7829052649089174,1.6639773696126186,0.0,0.0,0.0,2.092257595236232,0.0,1.3136337285613187,0.0,0.9592861183188164,0.0,3.3137473344905843,3.3074122382692437,3.304370493403455,1.9795127070983392,1.663977361225135,7.312184012075156,11.182626904997685,8.013670299579784,9.176248241232841,2.092257617073755,9.996637366313376,2.3407990473108486,6.388387286899562,6.3883872868233444,3.3137474056790985,3.31062960278657,3.304370900264963,2.7829052649089174,1.6639773696126186,0.0,0.0,0.0,0.0,2.0922576163944338,0.0,1.3136337488672396,0.0,0.9592861317622408,3.31374738498841,3.3074122716663803,3.30437087881309,1.9795127643424149,1.663977361225135],"D":[0.730740942927074,0.8504749939877324,0.8504749939877324,0.4143225750227075,0.8286451529457026,0.6629440442796167,0.8551773177798507,0.8504749939879696,0.8504749939877324,0.4985268033289108,0.4990220511282766,0.49854347503009433,0.6254321926759093,0.4995963238549647,0.0,0.0,0.0,0.4143225779319624,0.0,0.19223326822132916,0.0,0.0,0.0,0.49852679907230096,0.49804840965087915,0.49854348171828566,0.37258995699210223,0.4995963188143405,0.730740942927074,0.8504749939877324,0.8504749939877324,0.8286451529546699,0.4143225750839429,0.8551773125009459,0.6629440495761602,0.8504749939879696,0.8504749939877324,0.4985268043225648,0.4990220560497727,0.4985434816296863,0.6254321926759093,0.4995963238549647,0.0,0.0,0.0,0.0,0.4143225778617598,0.0,0.19223326820369058,0.0,0.0,0.49852679807864697,0.498048404729383,0.49854347511869374,0.37258995699210223,0.4995963188143405],"Q":[0.730740942927074,0.8504749939877324,0.8504749939877324,0.4143225750227075,0.4143225750839429,0.6629440442796167,0.6629440495761602,0.8504749939879696,0.8504749939877324,0.24926340322543486,0.24975467608739454,0.2492717391427953,0.6254321926759093,0.4995963238549647,0.0,0.0,0.0,0.0,0.0,0.0,0.0,0.0,0.0,0.24926339797517102,0.248781029688501,0.2492717392313947,0.37258995699210223,0.4995963188143405,0.0,0.0,0.0,0.0,0.4143225778617598,0.0,0.19223326820369058,0.0,0.0,0.24926340010347595,0.249267375040882,0.24927173588729903,0.0,0.0,0.0,0.0,0.0,0.4143225779319624,0.0,0.19223326822132916,0.0,0.0,0.0,0.24926340109712994,0.24926737996237816,0.249271742486891,0.0,0.0,0.0,0.0,0.0,0.0,0.0,0.0,0.0,0.0,0.0,0.0,0.0,0.0,0.0,0.0,0.0,0.0,0.0,0.0,0.0,0.0,0.0,0.0,0.0,0.0,0.0,0.0,0.0,0.0,0.0,0.0,0.0,0.0,0.0,0.0,0.0,0.0,0.0,0.0,0.0,0.0,0.0,0.0,0.0,0.0,0.0,0.0,0.0,0.0,0.0,0.0,0.0,0.0,0.0,0.0,0.0,0.0,0.2692590570729259,0.14952500601226762,0.14952500601226762,0.17135484704533013,0.17135484705429738,0.14482268749905408,0.1448226822201493,0.14952500601203042,0.14952500601226762,0.0029463975987881683,0.002929539220844215,0.0029130432516199616,0.0019778503319884473,0.0008073573306947285],"PI":[0.4523159024847212,0.09749910131632719,0.47398704765202976,0.1179040893203869,0.8059738480027051,1.9952212452431797e-8,0.9841658874405218,0.4739870476520297,0.47398704765202976,0.16568741863402991,0.1655315163757797,0.1652185794934235,0.1391452985982585,0.08319888318872849,0.0,0.0,0.0,0.11790408966340007,0.0,0.0396635285568304,0.0,0.0,0.0,0.1656874179287632,0.16537066315289883,0.16521858059520864,0.09897566407055836,0.08319888276935415,0.45231591637521473,0.8504749939877324,0.4739870476520299,0.8059738479336592,0.11790408929233671,0.9841658898403417,2.1611870787675992e-8,0.4739870476520299,0.4739870476520299,0.16568742148819546,0.16553151967663274,0.16521858389869168,0.13914529859825855,0.08319888318872844,0.0,0.0,0.0,0.0,0.11790408961985265,0.0,0.039663529293352685,0.0,0.0,0.1656874204536568,0.165370664822756,0.1652185828260976,0.09897566693276348,0.08319888276935421],"CS":[0.21868022089292216,0.3167152726404008,0.3167152726404008,0.294003123944242,0.2940031239355201,0.3220408549467506,0.3220408610218861,0.31671527264066546,0.3167152726404008,0.971195334633066,0.9721516884717856,0.9730928255537377,1.0376241191633209,1.1869573664552437],"pr_entry":[0.0,0.0,0.0,0.0,0.0,0.0,0.0,0.0,0.0,0.0,0.0,0.0,0.0,0.0,0.05230643522066371,0.03284083878408035,0.023982151812823965,0.0,0.08284368201478479,0.0,0.08268530460832488,0.0,0.04948781692178371,0.0,0.0,0.0,0.0,0.0,0.0,0.0,0.0,0.0,0.0,0.0,0.0,0.0,0.0,0.0,0.0,0.0,0.0,0.0,0.05230643574961846,0.0328408392917281,0.023982152148909534,0.08284368327723034,0.0,0.08268530544325328,0.0,0.049487818352885564,0.0,0.0,0.0,0.0,0.0,0.0],"pr_exit":[0.0,0.0,0.0,0.0,0.0,0.25,0.0,0.25,0.0,0.0,0.0,0.0,0.0,0.0,0.0,0.0,0.0,0.0,0.0,0.0,0.0,0.010178481871760348,0.0,0.0,0.0,0.0,0.0,0.0,0.0,0.0,0.0,0.0,0.0,0.0,0.25,0.0,0.25,0.0,0.0,0.0,0.0,0.0,0.0,0.0,0.0,0.0,0.0,0.0,0.0,0.0,0.010178478510904643,0.0,0.0,0.0,0.0,0.0],"pr_merger":[0.25,0.0,0.0,0.2451912515035245,0.24519124826617456,0.0,0.0,0.0,0.0,0.0,0.0,0.0,0.0,0.0,0.0,0.0,0.0,0.0,0.0,0.0,0.0,0.0,0.0,0.0,0.0,0.0,0.0,0.0,0.0,0.0,0.0,0.0,0.2451912488504583,0.0,0.0,0.0,0.0,0.0,0.0,0.0,0.0,0.0,0.0,0.0,0.0,0.24519125185645485,0.0,0.0,0.0,0.0,0.0,0.0,0.0,0.0,0.0,0.0],"pr_bundling":[0.0,0.10640369409085926,0.0,0.0,0.0,0.14664403434400042,0.14664403166637896,0.0,0.0,0.0,0.0,0.0,0.0,0.0,0.0,0.0,0.0,0.0,0.0,0.0,0.0,0.0,0.0,0.0,0.0,0.0,0.0,0.0,0.0,0.10640369409085926,0.0,0.0,0.0,0.14664403434400042,0.14664403166637896,0.0,0.0,0.0,0.0,0.0,0.0,0.0,0.0,0.0,0.0,0.0,0.0,0.0,0.0,0.0,0.0,0.0,0.0,0.0,0.0,0.0],"active_firms":[true,true,true,true,true,true,true,true,true,true,true,true,true,true,false,false,false,true,false,true,false,true,false,true,true,true,true,true,true,true,true,true,true,true,true,true,true,true,true,true,true,true,false,false,false,false,true,false,true,false,true,true,true,true,true,true,true,true,true,true,true,true,true,true,true,true,true,true,true,true],