{"modelname":"lbd","policy":"nolearning","smax":[5,1],"alpha":0.3,"beta":0.95,"c":1.0,"gamma":1.0,"sigma":5.0,"p0":1.5,"accuracy":1.0e-8,"cost_entry":[0.0,10.0],"value_exit":[0.0,1.0],"cost_merger":[0.0,1.0],"cost_bundling":[0.0,1.0],"entry":true,"exit":true,"mergers":true,"bundling":true,"filename":"a30g100s50","verbose":true,"firms":[1,2,3,4],"rival":[2,1,4,3],"partner":[3,4,1,2],"merger_pairs":[1,2,1,2,3,4,4,3],"outcomes":[1,0,1,0,1,0,0,0,0,0,1,0,1,0,1,0,0,0,1,0,0,1,0,0,1,0,0,0,1,1,0,0,0,0,1,0,0,0,0,0,1,1,1,1,2],"ownership":[0,3,0,3,0,0,4,4,0,1,0,1,0,0,2,2],"S":[1,1,1,1,1,1,1,1,1,1,1,1,1,1,0,0,0,1,0,1,0,1,0,1,1,1,1,1,1,1,1,1,1,1,1,1,1,1,1,1,1,1,0,0,0,0,1,0,1,0,1,1,1,1,1,1,0,1,1,0,0,1,1,1,1,0,1,3,1,3,0,0,1,0,0,0,0,1,1,0,0,0,1,1],"ms":14,"mc":[0.43684642621654957,0.43684642621654957,0.43684642621654957,0.43684642621654957,0.43684642621654957,0.43684642621654957,0.43684642621654957,0.43684642621654957,0.43684642621654957,0.43684642621654957,0.43684642621654957,0.43684642621654957,0.43684642621654957,0.43684642621654957,0.0,0.0,0.0,0.43684642621654957,0.0,0.43684642621654957,0.0,0.43684642621654957,0.0,0.43684642621654957,0.43684642621654957,0.43684642621654957,0.43684642621654957,0.43684642621654957,1.0,1.0,1.0,1.0,1.0,1.0,1.0,1.0,1.0,1.0,1.0,1.0,1.0,1.0,0.0,0.0,0.0,0.0,1.0,0.0,1.0,0.0,1.0,1.0,1.0,1.0,1.0,1.0],"P":[1.2696359128424295,1.2696359128424295,1.054089029962749,0.8300652578434513,1.2696359128413264,0.8300652578429257,1.269635912839278,1.054089029962749,1.054089029962749,0.8300652578398217,0.8300652578400852,0.8300652578445546,0.7032714635828007,0.6365501712815782,0.0,0.0,0.0,0.8300652596676324,0.0,0.8300652596654188,0.0,0.8736928524330991,0.0,0.830065259666007,0.8300652596664368,0.830065259669473,0.7551773142427979,0.6365501701430765,1.4529919440459,1.452991944045866,1.6172426037461993,1.4529919440449313,1.3383477709012914,1.4529919440477186,1.3383477709030094,1.6172426037461993,1.6172426037461993,1.3383477709019442,1.3383477709026914,1.3383477709022158,1.2664250373662511,1.1997037450650287,0.0,0.0,0.0,0.0,1.3383477693738683,0.0,1.3383477693730537,0.0,2.0,1.338347769373793,1.3383477693732693,1.3383477693738375,1.3183308984767053,1.199703743926527],"V":[8.381828712276139,10.056359683580611,8.327306292978683,2.9169973379162175,8.417167685420436,5.9150911241265005,8.261920455129367,6.631645059726435,6.631644892314615,3.768915103526814,3.8650250420616157,3.8643683476134174,3.328493400379528,1.9940715582950654,0.0,0.0,0.0,2.916997335535536,0.0,1.682471400832153,0.0,1.2524580736652418,0.0,3.768915098684643,3.638916870504291,3.8643683302870757,2.3666123287365135,1.9940715696294937,5.791936285394015,5.773649874111373,8.327306292978681,6.727934226759646,2.3160100628847364,5.81223210112247,3.942411785717418,6.631645059726435,6.631644892314615,2.769278921035597,2.7676054336147797,2.766948739154664,3.328493400379528,1.9940715582950654,0.0,0.0,0.0,0.0,2.3160100642305417,0.0,1.5545865325755197,0.0,1.2524580101907812,2.7692789244317813,2.7482642143530147,2.7669487478005754,2.3666122453700087,1.9940715696294937],"D":[0.7598432698774547,0.7598432698774548,0.8379891482146185,0.4913773605672147,0.7598432698784612,0.4913773605651993,0.7598432698803301,0.8379891482146185,0.8379891482146185,0.4913773605697884,0.4913773605699781,0.49137736056805814,0.6246599006154566,0.49925825537006946,0.0,0.0,0.0,0.49137735608540856,0.0,0.4913773560875401,0.0,0.0,0.0,0.4913773560830574,0.4913773560828382,0.49137735608444033,0.37172293699789627,0.4992582610541325,0.5584910445989418,0.5584910445989837,0.8379891482146185,0.5584910446001363,0.4088922132691681,0.5584910445966997,0.40889221326641106,0.8379891482146185,0.8379891482146185,0.40889221326831643,0.4088922132669755,0.40889221326802544,0.6246599006154566,0.49925825537006946,0.0,0.0,0.0,0.0,0.4088922163919253,0.0,0.4088922163943458,0.0,0.0,0.40889221639256196,0.40889221639381945,0.4088922163927353,0.37172293699789627,0.4992582610541325],"Q":[0.42436566152533534,0.4243656615253673,0.8379891482146185,0.27442985539604153,0.31069399635828576,0.2744298553932273,0.3106939963569551,0.8379891482146185,0.8379891482146185,0.20092037651332414,0.20092037651274294,0.20092037651247394,0.6246599006154566,0.49925825537006946,0.0,0.0,0.0,0.0,0.0,0.0,0.0,0.0,0.0,0.2009203762139183,0.2009203762144467,0.20092037621456924,0.37172293699789627,0.4992582610541325,0.0,0.0,0.0,0.0,0.3106939987310918,0.0,0.31069399873369513,0.0,0.0,0.200920378048508,0.20092037804920343,0.20092037804788548,0.0,0.0,0.0,0.0,0.0,0.27442985289299293,0.0,0.27442985289249466,0.0,0.0,0.0,0.2009203746787352,0.20092037467798657,0.20092037467915735,0.0,0.0,0.33547760835211937,0.33547760835208745,0.0,0.21694750517117317,0.13845527478908354,0.216947505171972,0.13845527478967992,0.0,0.0,0.0895366060079563,0.08953660600803176,0.08953660600769876,0.0,0.0,0.0,0.0,0.0,0.2169475031924156,0.0,0.21694750319504538,0.0,0.0,0.0,0.08953660519040392,0.08953660519040495,0.08953660519071371,0.0,0.0,0.13412538307360652,0.13412538307361638,0.0,0.009631336311101815,0.0981982169108823,0.009631336310977743,0.09819821690945595,0.0,0.0,0.0070514620762571105,0.0070514620762460066,0.007051462076394129,0.0,0.0,0.0,0.0,0.0,0.0,0.09819821766083346,0.0,0.09819821766065065,0.0,0.0,0.007051462130135609,0.007051462130169309,0.007051462130280644,0.0,0.0,0.10603134704893885,0.10603134704892876,0.16201085178538155,0.007613947036275006,0.04376029554982307,0.0076139470362830385,0.04376029554956335,0.16201085178538155,0.16201085178538155,0.0031423591407614545,0.003142359140768245,0.0031423591408267846,0.0036171623866471506,0.0014834835757980274],"PI":[0.6327894866373754,0.6327894866373754,0.5172426037550509,0.193218831610151,0.6327894866373754,0.19321883160910025,0.6327894866373754,0.5172426037550509,0.5172426037550509,0.1932188316093795,0.19321883160958359,0.1932188316110248,0.16642503736267175,0.09970374335203532,0.0,0.0,0.0,0.19321883074418172,0.0,0.19321883074393212,0.0,0.0,0.0,0.19321883074245846,0.19321883074258353,0.1932188307447054,0.11833089263426548,0.0997037439187576,0.2529919440251001,0.2529919440251001,0.5172426037550508,0.25299194402510017,0.13834776889851846,0.2529919440251001,0.1383477688982881,0.5172426037550508,0.5172426037550508,0.13834776889849726,0.13834776889834907,0.13834776889850983,0.16642503736267175,0.09970374335203537,0.0,0.0,0.0,0.0,0.13834776933054502,0.0,0.13834776933103088,0.0,0.0,0.13834776933072965,0.13834776933094092,0.13834776933080645,0.11833089651894002,0.09970374391875765],"CS":[0.4488041003423726,0.4488041003423917,0.3640183919327442,0.975554715428669,0.6258056734020871,0.9755547154284581,0.6258056734032742,0.3640183919327442,0.3640183919327442,1.1525562884893503,1.1525562884889182,1.1525562884851925,1.124413086324799,1.3026724379092869],"pr_entry":[0.0,0.0,0.0,0.0,0.0,0.0,0.0,0.0,0.0,0.0,0.0,0.0,0.0,0.0,0.0729249208974003,0.042061773642594884,0.03131144105163426,0.0,0.09422285784953863,0.0,0.09097290651344098,0.0,0.05916530095005916,0.0,0.0,0.0,0.0,0.0,0.0,0.0,0.0,0.0,0.0,0.0,0.0,0.0,0.0,0.0,0.0,0.0,0.0,0.0,0.0579002420375314,0.03886465235403317,0.03131143935262502,0.06923196781270106,0.0,0.06870659876674251,0.0,0.05916529865397548,0.0,0.0,0.0,0.0,0.0,0.0],"pr_exit":[0.0,0.0,0.0,0.0,0.0,0.25,0.0,0.25,0.0,0.0,0.0,0.0,0.0,0.0,0.0,0.0,0.0,0.0,0.0,0.0,0.0,0.0,0.0,0.0,0.0,0.0,0.0,0.0,0.0,0.0,0.0,0.0,0.0,0.0,0.25,0.0,0.25,0.0,0.0,0.0,0.0,0.0,0.0,0.0,0.0,0.0,0.0,0.0,0.0,0.0,0.0,0.0,0.0,0.0,0.0,0.0],"pr_merger":[0.25,0.0,0.0,0.25,0.25,0.0,0.0,0.0,0.0,0.02360916598500462,0.0,0.0,0.0,0.0,0.0,0.0,0.0,0.0,0.0,0.0,0.0,0.0,0.0,0.023609166346502675,0.06103402035925454,0.0,0.0,0.0,0.0,0.0,0.0,0.0,0.25,0.0,0.0,0.0,0.0,0.023609165135960453,0.0,0.0,0.0,0.0,0.0,0.0,0.0,0.25,0.0,0.0,0.0,0.0,0.0,0.023609167195546843,0.0,0.0,0.0,0.0],