{"modelname":"lbd","policy":"nolearning","smax":[5,1],"alpha":0.3,"beta":0.95,"c":1.0,"gamma":1.0,"sigma":2.0,"p0":1.5,"accuracy":1.0e-8,"cost_entry":[0.0,10.0],"value_exit":[0.0,1.0],"cost_merger":[0.0,1.0],"cost_bundling":[0.0,1.0],"entry":true,"exit":true,"mergers":true,"bundling":true,"filename":"a30g100s20","verbose":true,"firms":[1,2,3,4],"rival":[2,1,4,3],"partner":[3,4,1,2],"merger_pairs":[1,2,1,2,3,4,4,3],"outcomes":[1,0,1,0,1,0,0,0,0,0,1,0,1,0,1,0,0,0,1,0,0,1,0,0,1,0,0,0,1,1,0,0,0,0,1,0,0,0,0,0,1,1,1,1,2],"ownership":[0,3,0,3,0,0,4,4,0,1,0,1,0,0,2,2],"S":[1,1,1,1,1,1,1,1,1,1,1,1,1,1,0,0,0,1,0,1,0,1,0,1,1,1,1,1,1,1,1,1,1,1,1,1,1,1,1,1,1,1,0,0,0,0,1,0,1,0,1,1,1,1,1,1,0,1,1,0,0,1,1,1,1,0,1,3,1,3,0,0,1,0,0,0,0,1,1,0,0,0,1,1],"ms":14,"mc":[0.43684642621654957,0.43684642621654957,0.43684642621654957,0.43684642621654957,0.43684642621654957,0.43684642621654957,0.43684642621654957,0.43684642621654957,0.43684642621654957,0.43684642621654957,0.43684642621654957,0.43684642621654957,0.43684642621654957,0.43684642621654957,0.0,0.0,0.0,0.43684642621654957,0.0,0.43684642621654957,0.0,0.43684642621654957,0.0,0.43684642621654957,0.43684642621654957,0.43684642621654957,0.43684642621654957,0.43684642621654957,1.0,1.0,1.0,1.0,1.0,1.0,1.0,1.0,1.0,1.0,1.0,1.0,1.0,1.0,0.0,0.0,0.0,0.0,1.0,0.0,1.0,0.0,1.0,1.0,1.0,1.0,1.0,1.0],"P":[1.4689164742693117,1.4689164742653145,1.0955443600221484,1.2484420677499306,1.4689164742684042,1.248442067751284,1.4689164742630876,1.0955443600221484,1.0955443600221484,1.248442067753028,1.2484420677473007,1.2484420677585937,0.9674457450264043,0.884750333564679,0.0,0.0,0.0,1.24844205742032,0.0,1.24844205741566,0.0,0.8736928524330991,0.0,1.248442057418285,1.2484420574173585,1.2484420574160184,1.128770220552564,0.8847503305862722,1.783571645555738,1.7835716455466668,1.658697933805599,1.7835716455513027,1.7005290697148654,1.7835716455474584,1.700529069705956,1.658697933805599,1.658697933805599,1.7005290697128956,1.700529069712793,1.70052906971007,1.5305993188098548,1.4479039073481295,0.0,0.0,0.0,0.0,1.7005290766217016,0.0,1.7005290766219165,0.0,2.0,1.700529076618313,1.7005290766187307,1.7005290766183394,1.691923816765613,1.4479039043697226],"V":[7.064058881202167,7.963930993581699,6.667179797538635,4.8998764341668615,7.398762163967212,6.511538255134401,7.46890477407242,6.035031616279775,6.035031587533943,6.231898939190347,6.231899591333654,6.231899622070536,4.872342971210767,3.958069980471002,0.0,0.0,0.0,4.899876440215019,0.0,3.707771427496443,0.0,2.5090318770824096,0.0,6.2318989886395775,6.231898844376025,6.231899671562053,3.872913460257074,3.958070001306166,5.057283401333534,4.939286511744764,6.667179797538639,5.377468367152398,3.850797827163349,4.8619292072094655,4.134112964251652,6.035031616279776,6.035031587533945,4.010572926577446,4.010572793102519,4.010572764780782,4.872342971210767,3.958069980471002,0.0,0.0,0.0,0.0,3.850797820607604,0.0,3.233631267909205,0.0,2.509031815050748,4.010572910723359,4.010572909305654,4.01057274891882,3.872913408324123,3.958070001306166],"D":[0.5155367593900355,0.5155367593920324,0.6204633597320212,0.3839296634589796,0.515536759390489,0.3839296634569659,0.5155367593931448,0.6204633597320212,0.6204633597320212,0.38392966345691465,0.3839296634593507,0.3839296634536136,0.5288346759206856,0.4418445565675065,0.0,0.0,0.0,0.3839296713906677,0.0,0.38392967139327117,0.0,0.0,0.0,0.3839296713925434,0.3839296713912933,0.38392967139525636,0.27737708944808764,0.4418445618314779,0.3618962564728493,0.3618962564770388,0.6204633597320212,0.36189625647489776,0.28625374497837097,0.36189625647667334,0.2862537449820468,0.6204633597320212,0.6204633597320212,0.2862537449786206,0.28625374497873085,0.2862537449797795,0.5288346759206856,0.4418445565675065,0.0,0.0,0.0,0.0,0.2862537410241557,0.0,0.2862537410226078,0.0,0.0,0.2862537410252174,0.28625374102503,0.2862537410247435,0.27737708944808764,0.4418445618314779],"Q":[0.18657082329739788,0.1865708233002804,0.6204633597320212,0.13894270795547214,0.14757432804954082,0.138942707955425,0.14757432805219606,0.6204633597320212,0.6204633597320212,0.10990130397292329,0.10990130397366298,0.10990130397242333,0.5288346759206856,0.4418445565675065,0.0,0.0,0.0,0.0,0.0,0.0,0.0,0.0,0.0,0.10990130472669794,0.10990130472626815,0.10990130472729258,0.27737708944808764,0.4418445618314779,0.0,0.0,0.0,0.0,0.1475743260109975,0.0,0.1475743260109597,0.0,0.0,0.10990130245509451,0.1099013024557199,0.10990130245396769,0.0,0.0,0.0,0.0,0.0,0.13894271082592027,0.0,0.13894271082754414,0.0,0.0,0.0,0.10990130624452675,0.10990130624421125,0.10990130624574826,0.0,0.0,0.32896593609263763,0.328965936091752,0.0,0.2449869555035075,0.2203881053299507,0.24498695550154087,0.220388105329989,0.0,0.0,0.16412705702889685,0.16412705702996783,0.1641270570272226,0.0,0.0,0.0,0.0,0.0,0.24498696056474742,0.0,0.244986960565727,0.0,0.0,0.0,0.16412706042131875,0.1641270604208139,0.16412706042221553,0.0,0.0,0.1753254331754514,0.1753254331767584,0.0,0.08401083769350537,0.13867941692883015,0.08401083769370421,0.13867941692985075,0.0,0.0,0.06645113476117058,0.06645113476085664,0.06645113476160792,0.0,0.0,0.0,0.0,0.0,0.0,0.1386794150131582,0.0,0.13867941501164807,0.0,0.0,0.06645113384342492,0.06645113384304194,0.06645113384348322,0.0,0.0,0.309137807434513,0.3091378074312092,0.37953664026797884,0.14812982745684716,0.20710440866752275,0.14812982745605893,0.20710440866535657,0.37953664026797884,0.37953664026797884,0.09923839654594638,0.09923839654545727,0.09923839654603875,0.19378823463122685,0.11631088160101546],"PI":[0.5320700480366393,0.5320700480366395,0.4086979330575623,0.31159564151868563,0.5320700480366394,0.3115956415175709,0.5320700480366394,0.4086979330575623,0.4086979330575623,0.31159564151819885,0.31159564151797714,0.3115956415176566,0.2805993188065461,0.19790390332708777,0.0,0.0,0.0,0.31159564399016515,0.0,0.311595643990489,0.0,0.0,0.0,0.31159564399090617,0.3115956439895358,0.31159564399223777,0.1919238081928009,0.19790390436884828,0.2835716452048919,0.28357164520489186,0.4086979330575624,0.2835716452048919,0.20052906967209455,0.283571645204892,0.20052906967211925,0.4086979330575624,0.4086979330575624,0.20052906967170556,0.20052906967175343,0.20052906967170853,0.2805993188065461,0.19790390332708777,0.0,0.0,0.0,0.0,0.20052906887915947,0.0,0.20052906887813668,0.0,0.0,0.20052906887893324,0.20052906887892152,0.20052906887860883,0.19192381441425763,0.19790390436884828],"CS":[0.586984061375444,0.5869840613807877,0.48440206900562943,0.9548330885989129,0.7872661115901582,0.9548330886015735,0.7872661115953878,0.48440206900562943,0.48440206900562943,1.15511513881268,1.1551151388151444,1.1551151388122147,0.8204946450927624,1.0757443294536986],"pr_entry":[0.0,0.0,0.0,0.0,0.0,0.0,0.0,0.0,0.0,0.0,0.0,0.0,0.0,0.0,0.12249688694525565,0.09269426379971417,0.06272578261578282,0.0,0.1557974564381232,0.0,0.15579745264174896,0.0,0.09682282598287106,0.0,0.0,0.0,0.0,0.0,0.0,0.0,0.0,0.0,0.0,0.0,0.0,0.0,0.0,0.0,0.0,0.0,0.0,0.0,0.09626992817698003,0.08084076310279817,0.06272578091465711,0.10026431162748398,0.0,0.10026431159017639,0.0,0.09682282445249193,0.0,0.0,0.0,0.0,0.0,0.0],"pr_exit":[0.0,0.0,0.0,0.0,0.0,0.25,0.0,0.25,0.0,0.0,0.0,0.0,0.0,0.0,0.0,0.0,0.0,0.0,0.0,0.0,0.0,0.0,0.0,0.0,0.0,0.0,0.0,0.0,0.0,0.0,0.0,0.0,0.0,0.0,0.25,0.0,0.25,0.0,0.0,0.0,0.0,0.0,0.0,0.0,0.0,0.0,0.0,0.0,0.0,0.0,0.0,0.0,0.0,0.0,0.0,0.0],"pr_merger":[0.21119440121876298,0.0,0.0,0.2465552209051063,0.07459758734376387,0.0,0.0,0.0,0.0,1.3649173569163509e-7,0.0,0.0,0.0,0.0,0.0,0.0,0.0,0.0,0.0,0.0,0.0,0.0,0.0,1.2809299243521366e-7,1.754728591318866e-7,0.0,0.04257828350811654,0.0,0.0,0.0,0.0,0.0,0.07459758934485694,0.0,0.0,0.0,0.0,1.404552414374649e-7,0.0,0.0,0.0,0.0,0.0,0.0,0.0,0.24655521830518157,0.0,0.0,0.0,0.0,0.0,1.2412948668938384e-7,0.0,0.0,0.0,0.0],