{"modelname":"lbd","policy":"nolearning","smax":[5,1],"alpha":0.3,"beta":0.95,"c":1.0,"gamma":1.0,"sigma":1.0,"p0":1.5,"accuracy":1.0e-8,"cost_entry":[0.0,10.0],"value_exit":[0.0,1.0],"cost_merger":[0.0,1.0],"cost_bundling":[0.0,1.0],"entry":true,"exit":true,"mergers":true,"bundling":true,"filename":"a30g100s10","verbose":true,"firms":[1,2,3,4],"rival":[2,1,4,3],"partner":[3,4,1,2],"merger_pairs":[1,2,1,2,3,4,4,3],"outcomes":[1,0,1,0,1,0,0,0,0,0,1,0,1,0,1,0,0,0,1,0,0,1,0,0,1,0,0,0,1,1,0,0,0,0,1,0,0,0,0,0,1,1,1,1,2],"ownership":[0,3,0,3,0,0,4,4,0,1,0,1,0,0,2,2],"S":[1,1,1,1,1,1,1,1,1,1,1,1,1,1,0,0,0,1,0,1,0,1,0,1,1,1,1,1,1,1,1,1,1,1,1,1,1,1,1,1,1,1,0,0,0,0,1,0,1,0,1,1,1,1,1,1,0,1,1,0,0,1,1,1,1,0,1,3,1,3,0,0,1,0,0,0,0,1,1,0,0,0,1,1],"ms":14,"mc":[0.43684642621654957,0.43684642621654957,0.43684642621654957,0.43684642621654957,0.43684642621654957,0.43684642621654957,0.43684642621654957,0.43684642621654957,0.43684642621654957,0.43684642621654957,0.43684642621654957,0.43684642621654957,0.43684642621654957,0.43684642621654957,0.0,0.0,0.0,0.43684642621654957,0.0,0.43684642621654957,0.0,0.43684642621654957,0.0,0.43684642621654957,0.43684642621654957,0.43684642621654957,0.43684642621654957,0.43684642621654957,1.0,1.0,1.0,1.0,1.0,1.0,1.0,1.0,1.0,1.0,1.0,1.0,1.0,1.0,0.0,0.0,0.0,0.0,1.0,0.0,1.0,0.0,1.0,1.0,1.0,1.0,1.0,1.0],"P":[2.02713826232758,2.0271382623247898,1.3338077876711276,1.8501841777169348,2.0271382623149172,1.8501841777193142,2.0271382623135716,1.3338077876629564,1.3338077876711276,1.85018417770775,1.8501841777104049,1.8501841777020587,1.2608126918407137,1.193160703525367,0.0,0.0,0.0,1.8501841831714798,0.0,1.850184183178536,0.0,0.8736928524330991,0.0,1.8501841831717796,1.8501841831757087,1.8501841831831647,1.6546579281557832,1.1931607080915363,2.4046738551182565,2.4046738551404143,1.8969613614545782,2.40467385511522,2.3082611529366943,2.404673855097828,2.3082611528991834,1.896961361446407,1.8969613614545782,2.308261152941614,2.3082611529229404,2.3082611529404304,1.823966265624164,1.7563142773088176,0.0,0.0,0.0,0.0,2.3082611562413122,0.0,2.3082611562257362,0.0,2.0,2.30826115623589,2.308261156234001,2.3082611562318656,2.217811465311406,1.7563142818749868],"V":[8.985084618814572,8.985084604761044,6.6310758584200995,8.266737084092533,8.985084618814907,8.266737080425326,8.98508460476042,6.22009727698448,6.2200972426630985,8.266737084092714,8.2667370804236,8.266737211967797,5.468503299078743,5.126274703794798,0.0,0.0,0.0,8.26673707088826,0.0,8.266737190381729,0.0,3.350523833688503,0.0,8.266737070882606,8.26673719037625,8.266737198716422,4.815368161340558,5.126274687929283,6.656050299098666,6.656050293172122,6.6310758584200995,6.656050299098023,6.165209677137713,6.65605029317282,6.165209673554007,6.22009727698448,6.2200972426630985,6.165209677136111,6.165209673556442,6.165209704987062,5.468503299078743,5.126274703794798,0.0,0.0,0.0,0.0,6.165209672349112,0.0,6.165209701806417,0.0,3.350523680688163,6.165209672350565,6.165209701813422,6.165209700205637,4.815367901591586,5.126274687929283],"D":[0.37118458986996594,0.3711845898706172,0.44256238723022523,0.29245504632824726,0.3711845898729216,0.29245504632835834,0.3711845898732356,0.442562387234257,0.44256238723022523,0.2924550463301735,0.2924550463299602,0.2924550463323249,0.39317903097144064,0.3388991724099633,0.0,0.0,0.0,0.29245504473303807,0.0,0.2924550447317815,0.0,0.0,0.0,0.2924550447321905,0.29245504473160455,0.2924550447293479,0.17885485691232256,0.33889916931502134,0.2880909665054383,0.28809096650089383,0.44256238723022523,0.28809096650606114,0.2356266222061688,0.288090966509628,0.23562662221206,0.442562387234257,0.44256238723022523,0.23562662220498165,0.2356266222082401,0.23562662220497144,0.39317903097144064,0.3388991724099633,0.0,0.0,0.0,0.0,0.23562662142751284,0.0,0.23562662142823562,0.0,0.0,0.23562662142876262,0.23562662142806606,0.2356266214294217,0.17885485691232256,0.33889916931502134],"Q":[0.10693492724756318,0.10693492724606396,0.44256238723022523,0.08425365695627966,0.0874609711267386,0.0842536569573548,0.0874609711289993,0.442562387234257,0.44256238723022523,0.06891019471358018,0.0689101947144829,0.06891019471408416,0.39317903097144064,0.3388991724099633,0.0,0.0,0.0,0.0,0.0,0.0,0.0,0.0,0.0,0.06891019411004366,0.06891019410970191,0.06891019410956666,0.17885485691232256,0.33889916931502134,0.0,0.0,0.0,0.0,0.08746097083771351,0.0,0.08746097083805579,0.0,0.0,0.06891019448657104,0.06891019448631705,0.06891019448727069,0.0,0.0,0.0,0.0,0.0,0.08425365649671428,0.0,0.08425365649739544,0.0,0.0,0.0,0.06891019433705287,0.06891019433786774,0.06891019433638007,0.0,0.0,0.26424966262240274,0.26424966262455324,0.0,0.2082013893719676,0.19626264790846945,0.20820138937100352,0.19626264790618053,0.0,0.0,0.15463465713002228,0.15463465712916025,0.15463465713097005,0.0,0.0,0.0,0.0,0.0,0.20820138823632378,0.0,0.20820138823438605,0.0,0.0,0.0,0.15463465628509393,0.15463465628403486,0.15463465628340115,0.0,0.0,0.1811560392578751,0.18115603925482984,0.0,0.11958365305306719,0.14816565107943022,0.11958365305487778,0.1481656510830607,0.0,0.0,0.09780623315434861,0.09780623315588945,0.09780623315450722,0.0,0.0,0.0,0.0,0.0,0.0,0.14816565058979933,0.0,0.14816565059017983,0.0,0.0,0.0978062328321479,0.09780623283204709,0.09780623283258436,0.0,0.0,0.44765937087215896,0.44765937087455293,0.5574376127697747,0.29550625588564744,0.3324841084578489,0.29550625588498225,0.33248410845352394,0.5574376127657431,0.5574376127697747,0.2194774429511395,0.21947744295049873,0.21947744295123564,0.42796611211623686,0.3222016582750153],"PI":[0.5902918229604279,0.5902918229604279,0.396961361378611,0.413337757592506,0.590291822960428,0.4133377575933589,0.5902918229604279,0.39696136137861104,0.396961361378611,0.4133377575925422,0.4133377575930173,0.4133377575939185,0.3239662578712655,0.25631428266179773,0.0,0.0,0.0,0.4133377569331458,0.0,0.41333775693343344,0.0,0.0,0.0,0.4133377569320355,0.4133377569323565,0.41333775693134767,0.21781150192552223,0.2563142818685199,0.4046738485459385,0.4046738485459385,0.39696136137861104,0.4046738485459386,0.30826115643002133,0.4046738485459384,0.30826115642888996,0.3969613613786111,0.39696136137861104,0.30826115642962737,0.3082611564294903,0.30826115642933516,0.32396625787126543,0.2563142826617978,0.0,0.0,0.0,0.0,0.3082611561899919,0.0,0.30826115618726735,0.0,0.0,0.3082611561903493,0.30826115618899297,0.3082611561902633,0.2178114953744574,0.25631428186851996],"CS":[0.8037226686414387,0.8037226686360905,0.5844046872554292,1.219065271850271,1.1011632141401357,1.2190652718525221,1.1011632141531438,0.5844046872626616,0.5844046872554292,1.5165058173461103,1.5165058173490298,1.5165058173456722,0.8487112638335401,1.1325776615268237],"pr_entry":[0.0,0.0,0.0,0.0,0.0,0.0,0.0,0.0,0.0,0.0,0.0,0.0,0.0,0.0,0.20666840299884054,0.20666840614339735,0.08376307711127856,0.0,0.20666840299869924,0.0,0.20666840614326037,0.0,0.12038418971104389,0.0,0.0,0.0,0.0,0.0,0.0,0.0,0.0,0.0,0.0,0.0,0.0,0.0,0.0,0.0,0.0,0.0,0.0,0.0,0.15413022410944308,0.1541302248846783,0.08376307316841773,0.15413022410947935,0.0,0.15413022488485342,0.0,0.12038418304794103,0.0,0.0,0.0,0.0,0.0,0.0],"pr_exit":[0.0,0.0,0.0,0.0,0.0,0.25,0.0,0.25,0.0,0.0,0.0,0.0,0.0,0.0,0.0,0.0,0.0,0.0,0.0,0.0,0.0,0.0,0.0,0.0,0.0,0.0,0.0,0.0,0.0,0.0,0.0,0.0,0.0,0.0,0.25,0.0,0.25,0.0,0.0,0.0,0.0,0.0,0.0,0.0,0.0,0.0,0.0,0.0,0.0,0.0,0.0,0.0,0.0,0.0,0.0,0.0],"pr_merger":[0.0,0.0,0.0,0.0,0.0,0.0,0.0,0.0,0.0,0.0,0.0,0.0,0.0,0.0,0.0,0.0,0.0,0.0,0.0,0.0,0.0,0.0,0.0,2.591249659289474e-9,1.7716115241483976e-9,0.0,0.15545332823160551,0.0,0.0,0.0,0.0,0.0,0.0,0.0,0.0,0.0,0.0,0.0,0.0,0.0,0.0,0.0,0.0,0.0,0.0,7.767504417444115e-10,0.0,0.0,0.0,0.0,0.0,1.3948628918569739e-9,0.0,0.0,0.0,0.0],"pr_bundling":[0.0,0.0,0.0,0.0,0.0,0.0,0.0,0.0,0.0,0.0,0.0,0.0,0.0,0.0,0.0,0.0,0.0,0.0,0.0,0.0,0.0,0.0,0.0,0.0,0.0,0.0,0.0,0.0,0.0,0.0,0.0,0.0,0.0,0.0,0.0,0.0,0.0,0.0,0.0,0.0,0.0,0.0,0.0,0.0,0.0,0.0,0.0,0.0,0.0,0.0,0.0,0.0,0.0,0.0,0.0,0.0],