{"modelname":"lbd","policy":"nolearning","smax":[5,1],"alpha":0.3,"beta":0.95,"c":1.0,"gamma":0.0,"sigma":8.0,"p0":1.5,"accuracy":1.0e-8,"cost_entry":[0.0,10.0],"value_exit":[0.0,1.0],"cost_merger":[0.0,1.0],"cost_bundling":[0.0,1.0],"entry":true,"exit":true,"mergers":true,"bundling":true,"filename":"a30g0s80","verbose":true,"firms":[1,2,3,4],"rival":[2,1,4,3],"partner":[3,4,1,2],"merger_pairs":[1,2,1,2,3,4,4,3],"outcomes":[1,0,1,0,1,0,0,0,0,0,1,0,1,0,1,0,0,0,1,0,0,1,0,0,1,0,0,0,1,1,0,0,0,0,1,0,0,0,0,0,1,1,1,1,2],"ownership":[0,3,0,3,0,0,4,4,0,1,0,1,0,0,2,2],"S":[1,1,1,1,1,1,1,1,1,1,1,1,1,1,0,0,0,1,0,1,0,1,0,1,1,1,1,1,1,1,1,1,1,1,1,1,1,1,1,1,1,1,0,0,0,0,1,0,1,0,1,1,1,1,1,1,0,1,1,0,0,1,1,1,1,0,1,3,1,3,0,0,1,0,0,0,0,1,1,0,0,0,1,1],"ms":14,"mc":[0.43684642621654957,0.43684642621654957,0.43684642621654957,0.43684642621654957,0.43684642621654957,0.43684642621654957,0.43684642621654957,0.43684642621654957,0.43684642621654957,0.43684642621654957,0.43684642621654957,0.43684642621654957,0.43684642621654957,0.43684642621654957,0.0,0.0,0.0,0.43684642621654957,0.0,0.43684642621654957,0.0,0.43684642621654957,0.0,0.43684642621654957,0.43684642621654957,0.43684642621654957,0.43684642621654957,0.43684642621654957,1.0,1.0,1.0,1.0,1.0,1.0,1.0,1.0,1.0,1.0,1.0,1.0,1.0,1.0,0.0,0.0,0.0,0.0,1.0,0.0,1.0,0.0,1.0,1.0,1.0,1.0,1.0,1.0],"P":[1.124411164010024,0.7215493253026422,1.0791978757595957,0.662525462751746,1.5967461054842154,0.43684645557573387,1.749962336115215,1.079197875761273,1.0791978757595957,0.6868337809728958,0.6868253541794076,0.6868211418342003,0.6041138924376036,0.5618447148072134,0.0,0.0,0.0,0.6625254642668755,0.0,0.5933321995927598,0.0,0.8736928524330991,0.0,0.6868337823054499,0.6868295678956942,0.686821140490028,0.6364055798503924,0.5618447153333447,1.6875647690269766,2.0,1.6423514495430462,2.159899679435819,1.2256790381671316,2.3131159231888785,1.000000035220055,1.6423514495447236,1.6423514495430462,1.24998735480338,1.2499789261387424,1.249974714576866,1.167267466221054,1.124998288590664,0.0,0.0,0.0,0.0,1.2256790369532813,0.0,1.1564857708234004,0.0,2.0,1.2499873561475776,1.2499831428070771,1.2499747159180232,1.199559158060239,1.1249982891167951],"V":[10.026933887805182,6.159216386882221,10.77717429647916,1.78678507084964,14.068206870435485,3.770509921014978,10.949123348653565,9.234099780161285,9.234099801686796,2.499746584578483,2.499704434715308,2.4996201757180887,2.0953492536042173,1.2499656953296616,0.0,0.0,0.0,1.7867850685066464,0.0,0.7478616052503817,0.0,0.6182840566269899,0.0,2.4997465712551716,2.4996623036308425,2.499620189156409,1.491182797567127,1.2499656900685685,10.026934062039365,15.128015489435917,10.77717429647916,14.068206865867015,1.7867850757431925,13.991371471915937,6.812758072367087,9.234099780161285,9.234099801686796,2.499746585165058,2.499704650283697,2.4996203966183925,2.0953492536042173,1.2499656953296658,0.0,0.0,0.0,0.0,1.78678507560215,0.0,0.7478616125311333,0.0,0.6182840623132048,2.4997465717253267,2.499662285392426,2.4996203832102157,1.4911828306428525,1.2499656900685685],"D":[0.8181989456592821,0.9027012397048153,0.9027012397048153,0.44611603236464364,0.8922320592455193,0.7036012631189201,0.9048065848434194,0.9027012397024581,0.9027012397048153,0.4999747081512611,0.4999831350504219,0.4999747079130083,0.62634694348004,0.4999931541737056,0.0,0.0,0.0,0.4461160269572541,0.0,0.20120531531608185,0.0,0.0,0.0,0.4999747028213145,0.49996628103786234,0.49997471328942567,0.3736193156254493,0.4999931499647132,0.8181989456592821,0.9027012397048153,0.9027012397048153,0.8922320593218978,0.4461160274566872,0.904806578435002,0.703601257570868,0.9027012397024581,0.9027012397048153,0.4999747081745471,0.4999831409542196,0.4999747132833957,0.62634694348004,0.4999931541737056,0.0,0.0,0.0,0.0,0.4461160317888321,0.0,0.20120532727255136,0.0,0.0,0.4999747027980286,0.49996627513406466,0.49997470791903825,0.3736193156254493,0.4999931499647132],"Q":[0.8181989456592821,0.9027012397048153,0.9027012397048153,0.44611603236464364,0.4461160274566872,0.7036012631189201,0.703601257570868,0.9027012397024581,0.9027012397048153,0.24998735541976022,0.2499957840513175,0.2499873552975935,0.62634694348004,0.4999931541737056,0.0,0.0,0.0,0.0,0.0,0.0,0.0,0.0,0.0,0.24998735006652764,0.2499789241349602,0.24998735530362345,0.3736193156254493,0.4999931499647132,0.0,0.0,0.0,0.0,0.4461160317888321,0.0,0.20120532727255136,0.0,0.0,0.2499873527315009,0.24998735099910444,0.2499873526154148,0.0,0.0,0.0,0.0,0.0,0.4461160269572541,0.0,0.20120531531608185,0.0,0.0,0.0,0.24998735275478687,0.2499873569029021,0.24998735798580218,0.0,0.0,0.0,0.0,0.0,0.0,0.0,0.0,0.0,0.0,0.0,0.0,0.0,0.0,0.0,0.0,0.0,0.0,0.0,0.0,0.0,0.0,0.0,0.0,0.0,0.0,0.0,0.0,0.0,0.0,0.0,0.0,0.0,0.0,0.0,0.0,0.0,0.0,0.0,0.0,0.0,0.0,0.0,0.0,0.0,0.0,0.0,0.0,0.0,0.0,0.0,0.0,0.0,0.0,0.0,0.0,0.0,0.0,0.18180105434071792,0.09729876029518478,0.09729876029518478,0.10776794067810226,0.10776794075448079,0.09519342156499801,0.09519341515658071,0.09729876029754192,0.09729876029518478,5.058902742422066e-5,5.058391171563701e-5,5.057879756595415e-5,3.3740894510559054e-5,1.369586158127619e-5],"PI":[0.5625647435351215,0.2570016599525707,0.5798514498286929,0.10067903636695727,1.0348996793512069,2.0657159161779768e-8,1.1881159219389708,0.5798514498286929,0.5798514498286929,0.12498735473580999,0.12498524809941333,0.12498103542657224,0.10476746621120804,0.06249828857876114,0.0,0.0,0.0,0.10067903582254639,0.0,0.031485769374641315,0.0,0.0,0.0,0.12498735406963407,0.12498314166748296,0.12498103609848846,0.07455915440747024,0.06249828831570632,0.56256476909034,0.9027012397048153,0.579851449828693,1.0348996795898298,0.10067903598736685,1.188115925549048,2.4780875056274426e-8,0.579851449828693,0.579851449828693,0.12498735476514686,0.12498524866321128,0.12498103624866727,0.10476746621120804,0.0624982885787612,0.0,0.0,0.0,0.0,0.10067903642352305,0.0,0.031485770732019754,0.0,0.0,0.12498735409315004,0.1249831407555613,0.12498103557825822,0.07455915606125733,0.06249828831570632],"CS":[0.21310528722521038,0.2912461288660033,0.2912461288660033,0.27847188263066514,0.2784718825420738,0.2939805550975523,0.29398056351254764,0.2912461288629755,0.2912461288660033,1.2364719818137213,1.236484622813952,1.2364972612400171,1.2870999961657439,1.3998021056404057],"pr_entry":[0.0,0.0,0.0,0.0,0.0,0.0,0.0,0.0,0.0,0.0,0.0,0.0,0.0,0.0,0.044669627424633034,0.01869653949103138,0.015457100809519161,0.0,0.06249366361014573,0.0,0.06249155689377263,0.0,0.03727956955683308,0.0,0.0,0.0,0.0,0.0,0.0,0.0,0.0,0.0,0.0,0.0,0.0,0.0,0.0,0.0,0.0,0.0,0.0,0.0,0.04466962760202068,0.01869653967305015,0.01545710095167451,0.06249366362189941,0.0,0.062491556437812235,0.0,0.037279570383726195,0.0,0.0,0.0,0.0,0.0,0.0],"pr_exit":[0.0,0.0,0.0,0.0,0.0,0.25,0.0,0.25,0.0,0.0,0.0,0.0,0.0,0.0,0.0,0.0,0.0,0.0,0.0,0.06303460508968622,0.0,0.09542899190480839,0.0,0.0,0.0,0.0,0.0,0.0,0.0,0.0,0.0,0.0,0.0,0.0,0.25,0.0,0.25,0.0,0.0,0.0,0.0,0.0,0.0,0.0,0.0,0.0,0.0,0.0,0.06303460326949847,0.0,0.0954289904832549,0.0,0.0,0.0,0.0,0.0],"pr_merger":[0.25,0.0,0.0,0.25,0.25,0.0,0.0,0.0,0.0,0.0,0.0,0.0,0.0,0.0,0.0,0.0,0.0,0.0,0.0,0.0,0.0,0.0,0.0,0.0,0.0,0.0,0.0,0.0,0.0,0.0,0.0,0.0,0.25,0.0,0.0,0.0,0.0,0.0,0.0,0.0,0.0,0.0,0.0,0.0,0.0,0.25,0.0,0.0,0.0,0.0,0.0,0.0,0.0,0.0,0.0,0.0],"pr_bundling":[0.0,0.07608240517766673,0.0,0.0,0.0,0.25,0.25,0.0,0.0,0.0,0.0,0.0,0.0,0.0,0.0,0.0,0.0,0.0,0.0,0.0,0.0,0.0,0.0,0.0,0.0,0.0,0.0,0.0,0.0,0.07608240517766673,0.0,0.0,0.0,0.25,0.25,0.0,0.0,0.0,0.0,0.0,0.0,0.0,0.0,0.0,0.0,0.0,0.0,0.0,0.0,0.0,0.0,0.0,0.0,0.0,0.0,0.0],"active_firms":[true,true,true,true,true,true,true,true,true,true,true,true,true,true,false,false,false,true,false,true,false,true,false,true,true,true,true,true,true,true,true,true,true,true,true,true,true,true,true,true,true,true,false,false,false,false,true,false,true,false,true,true,true,true,true,true,true,true,true,true,true,true,true,true,true,true,true,true,true,true],