{"modelname":"lbd","policy":"nolearning","smax":[5,1],"alpha":0.3,"beta":0.95,"c":1.0,"gamma":1.0,"sigma":9.0,"p0":1.5,"accuracy":1.0e-8,"cost_entry":[0.0,10.0],"value_exit":[0.0,1.0],"cost_merger":[0.0,1.0],"cost_bundling":[0.0,1.0],"entry":true,"exit":true,"mergers":true,"bundling":true,"filename":"a30g100s90","verbose":true,"firms":[1,2,3,4],"rival":[2,1,4,3],"partner":[3,4,1,2],"merger_pairs":[1,2,1,2,3,4,4,3],"outcomes":[1,0,1,0,1,0,0,0,0,0,1,0,1,0,1,0,0,0,1,0,0,1,0,0,1,0,0,0,1,1,0,0,0,0,1,0,0,0,0,0,1,1,1,1,2],"ownership":[0,3,0,3,0,0,4,4,0,1,0,1,0,0,2,2],"S":[1,1,1,1,1,1,1,1,1,1,1,1,1,1,0,0,0,1,0,1,0,1,0,1,1,1,1,1,1,1,1,1,1,1,1,1,1,1,1,1,1,1,0,0,0,0,1,0,1,0,1,1,1,1,1,1,0,1,1,0,0,1,1,1,1,0,1,3,1,3,0,0,1,0,0,0,0,1,1,0,0,0,1,1],"ms":14,"mc":[0.43684642621654957,0.43684642621654957,0.43684642621654957,0.43684642621654957,0.43684642621654957,0.43684642621654957,0.43684642621654957,0.43684642621654957,0.43684642621654957,0.43684642621654957,0.43684642621654957,0.43684642621654957,0.43684642621654957,0.43684642621654957,0.0,0.0,0.0,0.43684642621654957,0.0,0.43684642621654957,0.0,0.43684642621654957,0.0,0.43684642621654957,0.43684642621654957,0.43684642621654957,0.43684642621654957,0.43684642621654957,1.0,1.0,1.0,1.0,1.0,1.0,1.0,1.0,1.0,1.0,1.0,1.0,1.0,1.0,0.0,0.0,0.0,0.0,1.0,0.0,1.0,0.0,1.0,1.0,1.0,1.0,1.0,1.0],"P":[1.289142306232284,1.2891423062337324,1.086751845270796,0.6590113182621048,1.2891423062350003,0.659011318263152,1.2891423062332579,1.0867518452694207,1.086751845270796,0.6590113182613921,0.6590113182623639,0.659011318260698,0.585533609141495,0.5479572193046226,0.0,0.0,0.0,0.6590113170108648,0.0,0.6590113170113551,0.0,0.8736928524330991,0.0,0.6590113170112933,0.6590113170108077,0.6590113170111124,0.6142363418907393,0.5479572200346253,1.395554975331747,1.3955549753315772,1.6499054190542466,1.395554975332247,1.2143303852613425,1.395554975331273,1.2143303852588652,1.6499054190528712,1.6499054190542466,1.2143303852623277,1.2143303852620642,1.2143303852620175,1.1486871829249454,1.111110793088073,0.0,0.0,0.0,0.0,1.214330386341157,0.0,1.2143303863396,0.0,2.0,1.2143303863414792,1.214330386340974,1.2143303863410386,1.177389921021397,1.1111107938180758],"V":[11.424040753761433,14.396950271770338,11.2964820563926,2.3852914010215334,13.644791425442207,9.486941575234598,12.464625701808771,9.914215545603383,9.914215576091323,2.2210747618296702,2.221075323163079,2.2210753147257662,1.8626332639630174,1.111104717423927,0.0,0.0,0.0,2.3852914033284134,0.0,0.767193702788209,0.0,0.5121633235341317,0.0,2.2210747743195416,2.2210747013408674,2.2210753272119437,1.3255757462506188,1.111104710123963,8.258926338262489,7.372722899722566,11.2964820563926,11.583594597784353,1.9943266936457071,8.149165537280735,5.916092024130697,9.914215545603383,9.914215576091323,2.0643850046090857,2.06438511081907,2.064385102380757,1.8626332639630174,1.111104717423927,0.0,0.0,0.0,0.0,1.9943266918211122,0.0,0.7503956819066251,0.0,0.5121633294672711,2.0643849949542927,2.0643849233014113,2.064385092726031,1.3255757861261224,1.111104710123963],"D":[0.8696331712272151,0.8696331712257375,0.9145174760719227,0.49987096524701347,0.8696331712244438,0.49987096524576025,0.8696331712262217,0.9145174760738579,0.9145174760719227,0.4998709652495811,0.49987096524630237,0.49987096525073543,0.6263594852420499,0.49999856877196386,0.0,0.0,0.0,0.49987097087614085,0.0,0.4998709708773921,0.0,0.0,0.0,0.4998709708735734,0.4998709708768515,0.49987097087242005,0.3736334461266296,0.4999985622019582,0.7191007122377272,0.7191007122380352,0.9145174760719227,0.7191007122368182,0.4815895514761587,0.7191007122385887,0.4815895514784756,0.9145174760738579,0.9145174760719227,0.4815895514746184,0.48158955147415533,0.4815895514743956,0.6263594852420499,0.49999856877196386,0.0,0.0,0.0,0.0,0.48158954679591354,0.0,0.48158954679424054,0.0,0.0,0.4815895467972453,0.481589546797831,0.4815895467975879,0.3736334461266296,0.4999985622019582],"Q":[0.6253538328150438,0.6253538328142489,0.9145174760719227,0.3594575671356331,0.4188062488787693,0.3594575671356172,0.41880624888164036,0.9145174760738579,0.9145174760719227,0.24073263394973007,0.24073263394792008,0.24073263395017486,0.6263594852420499,0.49999856877196386,0.0,0.0,0.0,0.0,0.0,0.0,0.0,0.0,0.0,0.240732634320103,0.2407326343219749,0.24073263431971906,0.3736334461266296,0.4999985622019582,0.0,0.0,0.0,0.0,0.41880624480867307,0.0,0.4188062448080744,0.0,0.0,0.24073263161164749,0.2407326316103609,0.2407326316123745,0.0,0.0,0.0,0.0,0.0,0.3594575711835426,0.0,0.35945757118532734,0.0,0.0,0.0,0.24073263665818645,0.24073263665953323,0.24073263665751943,0.0,0.0,0.2442793384121713,0.24427933841148852,0.0,0.14041339811138034,0.03202067753700146,0.140413398110143,0.03202067753650702,0.0,0.0,0.018405699688203506,0.01840569968802144,0.018405699688186117,0.0,0.0,0.0,0.0,0.0,0.14041339969259822,0.0,0.14041339969206476,0.0,0.0,0.0,0.018405699895283945,0.018405699895343366,0.018405699895181614,0.0,0.0,0.09374687942268345,0.09374687942378626,0.0,0.00018557391764248359,0.06278330259738937,0.00018557391764422387,0.06278330259683523,0.0,0.0,0.00012428086670186107,0.00012428086670201324,0.000124280866701314,0.0,0.0,0.0,0.0,0.0,0.0,0.06278330198724046,0.0,0.06278330198616616,0.0,0.0,0.0001242808654947998,0.00012428086549522266,0.0001242808654943989,0.0,0.0,0.03661994935010143,0.036619949350476286,0.08548252392807734,7.248995920341975e-5,0.004800224190926336,7.24899592034642e-5,0.004800224190776938,0.0854825239261421,0.08548252392807734,9.502144648912743e-6,9.502144648901862e-6,9.502144648844418e-6,7.0686313205735875e-6,2.86902607783432e-6],"PI":[0.7411847689619732,0.7411847689619734,0.5943498635189547,0.11105377903081023,0.7411847689619734,0.11105377903105526,0.7411847689619735,0.5943498635189547,0.5943498635189547,0.11105377903102444,0.11105377903078179,0.11105377903093393,0.09313162735895933,0.05555523751915433,0.0,0.0,0.0,0.11105377965594616,0.0,0.11105377965646922,0.0,0.0,0.0,0.11105377965558998,0.11105377965607552,0.11105377965524328,0.06627880550145973,0.055555237154156105,0.28444386449023595,0.2844438644902356,0.5943498635189548,0.2844438644902358,0.10321927410572224,0.28444386449023584,0.10321927410502575,0.5943498635189548,0.5943498635189548,0.10321927410586658,0.10321927410564039,0.10321927410566943,0.09313162735895933,0.05555523751915433,0.0,0.0,0.0,0.0,0.10321927362263085,0.0,0.10321927362152244,0.0,0.0,0.10321927362307144,0.1032192736229537,0.10321927362293272,0.06627880749935519,0.055555237154156105],"CS":[0.3674624580953263,0.367462458094189,0.27327148027040726,1.0591180554934136,0.5932325173017796,1.0591180554933457,0.5932325173052377,0.2732714802729226,0.27327148027040726,1.2848881147021016,1.2848881147022286,1.2848881147029005,1.3177604096146331,1.4179486590539838],"pr_entry":[0.0,0.0,0.0,0.0,0.0,0.0,0.0,0.0,0.0,0.0,0.0,0.0,0.0,0.0,0.05963228595908966,0.019179841752662536,0.012804082315963824,0.0,0.055526868280629485,0.0,0.055526866360125014,0.0,0.03313939317760945,0.0,0.0,0.0,0.0,0.0,0.0,0.0,0.0,0.0,0.0,0.0,0.0,0.0,0.0,0.0,0.0,0.0,0.0,0.0,0.049858168140206674,0.01875989124134031,0.012804082464250355,0.05160962424555756,0.0,0.05160962235995832,0.0,0.03313939417438861,0.0,0.0,0.0,0.0,0.0,0.0],"pr_exit":[0.0,0.0,0.0,0.0,0.0,0.25,0.0,0.25,0.0,0.0,0.0,0.0,0.0,0.0,0.0,0.0,0.0,0.0,0.0,0.05820158247337465,0.0,0.12195917684036175,0.0,0.0,0.0,0.0,0.0,0.0,0.0,0.0,0.0,0.0,0.0,0.0,0.25,0.0,0.25,0.0,0.0,0.0,0.0,0.0,0.0,0.0,0.0,0.0,0.0,0.0,0.062401087586596904,0.0,0.12195917535749645,0.0,0.0,0.0,0.0,0.0],"pr_merger":[0.25,0.0,0.0,0.25,0.25,0.0,0.0,0.0,0.0,1.7566945575975268e-7,0.0,0.0,0.0,0.0,0.0,0.0,0.0,0.0,0.0,0.0,0.0,0.0,0.0,1.749606900469658e-7,2.0928858723845423e-7,0.0,0.0,0.0,0.0,0.0,0.0,0.0,0.25,0.0,0.0,0.0,0.0,1.780831406783534e-7,0.0,0.0,0.0,0.0,0.0,0.0,0.0,0.25,0.0,0.0,0.0,0.0,0.0,1.7254700512836507e-7,0.0,0.0,0.0,0.0],