{"modelname":"lbd","policy":"nolearning","smax":[5,1],"alpha":0.3,"beta":0.95,"c":1.0,"gamma":0.0,"sigma":6.0,"p0":1.5,"accuracy":1.0e-8,"cost_entry":[0.0,10.0],"value_exit":[0.0,1.0],"cost_merger":[0.0,1.0],"cost_bundling":[0.0,1.0],"entry":true,"exit":true,"mergers":true,"bundling":true,"filename":"a30g0s60","verbose":true,"firms":[1,2,3,4],"rival":[2,1,4,3],"partner":[3,4,1,2],"merger_pairs":[1,2,1,2,3,4,4,3],"outcomes":[1,0,1,0,1,0,0,0,0,0,1,0,1,0,1,0,0,0,1,0,0,1,0,0,1,0,0,0,1,1,0,0,0,0,1,0,0,0,0,0,1,1,1,1,2],"ownership":[0,3,0,3,0,0,4,4,0,1,0,1,0,0,2,2],"S":[1,1,1,1,1,1,1,1,1,1,1,1,1,1,0,0,0,1,0,1,0,1,0,1,1,1,1,1,1,1,1,1,1,1,1,1,1,1,1,1,1,1,0,0,0,0,1,0,1,0,1,1,1,1,1,1,0,1,1,0,0,1,1,1,1,0,1,3,1,3,0,0,1,0,0,0,0,1,1,0,0,0,1,1],"ms":14,"mc":[0.43684642621654957,0.43684642621654957,0.43684642621654957,0.43684642621654957,0.43684642621654957,0.43684642621654957,0.43684642621654957,0.43684642621654957,0.43684642621654957,0.43684642621654957,0.43684642621654957,0.43684642621654957,0.43684642621654957,0.43684642621654957,0.0,0.0,0.0,0.43684642621654957,0.0,0.43684642621654957,0.0,0.43684642621654957,0.0,0.43684642621654957,0.43684642621654957,0.43684642621654957,0.43684642621654957,0.43684642621654957,1.0,1.0,1.0,1.0,1.0,1.0,1.0,1.0,1.0,1.0,1.0,1.0,1.0,1.0,0.0,0.0,0.0,0.0,1.0,0.0,1.0,0.0,1.0,1.0,1.0,1.0,1.0,1.0],"P":[1.1235912563309873,0.6878748294734303,1.0623606278449897,0.7263793125648259,1.538558439298297,0.4368464546905959,1.724598699617784,1.0623606278476045,1.0623606278449897,0.7697979922039819,0.7695451144943509,0.7694205345824527,0.6596641641320437,0.603461135893644,0.0,0.0,0.0,0.7263793148172917,0.0,0.6438961661571555,0.0,0.8736928524330991,0.0,0.7697979909614487,0.7696722279778043,0.7694205334137979,0.7027605007182285,0.6034611368441073,1.6867448523605573,2.0,1.6255142016284403,2.101712013378771,1.2895328886861614,2.2877522782480564,1.0000000271345055,1.625514201631055,1.6255142016284403,1.3329515699896464,1.3326986932544582,1.3325741121661672,1.222817737915494,1.1666147096770945,0.0,0.0,0.0,0.0,1.2895328870572675,0.0,1.2070497395555055,0.0,2.0,1.332951568655928,1.3328258042925107,1.33257411087699,1.2659140833318299,1.1666147106275577],"V":[8.295073486375932,5.92215468430514,9.064591146431646,2.1072911108083185,10.384952409457428,2.4964109025505814,11.19201555787114,7.102520263339836,7.102520262438927,3.325696923692147,3.3244469097207068,3.321943823488023,2.789687383013974,1.6656272250657962,0.0,0.0,0.0,2.107291110603367,0.0,1.2597884894612386,0.0,0.9632792504798007,0.0,3.325696936074732,3.3231816303407222,3.3219438351080464,1.9849475980368456,1.6656272155700556,8.295073576830452,11.832495107598552,9.064591146431656,10.384952402116328,2.10729112690967,11.192015783501995,2.4964111391684516,7.102520263339837,7.102520262438928,3.3256969627586512,3.3244471977624763,3.321944134210514,2.789687383013974,1.6656272250657962,0.0,0.0,0.0,0.0,2.107291129468216,0.0,1.2597885134585305,0.0,0.9632792660030165,3.3256969760499504,3.3231816800035037,3.321944147028905,1.9849476639505572,1.6656272155700556],"D":[0.75730918686179,0.8667762729817379,0.8667762729817382,0.42436015118477544,0.8487202965572336,0.6755350987034991,0.8705755281451024,0.8667762729781149,0.8667762729817382,0.49942669242107063,0.4996184459479126,0.4994292804860472,0.62600224685698,0.4998440803047667,0.0,0.0,0.0,0.42436014544963446,0.0,0.19504042540391564,0.0,0.0,0.0,0.4994266961443961,0.49923754177417334,0.49942928398800934,0.37323112592927715,0.4998440746037655,0.75730918686179,0.8667762729817379,0.8667762729817382,0.8487202966344098,0.42436014620490325,0.8705755241074148,0.6755351027032936,0.8667762729781149,0.8667762729817382,0.49942669228444936,0.4996184422840081,0.49942928030546974,0.62600224685698,0.4998440803047667,0.0,0.0,0.0,0.0,0.4243601503523304,0.0,0.19504042544180883,0.0,0.0,0.49942669628101743,0.49923754543807786,0.49942928416858684,0.37323112592927715,0.4998440746037655],"Q":[0.75730918686179,0.8667762729817379,0.8667762729817382,0.42436015118477544,0.42436014620490325,0.6755350987034991,0.6755351027032936,0.8667762729781149,0.8667762729817382,0.2497133452113933,0.24990448349828082,0.24971463927724444,0.62600224685698,0.4998440803047667,0.0,0.0,0.0,0.0,0.0,0.0,0.0,0.0,0.0,0.24971334907134007,0.24952358298844604,0.24971464295978407,0.37323112592927715,0.4998440746037655,0.0,0.0,0.0,0.0,0.4243601503523304,0.0,0.19504042544180883,0.0,0.0,0.24971334720967733,0.2497139624496318,0.24971464120880277,0.0,0.0,0.0,0.0,0.0,0.42436014544963446,0.0,0.19504042540391564,0.0,0.0,0.0,0.24971334707305604,0.2497139587857273,0.24971464102822527,0.0,0.0,0.0,0.0,0.0,0.0,0.0,0.0,0.0,0.0,0.0,0.0,0.0,0.0,0.0,0.0,0.0,0.0,0.0,0.0,0.0,0.0,0.0,0.0,0.0,0.0,0.0,0.0,0.0,0.0,0.0,0.0,0.0,0.0,0.0,0.0,0.0,0.0,0.0,0.0,0.0,0.0,0.0,0.0,0.0,0.0,0.0,0.0,0.0,0.0,0.0,0.0,0.0,0.0,0.0,0.0,0.0,0.0,0.24269081313820987,0.13322372701826218,0.1332237270182618,0.1512797033655901,0.15127970344276642,0.12942447589258516,0.12942447185489758,0.13322372702188512,0.1332237270182618,0.0011466114345332775,0.001144012277914103,0.0011414355259434586,0.0007666272137427223,0.00031184509146790974],"PI":[0.5200781688755031,0.2175854637875558,0.5421808683846469,0.12286621942371895,0.9350453464634073,1.923521770679676e-8,1.1210856155363358,0.5421808683846469,0.5421808683846469,0.1662848993375192,0.16622240160626411,0.1660972476494717,0.139484404574689,0.083281376323793,0.0,0.0,0.0,0.12286621871906374,0.0,0.040383069357785885,0.0,0.0,0.0,0.166284899956652,0.16615913511030717,0.1660972482304732,0.0992474094267033,0.08328137584900577,0.5200781857226937,0.8667762729817379,0.542180868384647,0.9350453468005234,0.12286621897398745,1.121085614556319,1.8330310980943032e-8,0.542180868384647,0.542180868384647,0.16628490129084342,0.16622240287371745,0.16609724948737944,0.139484404574689,0.083281376323793,0.0,0.0,0.0,0.0,0.12286621948356634,0.0,0.04038306929052152,0.0,0.0,0.16628490195541243,0.16615913759344714,0.16609725012829932,0.09924741272239049,0.08328137584900577],"CS":[0.23599450328556637,0.33595423432858595,0.3359542343285864,0.3147708025773621,0.31477080249233547,0.3407762942848582,0.3407762994843999,0.3359542343240536,0.3359542343285864,1.128490710830537,1.1288689422732876,1.1292447625768804,1.1955849843958086,1.3455006658596658],"pr_entry":[0.0,0.0,0.0,0.0,0.0,0.0,0.0,0.0,0.0,0.0,0.0,0.0,0.0,0.0,0.052682276476120726,0.03149470837719422,0.0240819800851099,0.0,0.08314242200310737,0.0,0.08307953934816882,0.0,0.04962368917395112,0.0,0.0,0.0,0.0,0.0,0.0,0.0,0.0,0.0,0.0,0.0,0.0,0.0,0.0,0.0,0.0,0.0,0.0,0.0,0.0526822769477418,0.031494708977126216,0.024081980473190233,0.08314242300248785,0.0,0.08307954058973833,0.0,0.04962369082179387,0.0,0.0,0.0,0.0,0.0,0.0],"pr_exit":[0.0,0.0,0.0,0.0,0.0,0.25,0.0,0.25,0.0,0.0,0.0,0.0,0.0,0.0,0.0,0.0,0.0,0.0,0.0,0.0,0.0,0.009180199148901003,0.0,0.0,0.0,0.0,0.0,0.0,0.0,0.0,0.0,0.0,0.0,0.0,0.25,0.0,0.25,0.0,0.0,0.0,0.0,0.0,0.0,0.0,0.0,0.0,0.0,0.0,0.0,0.0,0.009180195268097657,0.0,0.0,0.0,0.0,0.0],"pr_merger":[0.25,0.0,0.0,0.25,0.25,0.0,0.0,0.0,0.0,0.0,0.0,0.0,0.0,0.0,0.0,0.0,0.0,0.0,0.0,0.0,0.0,0.0,0.0,0.0,0.0,0.0,0.0,0.0,0.0,0.0,0.0,0.0,0.25,0.0,0.0,0.0,0.0,0.0,0.0,0.0,0.0,0.0,0.0,0.0,0.0,0.25,0.0,0.0,0.0,0.0,0.0,0.0,0.0,0.0,0.0,0.0],"pr_bundling":[0.0,0.11084859561226801,0.0,0.0,0.0,0.17691362473519123,0.17691361955744833,0.0,0.0,0.0,0.0,0.0,0.0,0.0,0.0,0.0,0.0,0.0,0.0,0.0,0.0,0.0,0.0,0.0,0.0,0.0,0.0,0.0,0.0,0.11084859561226801,0.0,0.0,0.0,0.17691362473519123,0.17691361955744833,0.0,0.0,0.0,0.0,0.0,0.0,0.0,0.0,0.0,0.0,0.0,0.0,0.0,0.0,0.0,0.0,0.0,0.0,0.0,0.0,0.0],"active_firms":[true,true,true,true,true,true,true,true,true,true,true,true,true,true,false,false,false,true,false,true,false,true,false,true,true,true,true,true,true,true,true,true,true,true,true,true,true,true,true,true,true,true,false,false,false,false,true,false,true,false,true,true,true,true,true,true,true,true,true,true,true,true,true,true,true,true,true,true,true,true],