{"modelname":"lbd","policy":"nolearning","smax":[5,1],"alpha":0.3,"beta":0.95,"c":1.0,"gamma":0.0,"sigma":7.0,"p0":1.5,"accuracy":1.0e-8,"cost_entry":[0.0,10.0],"value_exit":[0.0,1.0],"cost_merger":[0.0,1.0],"cost_bundling":[0.0,1.0],"entry":true,"exit":true,"mergers":true,"bundling":true,"filename":"a30g0s70","verbose":true,"firms":[1,2,3,4],"rival":[2,1,4,3],"partner":[3,4,1,2],"merger_pairs":[1,2,1,2,3,4,4,3],"outcomes":[1,0,1,0,1,0,0,0,0,0,1,0,1,0,1,0,0,0,1,0,0,1,0,0,1,0,0,0,1,1,0,0,0,0,1,0,0,0,0,0,1,1,1,1,2],"ownership":[0,3,0,3,0,0,4,4,0,1,0,1,0,0,2,2],"S":[1,1,1,1,1,1,1,1,1,1,1,1,1,1,0,0,0,1,0,1,0,1,0,1,1,1,1,1,1,1,1,1,1,1,1,1,1,1,1,1,1,1,0,0,0,0,1,0,1,0,1,1,1,1,1,1,0,1,1,0,0,1,1,1,1,0,1,3,1,3,0,0,1,0,0,0,0,1,1,0,0,0,1,1],"ms":14,"mc":[0.43684642621654957,0.43684642621654957,0.43684642621654957,0.43684642621654957,0.43684642621654957,0.43684642621654957,0.43684642621654957,0.43684642621654957,0.43684642621654957,0.43684642621654957,0.43684642621654957,0.43684642621654957,0.43684642621654957,0.43684642621654957,0.0,0.0,0.0,0.43684642621654957,0.0,0.43684642621654957,0.0,0.43684642621654957,0.0,0.43684642621654957,0.43684642621654957,0.43684642621654957,0.43684642621654957,0.43684642621654957,1.0,1.0,1.0,1.0,1.0,1.0,1.0,1.0,1.0,1.0,1.0,1.0,1.0,1.0,0.0,0.0,0.0,0.0,1.0,0.0,1.0,0.0,1.0,1.0,1.0,1.0,1.0,1.0],"P":[1.1230072499682326,0.7051322610030667,1.0709893436098081,0.690545375943338,1.5688883578004027,0.43684645530357075,1.7371814559732368,1.0709893436098743,1.0709893436098081,0.7224917945722723,0.7224459086272383,0.7224230383256484,0.6279786361295275,0.5796942323145656,0.0,0.0,0.0,0.6905453746230441,0.0,0.6151006323267748,0.0,0.8736928524330991,0.0,0.7224917961907261,0.7224688750009737,0.7224230368500041,0.6648894855365204,0.579694231606778,1.6861608446641179,2.0,1.6341429173932585,2.132041931991263,1.2536989484379784,2.3003350430243734,1.0000000351846368,1.6341429173933248,1.6341429173932585,1.2856453678508641,1.2855994845575576,1.2855766146433703,1.191132209912978,1.142847806098016,0.0,0.0,0.0,0.0,1.2536989474259523,0.0,1.1782542102812907,0.0,2.0,1.285645368844595,1.2856224529993552,1.2855766156253692,1.2280430657189045,1.1428478053902285],"V":[9.291028889619591,6.184285270826722,10.070246622915725,1.9018142415830852,12.355826957554937,3.2218897027464073,11.743138918648235,8.331267709127607,8.331267730408987,2.8557639266787547,2.855534970683334,2.855077118148371,2.3940724686372903,1.4283845421241135,0.0,0.0,0.0,1.9018142410525982,0.0,0.9182906131082555,0.0,0.7620552723088212,0.0,2.855763910506055,2.85530555499494,2.8550771328870335,1.703718061293616,1.4283845492005989,9.291028991709641,13.642386341599712,10.070246622915725,12.35582694292549,1.9018142488803278,12.732588029833979,4.211338845940084,8.331267709127607,8.331267730408987,2.855763915387329,2.8555352069744586,2.855077364113135,2.3940724686372903,1.4283845421241135,0.0,0.0,0.0,0.0,1.9018142487067584,0.0,0.918290624599252,0.0,0.7620552818733917,2.855763905457281,2.8553055764616997,2.855077354304984,1.7037181091002722,1.4283845492005989],"D":[0.791802251728455,0.8873620293102611,0.8873620293102615,0.43690289057782283,0.8738057863838398,0.6915619026903879,0.8901382115128219,0.8873620293101685,0.8873620293102615,0.4998793656117782,0.499919602316003,0.4998794762371842,0.6262871053274793,0.49996731158059327,0.0,0.0,0.0,0.43690289461570464,0.0,0.19857630361998957,0.0,0.0,0.0,0.49987935994855703,0.4998392393929629,0.49987948140069416,0.3735519050185371,0.4999673165347826,0.791802251728455,0.8873620293102611,0.8873620293102615,0.8738057851935275,0.4369028916443701,0.8901382063103774,0.6915619046516899,0.8873620293101685,0.8873620293102615,0.4998793645187774,0.4999196059342397,0.4998794805370227,0.6262871053274793,0.49996731158059327,0.0,0.0,0.0,0.0,0.4369028947394697,0.0,0.19857630686113203,0.0,0.0,0.49987936104155783,0.4998392357747262,0.49987947710085556,0.3735519050185371,0.4999673165347826],"Q":[0.791802251728455,0.8873620293102611,0.8873620293102615,0.43690289057782283,0.4369028916443701,0.6915619026903879,0.6915619046516899,0.8873620293101685,0.8873620293102615,0.249939683675194,0.2499798953129645,0.24993973897763386,0.6262871053274793,0.49996731158059327,0.0,0.0,0.0,0.0,0.0,0.0,0.0,0.0,0.0,0.24993967910497364,0.24989952877168767,0.24993973984130527,0.3735519050185371,0.4999673165347826,0.0,0.0,0.0,0.0,0.4369028947394697,0.0,0.19857630686113203,0.0,0.0,0.2499396819365842,0.24993970700303852,0.24993973725955032,0.0,0.0,0.0,0.0,0.0,0.43690289461570464,0.0,0.19857630361998957,0.0,0.0,0.0,0.2499396808435834,0.2499397106212752,0.24993974155938886,0.0,0.0,0.0,0.0,0.0,0.0,0.0,0.0,0.0,0.0,0.0,0.0,0.0,0.0,0.0,0.0,0.0,0.0,0.0,0.0,0.0,0.0,0.0,0.0,0.0,0.0,0.0,0.0,0.0,0.0,0.0,0.0,0.0,0.0,0.0,0.0,0.0,0.0,0.0,0.0,0.0,0.0,0.0,0.0,0.0,0.0,0.0,0.0,0.0,0.0,0.0,0.0,0.0,0.0,0.0,0.0,0.0,0.0,0.20819774827154505,0.11263797068973883,0.1126379706897385,0.12619421480647255,0.12619421361616018,0.1098617936896225,0.10986178848717817,0.11263797068983154,0.1126379706897385,0.00024127443966473917,0.000241158291034119,0.00024104236212167053,0.00016098965398347875,6.537188462411866e-5],"PI":[0.5433036852944342,0.23806666279136127,0.5627143460508115,0.11084180447219162,0.9891847902471098,2.0115475711210213e-8,1.1574778977550897,0.5627143460508112,0.5627143460508115,0.14278822552360138,0.14277677966840782,0.1427538872866858,0.11970363848124312,0.07141923358001097,0.0,0.0,0.0,0.11084180491975777,0.0,0.03539706135408429,0.0,0.0,0.0,0.14278822471496014,0.14276530755396205,0.1427538880236192,0.08518591923523036,0.07141923393383537,0.5433037018529472,0.8873620293102611,0.5627143460508114,0.9891847892556234,0.11084180417968868,1.1574779028002433,2.433235441199278e-8,0.5627143460508113,0.5627143460508114,0.14278822495902238,0.14277678177503614,0.14275388978144943,0.11970363848124312,0.07141923358001097,0.0,0.0,0.0,0.0,0.1108418045227551,0.0,0.035397062760106346,0.0,0.0,0.14278822446251627,0.14276530862730036,0.14275388929104157,0.08518592162556424,0.07141923393383537],"CS":[0.2241809911540109,0.31193948608976374,0.3119394860897642,0.2957047387708407,0.29570474011832415,0.3155045891645387,0.3155045959294598,0.31193948608964606,0.3119394860897642,1.1899393597951877,1.1900081472583175,1.1900768376402886,1.2477386365738312,1.3764883272354067],"pr_entry":[0.0,0.0,0.0,0.0,0.0,0.0,0.0,0.0,0.0,0.0,0.0,0.0,0.0,0.0,0.047545356748927584,0.022957264623279617,0.019051381146977953,0.0,0.0713940969945025,0.0,0.07138263809055206,0.0,0.04259295110679963,0.0,0.0,0.0,0.0,0.0,0.0,0.0,0.0,0.0,0.0,0.0,0.0,0.0,0.0,0.0,0.0,0.0,0.0,0.0,0.04754535694028158,0.02295726491055451,0.01905138138609218,0.07139409686828328,0.0,0.07138263862722104,0.0,0.04259295230196601,0.0,0.0,0.0,0.0,0.0,0.0],"pr_exit":[0.0,0.0,0.0,0.0,0.0,0.25,0.0,0.25,0.0,0.0,0.0,0.0,0.0,0.0,0.0,0.0,0.0,0.0,0.0,0.020427353767203837,0.0,0.0594861885302205,0.0,0.0,0.0,0.0,0.0,0.0,0.0,0.0,0.0,0.0,0.0,0.0,0.25,0.0,0.25,0.0,0.0,0.0,0.0,0.0,0.0,0.0,0.0,0.0,0.0,0.0,0.020427350894454938,0.0,0.05948618613907816,0.0,0.0,0.0,0.0,0.0],"pr_merger":[0.25,0.0,0.0,0.25,0.25,0.0,0.0,0.0,0.0,0.0,0.0,0.0,0.0,0.0,0.0,0.0,0.0,0.0,0.0,0.0,0.0,0.0,0.0,0.0,0.0,0.0,0.0,0.0,0.0,0.0,0.0,0.0,0.25,0.0,0.0,0.0,0.0,0.0,0.0,0.0,0.0,0.0,0.0,0.0,0.0,0.25,0.0,0.0,0.0,0.0,0.0,0.0,0.0,0.0,0.0,0.0],"pr_bundling":[0.0,0.09083577914209173,0.0,0.0,0.0,0.25,0.25,0.0,0.0,0.0,0.0,0.0,0.0,0.0,0.0,0.0,0.0,0.0,0.0,0.0,0.0,0.0,0.0,0.0,0.0,0.0,0.0,0.0,0.0,0.09083577914209173,0.0,0.0,0.0,0.25,0.25,0.0,0.0,0.0,0.0,0.0,0.0,0.0,0.0,0.0,0.0,0.0,0.0,0.0,0.0,0.0,0.0,0.0,0.0,0.0,0.0,0.0],"active_firms":[true,true,true,true,true,true,true,true,true,true,true,true,true,true,false,false,false,true,false,true,false,true,false,true,true,true,true,true,true,true,true,true,true,true,true,true,true,true,true,true,true,true,false,false,false,false,true,false,true,false,true,true,true,true,true,true,true,true,true,true,true,true,true,true,true,true,true,true,true,true],