{"modelname":"lbd","policy":"nolearning","smax":[5,1],"alpha":0.3,"beta":0.95,"c":1.0,"gamma":1.0,"sigma":3.0,"p0":1.5,"accuracy":1.0e-8,"cost_entry":[0.0,10.0],"value_exit":[0.0,1.0],"cost_merger":[0.0,1.0],"cost_bundling":[0.0,1.0],"entry":true,"exit":true,"mergers":true,"bundling":true,"filename":"a30g100s30","verbose":true,"firms":[1,2,3,4],"rival":[2,1,4,3],"partner":[3,4,1,2],"merger_pairs":[1,2,1,2,3,4,4,3],"outcomes":[1,0,1,0,1,0,0,0,0,0,1,0,1,0,1,0,0,0,1,0,0,1,0,0,1,0,0,0,1,1,0,0,0,0,1,0,0,0,0,0,1,1,1,1,2],"ownership":[0,3,0,3,0,0,4,4,0,1,0,1,0,0,2,2],"S":[1,1,1,1,1,1,1,1,1,1,1,1,1,1,0,0,0,1,0,1,0,1,0,1,1,1,1,1,1,1,1,1,1,1,1,1,1,1,1,1,1,1,0,0,0,0,1,0,1,0,1,1,1,1,1,1,0,1,1,0,0,1,1,1,1,0,1,3,1,3,0,0,1,0,0,0,0,1,1,0,0,0,1,1],"ms":14,"mc":[0.43684642621654957,0.43684642621654957,0.43684642621654957,0.43684642621654957,0.43684642621654957,0.43684642621654957,0.43684642621654957,0.43684642621654957,0.43684642621654957,0.43684642621654957,0.43684642621654957,0.43684642621654957,0.43684642621654957,0.43684642621654957,0.0,0.0,0.0,0.43684642621654957,0.0,0.43684642621654957,0.0,0.43684642621654957,0.0,0.43684642621654957,0.43684642621654957,0.43684642621654957,0.43684642621654957,0.43684642621654957,1.0,1.0,1.0,1.0,1.0,1.0,1.0,1.0,1.0,1.0,1.0,1.0,1.0,1.0,0.0,0.0,0.0,0.0,1.0,0.0,1.0,0.0,1.0,1.0,1.0,1.0,1.0,1.0],"P":[1.3282308337638105,1.328230833761721,1.0530520828936307,1.036991899509353,1.3282308337604414,1.0369918995141392,1.3282308337573479,1.0530520828936307,1.0530520828936307,1.0369918995074332,1.0369918995140635,1.0369918995057863,0.8486114213365484,0.7601612858255434,0.0,0.0,0.0,1.0369919019060512,0.0,1.0369919019061242,0.0,0.8736928524330991,0.0,1.036991901903112,1.0369919019076068,1.036991901901567,0.9419277365366546,0.7601612874878979,1.588749536086608,1.5887495360969364,1.616205656677081,1.5887495360878297,1.5000000010215941,1.5887495360861017,1.5000000010270793,1.616205656677081,1.616205656677081,1.5000000010156438,1.5000000010189771,1.5000000010229353,1.4117649951199989,1.3233148596089939,0.0,0.0,0.0,0.0,1.5000000058739227,0.0,1.500000005864526,0.0,2.0,1.5000000058732843,1.5000000058673513,1.5000000058813814,1.5050813217645191,1.3233148612713483],"V":[7.341802167037155,8.797643608517463,7.294235296984368,3.7810380748659718,7.706665896092169,6.55780580015535,8.104421716848904,6.455688402364662,6.455688287667543,4.227509104977558,5.58014720827739,5.336226333939718,4.901950148588019,3.1329549266411494,0.0,0.0,0.0,3.7810380728867212,0.0,2.631105949157623,0.0,2.1296730126459824,0.0,4.2275091038595,3.805078591205219,5.336226316888642,3.4349486300679852,3.1329549115010487,5.387628823595066,5.13919494664468,7.294235296984368,6.269082898196588,3.2004017814400467,5.214066062127825,4.026730436600786,6.455688402364662,6.455688287667543,3.8184355634586153,3.5772435397100026,3.333322665387937,4.901950148588019,3.1329549266411494,0.0,0.0,0.0,0.0,3.200401779573637,0.0,2.503842858171909,0.0,2.129672855435847,3.818435562396836,3.5637773750980237,3.3333226491931693,3.43494840607793,3.1329549115010487],"D":[0.6260498495205065,0.626049849521974,0.7295275289099684,0.44457911468090366,0.6260498495228729,0.4445791146774014,0.6260498495250454,0.7295275289099684,0.7295275289099684,0.44457911468058314,0.4445791146783368,0.4445791146808868,0.5952383795519272,0.48450662962835256,0.0,0.0,0.0,0.4445791114843377,0.0,0.4445791114871218,0.0,0.0,0.0,0.44457911148537665,0.4445791114859785,0.4445791114855449,0.3400402652078596,0.48450662479582224,0.43382828701373316,0.43382828700612297,0.7295275289099684,0.4338282870128333,0.3333333346102447,0.4338282870141066,0.33333333460345566,0.7295275289099684,0.7295275289099684,0.3333333346139989,0.33333333460979897,0.3333333346118369,0.5952383795519272,0.48450662962835256,0.0,0.0,0.0,0.0,0.3333333297579162,0.0,0.3333333297660091,0.0,0.0,0.3333333297563583,0.3333333297614248,0.33333332975339086,0.3400402652078596,0.48450662479582224],"Q":[0.27159813380268666,0.27159813379855896,0.7295275289099684,0.19287099576369843,0.20868328397370103,0.1928709957627451,0.20868328397017505,0.7295275289099684,0.7295275289099684,0.1481930387962182,0.1481930387936022,0.14819303879535825,0.5952383795519272,0.48450662962835256,0.0,0.0,0.0,0.0,0.0,0.0,0.0,0.0,0.0,0.14819303557154387,0.14819303557399693,0.14819303557028066,0.3400402652078596,0.48450662479582224,0.0,0.0,0.0,0.0,0.20868328093590163,0.0,0.20868328094169236,0.0,0.0,0.14819303663661268,0.14819303663811634,0.14819303663539463,0.0,0.0,0.0,0.0,0.0,0.19287099437693772,0.0,0.19287099437871155,0.0,0.0,0.0,0.14819303773114936,0.14819303772948278,0.1481930377302443,0.0,0.0,0.35445171571781975,0.35445171572341494,0.0,0.25170811891720524,0.20868328461327024,0.25170811891465633,0.208683284613178,0.0,0.0,0.14819303924775223,0.1481930392466182,0.14819303925013388,0.0,0.0,0.0,0.0,0.0,0.2517081171074,0.0,0.25170811710841023,0.0,0.0,0.0,0.14819303818268342,0.14819303818249877,0.14819303818501994,0.0,0.0,0.1622301532110465,0.162230153207564,0.0,0.04808629687219716,0.1246500506365437,0.04808629687264992,0.12465005063328062,0.0,0.0,0.03694725808663128,0.036947258086713945,0.036947258086234364,0.0,0.0,0.0,0.0,0.0,0.0,0.12465004882201458,0.0,0.12465004882431675,0.0,0.0,0.03694725754820175,0.03694725754931156,0.036947257547715585,0.0,0.0,0.21171999726844692,0.2117199972704622,0.27047247109003153,0.06275547696256131,0.12465005101856895,0.06275547696282689,0.12465005101735716,0.27047247109003153,0.27047247109003153,0.03694725819920705,0.03694725819965922,0.03694725819961832,0.06472135524021327,0.03098674557582523],"PI":[0.5580510742098885,0.5580510742098885,0.4495389900159754,0.26681214319626645,0.5580510742098886,0.26681214319629243,0.5580510742098885,0.4495389900159754,0.4495389900159754,0.2668121431952206,0.2668121431968201,0.26681214319467067,0.2450983284514353,0.1566481929379176,0.0,0.0,0.0,0.2668121423433838,0.0,0.26681214234508716,0.0,0.0,0.0,0.2668121423427006,0.2668121423450601,0.26681214234211476,0.17174798271278177,0.1566481921809105,0.2554162027205832,0.25541620272058346,0.4495389900159753,0.2554162027205834,0.16666666764565374,0.2554162027205834,0.1666666676440876,0.4495389900159753,0.4495389900159753,0.16666666764554738,0.16666666764455854,0.1666666676468969,0.2450983284514353,0.1566481929379176,0.0,0.0,0.0,0.0,0.1666666668369323,0.0,0.16666666683784653,0.0,0.0,0.16666666683594059,0.16666666683649614,0.16666666683715586,0.17174798660434337,0.1566481921809105],"CS":[0.5174968816313581,0.5174968816281855,0.4358616521121852,0.9228364741690753,0.6940816865726926,0.9228364741676649,0.6940816865759332,0.4358616521121852,0.4358616521121852,1.099421279113187,1.0994212791091076,1.0994212791094766,0.9125546887994673,1.1580652426659563],"pr_entry":[0.0,0.0,0.0,0.0,0.0,0.0,0.0,0.0,0.0,0.0,0.0,0.0,0.0,0.0,0.09452593173289978,0.06577762867344586,0.05324180514760133,0.0,0.1056877108090147,0.0,0.09512695101458182,0.0,0.08587370124618957,0.0,0.0,0.0,0.0,0.0,0.0,0.0,0.0,0.0,0.0,0.0,0.0,0.0,0.0,0.0,0.0,0.0,0.0,0.0,0.08001002344867666,0.06259605118713933,0.053241800971128274,0.09546087079603857,0.0,0.08909441913549368,0.0,0.0858736952493049,0.0,0.0,0.0,0.0,0.0,0.0],"pr_exit":[0.0,0.0,0.0,0.0,0.0,0.25,0.0,0.25,0.0,0.0,0.0,0.0,0.0,0.0,0.0,0.0,0.0,0.0,0.0,0.0,0.0,0.0,0.0,0.0,0.0,0.0,0.0,0.0,0.0,0.0,0.0,0.0,0.0,0.0,0.25,0.0,0.25,0.0,0.0,0.0,0.0,0.0,0.0,0.0,0.0,0.0,0.0,0.0,0.0,0.0,0.0,0.0,0.0,0.0,0.0,0.0],"pr_merger":[0.25,0.0,0.0,0.25,0.25,0.0,0.0,0.0,0.0,0.25,0.0,0.0,0.0,0.0,0.0,0.0,0.0,0.0,0.0,0.0,0.0,0.0,0.0,0.25,0.25,0.0,0.0,0.0,0.0,0.0,0.0,0.0,0.25,0.0,0.0,0.0,0.0,0.25,0.0,0.0,0.0,0.0,0.0,0.0,0.0,0.25,0.0,0.0,0.0,0.0,0.0,0.25,0.0,0.0,0.0,0.0],"pr_bundling":[0.0,0.18212106562449604,0.0,0.0,0.0,0.25,0.19906469645603253,0.0,0.0,0.0,0.1921174622168338,0.0,0.0,0.0,0.0,0.0,0.0,0.0,0.0,0.0,0.0,0.0,0.0,0.0,0.0,0.0,0.0,0.0,0.0,0.18212106562449604,0.0,0.0,0.0,0.25,0.19906469645603253,0.0,0.0,0.0,0.1921174622168338,0.0,0.0,0.0,0.0,0.0,0.0,0.0,0.0,0.0,0.0,0.0,0.0,0.0,0.0,0.0,0.0,0.0],