{"modelname":"lbd","policy":"nolearning","smax":[5,1],"alpha":0.3,"beta":0.95,"c":1.0,"gamma":0.0,"sigma":5.0,"p0":1.5,"accuracy":1.0e-8,"cost_entry":[0.0,10.0],"value_exit":[0.0,1.0],"cost_merger":[0.0,1.0],"cost_bundling":[0.0,1.0],"entry":true,"exit":true,"mergers":true,"bundling":true,"filename":"a30g0s50","verbose":true,"firms":[1,2,3,4],"rival":[2,1,4,3],"partner":[3,4,1,2],"merger_pairs":[1,2,1,2,3,4,4,3],"outcomes":[1,0,1,0,1,0,0,0,0,0,1,0,1,0,1,0,0,0,1,0,0,1,0,0,1,0,0,0,1,1,0,0,0,0,1,0,0,0,0,0,1,1,1,1,2],"ownership":[0,3,0,3,0,0,4,4,0,1,0,1,0,0,2,2],"S":[1,1,1,1,1,1,1,1,1,1,1,1,1,1,0,0,0,1,0,1,0,1,0,1,1,1,1,1,1,1,1,1,1,1,1,1,1,1,1,1,1,1,0,0,0,0,1,0,1,0,1,1,1,1,1,1,0,1,1,0,0,1,1,1,1,0,1,3,1,3,0,0,1,0,0,0,0,1,1,0,0,0,1,1],"ms":14,"mc":[0.43684642621654957,0.43684642621654957,0.43684642621654957,0.43684642621654957,0.43684642621654957,0.43684642621654957,0.43684642621654957,0.43684642621654957,0.43684642621654957,0.43684642621654957,0.43684642621654957,0.43684642621654957,0.43684642621654957,0.43684642621654957,0.0,0.0,0.0,0.43684642621654957,0.0,0.43684642621654957,0.0,0.43684642621654957,0.0,0.43684642621654957,0.43684642621654957,0.43684642621654957,0.43684642621654957,0.43684642621654957,1.0,1.0,1.0,1.0,1.0,1.0,1.0,1.0,1.0,1.0,1.0,1.0,1.0,1.0,0.0,0.0,0.0,0.0,1.0,0.0,1.0,0.0,1.0,1.0,1.0,1.0,1.0,1.0],"P":[1.1284813072849273,0.6713316337089484,1.054089029962749,0.7738829773023695,1.5074247981533377,0.43684645362494656,1.714269807872642,1.054089029962749,1.054089029962749,0.8347137932761632,0.8333329326622212,0.8326875590355864,0.7032714635828007,0.6365501712815782,0.0,0.0,0.0,0.7738829808791802,0.0,0.6837838751675638,0.0,0.8736928524330991,0.0,0.8347137950652449,0.8340403385937247,0.8326875568592629,0.7551773142427979,0.6365501701430765,1.6916348946255326,2.0,1.6172426037461993,2.0705783728359095,1.3370365502784634,2.2774233943438116,1.0000000340708293,1.6172426037461993,1.6172426037461993,1.3978673721453403,1.396486516585474,1.3958411364884291,1.2664250373662511,1.1997037450650287,0.0,0.0,0.0,0.0,1.3370365526873214,0.0,1.2469374486159341,0.0,2.0,1.397867373520853,1.3971939174739376,1.3958411379444093,1.3183308984767053,1.199703743926527],"V":[7.551222996319166,5.789930120226479,8.327302188789309,2.7230410372780542,9.256515256340652,2.7237076385657186,10.223163407958694,6.631644758147882,6.631644815535987,3.957340961912049,3.9507969465251636,3.937610288408704,3.32849595494993,1.9940726719511896,0.0,0.0,0.0,2.723041034257221,0.0,1.856978660446769,0.0,1.252460922260153,0.0,3.957340944307098,3.9438718393362993,3.9376103096074053,2.366614213963714,1.9940726832856228,7.551223020445963,10.43149447372173,8.327302188789304,9.256515188750868,2.7230410461771917,10.223164398582151,2.723708733341106,6.631644758147882,6.631644815535987,3.9573410084053657,3.950798039253923,3.937611563998444,3.32849595494993,1.9940726719511896,0.0,0.0,0.0,0.0,2.7230410440153725,0.0,1.8569786744168866,0.0,1.2524609440199923,3.957340994870024,3.9438719397544295,3.9376115498163204,2.366614291657023,1.9940726832856228],"D":[0.7108300903511893,0.8379891482146182,0.8379891482146185,0.4065925497682865,0.8131850940048231,0.6533565728685828,0.8434348462203392,0.8379891482146185,0.8379891482146185,0.49731992662199503,0.4982267399684805,0.49737339747055415,0.6246599006154566,0.49925825537006946,0.0,0.0,0.0,0.40659254249676374,0.0,0.19007826833226807,0.0,0.0,0.0,0.4973199221732658,0.4964676100942891,0.4973734028827821,0.37172293699789627,0.4992582610541325,0.7108300903511893,0.8379891482146182,0.8379891482146185,0.8131850922650503,0.4065925494509706,0.8434348412008509,0.6533565716052361,0.8379891482146185,0.8379891482146185,0.4973199261078053,0.49822673369814574,0.4973734019870827,0.6246599006154566,0.49925825537006946,0.0,0.0,0.0,0.0,0.40659254455385246,0.0,0.1900782746151031,0.0,0.0,0.49731992268745556,0.4964676163646239,0.4973733983662535,0.37172293699789627,0.4992582610541325],"Q":[0.7108300903511893,0.8379891482146182,0.8379891482146185,0.4065925497682865,0.4065925494509706,0.6533565728685828,0.6533565716052361,0.8379891482146185,0.8379891482146185,0.24865996416608485,0.24955392707308244,0.24868669964048437,0.6246599006154566,0.49925825537006946,0.0,0.0,0.0,0.0,0.0,0.0,0.0,0.0,0.0,0.24865996023154538,0.24779480346922583,0.24868670053618375,0.37172293699789627,0.4992582610541325,0.0,0.0,0.0,0.0,0.40659254455385246,0.0,0.1900782746151031,0.0,0.0,0.24865996245591018,0.24867281289539805,0.24868669783006978,0.0,0.0,0.0,0.0,0.0,0.40659254249676374,0.0,0.19007826833226807,0.0,0.0,0.0,0.24865996194172046,0.24867280662506328,0.24868670234659834,0.0,0.0,0.0,0.0,0.0,0.0,0.0,0.0,0.0,0.0,0.0,0.0,0.0,0.0,0.0,0.0,0.0,0.0,0.0,0.0,0.0,0.0,0.0,0.0,0.0,0.0,0.0,0.0,0.0,0.0,0.0,0.0,0.0,0.0,0.0,0.0,0.0,0.0,0.0,0.0,0.0,0.0,0.0,0.0,0.0,0.0,0.0,0.0,0.0,0.0,0.0,0.0,0.0,0.0,0.0,0.0,0.0,0.0,0.28916990964881056,0.1620108517853818,0.16201085178538155,0.18681490773494977,0.18681490599517686,0.15656515879914903,0.15656515377966077,0.16201085178538155,0.16201085178538155,0.00536015120473918,0.0053056499372305214,0.005253199646663798,0.0036171623866471506,0.0014834835757980274],"PI":[0.491634884999869,0.19649605929548336,0.5172426037550509,0.1370365506710929,0.8705783740229477,1.7907456329417078e-8,1.0774233934653719,0.5172426037550509,0.5172426037550509,0.19786736979137343,0.19754017954791891,0.19688084908879724,0.16642503736267175,0.09970374335203532,0.0,0.0,0.0,0.13703654967462847,0.0,0.04693744268299663,0.0,0.0,0.0,0.1978673689111152,0.19719391242189663,0.19688085014873422,0.11833089263426548,0.0997037439187576,0.4916348946367026,0.8379891482146182,0.5172426037550508,0.8705783728915365,0.13703655023588066,1.0774233977546246,2.2260400202930698e-8,0.5172426037550508,0.5172426037550508,0.1978673721160273,0.19754018211373645,0.19688085270168312,0.16642503736267175,0.09970374335203537,0.0,0.0,0.0,0.0,0.13703654956479655,0.0,0.04693744417077244,0.0,0.0,0.19786737143925168,0.19719391744281295,0.1968808519925758,0.11833089651894002,0.09970374391875765],"CS":[0.24814816819365593,0.36401839193274377,0.3640183919327442,0.3355273901020195,0.3355273919645829,0.3708566010994594,0.3708566075114712,0.3640183919327442,0.3640183919327442,1.0457526188915836,1.0477966000667238,1.0497835863028815,1.124413086324799,1.3026724379092869],"pr_entry":[0.0,0.0,0.0,0.0,0.0,0.0,0.0,0.0,0.0,0.0,0.0,0.0,0.0,0.0,0.06807601373371526,0.04642445522892887,0.03131151601468618,0.0,0.09893351514199956,0.0,0.098596787550379,0.0,0.05916535056130127,0.0,0.0,0.0,0.0,0.0,0.0,0.0,0.0,0.0,0.0,0.0,0.0,0.0,0.0,0.0,0.0,0.0,0.0,0.0,0.06807601397766912,0.04642445557818177,0.03131151655868185,0.09893351640607295,0.0,0.09859679006083202,0.0,0.05916535250363377,0.0,0.0,0.0,0.0,0.0,0.0],"pr_exit":[0.0,0.0,0.0,0.0,0.0,0.25,0.0,0.25,0.0,0.0,0.0,0.0,0.0,0.0,0.0,0.0,0.0,0.0,0.0,0.0,0.0,0.0,0.0,0.0,0.0,0.0,0.0,0.0,0.0,0.0,0.0,0.0,0.0,0.0,0.25,0.0,0.25,0.0,0.0,0.0,0.0,0.0,0.0,0.0,0.0,0.0,0.0,0.0,0.0,0.0,0.0,0.0,0.0,0.0,0.0,0.0],"pr_merger":[0.25,0.0,0.0,0.21800502238942132,0.21800503051164755,0.0,0.0,0.0,0.0,0.0,0.0,0.0,0.0,0.0,0.0,0.0,0.0,0.0,0.0,0.0,0.0,0.0,0.0,0.0,0.0,0.0,0.0,0.0,0.0,0.0,0.0,0.0,0.21800503133340765,0.0,0.0,0.0,0.0,0.0,0.0,0.0,0.0,0.0,0.0,0.0,0.0,0.21800502350534368,0.0,0.0,0.0,0.0,0.0,0.0,0.0,0.0,0.0,0.0],"pr_bundling":[0.0,0.1312110087092322,0.0,0.0,0.0,0.10575044214551887,0.1057504457125793,0.0,0.0,0.0,0.0,0.0,0.0,0.0,0.0,0.0,0.0,0.0,0.0,0.0,0.0,0.0,0.0,0.0,0.0,0.0,0.0,0.0,0.0,0.1312110087092322,0.0,0.0,0.0,0.10575044214551887,0.1057504457125793,0.0,0.0,0.0,0.0,0.0,0.0,0.0,0.0,0.0,0.0,0.0,0.0,0.0,0.0,0.0,0.0,0.0,0.0,0.0,0.0,0.0],"active_firms":[true,true,true,true,true,true,true,true,true,true,true,true,true,true,false,false,false,true,false,true,false,true,false,true,true,true,true,true,true,true,true,true,true,true,true,true,true,true,true,true,true,true,false,false,false,false,true,false,true,false,true,true,true,true,true,true,true,true,true,true,true,true,true,true,true,true,true,true,true,true],