{"modelname":"lbd","policy":"nolearning","smax":[5,1],"alpha":0.4,"beta":0.95,"c":1.0,"gamma":0.0,"sigma":1.0,"p0":1.5,"accuracy":1.0e-8,"cost_entry":[0.0,10.0],"value_exit":[0.0,1.0],"cost_merger":[0.0,1.0],"cost_bundling":[0.0,1.0],"entry":true,"exit":true,"mergers":true,"bundling":true,"filename":"a40g0s10","verbose":true,"firms":[1,2,3,4],"rival":[2,1,4,3],"partner":[3,4,1,2],"merger_pairs":[1,2,1,2,3,4,4,3],"outcomes":[1,0,1,0,1,0,0,0,0,0,1,0,1,0,1,0,0,0,1,0,0,1,0,0,1,0,0,0,1,1,0,0,0,0,1,0,0,0,0,0,1,1,1,1,2],"ownership":[0,3,0,3,0,0,4,4,0,1,0,1,0,0,2,2],"S":[1,1,1,1,1,1,1,1,1,1,1,1,1,1,0,0,0,1,0,1,0,1,0,1,1,1,1,1,1,1,1,1,1,1,1,1,1,1,1,1,1,1,0,0,0,0,1,0,1,0,1,1,1,1,1,1,0,1,1,0,0,1,1,1,1,0,1,3,1,3,0,0,1,0,0,0,0,1,1,0,0,0,1,1],"ms":14,"mc":[0.3054099313990243,0.3054099313990243,0.3054099313990243,0.3054099313990243,0.3054099313990243,0.3054099313990243,0.3054099313990243,0.3054099313990243,0.3054099313990243,0.3054099313990243,0.3054099313990243,0.3054099313990243,0.3054099313990243,0.3054099313990243,0.0,0.0,0.0,0.3054099313990243,0.0,0.3054099313990243,0.0,0.3054099313990243,0.0,0.3054099313990243,0.3054099313990243,0.3054099313990243,0.3054099313990243,0.3054099313990243,1.0,1.0,1.0,1.0,1.0,1.0,1.0,1.0,1.0,1.0,1.0,1.0,1.0,1.0,0.0,0.0,0.0,0.0,1.0,0.0,1.0,0.0,1.0,1.0,1.0,1.0,1.0,1.0],"P":[1.664623741821833,1.1586796313795673,1.232044781389296,1.5429675798243432,1.9285590422269365,0.30541001674098367,2.2918464686255176,1.2320447814051727,1.232044781389296,1.7043079614078898,1.4746196921020287,1.5030183159032493,1.1492822657787016,1.0748375373648091,0.0,0.0,0.0,1.5429675748219078,0.0,1.442541959601122,0.0,0.6108198627980486,0.0,1.704307991094346,1.6953558978479935,1.5030183132509545,1.5366236152348944,1.0748375317840715,2.3592137954875843,2.0,1.9266348499902717,2.6231490870714187,2.2375576293513033,2.9864365541506475,1.0000001081556251,1.9266348500061483,1.9266348499902717,2.3988980006840968,2.169209701882457,2.197608328865895,1.8438723343796772,1.7694276059657847,0.0,0.0,0.0,0.0,2.237557594435392,0.0,2.1371320251869794,0.0,2.0,2.3988980112698473,2.3899459094465847,2.197608334062001,2.2312136188564984,1.769427600385047],"V":[8.076009609378836,8.370028570111424,7.020392723202016,7.162560424251488,9.062477176876259,6.36477636209527,10.534672048943678,6.577060943337117,6.57706091580102,7.937648353368552,8.070592616351343,7.964110638753142,5.7664623346892965,5.388542243304525,0.0,0.0,0.0,7.162560421367317,0.0,6.774615941043518,0.0,3.5907464237713698,0.0,7.937648341248106,7.855222855119626,7.964110642238515,5.079099505643905,5.388542264364954,8.076009420314593,8.551732731960893,7.020392723202016,9.062476936593411,7.162560194414926,10.53467193742175,6.364776227163057,6.577060943337117,6.57706091580102,7.937648051826267,8.070592310562212,7.964110365500926,5.7664623346892965,5.388542243304525,0.0,0.0,0.0,0.0,7.162560196593321,0.0,6.7746157280659265,0.0,3.5907463017936974,7.937648047504297,7.855222527413481,7.96411035867275,5.079099261590626,5.388542264364954],"D":[0.2642805691325935,0.4604131212299114,0.4604131212299114,0.19195682344808876,0.38391365028653784,0.3759914178792029,0.4965860020936763,0.46041312122202277,0.4604131212299114,0.28515161322131444,0.34984125581243075,0.3325012477927013,0.4074933142822718,0.3501662844798311,0.0,0.0,0.0,0.19195682440834044,0.0,0.12059458411874283,0.0,0.0,0.0,0.2851516047561736,0.2805475673143052,0.33250124867459263,0.18779330038640765,0.35016628838820346,0.2642805691325935,0.4604131212299114,0.4604131212299114,0.38391364785642923,0.1919568217920952,0.4965860019979458,0.37599141559329785,0.46041312122202277,0.4604131212299114,0.2851516104980159,0.3498412560955059,0.3325012490975028,0.4074933142822718,0.3501662844798311,0.0,0.0,0.0,0.0,0.19195682849444265,0.0,0.12059458650037844,0.0,0.0,0.2851516074794721,0.28054756703123,0.33250124736979114,0.18779330038640765,0.35016628838820346],"Q":[0.2642805691325935,0.4604131212299114,0.4604131212299114,0.19195682344808876,0.1919568217920952,0.3759914178792029,0.37599141559329785,0.46041312122202277,0.4604131212299114,0.14257580736529313,0.19414827782066246,0.16625062432827856,0.4074933142822718,0.3501662844798311,0.0,0.0,0.0,0.0,0.0,0.0,0.0,0.0,0.0,0.14257580162345085,0.12485458903946174,0.16625062390536838,0.18779330038640765,0.35016628838820346,0.0,0.0,0.0,0.0,0.19195682849444265,0.0,0.12059458650037844,0.0,0.0,0.14257580585602128,0.15569297799176826,0.16625062346442274,0.0,0.0,0.0,0.0,0.0,0.19195682440834044,0.0,0.12059458411874283,0.0,0.0,0.0,0.14257580313272278,0.15569297827484346,0.16625062476922423,0.0,0.0,0.0,0.0,0.0,0.0,0.0,0.0,0.0,0.0,0.0,0.0,0.0,0.0,0.0,0.0,0.0,0.0,0.0,0.0,0.0,0.0,0.0,0.0,0.0,0.0,0.0,0.0,0.0,0.0,0.0,0.0,0.0,0.0,0.0,0.0,0.0,0.0,0.0,0.0,0.0,0.0,0.0,0.0,0.0,0.0,0.0,0.0,0.0,0.0,0.0,0.0,0.0,0.0,0.0,0.0,0.0,0.0,0.7357194308674067,0.5395868787700887,0.5395868787700887,0.6160863521435709,0.6160863497134621,0.5034139980020541,0.5034139979063237,0.5395868787779772,0.5395868787700887,0.4296967820225119,0.3696111768732642,0.3349975035327061,0.4047133853313205,0.29966742713196537],"PI":[0.359213799391421,0.3928565658189519,0.42663484352443176,0.23755763502561086,0.623149100097292,3.2087844314978247e-8,0.9864365784341106,0.4266348435244317,0.42663484352443176,0.39889802998914675,0.40903781099249076,0.39820628221465604,0.3438723343674922,0.2694276059572504,0.0,0.0,0.0,0.23755763525372608,0.0,0.13713196402913452,0.0,0.0,0.0,0.3988980266124185,0.3899459595855892,0.3982062823889252,0.2312136811684451,0.2694276070102738,0.35921379544433135,0.4604131212299114,0.4266348435244317,0.6231490870324212,0.23755762931483593,0.986436586648246,4.0665586594210694e-8,0.42663484352443165,0.4266348435244317,0.39889801781752476,0.40903779074561075,0.39820626527748304,0.3438723343674922,0.2694276059572504,0.0,0.0,0.0,0.0,0.23755763090702953,0.0,0.1371319663737617,0.0,0.0,0.3988980166134336,0.38994594320024967,0.39820626493607286,0.23121366896575443,0.2694276070102738],"CS":[0.30690644099211317,0.6169514715303852,0.6169514715303852,0.48436814322195154,0.4843681471663803,0.6863423897504544,0.6863423899406169,0.6169514715157658,0.6169514715303852,0.8446754771226157,0.9953036992138755,1.0936321993260139,0.9045761529467033,1.2050819954778462],"pr_entry":[0.0,0.0,0.0,0.0,0.0,0.0,0.0,0.0,0.0,0.0,0.0,0.0,0.0,0.0,0.17906398851994024,0.16936537611485614,0.0897686437918975,0.0,0.198441188830157,0.0,0.19638055167694507,0.0,0.1269774746465703,0.0,0.0,0.0,0.0,0.0,0.0,0.0,0.0,0.0,0.0,0.0,0.0,0.0,0.0,0.0,0.0,0.0,0.0,0.0,0.1790639829005914,0.1693653707904175,0.08976864074245669,0.19844118148656262,0.0,0.1963805434842923,0.0,0.12697746854523903,0.0,0.0,0.0,0.0,0.0,0.0],"pr_exit":[0.0,0.0,0.0,0.0,0.0,0.25,0.0,0.25,0.0,0.0,0.0,0.0,0.0,0.0,0.0,0.0,0.0,0.0,0.0,0.0,0.0,0.0,0.0,0.0,0.0,0.0,0.0,0.0,0.0,0.0,0.0,0.0,0.0,0.0,0.25,0.0,0.25,0.0,0.0,0.0,0.0,0.0,0.0,0.0,0.0,0.0,0.0,0.0,0.0,0.0,0.0,0.0,0.0,0.0,0.0,0.0],"pr_merger":[0.1840085720799114,0.0,0.0,0.14872644987294392,0.14872644216541642,0.0,0.0,0.0,0.0,0.06647213042968292,0.0,0.0,0.0,0.0,0.0,0.0,0.0,0.0,0.0,0.0,0.0,0.0,0.0,0.06647213454028678,0.05444390459453885,0.0,0.1547214403738444,0.0,0.0,0.0,0.0,0.0,0.14872644194330276,0.0,0.0,0.0,0.0,0.0664721315101755,0.0,0.0,0.0,0.0,0.0,0.0,0.0,0.14872645105220061,0.0,0.0,0.0,0.0,0.0,0.06647213345979419,0.0,0.0,0.0,0.0],"pr_bundling":[0.0,0.0,0.0,0.0,0.0,0.0,0.0,0.0,0.0,0.0,0.0,0.0,0.0,0.0,0.0,0.0,0.0,0.0,0.0,0.0,0.0,0.0,0.0,0.0,0.0,0.0,0.0,0.0,0.0,0.0,0.0,0.0,0.0,0.0,0.0,0.0,0.0,0.0,0.0,0.0,0.0,0.0,0.0,0.0,0.0,0.0,0.0,0.0,0.0,0.0,0.0,0.0,0.0,0.0,0.0,0.0],"active_firms":[true,true,true,true,true,true,true,true,true,true,true,true,true,true,false,false,false,true,false,true,false,true,false,true,true,true,true,true,true,true,true,true,true,true,true,true,true,true,true,true,true,true,false,false,false,false,true,false,true,false,true,true,true,true,true,true,true,true,true,true,true,true,true,true,true,true,true,true,true,true],