{"modelname":"lbd","policy":"nolearning","smax":[5,1],"alpha":0.4,"beta":0.95,"c":1.0,"gamma":0.0,"sigma":3.0,"p0":1.5,"accuracy":1.0e-8,"cost_entry":[0.0,10.0],"value_exit":[0.0,1.0],"cost_merger":[0.0,1.0],"cost_bundling":[0.0,1.0],"entry":true,"exit":true,"mergers":true,"bundling":true,"filename":"a40g0s30","verbose":true,"firms":[1,2,3,4],"rival":[2,1,4,3],"partner":[3,4,1,2],"merger_pairs":[1,2,1,2,3,4,4,3],"outcomes":[1,0,1,0,1,0,0,0,0,0,1,0,1,0,1,0,0,0,1,0,0,1,0,0,1,0,0,0,1,1,0,0,0,0,1,0,0,0,0,0,1,1,1,1,2],"ownership":[0,3,0,3,0,0,4,4,0,1,0,1,0,0,2,2],"S":[1,1,1,1,1,1,1,1,1,1,1,1,1,1,0,0,0,1,0,1,0,1,0,1,1,1,1,1,1,1,1,1,1,1,1,1,1,1,1,1,1,1,0,0,0,0,1,0,1,0,1,1,1,1,1,1,0,1,1,0,0,1,1,1,1,0,1,3,1,3,0,0,1,0,0,0,0,1,1,0,0,0,1,1],"ms":14,"mc":[0.3054099313990243,0.3054099313990243,0.3054099313990243,0.3054099313990243,0.3054099313990243,0.3054099313990243,0.3054099313990243,0.3054099313990243,0.3054099313990243,0.3054099313990243,0.3054099313990243,0.3054099313990243,0.3054099313990243,0.3054099313990243,0.0,0.0,0.0,0.3054099313990243,0.0,0.3054099313990243,0.0,0.3054099313990243,0.0,0.3054099313990243,0.3054099313990243,0.3054099313990243,0.3054099313990243,0.3054099313990243,1.0,1.0,1.0,1.0,1.0,1.0,1.0,1.0,1.0,1.0,1.0,1.0,1.0,1.0,0.0,0.0,0.0,0.0,1.0,0.0,1.0,0.0,1.0,1.0,1.0,1.0,1.0,1.0],"P":[1.0989496263693959,0.6350344674118963,0.9702221994054604,0.8195600081518308,1.4291130145435849,0.3054099615732277,1.7006477489000973,0.9702221994125403,0.9702221994054604,0.9327837317246334,0.912229693385434,0.9069570941191246,0.7262998688335739,0.6317341853263522,0.0,0.0,0.0,0.8195600027975875,0.0,0.7092615757549685,0.0,0.6108198627980486,0.0,0.9327837341427692,0.925040143508747,0.9069570977829905,0.8176157024053125,0.631734183981415,1.7935397033597062,2.0,1.6648122680064361,2.123703094062324,1.5141500856539398,2.3952378255479774,1.0000000312104773,1.664812268013516,1.6648122680064361,1.6273738075013264,1.606819770978725,1.601547175733969,1.4208899374345496,1.326324253927328,0.0,0.0,0.0,0.0,1.5141500833615238,0.0,1.4038516450779364,0.0,2.0,1.6273738102805662,1.6196302213042344,1.6015471808876207,1.5122057857669169,1.3263242525823906],"V":[7.354304598249357,6.769027988355152,7.869992323423625,5.084695009697194,8.620340332984467,4.260696605706507,9.97015069008524,6.891765646048403,6.891765678836116,5.880794364934177,5.827243392144197,5.689859532097501,5.08445260281559,3.193144699732196,0.0,0.0,0.0,5.084695007361692,0.0,4.565764160378039,0.0,2.2521061105664226,0.0,5.880794344939353,5.725923030011833,5.689859504212288,3.57743984720753,3.193144712339204,7.3543046449783525,8.651245837953587,7.869992323423625,8.620340386952185,5.084695065779772,9.970151264694506,4.260697207008134,6.891765646048403,6.891765678836116,5.880794435382335,5.827244030500808,5.689860677965164,5.08445260281559,3.193144699732196,0.0,0.0,0.0,0.0,5.084695061339104,0.0,4.5657642117607375,0.0,2.2521061514232454,5.88079441240167,5.725923113207101,5.689860638741386,3.5774399503013146,3.193144712339204],"D":[0.5799411983434881,0.7493026609837872,0.749302660983787,0.3516808643589687,0.7033617346709178,0.586477748082785,0.7610921118573939,0.7493026609758074,0.749302660983787,0.46868465093918343,0.4801473674315302,0.4729366655316343,0.6040136580800279,0.48926055406335767,0.0,0.0,0.0,0.35168087000792353,0.0,0.17461435991102872,0.0,0.0,0.0,0.46868464753915406,0.46204473800158175,0.4729366603333048,0.349219884264366,0.489260558011506,0.5799411983434881,0.7493026609837872,0.749302660983787,0.7033617343668923,0.3516808661261608,0.7610921079938137,0.5864777509330963,0.7493026609758074,0.749302660983787,0.46868465119304925,0.48014736757435844,0.47293666658849587,0.6040136580800279,0.48926055406335767,0.0,0.0,0.0,0.0,0.35168086854475705,0.0,0.17461436092429766,0.0,0.0,0.4686846472852882,0.46204473785875355,0.47293665927644324,0.349219884264366,0.489260558011506],"Q":[0.5799411983434881,0.7493026609837872,0.749302660983787,0.3516808643589687,0.3516808661261608,0.586477748082785,0.5864777509330963,0.7493026609758074,0.749302660983787,0.23434232644653202,0.24468629400586084,0.23646833459383032,0.6040136580800279,0.48926055406335767,0.0,0.0,0.0,0.0,0.0,0.0,0.0,0.0,0.0,0.2343423227926368,0.22658366443308417,0.23646832833863926,0.349219884264366,0.489260558011506,0.0,0.0,0.0,0.0,0.35168086854475705,0.0,0.17461436092429766,0.0,0.0,0.23434232449265138,0.23546107342566935,0.236468330937804,0.0,0.0,0.0,0.0,0.0,0.35168087000792353,0.0,0.17461435991102872,0.0,0.0,0.0,0.23434232474651726,0.2354610735684976,0.23646833199466552,0.0,0.0,0.0,0.0,0.0,0.0,0.0,0.0,0.0,0.0,0.0,0.0,0.0,0.0,0.0,0.0,0.0,0.0,0.0,0.0,0.0,0.0,0.0,0.0,0.0,0.0,0.0,0.0,0.0,0.0,0.0,0.0,0.0,0.0,0.0,0.0,0.0,0.0,0.0,0.0,0.0,0.0,0.0,0.0,0.0,0.0,0.0,0.0,0.0,0.0,0.0,0.0,0.0,0.0,0.0,0.0,0.0,0.0,0.4200588016565119,0.2506973390162129,0.25069733901621305,0.29663826563310774,0.2966382653290821,0.23890789200618642,0.23890788814260605,0.2506973390241926,0.25069733901621305,0.06263070152166247,0.05780789456688802,0.0541266741350608,0.04676645765560597,0.021478887925136216],"PI":[0.46020636163424333,0.24698854195999118,0.49814560147188913,0.18081674340265713,0.7903697498156166,1.7696498868240315e-8,1.0619044970651927,0.49814560147188924,0.49814560147188913,0.2940404706139971,0.2913629112232024,0.2844937092968597,0.2542232707589164,0.15965758528079627,0.0,0.0,0.0,0.1808167444240827,0.0,0.07051829637822962,0.0,0.0,0.0,0.29404046961425084,0.2862968790121013,0.2844937079025958,0.17887244007035633,0.15965758591114812,0.46020636649956415,0.7493026609837872,0.49814560147188913,0.7903697571531194,0.18081674744161733,1.0619044977990149,1.830425054048269e-8,0.49814560147188924,0.49814560147188913,0.2940404741364144,0.29136291562750993,0.2844937160873474,0.2542232707589164,0.15965758528079627,0.0,0.0,0.0,0.0,0.18081674787893992,0.0,0.07051829691351014,0.0,0.0,0.29404047298737446,0.28629688317187646,0.28449371412615365,0.17887244522506138,0.15965758591114806],"CS":[0.2891201911867616,0.4611696293631886,0.4611696293631886,0.40508061444260735,0.4050806147842416,0.4772257301425147,0.47722573553312797,0.46116962935257844,0.4611696293631886,0.9234998938197094,0.9502099761427876,0.9721427207453393,1.020863016594446,1.2802282610848403],"pr_entry":[0.0,0.0,0.0,0.0,0.0,0.0,0.0,0.0,0.0,0.0,0.0,0.0,0.0,0.0,0.12711735180837458,0.11414408098532439,0.056302636617472465,0.0,0.14701983882434483,0.0,0.1431480566052561,0.0,0.08943598439834669,0.0,0.0,0.0,0.0,0.0,0.0,0.0,0.0,0.0,0.0,0.0,0.0,0.0,0.0,0.0,0.0,0.0,0.0,0.0,0.12711735315780956,0.11414408226989145,0.05630263763889244,0.1470198405109025,0.0,0.14314805868513752,0.0,0.08943598697569087,0.0,0.0,0.0,0.0,0.0,0.0],"pr_exit":[0.0,0.0,0.0,0.0,0.0,0.25,0.0,0.25,0.0,0.0,0.0,0.0,0.0,0.0,0.0,0.0,0.0,0.0,0.0,0.0,0.0,0.0,0.0,0.0,0.0,0.0,0.0,0.0,0.0,0.0,0.0,0.0,0.0,0.0,0.25,0.0,0.25,0.0,0.0,0.0,0.0,0.0,0.0,0.0,0.0,0.0,0.0,0.0,0.0,0.0,0.0,0.0,0.0,0.0,0.0,0.0],"pr_merger":[0.1738190684471721,0.0,0.0,0.11068419386518569,0.11068419965225007,0.0,0.0,0.0,0.0,0.0,0.0,0.0,0.0,0.0,0.0,0.0,0.0,0.0,0.0,0.0,0.0,0.0,0.0,0.0,0.0,0.0,0.0,0.0,0.0,0.0,0.0,0.0,0.11068420144385316,0.0,0.0,0.0,0.0,0.0,0.0,0.0,0.0,0.0,0.0,0.0,0.0,0.11068419509812788,0.0,0.0,0.0,0.0,0.0,0.0,0.0,0.0,0.0,0.0],"pr_bundling":[0.0,0.09273402604379433,0.0,0.0,0.0,0.0,0.0,0.0,0.0,0.0,0.0,0.0,0.0,0.0,0.0,0.0,0.0,0.0,0.0,0.0,0.0,0.0,0.0,0.0,0.0,0.0,0.0,0.0,0.0,0.09273402604379433,0.0,0.0,0.0,0.0,0.0,0.0,0.0,0.0,0.0,0.0,0.0,0.0,0.0,0.0,0.0,0.0,0.0,0.0,0.0,0.0,0.0,0.0,0.0,0.0,0.0,0.0],"active_firms":[true,true,true,true,true,true,true,true,true,true,true,true,true,true,false,false,false,true,false,true,false,true,false,true,true,true,true,true,true,true,true,true,true,true,true,true,true,true,true,true,true,true,false,false,false,false,true,false,true,false,true,true,true,true,true,true,true,true,true,true,true,true,true,true,true,true,true,true,true,true],