{"modelname":"lbd","policy":"nolearning","smax":[5,1],"alpha":0.4,"beta":0.95,"c":1.0,"gamma":0.0,"sigma":2.0,"p0":1.5,"accuracy":1.0e-8,"cost_entry":[0.0,10.0],"value_exit":[0.0,1.0],"cost_merger":[0.0,1.0],"cost_bundling":[0.0,1.0],"entry":true,"exit":true,"mergers":true,"bundling":true,"filename":"a40g0s20","verbose":true,"firms":[1,2,3,4],"rival":[2,1,4,3],"partner":[3,4,1,2],"merger_pairs":[1,2,1,2,3,4,4,3],"outcomes":[1,0,1,0,1,0,0,0,0,0,1,0,1,0,1,0,0,0,1,0,0,1,0,0,1,0,0,0,1,1,0,0,0,0,1,0,0,0,0,0,1,1,1,1,2],"ownership":[0,3,0,3,0,0,4,4,0,1,0,1,0,0,2,2],"S":[1,1,1,1,1,1,1,1,1,1,1,1,1,1,0,0,0,1,0,1,0,1,0,1,1,1,1,1,1,1,1,1,1,1,1,1,1,1,1,1,1,1,0,0,0,0,1,0,1,0,1,1,1,1,1,1,0,1,1,0,0,1,1,1,1,0,1,3,1,3,0,0,1,0,0,0,0,1,1,0,0,0,1,1],"ms":14,"mc":[0.3054099313990243,0.3054099313990243,0.3054099313990243,0.3054099313990243,0.3054099313990243,0.3054099313990243,0.3054099313990243,0.3054099313990243,0.3054099313990243,0.3054099313990243,0.3054099313990243,0.3054099313990243,0.3054099313990243,0.3054099313990243,0.0,0.0,0.0,0.3054099313990243,0.0,0.3054099313990243,0.0,0.3054099313990243,0.0,0.3054099313990243,0.3054099313990243,0.3054099313990243,0.3054099313990243,0.3054099313990243,1.0,1.0,1.0,1.0,1.0,1.0,1.0,1.0,1.0,1.0,1.0,1.0,1.0,1.0,0.0,0.0,0.0,0.0,1.0,0.0,1.0,0.0,1.0,1.0,1.0,1.0,1.0,1.0],"P":[1.2073076052796554,0.7058578730045246,1.0056339022017746,1.0082574743238608,1.4880478181164385,0.3054099683427416,1.7930999558937448,1.0056339022049392,1.0056339022017746,1.1430196817634337,1.0739535419572617,1.0712413364632292,0.853990030094338,0.7620868897468441,0.0,0.0,0.0,1.0082574711948729,0.0,0.8975125396658721,0.0,0.6108198627980486,0.0,1.143019673523843,1.1288819034733237,1.0712413385150448,1.0105725898174764,0.7620868923048082,1.9018976871385744,2.0,1.7002239708027502,2.182637892958292,1.7028475377238201,2.4876900292779522,1.0000000323860656,1.7002239708059148,1.7002239708027502,1.8376097656323525,1.7685436315009566,1.7658314240548678,1.5485800986953138,1.4566769583478199,0.0,0.0,0.0,0.0,1.7028475482133139,0.0,1.592102612550387,0.0,2.0,1.837609760334142,1.8234719940326876,1.7658314200927612,1.7051626862584057,1.456676960905784],"V":[7.380322369264247,7.098681458581899,7.381641463687736,5.802821379777476,8.505130282032901,5.058692740458272,9.907911646268058,6.752428867160455,6.752428897267806,6.599713764224434,6.704547669038734,6.487456773472805,5.597931777319385,4.133530703650119,0.0,0.0,0.0,5.802821382524791,0.0,5.3344813717939665,0.0,2.7148912338412003,0.0,6.599713772827896,6.470751052812776,6.48745676423188,4.106671466630282,4.133530684509389,7.3803224487232715,8.369316243991886,7.381641463687728,8.505130367030642,5.802821488247191,9.907912239598915,5.058693360589106,6.752428867160446,6.7524288972678015,6.599713921096841,6.70454837818025,6.487457450993049,5.597931777319385,4.133530703650119,0.0,0.0,0.0,0.0,5.8028214868633965,0.0,5.334481474146886,0.0,2.7148913046407968,6.599713926629028,6.470751218392613,6.487457468837528,4.106671628627067,4.133530684509389],"D":[0.44561338332434863,0.6429713771273833,0.6429713771273833,0.2886081592966516,0.5772163226604894,0.5083567592744526,0.6639084917993423,0.6429713771244774,0.6429713771273833,0.4030633003091605,0.4384277198577956,0.4235573964847924,0.5442780359596305,0.4525670817319634,0.0,0.0,0.0,0.2886081611027544,0.0,0.15555172928078043,0.0,0.0,0.0,0.40306330695131404,0.3928147945898272,0.4235573947466691,0.2909437406068564,0.4525670771013622,0.44561338332434863,0.6429713771273833,0.6429713771273833,0.5772163203994061,0.2886081643575982,0.663908488555233,0.5083567638645624,0.6429713771244774,0.6429713771273833,0.403063301494723,0.43842772027865823,0.4235573939375512,0.5442780359596305,0.4525670817319634,0.0,0.0,0.0,0.0,0.2886081583028912,0.0,0.1555517279347799,0.0,0.0,0.4030633057657515,0.3928147941689646,0.4235573972939103,0.2909437406068564,0.4525670771013622],"Q":[0.44561338332434863,0.6429713771273833,0.6429713771273833,0.2886081592966516,0.2886081643575982,0.5083567592744526,0.5083567638645624,0.6429713771244774,0.6429713771273833,0.20153164908682317,0.23124282310314312,0.21177869740330643,0.5442780359596305,0.4525670817319634,0.0,0.0,0.0,0.0,0.0,0.0,0.0,0.0,0.0,0.20153165454341418,0.1856298974143121,0.21177869821242432,0.2909437406068564,0.4525670771013622,0.0,0.0,0.0,0.0,0.2886081583028912,0.0,0.1555517279347799,0.0,0.0,0.20153165122233732,0.20718489675465246,0.211778699081486,0.0,0.0,0.0,0.0,0.0,0.2886081611027544,0.0,0.15555172928078043,0.0,0.0,0.0,0.20153165240789986,0.2071848971755151,0.21177869653424475,0.0,0.0,0.0,0.0,0.0,0.0,0.0,0.0,0.0,0.0,0.0,0.0,0.0,0.0,0.0,0.0,0.0,0.0,0.0,0.0,0.0,0.0,0.0,0.0,0.0,0.0,0.0,0.0,0.0,0.0,0.0,0.0,0.0,0.0,0.0,0.0,0.0,0.0,0.0,0.0,0.0,0.0,0.0,0.0,0.0,0.0,0.0,0.0,0.0,0.0,0.0,0.0,0.0,0.0,0.0,0.0,0.0,0.0,0.5543866166756514,0.3570286228726168,0.3570286228726168,0.422783679600594,0.4227836773395106,0.336091511444767,0.3360915082006578,0.35702862287552256,0.3570286228726168,0.19387339273952556,0.16875748555237716,0.15288520876853845,0.16477822343351303,0.09486584116667436],"PI":[0.40189767387030806,0.2574765644819145,0.450223970804649,0.20284753562971142,0.6826378920099984,1.8780588406021785e-8,0.9876900404272166,0.450223970804649,0.450223970804649,0.3376097503530109,0.33695082278832567,0.32437355607528506,0.29858009868442564,0.20667695833370223,0.0,0.0,0.0,0.20284753599607483,0.0,0.09210258462756869,0.0,0.0,0.0,0.33760975259546677,0.3234719735608459,0.32437355561323733,0.20516266157653942,0.20667695737666367,0.40189767977822505,0.6429713771273833,0.45022397080464893,0.6826378929382919,0.20284753768572947,0.9876900387766155,1.646367550631586e-8,0.4502239708046489,0.45022397080464893,0.33760975749999717,0.3369508322936456,0.3243735621681635,0.29858009868442564,0.20667695833370223,0.0,0.0,0.0,0.0,0.20284753645754705,0.0,0.09210258449691018,0.0,0.0,0.33760975894193807,0.323471981839857,0.32437356306038917,0.20516266967639965,0.20667695737666367],"CS":[0.29494648579662863,0.5149696621513291,0.5149696621513291,0.4304473132432687,0.43044731591731145,0.5451859003052895,0.5451859051315182,0.5149696621472599,0.5149696621513291,0.8202749738546107,0.8896462956922098,0.9390339543346928,0.9015774047988456,1.1776457918594256],"pr_entry":[0.0,0.0,0.0,0.0,0.0,0.0,0.0,0.0,0.0,0.0,0.0,0.0,0.0,0.0,0.1450705134124343,0.13336201248974094,0.0678722659062583,0.0,0.16499282602930948,0.0,0.1617687577740597,0.0,0.10266677551054322,0.0,0.0,0.0,0.0,0.0,0.0,0.0,0.0,0.0,0.0,0.0,0.0,0.0,0.0,0.0,0.0,0.0,0.0,0.0,0.14507051602089868,0.1333620150485632,0.06787226767624746,0.1649928298743371,0.0,0.1617687619135551,0.0,0.10266677956046229,0.0,0.0,0.0,0.0,0.0,0.0],"pr_exit":[0.0,0.0,0.0,0.0,0.0,0.25,0.0,0.25,0.0,0.0,0.0,0.0,0.0,0.0,0.0,0.0,0.0,0.0,0.0,0.0,0.0,0.0,0.0,0.0,0.0,0.0,0.0,0.0,0.0,0.0,0.0,0.0,0.0,0.0,0.25,0.0,0.25,0.0,0.0,0.0,0.0,0.0,0.0,0.0,0.0,0.0,0.0,0.0,0.0,0.0,0.0,0.0,0.0,0.0,0.0,0.0],"pr_merger":[0.1762410599879738,0.0,0.0,0.14739886231158872,0.14739886357416543,0.0,0.0,0.0,0.0,0.05241706888116382,0.0,0.0,0.0,0.0,0.0,0.0,0.0,0.0,0.0,0.0,0.0,0.0,0.0,0.05241706534725088,0.008352991122741793,0.0,0.013429568833484673,0.0,0.0,0.0,0.0,0.0,0.14739886363484223,0.0,0.0,0.0,0.0,0.052417067498117254,0.0,0.0,0.0,0.0,0.0,0.0,0.0,0.14739886138320402,0.0,0.0,0.0,0.0,0.0,0.052417066730297446,0.0,0.0,0.0,0.0],"pr_bundling":[0.0,0.0,0.0,0.0,0.0,0.0,0.0,0.0,0.0,0.0,0.0,0.0,0.0,0.0,0.0,0.0,0.0,0.0,0.0,0.0,0.0,0.0,0.0,0.0,0.0,0.0,0.0,0.0,0.0,0.0,0.0,0.0,0.0,0.0,0.0,0.0,0.0,0.0,0.0,0.0,0.0,0.0,0.0,0.0,0.0,0.0,0.0,0.0,0.0,0.0,0.0,0.0,0.0,0.0,0.0,0.0],"active_firms":[true,true,true,true,true,true,true,true,true,true,true,true,true,true,false,false,false,true,false,true,false,true,false,true,true,true,true,true,true,true,true,true,true,true,true,true,true,true,true,true,true,true,false,false,false,false,true,false,true,false,true,true,true,true,true,true,true,true,true,true,true,true,true,true,true,true,true,true,true,true],