{"modelname":"lbd","policy":"nolearning","smax":[5,1],"alpha":0.4,"beta":0.95,"c":1.0,"gamma":1.0,"sigma":4.0,"p0":1.5,"accuracy":1.0e-8,"cost_entry":[0.0,10.0],"value_exit":[0.0,1.0],"cost_merger":[0.0,1.0],"cost_bundling":[0.0,1.0],"entry":true,"exit":true,"mergers":true,"bundling":true,"filename":"a40g100s40","verbose":true,"firms":[1,2,3,4],"rival":[2,1,4,3],"partner":[3,4,1,2],"merger_pairs":[1,2,1,2,3,4,4,3],"outcomes":[1,0,1,0,1,0,0,0,0,0,1,0,1,0,1,0,0,0,1,0,0,1,0,0,1,0,0,0,1,1,0,0,0,0,1,0,0,0,0,0,1,1,1,1,2],"ownership":[0,3,0,3,0,0,4,4,0,1,0,1,0,0,2,2],"S":[1,1,1,1,1,1,1,1,1,1,1,1,1,1,0,0,0,1,0,1,0,1,0,1,1,1,1,1,1,1,1,1,1,1,1,1,1,1,1,1,1,1,0,0,0,0,1,0,1,0,1,1,1,1,1,1,0,1,1,0,0,1,1,1,1,0,1,3,1,3,0,0,1,0,0,0,0,1,1,0,0,0,1,1],"ms":14,"mc":[0.3054099313990243,0.3054099313990243,0.3054099313990243,0.3054099313990243,0.3054099313990243,0.3054099313990243,0.3054099313990243,0.3054099313990243,0.3054099313990243,0.3054099313990243,0.3054099313990243,0.3054099313990243,0.3054099313990243,0.3054099313990243,0.0,0.0,0.0,0.3054099313990243,0.0,0.3054099313990243,0.0,0.3054099313990243,0.0,0.3054099313990243,0.3054099313990243,0.3054099313990243,0.3054099313990243,0.3054099313990243,1.0,1.0,1.0,1.0,1.0,1.0,1.0,1.0,1.0,1.0,1.0,1.0,1.0,1.0,0.0,0.0,0.0,0.0,1.0,0.0,1.0,0.0,1.0,1.0,1.0,1.0,1.0,1.0],"P":[1.2459843088572922,1.2459843088532256,0.9699131005026328,0.7915297928108969,1.2459843088483873,0.7915297928104004,1.2459843088563427,0.9699131005052334,0.9699131005026328,0.7915297928071781,0.7915297928137449,0.791529792810196,0.635809144466244,0.5543759931442224,0.0,0.0,0.0,0.7915297897681896,0.0,0.7915297897657884,0.0,0.6108198627980486,0.0,0.7915297897639859,0.7915297897694572,0.7915297897667313,0.7012197163682702,0.5543759941635505,1.500000000028359,1.500000000028706,1.6645031691036085,1.5000000000303026,1.3997354669879452,1.5000000000287719,1.399735466997774,1.664503169106209,1.6645031691036085,1.3997354669877053,1.3997354669855524,1.399735466985797,1.3303992130672198,1.248966061745198,0.0,0.0,0.0,0.0,1.3997354715474466,0.0,1.3997354715495318,0.0,2.0,1.3997354715479409,1.3997354715489865,1.3997354715456383,1.3958097957708435,1.2489660627645263],"V":[8.631796466221683,10.45380111522807,8.396927210141834,3.4051164935203384,8.7869381402076,6.607421234001201,9.008164709660722,6.909463276937459,6.909462888357574,3.82405742430098,4.78840643943259,4.72237935351033,4.107968052925687,2.4793132400677345,0.0,0.0,0.0,3.4051164967954275,0.0,2.159094961300475,0.0,1.6935543875984531,0.0,3.8240574262387184,3.5118134487481427,4.722379381434357,2.916184093719312,2.4793132300007814,5.764007648493494,5.5346994378337095,8.396927210141834,6.769544661729302,2.734365241871635,5.682794312716819,3.8739148410832533,6.909463276937459,6.909462888357574,3.2922249385589097,3.060724140640186,2.9946970547196607,4.107968052925687,2.4793132400677345,0.0,0.0,0.0,0.0,2.7343652394659776,0.0,1.9982769513050243,0.0,1.6935541527026097,3.292224936957493,3.151748872750731,2.994697034259254,2.9161837226046314,2.4793132300007814],"D":[0.7342049645540596,0.7342049645572339,0.8118895352089108,0.48572354298159226,0.7342049645610105,0.48572354297982234,0.7342049645548006,0.8118895352057334,0.8118895352089108,0.48572354298134124,0.48572354297994286,0.48572354298091613,0.6216698010683993,0.49792353571613285,0.0,0.0,0.0,0.4857235488932504,0.0,0.48572354889518105,0.0,0.0,0.0,0.48572354889394104,0.48572354889467145,0.48572354889404623,0.368383482245045,0.49792353165575287,0.4999999999716409,0.4999999999712941,0.8118895352089108,0.4999999999696974,0.3745863935315812,0.4999999999712282,0.3745863935235413,0.8118895352057334,0.8118895352089108,0.37458639353208334,0.3745863935346878,0.3745863935325793,0.6216698010683993,0.49792353571613285,0.0,0.0,0.0,0.0,0.37458638669987265,0.0,0.3745863867034349,0.0,0.0,0.37458638669927496,0.37458638669708666,0.37458638670036154,0.368383482245045,0.49792353165575287],"Q":[0.3671024822562084,0.3671024822575409,0.8118895352089108,0.24286177147607732,0.27502318978789125,0.24286177147593588,0.2750231897796623,0.8118895352057334,0.8118895352089108,0.18194543021900642,0.18194543021974777,0.18194543021908804,0.6216698010683993,0.49792353571613285,0.0,0.0,0.0,0.0,0.0,0.0,0.0,0.0,0.0,0.18194542911492997,0.18194542911414063,0.18194542911549708,0.368383482245045,0.49792353165575287,0.0,0.0,0.0,0.0,0.27502318477201704,0.0,0.2750231847723062,0.0,0.0,0.1819454269001506,0.18194542689856388,0.1819454269005192,0.0,0.0,0.0,0.0,0.0,0.2428617744319066,0.0,0.24286177443361545,0.0,0.0,0.0,0.18194543243378591,0.18194543243532454,0.1819454324340663,0.0,0.0,0.3671024822978512,0.367102482299693,0.0,0.24286177150551494,0.18415859000110224,0.24286177150388644,0.1841585900028321,0.0,0.0,0.12183268586218421,0.1218326858616312,0.12183268586130892,0.0,0.0,0.0,0.0,0.0,0.24286177446134383,0.0,0.2428617744615656,0.0,0.0,0.0,0.12183268734522519,0.12183268734520629,0.1218326873444828,0.0,0.0,0.1328975177154325,0.13289751771375316,0.0,0.014276454061713453,0.09956320374368996,0.01427645406167681,0.09956320374387902,0.0,0.0,0.01069553087929101,0.010695530879615528,0.01069553087942491,0.0,0.0,0.0,0.0,0.0,0.0,0.0995632019278556,0.0,0.09956320193112875,0.0,0.0,0.010695530684194444,0.010695530684382129,0.010695530684345231,0.0,0.0,0.1328975177305079,0.13289751772901295,0.1881104647910892,0.014276454063443923,0.06666862976744388,0.01427645406331984,0.06666862977019163,0.18811046479426657,0.1881104647910892,0.0071618465612324515,0.007161846561388075,0.007161846561267457,0.009946716686555772,0.004152932628114156],"PI":[0.6905743774622043,0.6905743774622043,0.539503169108377,0.23611986139869537,0.6905743774622041,0.2361198613975938,0.6905743774622041,0.5395031691083769,0.539503169108377,0.23611986139676702,0.23611986139927693,0.23611986139802624,0.20539921306065417,0.12396606173749007,0.0,0.0,0.0,0.2361198627945552,0.0,0.23611986279432742,0.0,0.0,0.0,0.23611986279284913,0.23611986279586172,0.23611986279423375,0.14580978689363328,0.12396606123414075,0.25,0.25,0.539503169108377,0.25,0.1497354669456768,0.25,0.1497354669461447,0.5395031691083769,0.539503169108377,0.1497354669457877,0.14973546694602233,0.14973546694527115,0.20539921306065417,0.12396606173749007,0.0,0.0,0.0,0.0,0.14973546592272777,0.0,0.14973546592493284,0.0,0.0,0.149735465922674,0.14973546592219092,0.14973546592224582,0.14580979087276344,0.12396606123414075],"CS":[0.5045442477902902,0.5045442477931026,0.41768147750823514,1.062285916947706,0.6770051887560231,1.0622859169498788,0.6770051887457194,0.41768147750401274,0.41768147750823514,1.2347468579116252,1.2347468579061927,1.2347468579104033,1.1526281908795262,1.3709851342318462],"pr_entry":[0.0,0.0,0.0,0.0,0.0,0.0,0.0,0.0,0.0,0.0,0.0,0.0,0.0,0.0,0.08512789172659782,0.05397735195927726,0.042338837696414555,0.0,0.09560141975859161,0.0,0.08779532074699445,0.0,0.07290458702172839,0.0,0.0,0.0,0.0,0.0,0.0,0.0,0.0,0.0,0.0,0.0,0.0,0.0,0.0,0.0,0.0,0.0,0.0,0.0,0.06835910886508353,0.04995690111790158,0.04233883147963526,0.08230560391150923,0.0,0.0787937040815208,0.0,0.07290457715083863,0.0,0.0,0.0,0.0,0.0,0.0],"pr_exit":[0.0,0.0,0.0,0.0,0.0,0.25,0.0,0.25,0.0,0.0,0.0,0.0,0.0,0.0,0.0,0.0,0.0,0.0,0.0,0.0,0.0,0.0,0.0,0.0,0.0,0.0,0.0,0.0,0.0,0.0,0.0,0.0,0.0,0.0,0.25,0.0,0.25,0.0,0.0,0.0,0.0,0.0,0.0,0.0,0.0,0.0,0.0,0.0,0.0,0.0,0.0,0.0,0.0,0.0,0.0,0.0],"pr_merger":[0.25,0.0,0.0,0.25,0.25,0.0,0.0,0.0,0.0,0.18321199672645327,0.0,0.0,0.0,0.0,0.0,0.0,0.0,0.0,0.0,0.0,0.0,0.0,0.0,0.1832119966423733,0.25,0.0,0.0,0.0,0.0,0.0,0.0,0.0,0.25,0.0,0.0,0.0,0.0,0.18321199712680758,0.0,0.0,0.0,0.0,0.0,0.0,0.0,0.25,0.0,0.0,0.0,0.0,0.0,0.183211996242019,0.0,0.0,0.0,0.0],"pr_bundling":[0.0,0.22706367933128657,0.0,0.0,0.0,0.25,0.24255799435026837,0.0,0.0,0.0,0.09995474861309295,0.0,0.0,0.0,0.0,0.0,0.0,0.0,0.0,0.0,0.0,0.0,0.0,0.0,0.0,0.0,0.0,0.0,0.0,0.22706367933128657,0.0,0.0,0.0,0.25,0.24255799435026837,0.0,0.0,0.0,0.09995474861309295,0.0,0.0,0.0,0.0,0.0,0.0,0.0,0.0,0.0,0.0,0.0,0.0,0.0,0.0,0.0,0.0,0.0],