{"modelname":"lbd","policy":"nolearning","smax":[5,1],"alpha":0.4,"beta":0.95,"c":1.0,"gamma":0.0,"sigma":4.0,"p0":1.5,"accuracy":1.0e-8,"cost_entry":[0.0,10.0],"value_exit":[0.0,1.0],"cost_merger":[0.0,1.0],"cost_bundling":[0.0,1.0],"entry":true,"exit":true,"mergers":true,"bundling":true,"filename":"a40g0s40","verbose":true,"firms":[1,2,3,4],"rival":[2,1,4,3],"partner":[3,4,1,2],"merger_pairs":[1,2,1,2,3,4,4,3],"outcomes":[1,0,1,0,1,0,0,0,0,0,1,0,1,0,1,0,0,0,1,0,0,1,0,0,1,0,0,0,1,1,0,0,0,0,1,0,0,0,0,0,1,1,1,1,2],"ownership":[0,3,0,3,0,0,4,4,0,1,0,1,0,0,2,2],"S":[1,1,1,1,1,1,1,1,1,1,1,1,1,1,0,0,0,1,0,1,0,1,0,1,1,1,1,1,1,1,1,1,1,1,1,1,1,1,1,1,1,1,0,0,0,0,1,0,1,0,1,1,1,1,1,1,0,1,1,0,0,1,1,1,1,0,1,3,1,3,0,0,1,0,0,0,0,1,1,0,0,0,1,1],"ms":14,"mc":[0.3054099313990243,0.3054099313990243,0.3054099313990243,0.3054099313990243,0.3054099313990243,0.3054099313990243,0.3054099313990243,0.3054099313990243,0.3054099313990243,0.3054099313990243,0.3054099313990243,0.3054099313990243,0.3054099313990243,0.3054099313990243,0.0,0.0,0.0,0.3054099313990243,0.0,0.3054099313990243,0.0,0.3054099313990243,0.0,0.3054099313990243,0.3054099313990243,0.3054099313990243,0.3054099313990243,0.3054099313990243,1.0,1.0,1.0,1.0,1.0,1.0,1.0,1.0,1.0,1.0,1.0,1.0,1.0,1.0,0.0,0.0,0.0,0.0,1.0,0.0,1.0,0.0,1.0,1.0,1.0,1.0,1.0,1.0],"P":[1.0639456408644463,0.6344162696062411,0.9699131005026328,0.7154994143755399,1.445681034412341,0.305409962873363,1.6867931324870113,0.9699131005052334,0.9699131005026328,0.7982821084890396,0.7938686591088647,0.7920144114717873,0.635809144466244,0.5543759931442224,0.0,0.0,0.0,0.715499412738013,0.0,0.6123686184004068,0.0,0.6108198627980486,0.0,0.7982821104367627,0.7962177404943264,0.7920144092703746,0.7012197163682702,0.5543759941635505,1.7585357226074627,2.0,1.6645031691036085,2.1402711040835447,1.410089481460776,2.381383204584792,1.0000000267266902,1.664503169106209,1.6645031691036085,1.4928721836695893,1.488458734697711,1.4866044864721049,1.3303992130672198,1.248966061745198,0.0,0.0,0.0,0.0,1.4100894856484483,0.0,1.3069586933649322,0.0,2.0,1.4928721864061587,1.490807816488426,1.4866044844253716,1.3958097957708435,1.2489660627645263],"V":[7.597797400957152,6.6887286109746515,8.396921319986282,3.754188428729191,9.126622234543706,3.39908442085756,10.281671279170446,6.909465869009884,6.9094659134092415,4.857435133073461,4.838346665271946,4.799058649012921,4.107977565061682,2.4793178920106125,0.0,0.0,0.0,3.754188427339138,0.0,2.8822818383143916,0.0,1.6935641602424027,0.0,4.857435114425318,4.816147808927854,4.799058669560678,2.916190846306907,2.47931788194364,7.597797433738514,9.603385501073966,8.396921319986282,9.126622203779705,3.7541884035806583,10.281671877368272,3.399085074647124,6.909465869009884,6.9094659134092415,4.857435205581083,4.8383473623301025,4.799059611833207,4.107977565061682,2.4793178920106125,0.0,0.0,0.0,0.0,3.754188398659554,0.0,2.882281769656484,0.0,1.6935641870827238,4.8574351793802535,4.8161478775524715,4.799059630937203,2.916190925889337,2.47931788194364],"D":[0.6704176315654038,0.8118895352089108,0.8118895352089108,0.39037694545472784,0.7807538932428189,0.63346383518214,0.8190219846234336,0.8118895352057334,0.8118895352089108,0.4927691018164859,0.4952675510588695,0.4931178592917428,0.6216698010683993,0.49792353571613285,0.0,0.0,0.0,0.390376948011739,0.0,0.18555814604570064,0.0,0.0,0.0,0.4927690979773749,0.4906356514167763,0.49311786363396676,0.368383482245045,0.49792353165575287,0.6704176315654038,0.8118895352089108,0.8118895352089108,0.7807538934664668,0.3903769498909507,0.8190219812278406,0.6334638441870517,0.8118895352057334,0.8118895352089108,0.49276910259392415,0.49526755145840107,0.49311785944429315,0.6216698010683993,0.49792353571613285,0.0,0.0,0.0,0.0,0.39037694335186823,0.0,0.18555814043638183,0.0,0.0,0.4927690971999367,0.4906356510172447,0.4931178634814164,0.368383482245045,0.49792353165575287],"Q":[0.6704176315654038,0.8118895352089108,0.8118895352089108,0.39037694545472784,0.3903769498909507,0.63346383518214,0.6334638441870517,0.8118895352057334,0.8118895352089108,0.24638455225673972,0.2487971909552492,0.2465589286365906,0.6216698010683993,0.49792353571613285,0.0,0.0,0.0,0.0,0.0,0.0,0.0,0.0,0.0,0.2463845476401905,0.24416529091362438,0.2465589328262642,0.368383482245045,0.49792353165575287,0.0,0.0,0.0,0.0,0.39037694335186823,0.0,0.18555814043638183,0.0,0.0,0.24638454955974623,0.2464703601036203,0.24655893065515222,0.0,0.0,0.0,0.0,0.0,0.390376948011739,0.0,0.18555814604570064,0.0,0.0,0.0,0.2463845503371844,0.2464703605031519,0.24655893080770255,0.0,0.0,0.0,0.0,0.0,0.0,0.0,0.0,0.0,0.0,0.0,0.0,0.0,0.0,0.0,0.0,0.0,0.0,0.0,0.0,0.0,0.0,0.0,0.0,0.0,0.0,0.0,0.0,0.0,0.0,0.0,0.0,0.0,0.0,0.0,0.0,0.0,0.0,0.0,0.0,0.0,0.0,0.0,0.0,0.0,0.0,0.0,0.0,0.0,0.0,0.0,0.0,0.0,0.0,0.0,0.0,0.0,0.0,0.32958236843459615,0.1881104647910892,0.1881104647910892,0.2192461065335331,0.219246106757181,0.18097801877215935,0.18097801537656652,0.18811046479426657,0.1881104647910892,0.014461800206139235,0.014096797524354235,0.013764277074290399,0.009946716686555772,0.004152932628114156],"PI":[0.5085357137975914,0.26711680300784296,0.539503169108377,0.16008947972748078,0.8902711030299304,1.993785529694928e-8,1.1313832108805548,0.5395031691083769,0.539503169108377,0.2428721800149828,0.24191775786618383,0.2399533595352524,0.20539921306065417,0.12396606173749007,0.0,0.0,0.0,0.1600894801368314,0.0,0.05695868487259905,0.0,0.0,0.0,0.24287217908256956,0.24080780913591432,0.2399533605626421,0.14580978689363328,0.12396606123414075,0.5085357226082473,0.8118895352089108,0.539503169108377,0.8902711041205343,0.16008948095501932,1.1313832090538998,1.6930391912892263e-8,0.5395031691083769,0.539503169108377,0.24287218364037128,0.24191776152220404,0.23995336276511386,0.20539921306065417,0.12396606173749007,0.0,0.0,0.0,0.0,0.16008947990818106,0.0,0.05695868433157836,0.0,0.0,0.24287218233032176,0.24080781256715125,0.23995336372031542,0.14580979087276344,0.12396606123414075],"CS":[0.27748224405118505,0.41768147750823514,0.41768147750823514,0.3793901015003489,0.3793901012453298,0.4273449245847196,0.42734492927533463,0.41768147750401274,0.41768147750823514,1.0590611436042061,1.0654519083318348,1.0714196652221,1.1526281908795262,1.3709851342318462],"pr_entry":[0.0,0.0,0.0,0.0,0.0,0.0,0.0,0.0,0.0,0.0,0.0,0.0,0.0,0.0,0.09385468838213681,0.07205702113559824,0.042339094871332236,0.0,0.12143586671954601,0.0,0.12040368420505107,0.0,0.07290476472140194,0.0,0.0,0.0,0.0,0.0,0.0,0.0,0.0,0.0,0.0,0.0,0.0,0.0,0.0,0.0,0.0,0.0,0.0,0.0,0.09385468766514864,0.07205701941915324,0.04233909554233993,0.12143586834341927,0.0,0.12040368592066635,0.0,0.07290476671096247,0.0,0.0,0.0,0.0,0.0,0.0],"pr_exit":[0.0,0.0,0.0,0.0,0.0,0.25,0.0,0.25,0.0,0.0,0.0,0.0,0.0,0.0,0.0,0.0,0.0,0.0,0.0,0.0,0.0,0.0,0.0,0.0,0.0,0.0,0.0,0.0,0.0,0.0,0.0,0.0,0.0,0.0,0.25,0.0,0.25,0.0,0.0,0.0,0.0,0.0,0.0,0.0,0.0,0.0,0.0,0.0,0.0,0.0,0.0,0.0,0.0,0.0,0.0,0.0],"pr_merger":[0.25,0.0,0.0,0.17557518613673273,0.17557519755999662,0.0,0.0,0.0,0.0,0.0,0.0,0.0,0.0,0.0,0.0,0.0,0.0,0.0,0.0,0.0,0.0,0.0,0.0,0.0,0.0,0.0,0.0,0.0,0.0,0.0,0.0,0.0,0.17557519943630218,0.0,0.0,0.0,0.0,0.0,0.0,0.0,0.0,0.0,0.0,0.0,0.0,0.1755751870081831,0.0,0.0,0.0,0.0,0.0,0.0,0.0,0.0,0.0,0.0],"pr_bundling":[0.0,0.15653795426259975,0.0,0.0,0.0,0.05294894044384679,0.05294894986999443,0.0,0.0,0.0,0.0,0.0,0.0,0.0,0.0,0.0,0.0,0.0,0.0,0.0,0.0,0.0,0.0,0.0,0.0,0.0,0.0,0.0,0.0,0.15653795426259975,0.0,0.0,0.0,0.05294894044384679,0.05294894986999443,0.0,0.0,0.0,0.0,0.0,0.0,0.0,0.0,0.0,0.0,0.0,0.0,0.0,0.0,0.0,0.0,0.0,0.0,0.0,0.0,0.0],"active_firms":[true,true,true,true,true,true,true,true,true,true,true,true,true,true,false,false,false,true,false,true,false,true,false,true,true,true,true,true,true,true,true,true,true,true,true,true,true,true,true,true,true,true,false,false,false,false,true,false,true,false,true,true,true,true,true,true,true,true,true,true,true,true,true,true,true,true,true,true,true,true],