{"modelname":"lbd","policy":"nolearning","smax":[5,1],"alpha":0.4,"beta":0.95,"c":1.0,"gamma":1.0,"sigma":1.0,"p0":1.5,"accuracy":1.0e-8,"cost_entry":[0.0,10.0],"value_exit":[0.0,1.0],"cost_merger":[0.0,1.0],"cost_bundling":[0.0,1.0],"entry":true,"exit":true,"mergers":true,"bundling":true,"filename":"a40g100s10","verbose":true,"firms":[1,2,3,4],"rival":[2,1,4,3],"partner":[3,4,1,2],"merger_pairs":[1,2,1,2,3,4,4,3],"outcomes":[1,0,1,0,1,0,0,0,0,0,1,0,1,0,1,0,0,0,1,0,0,1,0,0,1,0,0,0,1,1,0,0,0,0,1,0,0,0,0,0,1,1,1,1,2],"ownership":[0,3,0,3,0,0,4,4,0,1,0,1,0,0,2,2],"S":[1,1,1,1,1,1,1,1,1,1,1,1,1,1,0,0,0,1,0,1,0,1,0,1,1,1,1,1,1,1,1,1,1,1,1,1,1,1,1,1,1,1,0,0,0,0,1,0,1,0,1,1,1,1,1,1,0,1,1,0,0,1,1,1,1,0,1,3,1,3,0,0,1,0,0,0,0,1,1,0,0,0,1,1],"ms":14,"mc":[0.3054099313990243,0.3054099313990243,0.3054099313990243,0.3054099313990243,0.3054099313990243,0.3054099313990243,0.3054099313990243,0.3054099313990243,0.3054099313990243,0.3054099313990243,0.3054099313990243,0.3054099313990243,0.3054099313990243,0.3054099313990243,0.0,0.0,0.0,0.3054099313990243,0.0,0.3054099313990243,0.0,0.3054099313990243,0.0,0.3054099313990243,0.3054099313990243,0.3054099313990243,0.3054099313990243,0.3054099313990243,1.0,1.0,1.0,1.0,1.0,1.0,1.0,1.0,1.0,1.0,1.0,1.0,1.0,1.0,0.0,0.0,0.0,0.0,1.0,0.0,1.0,0.0,1.0,1.0,1.0,1.0,1.0,1.0],"P":[1.9457522979724233,1.94575229797599,1.232044781389296,1.7445702921303954,1.945752297968333,1.7445702921290203,1.9457522979548196,1.2320447814051727,1.232044781389296,1.7445702921267574,1.7445702921500374,1.7445702921337451,1.1492822657787016,1.0748375373648091,0.0,0.0,0.0,1.7445703078474013,0.0,1.7445703078555237,0.0,0.6108198627980486,0.0,1.7445703078558863,1.7445703078534134,1.74457030784718,1.5366236152348944,1.0748375317840715,2.404673855111816,2.4046738551212634,1.9266348499902717,2.4046738551142166,2.3082611529372707,2.4046738550995297,2.3082611529554518,1.9266348500061483,1.9266348499902717,2.308261152930307,2.308261152924771,2.308261152957059,1.8438723343796772,1.7694276059657847,0.0,0.0,0.0,0.0,2.3082611562307287,0.0,2.3082611562312247,0.0,2.0,2.30826115622843,2.3082611562311732,2.3082611562266178,2.2312136188564984,1.769427600385047],"V":[9.561153320777134,9.561153304036477,7.0203919968874775,8.78318932689792,9.56115332078023,8.78318932173467,9.561153304035077,6.577060058513621,6.577060007337164,8.783189326903711,8.783189321733222,8.783189465537095,5.766461267770242,5.388541176385468,0.0,0.0,0.0,8.783189284749046,0.0,8.783189415436281,0.0,3.5907450965670797,0.0,8.783189284746554,8.783189415450622,8.783189423422037,5.0790985127881925,5.3885411974458925,6.65605091811722,6.656050913099868,7.0203919968874775,6.656050918117042,6.165210349698749,6.656050913100112,6.165210346511817,6.577060058513621,6.577060007337164,6.165210349698105,6.165210346511803,6.165210369837873,5.766461267770242,5.388541176385468,0.0,0.0,0.0,0.0,6.165210344908919,0.0,6.165210367894413,0.0,3.5907448698691766,6.165210344906964,6.165210367885797,6.165210365088221,5.079098120608218,5.3885411974458925],"D":[0.39037116859895127,0.3903711685981024,0.4604131212299114,0.30515041306155033,0.3903711685999246,0.30515041306259827,0.39037116860314064,0.46041312122202277,0.4604131212299114,0.3051504130631118,0.3051504130579454,0.3051504130608194,0.4074933142822718,0.3501662844798311,0.0,0.0,0.0,0.30515040826549955,0.0,0.30515040826364925,0.0,0.0,0.0,0.3051504082633617,0.3051504082660537,0.3051504082658584,0.18779330038640765,0.35016628838820346,0.28809096650675925,0.2880909665048216,0.4604131212299114,0.2880909665062668,0.23562662220547737,0.288090966509279,0.23562662220223035,0.46041312122202277,0.4604131212299114,0.23562662220660394,0.23562662220775332,0.23562662220168518,0.4074933142822718,0.3501662844798311,0.0,0.0,0.0,0.0,0.235626621429451,0.0,0.2356266214303711,0.0,0.0,0.23562662142947838,0.23562662142867694,0.23562662143129007,0.18779330038640765,0.35016628838820346],"Q":[0.11246240725804493,0.11246240725704398,0.4604131212299114,0.08791107742868855,0.09198183986360516,0.08791107742990967,0.0919818398630954,0.46041312122202277,0.4604131212299114,0.07190156109501099,0.07190156109414439,0.07190156109296986,0.4074933142822718,0.3501662844798311,0.0,0.0,0.0,0.0,0.0,0.0,0.0,0.0,0.0,0.0719015597269219,0.07190155972731165,0.07190155972806304,0.18779330038640765,0.35016628838820346,0.0,0.0,0.0,0.0,0.09198183956066683,0.0,0.09198183956178381,0.0,0.0,0.07190156085787083,0.0719015608564089,0.07190156085788348,0.0,0.0,0.0,0.0,0.0,0.08791107604698968,0.0,0.0879110760473758,0.0,0.0,0.0,0.07190155996406206,0.07190155996504713,0.07190155996314943,0.0,0.0,0.2779087613409063,0.2779087613410584,0.0,0.21723933563286177,0.2064074891756526,0.21723933563268863,0.20640748917826143,0.0,0.0,0.16134729111023,0.1613472911073921,0.1613472911099661,0.0,0.0,0.0,0.0,0.0,0.21723933221850988,0.0,0.21723933221627342,0.0,0.0,0.0,0.1613472885723777,0.16134728857369496,0.16134728857464595,0.0,0.0,0.1756285592487143,0.1756285592477776,0.0,0.11226881303058858,0.14364478234187222,0.11226881303199357,0.14364478233913497,0.0,0.0,0.09182350114753088,0.0918235011485618,0.0918235011455659,0.0,0.0,0.0,0.0,0.0,0.0,0.14364478186878418,0.0,0.14364478186858728,0.0,0.0,0.09182350084468567,0.09182350084495638,0.09182350084534355,0.0,0.0,0.43400027215233444,0.43400027215411996,0.5395868787700887,0.27743036564236156,0.3223392671894189,0.2774303656417589,0.322339267189137,0.5395868787779772,0.5395868787700887,0.2060521766813099,0.2060521766824826,0.2060521766824127,0.4047133853313205,0.29966742713196537],"PI":[0.6403423665416271,0.6403423665416269,0.42663484352443176,0.4391603785389877,0.6403423665416269,0.43916037854007617,0.6403423665416271,0.4266348435244317,0.42663484352443176,0.4391603785401248,0.4391603785397934,0.439160378538958,0.3438723343674922,0.2694276059572504,0.0,0.0,0.0,0.4391603764327523,0.0,0.439160376432568,0.0,0.0,0.0,0.43916037643226474,0.4391603764353844,0.4391603764332011,0.2312136811684451,0.2694276070102738,0.4046738485459385,0.4046738485459385,0.4266348435244317,0.40467384854593846,0.30826115642925256,0.40467384854593846,0.30826115642928853,0.42663484352443165,0.4266348435244317,0.3082611564290855,0.3082611564292848,0.30826115642895396,0.3438723343674922,0.2694276059572504,0.0,0.0,0.0,0.0,0.30826115619003375,0.0,0.30826115619135436,0.0,0.0,0.308261156189528,0.3082611561891258,0.3082611561914711,0.23121366896575443,0.2694276070102738],"CS":[0.8347101178028171,0.8347101177987031,0.6169514715303852,1.2821853119071287,1.1321506632989136,1.2821853119093012,1.132150663299788,0.6169514715157658,0.6169514715303852,1.5796258574030233,1.579625857397332,1.5796258573976711,0.9045761529467033,1.2050819954778462],"pr_entry":[0.0,0.0,0.0,0.0,0.0,0.0,0.0,0.0,0.0,0.0,0.0,0.0,0.0,0.0,0.21957970811359626,0.21957971155267403,0.0897686088654657,0.0,0.219579708113534,0.0,0.21957971155303255,0.0,0.12697744851878837,0.0,0.0,0.0,0.0,0.0,0.0,0.0,0.0,0.0,0.0,0.0,0.0,0.0,0.0,0.0,0.0,0.0,0.0,0.0,0.15413024180840249,0.1541302424132857,0.08976860306022974,0.1541302418083536,0.0,0.15413024241307033,0.0,0.12697743851938617,0.0,0.0,0.0,0.0,0.0,0.0],"pr_exit":[0.0,0.0,0.0,0.0,0.0,0.25,0.0,0.25,0.0,0.0,0.0,0.0,0.0,0.0,0.0,0.0,0.0,0.0,0.0,0.0,0.0,0.0,0.0,0.0,0.0,0.0,0.0,0.0,0.0,0.0,0.0,0.0,0.0,0.0,0.25,0.0,0.25,0.0,0.0,0.0,0.0,0.0,0.0,0.0,0.0,0.0,0.0,0.0,0.0,0.0,0.0,0.0,0.0,0.0,0.0,0.0],"pr_merger":[0.0,0.0,0.0,0.0,0.0,0.0,0.0,0.0,0.0,0.0,0.0,0.0,0.0,0.0,0.0,0.0,0.0,0.0,0.0,0.0,0.0,0.0,0.0,9.537953316041126e-9,1.36149447271805e-9,0.0,0.15472144037384394,0.0,0.0,0.0,0.0,0.0,0.0,0.0,0.0,0.0,0.0,0.0,0.0,0.0,0.0,0.0,0.0,0.0,0.0,7.858254935655395e-9,0.0,0.0,0.0,0.0,0.0,8.340168111686808e-9,0.0,0.0,0.0,0.0],"pr_bundling":[0.0,0.0,0.0,0.0,0.0,0.0,0.0,0.0,0.0,0.0,0.0,0.0,0.0,0.0,0.0,0.0,0.0,0.0,0.0,0.0,0.0,0.0,0.0,0.0,0.0,0.0,0.0,0.0,0.0,0.0,0.0,0.0,0.0,0.0,0.0,0.0,0.0,0.0,0.0,0.0,0.0,0.0,0.0,0.0,0.0,0.0,0.0,0.0,0.0,0.0,0.0,0.0,0.0,0.0,0.0,0.0],