{"modelname":"lbd","policy":"nolearning","smax":[5,1],"alpha":0.4,"beta":0.95,"c":1.0,"gamma":0.0,"sigma":10.0,"p0":1.5,"accuracy":1.0e-8,"cost_entry":[0.0,10.0],"value_exit":[0.0,1.0],"cost_merger":[0.0,1.0],"cost_bundling":[0.0,1.0],"entry":true,"exit":true,"mergers":true,"bundling":true,"filename":"a40g0s100","verbose":true,"firms":[1,2,3,4],"rival":[2,1,4,3],"partner":[3,4,1,2],"merger_pairs":[1,2,1,2,3,4,4,3],"outcomes":[1,0,1,0,1,0,0,0,0,0,1,0,1,0,1,0,0,0,1,0,0,1,0,0,1,0,0,0,1,1,0,0,0,0,1,0,0,0,0,0,1,1,1,1,2],"ownership":[0,3,0,3,0,0,4,4,0,1,0,1,0,0,2,2],"S":[1,1,1,1,1,1,1,1,1,1,1,1,1,1,0,0,0,1,0,1,0,1,0,1,1,1,1,1,1,1,1,1,1,1,1,1,1,1,1,1,1,1,0,0,0,0,1,0,1,0,1,1,1,1,1,1,0,1,1,0,0,1,1,1,1,0,1,3,1,3,0,0,1,0,0,0,0,1,1,0,0,0,1,1],"ms":14,"mc":[0.3054099313990243,0.3054099313990243,0.3054099313990243,0.3054099313990243,0.3054099313990243,0.3054099313990243,0.3054099313990243,0.3054099313990243,0.3054099313990243,0.3054099313990243,0.3054099313990243,0.3054099313990243,0.3054099313990243,0.3054099313990243,0.0,0.0,0.0,0.3054099313990243,0.0,0.3054099313990243,0.0,0.3054099313990243,0.0,0.3054099313990243,0.3054099313990243,0.3054099313990243,0.3054099313990243,0.3054099313990243,1.0,1.0,1.0,1.0,1.0,1.0,1.0,1.0,1.0,1.0,1.0,1.0,1.0,1.0,0.0,0.0,0.0,0.0,1.0,0.0,1.0,0.0,1.0,1.0,1.0,1.0,1.0,1.0],"P":[1.058850843213771,0.7408178131890192,1.0231138722940218,0.49139635562480855,1.6325972985330308,0.3054099605310939,1.7640767922808935,1.0231138722929156,1.0231138722940218,0.505409813151263,0.5054097335790743,0.5054096937581442,0.4392295195881223,0.4054099160265826,0.0,0.0,0.0,0.49139635678155125,0.0,0.43134361398251087,0.0,0.6108198627980486,0.0,0.5054098141401161,0.5054097742961035,0.505409694653213,0.46506175569506436,0.40540991565599127,1.7534409572114533,2.0,1.7177039408949974,2.3271873665696563,1.1859864246540002,2.4586668673123477,1.0000000281310897,1.7177039408938912,1.7177039408949974,1.1999998830588583,1.1999998035254005,1.1999997637604665,1.133819588189098,1.0999999846275583,0.0,0.0,0.0,0.0,1.185986424015226,0.0,1.1259336823980275,0.0,2.0,1.1999998819246938,1.1999998421581244,1.1999997626262766,1.159651828005894,1.099999984256967],"V":[12.136863177937155,8.419255961212778,12.86279865570001,1.6514645334454885,18.35547223671626,5.513913992380538,12.166989433937687,11.465890802326276,11.46589082816639,1.9999968728869726,1.9999972485946036,1.9999964317429606,1.676394464717162,0.9999996811198651,0.0,0.0,0.0,1.6514645317174097,0.0,0.5270186360061142,0.0,0.43153595146315527,0.0,1.9999968630008604,1.9999958990701123,1.9999964227923026,1.1930362920202238,1.0000356167007936,12.136863466821836,17.095709333747607,12.86279865570001,18.355472191421587,1.6514645313927427,16.70100951591708,10.04793412022112,11.465890802326276,11.46589082816639,1.9999968647273247,1.9999972446414924,1.9999964289001737,1.676394464717162,0.9999996811198651,0.0,0.0,0.0,0.0,1.6514645327474091,0.0,0.5270186393295713,0.0,0.43153595509027415,1.9999968760662008,1.999995912523642,1.9999964402420338,1.193036319742973,1.0000356167007936],"D":[0.8672755987999314,0.930333390792715,0.930333390792715,0.46232634699345765,0.9246526885729367,0.7255129885588263,0.9314442566434087,0.9303333907941489,0.930333390792715,0.4999997042255315,0.4999998035462686,0.49999970399178273,0.6263626155309131,0.4999999174202674,0.0,0.0,0.0,0.4623263416455318,0.0,0.20593126345429438,0.0,0.0,0.0,0.4999996992812691,0.499999599961244,0.4999996995164418,0.3736369866763544,0.49999992112618064,0.8672755987999314,0.930333390792715,0.930333390792715,0.9246526886389894,0.462326342809858,0.9314442520131206,0.7255129934735274,0.9303333907941489,0.930333390792715,0.4999996989179901,0.49999979833550834,0.4999996989186395,0.6263626155309131,0.4999999174202674,0.0,0.0,0.0,0.0,0.4623263457630786,0.0,0.20593126316988128,0.0,0.0,0.4999997045888105,0.49999960517200426,0.4999997045895851,0.3736369866763544,0.49999992112618064],"Q":[0.8672755987999314,0.930333390792715,0.930333390792715,0.46232634699345765,0.462326342809858,0.7255129885588263,0.7255129934735274,0.9303333907941489,0.930333390792715,0.24999985069506067,0.24999995006401995,0.24999985057815519,0.6263626155309131,0.4999999174202674,0.0,0.0,0.0,0.0,0.0,0.0,0.0,0.0,0.0,0.24999985105833963,0.24999975168975558,0.24999985117595752,0.3736369866763544,0.49999992112618064,0.0,0.0,0.0,0.0,0.4623263457630786,0.0,0.20593126316988128,0.0,0.0,0.24999985353047088,0.24999985348224865,0.24999985341362757,0.0,0.0,0.0,0.0,0.0,0.4623263416455318,0.0,0.20593126345429438,0.0,0.0,0.0,0.24999984822292942,0.24999984827148838,0.24999984834048428,0.0,0.0,0.0,0.0,0.0,0.0,0.0,0.0,0.0,0.0,0.0,0.0,0.0,0.0,0.0,0.0,0.0,0.0,0.0,0.0,0.0,0.0,0.0,0.0,0.0,0.0,0.0,0.0,0.0,0.0,0.0,0.0,0.0,0.0,0.0,0.0,0.0,0.0,0.0,0.0,0.0,0.0,0.0,0.0,0.0,0.0,0.0,0.0,0.0,0.0,0.0,0.0,0.0,0.0,0.0,0.0,0.0,0.0,0.13272440120006848,0.06966660920728499,0.06966660920728499,0.07534731136101053,0.0753473114270634,0.06855574798687943,0.06855574335659147,0.06966660920585115,0.06966660920728499,5.964931994435676e-7,5.964924874813603e-7,5.964917753877053e-7,3.9779273255799177e-7,1.614535520301492e-7],"PI":[0.6534409179545009,0.4050744910435596,0.6677039409181375,0.08598642410268235,1.2271873672604965,2.1135694911409744e-8,1.3586668699244873,0.6677039409181373,0.6677039409181375,0.09999988172126063,0.09999986179931758,0.09999982197798682,0.08381958726739311,0.04999998405580717,0.0,0.0,0.0,0.08598642364283338,0.0,0.02593368236586946,0.0,0.0,0.0,0.09999988122683498,0.09999984144085124,0.09999982153045384,0.0596518265473552,0.0499999842411028,0.6534409573259568,0.930333390792715,0.6677039409181373,1.2271873668263327,0.08598642352256511,1.3586668691600716,2.0409471083348802e-8,0.6677039409181372,0.6677039409181373,0.09999988131306238,0.09999986142984153,0.09999982166403226,0.08381958726739311,0.04999998405580717,0.0,0.0,0.0,0.0,0.08598642377650194,0.0,0.025933682291860445,0.0,0.0,0.09999988188014386,0.09999984211352536,0.09999982223112544,0.05965182793349386,0.0499999842411028],"CS":[0.20194804721061654,0.26640341404615864,0.26640341404615864,0.25856470365500916,0.2585647035673446,0.2680108025477015,0.2680108093017495,0.26640341404821744,0.26640341404615864,1.4332197996238614,1.4332199189819081,1.4332200383621343,1.473733473977841,1.5639048339178014],"pr_entry":[0.0,0.0,0.0,0.0,0.0,0.0,0.0,0.0,0.0,0.0,0.0,0.0,0.0,0.0,0.041286613741507404,0.013175465308609125,0.010788398271671103,0.0,0.04999992057300857,0.0,0.04999989625339954,0.0,0.02982590698612812,0.0,0.0,0.0,0.0,0.0,0.0,0.0,0.0,0.0,0.0,0.0,0.0,0.0,0.0,0.0,0.0,0.0,0.0,0.0,0.04128661376725827,0.013175465391695524,0.010788398362349051,0.04999992089964115,0.0,0.049999896589737844,0.0,0.029825907679196812,0.0,0.0,0.0,0.0,0.0,0.0],"pr_exit":[0.0,0.0,0.0,0.0,0.0,0.25,0.0,0.25,0.0,0.0,0.0,0.0,0.0,7.971998475242437e-8,0.0,0.0,0.0,0.0,0.0,0.11824534691390876,0.0,0.142116017283289,0.0,0.0,0.0,0.0,0.0,0.0,0.0,0.0,0.0,0.0,0.0,0.0,0.25,0.0,0.25,0.0,0.0,0.0,0.0,7.971998475242437e-8,0.0,0.0,0.0,0.0,0.0,0.0,0.11824534608304477,0.0,0.1421160163765095,0.0,0.0,0.0,0.0,0.0],"pr_merger":[0.25,0.0,0.0,0.25,0.25,0.0,0.0,0.0,0.0,2.0932284278130098e-7,0.0,0.0,0.0,0.0,0.0,0.0,0.0,0.0,0.0,0.0,0.0,0.0,0.0,2.0895965618938916e-7,2.871667202364314e-7,0.0,0.0,0.0,0.0,0.0,0.0,0.0,0.25,0.0,0.0,0.0,0.0,2.064881569618926e-7,0.0,0.0,0.0,0.0,0.0,0.0,0.0,0.25,0.0,0.0,0.0,0.0,0.0,2.1179434200879754e-7,0.0,0.0,0.0,0.0],"pr_bundling":[0.0,0.05889851282321645,0.0,0.0,0.0,0.25,0.25,0.0,0.0,0.0,0.0,0.0,0.0,0.0,0.0,0.0,0.0,0.0,0.0,0.0,0.0,0.0,0.0,0.0,0.0,0.0,0.0,0.0,0.0,0.05889851282321645,0.0,0.0,0.0,0.25,0.25,0.0,0.0,0.0,0.0,0.0,0.0,0.0,0.0,0.0,0.0,0.0,0.0,0.0,0.0,0.0,0.0,0.0,0.0,0.0,0.0,0.0],