{"modelname":"lbd","policy":"nolearning","smax":[5,1],"alpha":0.4,"beta":0.95,"c":1.0,"gamma":0.0,"sigma":6.0,"p0":1.5,"accuracy":1.0e-8,"cost_entry":[0.0,10.0],"value_exit":[0.0,1.0],"cost_merger":[0.0,1.0],"cost_bundling":[0.0,1.0],"entry":true,"exit":true,"mergers":true,"bundling":true,"filename":"a40g0s60","verbose":true,"firms":[1,2,3,4],"rival":[2,1,4,3],"partner":[3,4,1,2],"merger_pairs":[1,2,1,2,3,4,4,3],"outcomes":[1,0,1,0,1,0,0,0,0,0,1,0,1,0,1,0,0,0,1,0,0,1,0,0,1,0,0,0,1,1,0,0,0,0,1,0,0,0,0,0,1,1,1,1,2],"ownership":[0,3,0,3,0,0,4,4,0,1,0,1,0,0,2,2],"S":[1,1,1,1,1,1,1,1,1,1,1,1,1,1,0,0,0,1,0,1,0,1,0,1,1,1,1,1,1,1,1,1,1,1,1,1,1,1,1,1,1,1,0,0,0,0,1,0,1,0,1,1,1,1,1,1,0,1,1,0,0,1,1,1,1,0,1,3,1,3,0,0,1,0,0,0,0,1,1,0,0,0,1,1],"ms":14,"mc":[0.3054099313990243,0.3054099313990243,0.3054099313990243,0.3054099313990243,0.3054099313990243,0.3054099313990243,0.3054099313990243,0.3054099313990243,0.3054099313990243,0.3054099313990243,0.3054099313990243,0.3054099313990243,0.3054099313990243,0.3054099313990243,0.0,0.0,0.0,0.3054099313990243,0.0,0.3054099313990243,0.0,0.3054099313990243,0.0,0.3054099313990243,0.3054099313990243,0.3054099313990243,0.3054099313990243,0.3054099313990243,1.0,1.0,1.0,1.0,1.0,1.0,1.0,1.0,1.0,1.0,1.0,1.0,1.0,1.0,0.0,0.0,0.0,0.0,1.0,0.0,1.0,0.0,1.0,1.0,1.0,1.0,1.0,1.0],"P":[1.0491999378630688,0.6711194812999884,0.9882647063495064,0.59842360875683,1.5166208327785424,0.305409963277931,1.7082064473186267,0.9882647063469722,0.9882647063495064,0.6385691086784049,0.6384533520023751,0.638395861909754,0.5283447635936586,0.4720529694108817,0.0,0.0,0.0,0.598423607056309,0.0,0.5129554087440795,0.0,0.6108198627980486,0.0,0.6385691106754225,0.6385113711175041,0.6383958632077056,0.5714178764484146,0.4720529702242737,1.7437900244882567,2.0,1.682854774950482,2.2112109019037143,1.293013678194379,2.4027965186769564,1.000000028439009,1.6828547749479479,1.682854774950482,1.3331591844062929,1.3330434250878465,1.3329859361072791,1.2229348321946343,1.1666430380118573,0.0,0.0,0.0,0.0,1.2930136761627706,0.0,1.207545473328803,0.0,2.0,1.3331591829260858,1.3331014442125773,1.3329859346653787,1.2660079546252745,1.1666430388252493],"V":[9.124955564204463,7.18561085535604,9.952319745476583,2.129548950233147,11.411141711052196,2.6330352700436577,12.211243664050203,7.708506879797627,7.708506878336528,3.329849222783292,3.329273401394919,3.328121223785819,2.7920293053610363,1.6661937945570366,0.0,0.0,0.0,2.129548949290271,0.0,1.2233173509018147,0.0,0.9646595420558451,0.0,3.3298492028445597,3.328694442148797,3.328121210840114,1.9868250250560473,1.6661937864265761,9.124955632155983,12.336816072814262,9.952319745476583,11.4111416853071,2.1295489592386057,12.21124383292585,2.6330354490084478,7.708506879797627,7.708506878336528,3.329849259279316,3.329273653518334,3.3281214682655653,2.7920293053610363,1.6661937945570366,0.0,0.0,0.0,0.0,2.129548962299051,0.0,1.2233173738015921,0.0,0.9646595589164181,3.329849274058089,3.328694486962562,3.328121482646998,1.9868250965787326,1.6661937864265761],"D":[0.7759224228014353,0.8779633148020378,0.8779633148020384,0.431198327380381,0.8623966590557864,0.6842265949756514,0.8811897122681888,0.8779633148052963,0.8779633148020384,0.49973863851331835,0.4998258905463439,0.4997391799872233,0.6261986854126006,0.49992910385742567,0.0,0.0,0.0,0.4311983317799524,0.0,0.19696311331870697,0.0,0.0,0.0,0.4997386325253971,0.4996519240929115,0.49973917609539953,0.3734523045915157,0.49992909897776555,0.7759224228014353,0.8779633148020378,0.8779633148020384,0.8623966591603334,0.43119832689981524,0.8811897082943584,0.6842265975323741,0.8779633148052963,0.8779633148020384,0.4997386333002073,0.4998258905607391,0.49973917587958927,0.6261986854126006,0.49992910385742567,0.0,0.0,0.0,0.0,0.4311983321559712,0.0,0.19696311473581465,0.0,0.0,0.49973863773850813,0.4996519240785162,0.49973918020303354,0.3734523045915157,0.49992909897776555],"Q":[0.7759224228014353,0.8779633148020378,0.8779633148020384,0.431198327380381,0.43119832689981524,0.6842265949756514,0.6842265975323741,0.8779633148052963,0.8779633148020384,0.24986931814708396,0.2499564444637635,0.24986958891275057,0.6261986854126006,0.49992910385742567,0.0,0.0,0.0,0.0,0.0,0.0,0.0,0.0,0.0,0.24986931737227375,0.24978247799593584,0.2498695891285608,0.3734523045915157,0.49992909897776555,0.0,0.0,0.0,0.0,0.4311983321559712,0.0,0.19696311473581465,0.0,0.0,0.24986932036623438,0.2498694460825804,0.2498695910744727,0.0,0.0,0.0,0.0,0.0,0.4311983317799524,0.0,0.19696311331870697,0.0,0.0,0.0,0.2498693151531233,0.24986944609697562,0.2498695869668387,0.0,0.0,0.0,0.0,0.0,0.0,0.0,0.0,0.0,0.0,0.0,0.0,0.0,0.0,0.0,0.0,0.0,0.0,0.0,0.0,0.0,0.0,0.0,0.0,0.0,0.0,0.0,0.0,0.0,0.0,0.0,0.0,0.0,0.0,0.0,0.0,0.0,0.0,0.0,0.0,0.0,0.0,0.0,0.0,0.0,0.0,0.0,0.0,0.0,0.0,0.0,0.0,0.0,0.0,0.0,0.0,0.0,0.0,0.22407757719856458,0.12203668519796204,0.12203668519796168,0.1376033408396667,0.1376033409442136,0.1188102917056416,0.11881028773181115,0.12203668519470369,0.12203668519796168,0.0005227289612845544,0.0005221853607445499,0.0005216439173772959,0.0003490099958836963,0.00014179716480882705],"PI":[0.5771233438710767,0.3210795686858118,0.5995214417439252,0.12634700757626044,1.044544234761644,2.1812395807940723e-8,1.2361298582340123,0.599521441743925,0.5995214417439252,0.16649251366181492,0.1664637242936704,0.16640611586071455,0.1396014988529587,0.0833097046573468,0.0,0.0,0.0,0.12634700813213323,0.0,0.040878803373099244,0.0,0.0,0.0,0.1664925126648709,0.1664347752734574,0.1664061152134293,0.09934128011834807,0.08330970425082376,0.5771233578564671,0.8779633148020378,0.5995214417439252,1.0445442353403374,0.12634700779617714,1.2361298550892887,1.9458726314338123e-8,0.599521441743925,0.5995214417439252,0.16649251548661254,0.16646372653993166,0.16640611728974522,0.1396014988529587,0.08330970465734674,0.0,0.0,0.0,0.0,0.12634700846027655,0.0,0.04087880287615997,0.0,0.0,0.16649251622555655,0.16643477751414676,0.16640611800881724,0.0993412836944841,0.08330970425082371],"CS":[0.24929382671751155,0.3505722635176025,0.35057226351760296,0.3305633457365982,0.33056334560997014,0.3550378742144882,0.3550378797889642,0.3505722635220523,0.35057226351760296,1.2594079111154952,1.2595813226503247,1.2597542255784064,1.3267349991119073,1.4768521563936894],"pr_entry":[0.0,0.0,0.0,0.0,0.0,0.0,0.0,0.0,0.0,0.0,0.0,0.0,0.0,0.0,0.053238723032186706,0.030582930387855478,0.0241164874009713,0.0,0.08324622868893919,0.0,0.08321735965461421,0.0,0.04967062486678157,0.0,0.0,0.0,0.0,0.0,0.0,0.0,0.0,0.0,0.0,0.0,0.0,0.0,0.0,0.0,0.0,0.0,0.0,0.0,0.053238723357406134,0.03058293096034964,0.024116487822485565,0.08324623046927718,0.0,0.08321736077495831,0.0,0.04967062665484865,0.0,0.0,0.0,0.0,0.0,0.0],"pr_exit":[0.0,0.0,0.0,0.0,0.0,0.25,0.0,0.25,0.0,0.0,0.0,0.0,0.0,0.0,0.0,0.0,0.0,0.0,0.0,0.0,0.0,0.00883512599028699,0.0,0.0,0.0,0.0,0.0,0.0,0.0,0.0,0.0,0.0,0.0,0.0,0.25,0.0,0.25,0.0,0.0,0.0,0.0,0.0,0.0,0.0,0.0,0.0,0.0,0.0,0.0,0.0,0.008835121775144339,0.0,0.0,0.0,0.0,0.0],"pr_merger":[0.25,0.0,0.0,0.25,0.25,0.0,0.0,0.0,0.0,0.0,0.0,0.0,0.0,0.0,0.0,0.0,0.0,0.0,0.0,0.0,0.0,0.0,0.0,0.0,0.0,0.0,0.0,0.0,0.0,0.0,0.0,0.0,0.25,0.0,0.0,0.0,0.0,0.0,0.0,0.0,0.0,0.0,0.0,0.0,0.0,0.25,0.0,0.0,0.0,0.0,0.0,0.0,0.0,0.0,0.0,0.0],"pr_bundling":[0.0,0.11345408211172492,0.0,0.0,0.0,0.20080003607848362,0.2008000307043758,0.0,0.0,0.0,0.0,0.0,0.0,0.0,0.0,0.0,0.0,0.0,0.0,0.0,0.0,0.0,0.0,0.0,0.0,0.0,0.0,0.0,0.0,0.11345408211172492,0.0,0.0,0.0,0.20080003607848362,0.2008000307043758,0.0,0.0,0.0,0.0,0.0,0.0,0.0,0.0,0.0,0.0,0.0,0.0,0.0,0.0,0.0,0.0,0.0,0.0,0.0,0.0,0.0],"active_firms":[true,true,true,true,true,true,true,true,true,true,true,true,true,true,false,false,false,true,false,true,false,true,false,true,true,true,true,true,true,true,true,true,true,true,true,true,true,true,true,true,true,true,false,false,false,false,true,false,true,false,true,true,true,true,true,true,true,true,true,true,true,true,true,true,true,true,true,true,true,true],