{"modelname":"lbd","policy":"nolearning","smax":[5,1],"alpha":0.4,"beta":0.95,"c":1.0,"gamma":1.0,"sigma":9.0,"p0":1.5,"accuracy":1.0e-8,"cost_entry":[0.0,10.0],"value_exit":[0.0,1.0],"cost_merger":[0.0,1.0],"cost_bundling":[0.0,1.0],"entry":true,"exit":true,"mergers":true,"bundling":true,"filename":"a40g100s90","verbose":true,"firms":[1,2,3,4],"rival":[2,1,4,3],"partner":[3,4,1,2],"merger_pairs":[1,2,1,2,3,4,4,3],"outcomes":[1,0,1,0,1,0,0,0,0,0,1,0,1,0,1,0,0,0,1,0,0,1,0,0,1,0,0,0,1,1,0,0,0,0,1,0,0,0,0,0,1,1,1,1,2],"ownership":[0,3,0,3,0,0,4,4,0,1,0,1,0,0,2,2],"S":[1,1,1,1,1,1,1,1,1,1,1,1,1,1,0,0,0,1,0,1,0,1,0,1,1,1,1,1,1,1,1,1,1,1,1,1,1,1,1,1,1,1,0,0,0,0,1,0,1,0,1,1,1,1,1,1,0,1,1,0,0,1,1,1,1,0,1,3,1,3,0,0,1,0,0,0,0,1,1,0,0,0,1,1],"ms":14,"mc":[0.3054099313990243,0.3054099313990243,0.3054099313990243,0.3054099313990243,0.3054099313990243,0.3054099313990243,0.3054099313990243,0.3054099313990243,0.3054099313990243,0.3054099313990243,0.3054099313990243,0.3054099313990243,0.3054099313990243,0.3054099313990243,0.0,0.0,0.0,0.3054099313990243,0.0,0.3054099313990243,0.0,0.3054099313990243,0.0,0.3054099313990243,0.3054099313990243,0.3054099313990243,0.3054099313990243,0.3054099313990243,1.0,1.0,1.0,1.0,1.0,1.0,1.0,1.0,1.0,1.0,1.0,1.0,1.0,1.0,0.0,0.0,0.0,0.0,1.0,0.0,1.0,0.0,1.0,1.0,1.0,1.0,1.0,1.0],"P":[1.2730689402433584,1.2730689402433584,1.0156612376806908,0.5276145784529377,1.2730689402439228,0.5276145784538062,1.2730689402439228,1.0156612376807437,1.0156612376806908,0.5276145784522829,0.527614578452977,0.5276145784531865,0.4540980317409665,0.41652094542923435,0.0,0.0,0.0,0.5276145769695908,0.0,0.5276145769691221,0.0,0.6108198627980486,0.0,0.5276145769686087,0.5276145769686694,0.5276145769705053,0.48280058264935494,0.4165209459902639,1.3955549753314873,1.3955549753274128,1.7102513062816664,1.3955549753301992,1.2143303852614065,1.3955549753322607,1.2143303852583478,1.7102513062817193,1.7102513062816664,1.21433038526163,1.2143303852603564,1.2143303852621665,1.1486881003419422,1.11111101403021,0.0,0.0,0.0,0.0,1.2143303863411494,0.0,1.2143303863410104,0.0,2.0,1.2143303863406523,1.2143303863410047,1.2143303863412027,1.1773906567871597,1.1111110145912395],"V":[12.74694696447721,16.4069057817095,12.432278670676991,2.5499764064028994,15.247863718217966,10.633573863854355,14.077978671650285,10.883568509381501,10.88356854473961,2.221869901129278,2.2218704585752054,2.2218704502214894,1.862651632871208,1.1111091408710252,0.0,0.0,0.0,2.549976409140359,0.0,0.7673099409002387,0.0,0.512172572570172,0.0,2.221869915960821,2.2218698443470215,2.221870465044785,1.3255905057128559,1.1111091352607483,8.942268295940442,7.6132498167732505,12.432278670676991,12.660000509869478,2.0701279546351468,8.683884089628592,6.179306285864075,10.883568509381501,10.88356854473961,2.0643850463736135,2.0643851435099547,2.0643851351405362,1.862651632871208,1.1111091408710252,0.0,0.0,0.0,0.0,2.0701279528104983,0.0,0.7504265764144796,0.0,0.5121725787058017,2.064385036719959,2.0643849664022347,2.0643851254856624,1.325590546981895,1.1111091352607483],"D":[0.8851753458251794,0.8851753458251794,0.9217804246988631,0.49996044260505995,0.8851753458246633,0.49996044260205097,0.8851753458246632,0.9217804246987945,0.9217804246988631,0.49996044260432404,0.49996044260289846,0.4999604426065571,0.6263617906227646,0.49999956301561177,0.0,0.0,0.0,0.4999604492795924,0.0,0.4999604492826012,0.0,0.0,0.0,0.49996044928032896,0.49996044928175415,0.4999604492780948,0.3736360436447986,0.49999955796635126,0.7191007122381994,0.7191007122456067,0.9217804246988631,0.7191007122405411,0.48158955147599997,0.7191007122367928,0.48158955148258237,0.9217804246987945,0.9217804246988631,0.4815895514744599,0.4815895514780566,0.48158955147440385,0.6263617906227646,0.49999956301561177,0.0,0.0,0.0,0.0,0.48158954679606325,0.0,0.4815895467899912,0.0,0.0,0.48158954679764704,0.48158954679419724,0.48158954679752947,0.3736360436447986,0.49999955796635126],"Q":[0.6365302216385811,0.6365302216451378,0.9217804246988631,0.3595219103693948,0.42629119777331287,0.3595219103653571,0.42629119777913926,0.9217804246987945,0.9217804246988631,0.24077572530878885,0.24077572530990055,0.2407757253098363,0.6263617906227646,0.49999956301561177,0.0,0.0,0.0,0.0,0.0,0.0,0.0,0.0,0.0,0.24077572618566162,0.24077572618462328,0.24077572618452694,0.3736360436447986,0.49999955796635126,0.0,0.0,0.0,0.0,0.4262911936307481,0.0,0.42629119362537327,0.0,0.0,0.24077572297056746,0.24077572296815614,0.24077572297158412,0.0,0.0,0.0,0.0,0.0,0.3595219151690558,0.0,0.3595219151693455,0.0,0.0,0.0,0.24077572852388307,0.2407757285263677,0.24077572852277915,0.0,0.0,0.2486451241865984,0.24864512418004156,0.0,0.14043853223566516,0.03259295442060236,0.1404385322366939,0.03259295442015066,0.0,0.0,0.01840899432496772,0.018408994324841763,0.018408994325136686,0.0,0.0,0.0,0.0,0.0,0.14043853411053658,0.0,0.14043853411325571,0.0,0.0,0.0,0.01840899457078424,0.018408994570763188,0.01840899457078872,0.0,0.0,0.08257049059961832,0.08257049060046888,0.0,5.6886702090442266e-5,0.0552983537026871,5.6886702090248214e-5,0.05529835370344309,0.0,0.0,3.809764178794411e-5,3.8097641788358024e-5,3.809764178841966e-5,0.0,0.0,0.0,0.0,0.0,0.0,0.05529835316531515,0.0,0.05529835316461793,0.0,0.0,3.809764141797026e-5,3.8097641417826674e-5,3.809764141844095e-5,0.0,0.0,0.03225416357520212,0.03225416357435157,0.07821957530113686,2.222141325712475e-5,0.0042279473073343855,2.2221413257461207e-5,0.004227947307275791,0.07821957530120552,0.07821957530113686,2.9128321410701435e-6,2.912832141068406e-6,2.9128321411205666e-6,2.165732436681381e-6,8.790180371482678e-7],"PI":[0.8565478977946338,0.8565478977946338,0.6546957507472368,0.11109353368997568,0.8565478977946339,0.1110935336897413,0.8565478977946338,0.6546957507472368,0.6546957507472368,0.11109353368948477,0.11109353368951504,0.11109353369043273,0.09313254477447624,0.05555545846132654,0.0,0.0,0.0,0.11109353443147302,0.0,0.11109353443190724,0.0,0.0,0.0,0.11109353443114568,0.11109353443149272,0.11109353443159746,0.0662795411127478,0.05555545818081262,0.2844438644902359,0.2844438644902359,0.6546957507472368,0.2844438644902359,0.10321927410571902,0.2844438644902357,0.1032192741056568,0.6546957507472367,0.6546957507472368,0.10321927410549661,0.10321927410565412,0.10321927410574296,0.09313254477447624,0.05555545846132654,0.0,0.0,0.0,0.0,0.1032192736226593,0.0,0.10321927362129094,0.0,0.0,0.10321927362275933,0.10321927362218963,0.10321927362299922,0.0662795431815067,0.05555545818081256],"CS":[0.38156757121848894,0.38156757122141904,0.2831372599125146,1.1904949080938292,0.6073376304265912,1.1904949080921472,0.6073376304281313,0.2831372599124169,0.2831372599125146,1.416264967302455,1.4162649673025214,1.4162649673005316,1.4491946606430082,1.5493844910437893],"pr_entry":[0.0,0.0,0.0,0.0,0.0,0.0,0.0,0.0,0.0,0.0,0.0,0.0,0.0,0.0,0.06374941116223913,0.019182747805823287,0.012804313642128537,0.0,0.055546746882359076,0.0,0.055546744997776024,0.0,0.03313976222631864,0.0,0.0,0.0,0.0,0.0,0.0,0.0,0.0,0.0,0.0,0.0,0.0,0.0,0.0,0.0,0.0,0.0,0.0,0.0,0.051753199691308725,0.01876066370394518,0.012804313795465264,0.05160962534466229,0.0,0.05160962349421068,0.0,0.03313976325790496,0.0,0.0,0.0,0.0,0.0,0.0],"pr_exit":[0.0,0.0,0.0,0.0,0.0,0.25,0.0,0.25,0.0,0.0,0.0,0.0,0.0,0.0,0.0,0.0,0.0,0.0,0.0,0.05817252194176714,0.0,0.12195686357871463,0.0,0.0,0.0,0.0,0.0,0.0,0.0,0.0,0.0,0.0,0.0,0.0,0.25,0.0,0.25,0.0,0.0,0.0,0.0,0.0,0.0,0.0,0.0,0.0,0.0,0.0,0.062393362960548204,0.0,0.12195686204534736,0.0,0.0,0.0,0.0,0.0],"pr_merger":[0.25,0.0,0.0,0.25,0.25,0.0,0.0,0.0,0.0,1.7225846027368874e-7,0.0,0.0,0.0,0.0,0.0,0.0,0.0,0.0,0.0,0.0,0.0,0.0,0.0,1.7096399540506013e-7,2.0520535726209488e-7,0.0,0.0,0.0,0.0,0.0,0.0,0.0,0.25,0.0,0.0,0.0,0.0,1.7467186086417286e-7,0.0,0.0,0.0,0.0,0.0,0.0,0.0,0.25,0.0,0.0,0.0,0.0,0.0,1.6855059481457602e-7,0.0,0.0,0.0,0.0],