{"modelname":"lbd","policy":"nolearning","smax":[5,1],"alpha":0.4,"beta":0.95,"c":1.0,"gamma":1.0,"sigma":8.0,"p0":1.5,"accuracy":1.0e-8,"cost_entry":[0.0,10.0],"value_exit":[0.0,1.0],"cost_merger":[0.0,1.0],"cost_bundling":[0.0,1.0],"entry":true,"exit":true,"mergers":true,"bundling":true,"filename":"a40g100s80","verbose":true,"firms":[1,2,3,4],"rival":[2,1,4,3],"partner":[3,4,1,2],"merger_pairs":[1,2,1,2,3,4,4,3],"outcomes":[1,0,1,0,1,0,0,0,0,0,1,0,1,0,1,0,0,0,1,0,0,1,0,0,1,0,0,0,1,1,0,0,0,0,1,0,0,0,0,0,1,1,1,1,2],"ownership":[0,3,0,3,0,0,4,4,0,1,0,1,0,0,2,2],"S":[1,1,1,1,1,1,1,1,1,1,1,1,1,1,0,0,0,1,0,1,0,1,0,1,1,1,1,1,1,1,1,1,1,1,1,1,1,1,1,1,1,1,0,0,0,0,1,0,1,0,1,1,1,1,1,1,0,1,1,0,0,1,1,1,1,0,1,3,1,3,0,0,1,0,0,0,0,1,1,0,0,0,1,1],"ms":14,"mc":[0.3054099313990243,0.3054099313990243,0.3054099313990243,0.3054099313990243,0.3054099313990243,0.3054099313990243,0.3054099313990243,0.3054099313990243,0.3054099313990243,0.3054099313990243,0.3054099313990243,0.3054099313990243,0.3054099313990243,0.3054099313990243,0.0,0.0,0.0,0.3054099313990243,0.0,0.3054099313990243,0.0,0.3054099313990243,0.0,0.3054099313990243,0.3054099313990243,0.3054099313990243,0.3054099313990243,0.3054099313990243,1.0,1.0,1.0,1.0,1.0,1.0,1.0,1.0,1.0,1.0,1.0,1.0,1.0,1.0,0.0,0.0,0.0,0.0,1.0,0.0,1.0,0.0,1.0,1.0,1.0,1.0,1.0,1.0],"P":[1.2629752562308507,1.2629752562308507,1.0073644106786541,0.5553446781557888,1.262975256228682,0.5553446781547052,1.2629752562299963,1.0073644106748572,1.0073644106786541,0.555344678154972,0.5553446781551915,0.5553446781555156,0.4726820180615242,0.43040933485063404,0.0,0.0,0.0,0.5553446772501365,0.0,0.555344677249158,0.0,0.6108198627980486,0.0,0.5553446772488243,0.5553446772494572,0.5553446772495937,0.504972789962924,0.4304093340526557,1.4009925034681658,1.400992503468144,1.70195447927963,1.4009925034696549,1.2364633310129418,1.400992503468524,1.2364633310112212,1.701954479275833,1.70195447927963,1.236463331013498,1.23646333101306,1.2364633310126854,1.1672720866625,1.1249994034516098,0.0,0.0,0.0,0.0,1.236463332284838,0.0,1.2364633322846796,0.0,2.0,1.23646333228463,1.2364633322851402,1.2364633322838436,1.1995628631688304,1.1249994026536314],"V":[12.127339499159646,15.27006761594557,11.866237475987724,2.593152988616615,13.824441546283598,9.006859416584435,12.83250534361695,10.129465444314347,10.129465469042685,2.498694216763436,2.498694535394164,2.4986945300862624,2.095441723853261,1.249987961905769,0.0,0.0,0.0,2.59315299032843,0.0,0.9071128957339019,0.0,0.6183326941022488,0.0,2.49869422581735,2.4986941944057506,2.498694539138387,1.491256852340244,1.2499879698854348,8.384504264880626,7.593474861392672,11.866237475987724,11.362420759116397,2.1220900554205184,8.8200650156506,5.904801892411342,10.129465444314347,10.129465469042685,2.229266170640975,2.22926612604976,2.2292661207687656,2.095441723853261,1.249987961905769,0.0,0.0,0.0,0.0,2.122090053320702,0.0,0.8775933193268555,0.0,0.6183326992179616,2.229266159955635,2.2292661296490985,2.2292661100826594,1.491256884820658,1.2499879698854348],"D":[0.8694606031425824,0.8694606031425824,0.910962887443186,0.49986945390704596,0.8694606031445515,0.49986945390725696,0.8694606031433584,0.9109628874481136,0.910962887443186,0.49986945390605625,0.4998694539068823,0.49986945390650694,0.6263572646343223,0.4999976039672257,0.0,0.0,0.0,0.4998694575287088,0.0,0.4998694575285,0.0,0.0,0.0,0.49986945752970074,0.49986945752887385,0.4998694575292488,0.37363094468984603,0.4999976103510219,0.6882734753371168,0.6882734753371541,0.910962887443186,0.6882734753345612,0.4713768113296208,0.6882734753365016,0.4713768113327687,0.9109628874481136,0.910962887443186,0.47137681132814174,0.47137681132992226,0.4713768113283644,0.6263572646343223,0.4999976039672257,0.0,0.0,0.0,0.0,0.47137680653328135,0.0,0.47137680653053937,0.0,0.0,0.47137680653468556,0.4713768065328894,0.47137680653480807,0.37363094468984603,0.4999976103510219],"Q":[0.598426670993651,0.5984266709936834,0.910962887443186,0.34404688625419166,0.4098435666870077,0.344046886255307,0.4098435666891821,0.9109628874481136,0.910962887443186,0.23562686926257645,0.23562686926385573,0.23562686926290002,0.6263572646343223,0.4999976039672257,0.0,0.0,0.0,0.0,0.0,0.0,0.0,0.0,0.0,0.23562686857457607,0.23562686857328835,0.23562686857442416,0.37363094468984603,0.4999976103510219,0.0,0.0,0.0,0.0,0.40984356251677934,0.0,0.40984356251383286,0.0,0.0,0.23562686686647388,0.2356268668659655,0.23562686686674766,0.0,0.0,0.0,0.0,0.0,0.3440468887468863,0.0,0.3440468887477125,0.0,0.0,0.0,0.23562687097067822,0.23562687097117857,0.23562687097057658,0.0,0.0,0.2710339321489315,0.2710339321488991,0.0,0.1558225676528543,0.049773473940764465,0.15582256765194996,0.04977347394034332,0.0,0.0,0.028615717777005948,0.028615717777061074,0.02861571777685921,0.0,0.0,0.0,0.0,0.0,0.15582256878182246,0.0,0.15582256878078748,0.0,0.0,0.0,0.028615717984446464,0.028615717984406937,0.028615717984248074,0.0,0.0,0.08984680434346584,0.08984680434347073,0.0,0.00017970033348312412,0.061533244642613054,0.0001797003334821489,0.06153324464358661,0.0,0.0,0.00012307109488707648,0.00012307109488796065,0.00012307109488778067,0.0,0.0,0.0,0.0,0.0,0.0,0.061533244016502,0.0,0.061533244016706484,0.0,0.0,0.00012307109363555996,0.00012307109363551022,0.00012307109363623794,0.0,0.0,0.040692592513951645,0.040692592513946774,0.089037112556814,8.138823076203157e-5,0.007472908196333233,8.138823076085372e-5,0.007472908196348589,0.08903711255188648,0.089037112556814,1.4946375720296713e-5,1.4946375720351736e-5,1.4946375720285061e-5,1.1790675831724548e-5,4.785681752393381e-6],"PI":[0.8325653248767027,0.8325653248767027,0.6394544792982497,0.12493474537369971,0.8325653248767027,0.1249347453732108,0.8325653248767028,0.6394544792982497,0.6394544792982497,0.12493474537304405,0.12493474537336023,0.12493474537342841,0.10477208665159876,0.06249940222313744,0.0,0.0,0.0,0.12493474582617116,0.0,0.12493474582562987,0.0,0.0,0.0,0.12493474582576317,0.12493474582587288,0.1249347458260348,0.074562859370236,0.06249940262212089,0.27599250394616537,0.27599250394616537,0.6394544792982497,0.2759925039461654,0.11146333096926114,0.2759925039461652,0.11146333096919445,0.6394544792982498,0.6394544792982497,0.11146333096917359,0.11146333096938811,0.11146333096884316,0.10477208665159876,0.06249940222313744,0.0,0.0,0.0,0.0,0.11146333043464508,0.0,0.11146333043392208,0.0,0.0,0.11146333043487905,0.11146333043469485,0.1114633304345374,0.0745628610907806,0.06249940262212089],"CS":[0.40021365065152414,0.40021365065153924,0.30233775014348474,1.1770349850802824,0.6120588798529143,1.1770349850820914,0.6120588798526572,0.3023377501504023,0.30233775014348474,1.388880214281712,1.3888802142812517,1.3888802142818093,1.418525190325569,1.5312352582773783],"pr_entry":[0.0,0.0,0.0,0.0,0.0,0.0,0.0,0.0,0.0,0.0,0.0,0.0,0.0,0.0,0.06482882581203017,0.022677821655981877,0.015458316652129262,0.0,0.062467354736620594,0.0,0.062467353909996616,0.0,0.037281420867631795,0.0,0.0,0.0,0.0,0.0,0.0,0.0,0.0,0.0,0.0,0.0,0.0,0.0,0.0,0.0,0.0,0.0,0.0,0.0,0.053052252429695676,0.021939832255655742,0.015458316778969005,0.05573165340844079,0.0,0.055731652610905166,0.0,0.037281421677102036,0.0,0.0,0.0,0.0,0.0,0.0],"pr_exit":[0.0,0.0,0.0,0.0,0.0,0.25,0.0,0.25,0.0,0.0,0.0,0.0,0.0,0.0,0.0,0.0,0.0,0.0,0.0,0.02322178344018122,0.0,0.09541683347870739,0.0,0.0,0.0,0.0,0.0,0.0,0.0,0.0,0.0,0.0,0.0,0.0,0.25,0.0,0.25,0.0,0.0,0.0,0.0,0.0,0.0,0.0,0.0,0.0,0.0,0.0,0.030601677443442582,0.0,0.09541683221030994,0.0,0.0,0.0,0.0,0.0],"pr_merger":[0.25,0.0,0.0,0.25,0.25,0.0,0.0,0.0,0.0,7.211552432995205e-8,0.0,0.0,0.0,0.0,0.0,0.0,0.0,0.0,0.0,0.0,0.0,0.0,0.0,7.252337985708124e-8,8.55700543755944e-8,0.0,0.0,0.0,0.0,0.0,0.0,0.0,0.25,0.0,0.0,0.0,0.0,7.478685304374011e-8,0.0,0.0,0.0,0.0,0.0,0.0,0.0,0.25,0.0,0.0,0.0,0.0,0.0,6.985205114329318e-8,0.0,0.0,0.0,0.0],