{"modelname":"lbd","policy":"nolearning","smax":[5,1],"alpha":0.4,"beta":0.95,"c":1.0,"gamma":0.0,"sigma":7.0,"p0":1.5,"accuracy":1.0e-8,"cost_entry":[0.0,10.0],"value_exit":[0.0,1.0],"cost_merger":[0.0,1.0],"cost_bundling":[0.0,1.0],"entry":true,"exit":true,"mergers":true,"bundling":true,"filename":"a40g0s70","verbose":true,"firms":[1,2,3,4],"rival":[2,1,4,3],"partner":[3,4,1,2],"merger_pairs":[1,2,1,2,3,4,4,3],"outcomes":[1,0,1,0,1,0,0,0,0,0,1,0,1,0,1,0,0,0,1,0,0,1,0,0,1,0,0,0,1,1,0,0,0,0,1,0,0,0,0,0,1,1,1,1,2],"ownership":[0,3,0,3,0,0,4,4,0,1,0,1,0,0,2,2],"S":[1,1,1,1,1,1,1,1,1,1,1,1,1,1,0,0,0,1,0,1,0,1,0,1,1,1,1,1,1,1,1,1,1,1,1,1,1,1,1,1,1,1,0,0,0,0,1,0,1,0,1,1,1,1,1,1,0,1,1,0,0,1,1,1,1,0,1,3,1,3,0,0,1,0,0,0,0,1,1,0,0,0,1,1],"ms":14,"mc":[0.3054099313990243,0.3054099313990243,0.3054099313990243,0.3054099313990243,0.3054099313990243,0.3054099313990243,0.3054099313990243,0.3054099313990243,0.3054099313990243,0.3054099313990243,0.3054099313990243,0.3054099313990243,0.3054099313990243,0.3054099313990243,0.0,0.0,0.0,0.3054099313990243,0.0,0.3054099313990243,0.0,0.3054099313990243,0.0,0.3054099313990243,0.3054099313990243,0.3054099313990243,0.3054099313990243,0.3054099313990243,1.0,1.0,1.0,1.0,1.0,1.0,1.0,1.0,1.0,1.0,1.0,1.0,1.0,1.0,0.0,0.0,0.0,0.0,1.0,0.0,1.0,0.0,1.0,1.0,1.0,1.0,1.0,1.0],"P":[1.0499936571345276,0.6909714176806411,0.9981906745398327,0.5617224497079086,1.5507796650233348,0.3054099627978387,1.723283727270331,0.9981906745394126,0.9981906745398327,0.5910967272926281,0.5910784126608735,0.5910692646859742,0.4965654267346623,0.448263353626135,0.0,0.0,0.0,0.5617224519440722,0.0,0.48402843792664735,0.0,0.6108198627980486,0.0,0.5910967254723509,0.5910875731716916,0.5910692661887003,0.5334716616812962,0.448263353048895,1.7445837590394162,2.0,1.6927807431408084,2.245369732455921,1.2563125186500472,2.417873799707289,1.000000028554466,1.6927807431403883,1.6927807431408084,1.2856867989402838,1.285668483657657,1.2856593374539365,1.191155495335638,1.1428534222271107,0.0,0.0,0.0,0.0,1.2563125177309373,0.0,1.1786185058360454,0.0,2.0,1.285686799981638,1.2856776464449493,1.285659338490744,1.228061737020293,1.1428534216498707],"V":[10.232888779306863,7.757508438075583,11.085374256671024,1.967070084103358,13.641578261251338,3.620338362875661,13.020324813112387,9.115695154522225,9.115695179877736,2.8565924837076975,2.8565009906378545,2.8563180000969277,2.3945382046774353,1.4284968704611976,0.0,0.0,0.0,1.9670700840710518,0.0,0.9192868572677638,0.0,0.762314643598416,0.0,2.856592501905042,2.8564094241049047,2.856317985076891,1.7040914921735795,1.4284968762331491,10.232888944212974,14.079487593565752,11.085374256671024,13.641578230124175,1.9670700922173026,13.849981483564857,4.449995076729378,9.115695154522225,9.115695179877736,2.8565925427821153,2.8565011870736745,2.856318188314595,2.3945382046774353,1.4284968704611976,0.0,0.0,0.0,0.0,1.9670700919535753,0.0,0.9192868660313942,0.0,0.7623146536736507,2.856592532371678,2.85640944806209,2.856318177951507,1.704091542520487,1.4284968762331491],"D":[0.8081382503092918,0.8968958474630905,0.8968958474630905,0.44264469002115703,0.8852893731619323,0.6990346757150593,0.8992455219375167,0.8968958474636345,0.8968958474630905,0.4999518883822206,0.4999679301675052,0.4999519126872086,0.6263326288071756,0.49998697119539653,0.0,0.0,0.0,0.44264468309237653,0.0,0.20021084228963237,0.0,0.0,0.0,0.4999518947525776,0.49993587146394414,0.49995190742817325,0.3736031917265626,0.49998697523597196,0.8081382503092918,0.8968958474630905,0.8968958474630905,0.8852893731135336,0.4426446851570293,0.8992455180046917,0.6990346811175975,0.8968958474636345,0.8968958474630905,0.4999518933895934,0.4999679341509517,0.4999519118719295,0.6263326288071756,0.49998697119539653,0.0,0.0,0.0,0.0,0.44264468800490303,0.0,0.20021084081991927,0.0,0.0,0.4999518897452049,0.4999358674804977,0.49995190824345237,0.3736031917265626,0.49998697523597196],"Q":[0.8081382503092918,0.8968958474630905,0.8968958474630905,0.44264469002115703,0.4426446851570293,0.6990346757150593,0.6990346811175975,0.8968958474636345,0.8968958474630905,0.24997594510220755,0.24999198200839481,0.2499759572507236,0.6263326288071756,0.49998697119539653,0.0,0.0,0.0,0.0,0.0,0.0,0.0,0.0,0.0,0.24997594646519178,0.24995991932138725,0.24997595280696736,0.3736031917265626,0.49998697523597196,0.0,0.0,0.0,0.0,0.44264468800490303,0.0,0.20021084081991927,0.0,0.0,0.24997594328001307,0.2499759481591104,0.24997595543648504,0.0,0.0,0.0,0.0,0.0,0.44264468309237653,0.0,0.20021084228963237,0.0,0.0,0.0,0.24997594828738584,0.24997595214255688,0.2499759546212059,0.0,0.0,0.0,0.0,0.0,0.0,0.0,0.0,0.0,0.0,0.0,0.0,0.0,0.0,0.0,0.0,0.0,0.0,0.0,0.0,0.0,0.0,0.0,0.0,0.0,0.0,0.0,0.0,0.0,0.0,0.0,0.0,0.0,0.0,0.0,0.0,0.0,0.0,0.0,0.0,0.0,0.0,0.0,0.0,0.0,0.0,0.0,0.0,0.0,0.0,0.0,0.0,0.0,0.0,0.0,0.0,0.0,0.0,0.19186174969070816,0.1031041525369095,0.1031041525369095,0.11471062688646641,0.11471062683806756,0.10075448199530823,0.10075447806248333,0.10310415253636544,0.1031041525369095,9.621686520181959e-5,9.619836855050137e-5,9.617988461796394e-5,6.417946626176857e-5,2.6053568631478407e-5],"PI":[0.6017265893246633,0.34580849598767943,0.6213521717253849,0.11345537521537825,1.1025125908351083,2.1948860068061948e-8,1.2750166616098213,0.621352171725385,0.6213521717253849,0.14282965309287324,0.14282507929058147,0.14281593005376342,0.11972692390450795,0.07142484990423023,0.0,0.0,0.0,0.11345537442927099,0.0,0.03576136164041161,0.0,0.0,0.0,0.1428296540027491,0.14282050079738287,0.14281592930276163,0.08520459034413926,0.07142485019282777,0.6017266162388291,0.8968958474630905,0.6213521717253849,1.1025125897404713,0.11345537411965537,1.2750166594830614,1.9960561966907083e-8,0.621352171725385,0.6213521717253849,0.14282965604660697,0.1428250816263537,0.14281593190416422,0.11972692390450795,0.07142484990423023,0.0,0.0,0.0,0.0,0.11345537444276194,0.0,0.03576136123943231,0.0,0.0,0.14282965552608023,0.14282050199524265,0.14281593138600973,0.08520459286148546,0.07142485019282777],"CS":[0.23585431714453664,0.3245736588545234,0.3245736588545234,0.3093346585337149,0.3093346585939898,0.32786694183414866,0.3278669474103988,0.32457365885527745,0.3245736588545234,1.3212722716728684,1.3212997370529878,1.3213271888231926,1.3791181769410714,1.5079079725051339],"pr_entry":[0.0,0.0,0.0,0.0,0.0,0.0,0.0,0.0,0.0,0.0,0.0,0.0,0.0,0.0,0.04917675299039819,0.0229821707445017,0.01905786544701841,0.0,0.07141481178690244,0.0,0.07141023482388217,0.0,0.042602286890248434,0.0,0.0,0.0,0.0,0.0,0.0,0.0,0.0,0.0,0.0,0.0,0.0,0.0,0.0,0.0,0.0,0.0,0.0,0.0,0.04917675318746127,0.022982170963592435,0.019057865698899244,0.07141481254856834,0.0,0.07141023542281179,0.0,0.0426022881489211,0.0,0.0,0.0,0.0,0.0,0.0],"pr_exit":[0.0,0.0,0.0,0.0,0.0,0.25,0.0,0.25,0.0,0.0,0.0,0.0,0.0,0.0,0.0,0.0,0.0,0.0,0.0,0.02017829255498302,0.0,0.059421345529815955,0.0,0.0,0.0,0.0,0.0,0.0,0.0,0.0,0.0,0.0,0.0,0.0,0.25,0.0,0.25,0.0,0.0,0.0,0.0,0.0,0.0,0.0,0.0,0.0,0.0,0.0,0.020178290364075646,0.0,0.059421343011007516,0.0,0.0,0.0,0.0,0.0],"pr_merger":[0.25,0.0,0.0,0.25,0.25,0.0,0.0,0.0,0.0,0.0,0.0,0.0,0.0,0.0,0.0,0.0,0.0,0.0,0.0,0.0,0.0,0.0,0.0,0.0,0.0,0.0,0.0,0.0,0.0,0.0,0.0,0.0,0.25,0.0,0.0,0.0,0.0,0.0,0.0,0.0,0.0,0.0,0.0,0.0,0.0,0.25,0.0,0.0,0.0,0.0,0.0,0.0,0.0,0.0,0.0,0.0],"pr_bundling":[0.0,0.09729613913888913,0.0,0.0,0.0,0.25,0.25,0.0,0.0,0.0,0.0,0.0,0.0,0.0,0.0,0.0,0.0,0.0,0.0,0.0,0.0,0.0,0.0,0.0,0.0,0.0,0.0,0.0,0.0,0.09729613913888913,0.0,0.0,0.0,0.25,0.25,0.0,0.0,0.0,0.0,0.0,0.0,0.0,0.0,0.0,0.0,0.0,0.0,0.0,0.0,0.0,0.0,0.0,0.0,0.0,0.0,0.0],"active_firms":[true,true,true,true,true,true,true,true,true,true,true,true,true,true,false,false,false,true,false,true,false,true,false,true,true,true,true,true,true,true,true,true,true,true,true,true,true,true,true,true,true,true,false,false,false,false,true,false,true,false,true,true,true,true,true,true,true,true,true,true,true,true,true,true,true,true,true,true,true,true],