{"modelname":"lbd","policy":"nolearning","smax":[5,1],"alpha":0.4,"beta":0.95,"c":1.0,"gamma":0.0,"sigma":5.0,"p0":1.5,"accuracy":1.0e-8,"cost_entry":[0.0,10.0],"value_exit":[0.0,1.0],"cost_merger":[0.0,1.0],"cost_bundling":[0.0,1.0],"entry":true,"exit":true,"mergers":true,"bundling":true,"filename":"a40g0s50","verbose":true,"firms":[1,2,3,4],"rival":[2,1,4,3],"partner":[3,4,1,2],"merger_pairs":[1,2,1,2,3,4,4,3],"outcomes":[1,0,1,0,1,0,0,0,0,0,1,0,1,0,1,0,0,0,1,0,0,1,0,0,1,0,0,0,1,1,0,0,0,0,1,0,0,0,0,0,1,1,1,1,2],"ownership":[0,3,0,3,0,0,4,4,0,1,0,1,0,0,2,2],"S":[1,1,1,1,1,1,1,1,1,1,1,1,1,1,0,0,0,1,0,1,0,1,0,1,1,1,1,1,1,1,1,1,1,1,1,1,1,1,1,1,1,1,0,0,0,0,1,0,1,0,1,1,1,1,1,1,0,1,1,0,0,1,1,1,1,0,1,3,1,3,0,0,1,0,0,0,0,1,1,0,0,0,1,1],"ms":14,"mc":[0.3054099313990243,0.3054099313990243,0.3054099313990243,0.3054099313990243,0.3054099313990243,0.3054099313990243,0.3054099313990243,0.3054099313990243,0.3054099313990243,0.3054099313990243,0.3054099313990243,0.3054099313990243,0.3054099313990243,0.3054099313990243,0.0,0.0,0.0,0.3054099313990243,0.0,0.3054099313990243,0.0,0.3054099313990243,0.0,0.3054099313990243,0.3054099313990243,0.3054099313990243,0.3054099313990243,0.3054099313990243,1.0,1.0,1.0,1.0,1.0,1.0,1.0,1.0,1.0,1.0,1.0,1.0,1.0,1.0,0.0,0.0,0.0,0.0,1.0,0.0,1.0,0.0,1.0,1.0,1.0,1.0,1.0,1.0],"P":[1.0521409904934647,0.6509390831837594,0.978174507291392,0.6472137737803823,1.4800710887837478,0.3054099633941111,1.6944039913469005,0.9781745072899025,0.978174507291392,0.704287640179561,0.7035510349584306,0.7031957384955374,0.5724143901885418,0.5052559425401849,0.0,0.0,0.0,0.6472137760738771,0.0,0.553052925777073,0.0,0.6108198627980486,0.0,0.704287641614039,0.703924130657602,0.7031957368708802,0.6242048424645831,0.5052559414789514,1.7467310740683926,2.0,1.6727645758923677,2.174661156245719,1.3418038430677486,2.388994063273574,1.0000000279673587,1.6727645758908782,1.6727645758923677,1.3988777135067325,1.398141109089504,1.3977858104349332,1.2670044587895175,1.1998460111411606,0.0,0.0,0.0,0.0,1.3418038462445,0.0,1.2476429957313793,0.0,2.0,1.3988777152568452,1.3985142045461358,1.397785812111588,1.3187949179545155,1.199846010079927],"V":[8.279885098754908,6.808699053821145,9.111327294242562,2.6650203584170122,10.14746825273108,2.8337096473892265,11.073788551994877,7.152636785942496,7.152636829623685,3.977547838071246,3.973966868012029,3.9667805254727866,3.3400845177622824,1.9969180237778377,0.0,0.0,0.0,2.665020356450179,0.0,1.764233286154042,0.0,1.2596888237913946,0.0,3.9775478238473174,3.970277597744255,3.9667805414947512,2.3758946637581744,1.9969180343656519,8.279885140994484,10.973023000228658,9.111327294242562,10.14746820436746,2.6650203632359313,11.073789358418031,2.833710531063717,7.152636785942496,7.152636829623685,3.977547888338803,3.9739677863323943,3.9667815754796525,3.3400845177622824,1.9969180237778377,0.0,0.0,0.0,0.0,2.6650203606608613,0.0,1.7642332877965043,0.0,1.2596888382238347,3.9775478709851173,3.970277652832223,3.9667815589449,2.375894715099723,1.9969180343656519],"D":[0.7321659605055526,0.8513595935711022,0.8513595935711017,0.41486907043797006,0.8297381345170964,0.663625128933536,0.8560109100842009,0.851359593572987,0.8513595935711017,0.49859319431584503,0.4990659536423243,0.49860842539953254,0.6254744191816254,0.49961472321596967,0.0,0.0,0.0,0.4148690656804698,0.0,0.1923857773642024,0.0,0.0,0.0,0.4985931907397399,0.49813582467532164,0.4986084294498718,0.37263741729228245,0.49961472851804895,0.7321659605055526,0.8513595935711022,0.8513595935711017,0.8297381361184398,0.41486907055338784,0.8560109062977383,0.6636251358818647,0.851359593572987,0.8513595935711017,0.4985931947092785,0.49906595333999854,0.4986084295146878,0.6254744191816254,0.49961472321596967,0.0,0.0,0.0,0.0,0.4148690639637086,0.0,0.19238577420233627,0.0,0.0,0.49859319034630645,0.4981358249776474,0.4986084253347165,0.37263741729228245,0.49961472851804895],"Q":[0.7321659605055526,0.8513595935711022,0.8513595935711017,0.41486907043797006,0.41486907055338784,0.663625128933536,0.6636251358818647,0.851359593572987,0.8513595935711017,0.24929659824866554,0.24976572580349432,0.24930421374475908,0.6254744191816254,0.49961472321596967,0.0,0.0,0.0,0.0,0.0,0.0,0.0,0.0,0.0,0.24929659427912695,0.24883559713881742,0.24930421367994307,0.37263741729228245,0.49961472851804895,0.0,0.0,0.0,0.0,0.4148690639637086,0.0,0.19238577420233627,0.0,0.0,0.24929659606717952,0.24930022783883,0.24930421165477343,0.0,0.0,0.0,0.0,0.0,0.4148690656804698,0.0,0.1923857773642024,0.0,0.0,0.0,0.24929659646061295,0.24930022753650422,0.24930421576992873,0.0,0.0,0.0,0.0,0.0,0.0,0.0,0.0,0.0,0.0,0.0,0.0,0.0,0.0,0.0,0.0,0.0,0.0,0.0,0.0,0.0,0.0,0.0,0.0,0.0,0.0,0.0,0.0,0.0,0.0,0.0,0.0,0.0,0.0,0.0,0.0,0.0,0.0,0.0,0.0,0.0,0.0,0.0,0.0,0.0,0.0,0.0,0.0,0.0,0.0,0.0,0.0,0.0,0.0,0.0,0.0,0.0,0.0,0.2678340394944473,0.1486404064288978,0.14864040642889823,0.1702618638815601,0.17026186548290348,0.1439890937022616,0.14398908991579915,0.14864040642701318,0.14864040642889823,0.002813614944415076,0.0027982216823540804,0.0027831451505956357,0.001888163526092144,0.0007705482659813623],"PI":[0.5467310631212094,0.29416955823041974,0.5727645759007608,0.14180384236088042,0.9746611574180939,2.1232743604338658e-8,1.1889940693575307,0.572764575900761,0.5727645759007608,0.1988777109622732,0.19869866953208254,0.1983393549226746,0.1670044587802777,0.09984600954210655,0.0,0.0,0.0,0.1418038416862486,0.0,0.047642989982219705,0.0,0.0,0.0,0.19887771025106554,0.19851419929249703,0.1983393557237743,0.1187949123053927,0.09984601007149804,0.5467310740846276,0.8513595935711022,0.5727645759007608,0.9746611583540543,0.14180384268509288,1.1889940669449903,1.8559842185147457e-8,0.572764575900761,0.5727645759007608,0.19887771347565408,0.19869867217159765,0.19833935822418935,0.1670044587802777,0.09984600954210655,0.0,0.0,0.0,0.0,0.14180384175065114,0.0,0.047642989459567256,0.0,0.0,0.19887771260795606,0.19851420204690032,0.19833935739745032,0.11879491487247575,0.09984601007149804],"CS":[0.26347754918139366,0.3812450539206438,0.38124505392064334,0.35408353026396977,0.354083528382934,0.38760354409063114,0.38760354935000496,0.38124505392317953,0.38124505392064334,1.174657033065237,1.1757542354031858,1.1768347283275244,1.2544301203226578,1.4336816525500544],"pr_entry":[0.0,0.0,0.0,0.0,0.0,0.0,0.0,0.0,0.0,0.0,0.0,0.0,0.0,0.0,0.06662549782842142,0.04410582215246668,0.03149221366665759,0.0,0.09943868719990137,0.0,0.09925693153820414,0.0,0.059397361880336376,0.0,0.0,0.0,0.0,0.0,0.0,0.0,0.0,0.0,0.0,0.0,0.0,0.0,0.0,0.0,0.0,0.0,0.0,0.0,0.06662549793368852,0.04410582219352824,0.03149221402746839,0.09943868837834635,0.0,0.09925693291540323,0.0,0.05939736316387493,0.0,0.0,0.0,0.0,0.0,0.0],"pr_exit":[0.0,0.0,0.0,0.0,0.0,0.25,0.0,0.25,0.0,0.0,0.0,0.0,0.0,0.0,0.0,0.0,0.0,0.0,0.0,0.0,0.0,0.0,0.0,0.0,0.0,0.0,0.0,0.0,0.0,0.0,0.0,0.0,0.0,0.0,0.25,0.0,0.25,0.0,0.0,0.0,0.0,0.0,0.0,0.0,0.0,0.0,0.0,0.0,0.0,0.0,0.0,0.0,0.0,0.0,0.0,0.0],"pr_merger":[0.25,0.0,0.0,0.24662380502561232,0.24662381106881226,0.0,0.0,0.0,0.0,0.0,0.0,0.0,0.0,0.0,0.0,0.0,0.0,0.0,0.0,0.0,0.0,0.0,0.0,0.0,0.0,0.0,0.0,0.0,0.0,0.0,0.0,0.0,0.24662381207997053,0.0,0.0,0.0,0.0,0.0,0.0,0.0,0.0,0.0,0.0,0.0,0.0,0.2466238058220277,0.0,0.0,0.0,0.0,0.0,0.0,0.0,0.0,0.0,0.0],"pr_bundling":[0.0,0.13398753775722305,0.0,0.0,0.0,0.13409790727642912,0.13409791081875033,0.0,0.0,0.0,0.0,0.0,0.0,0.0,0.0,0.0,0.0,0.0,0.0,0.0,0.0,0.0,0.0,0.0,0.0,0.0,0.0,0.0,0.0,0.13398753775722305,0.0,0.0,0.0,0.13409790727642912,0.13409791081875033,0.0,0.0,0.0,0.0,0.0,0.0,0.0,0.0,0.0,0.0,0.0,0.0,0.0,0.0,0.0,0.0,0.0,0.0,0.0,0.0,0.0],"active_firms":[true,true,true,true,true,true,true,true,true,true,true,true,true,true,false,false,false,true,false,true,false,true,false,true,true,true,true,true,true,true,true,true,true,true,true,true,true,true,true,true,true,true,false,false,false,false,true,false,true,false,true,true,true,true,true,true,true,true,true,true,true,true,true,true,true,true,true,true,true,true],