{"modelname":"lbd","policy":"nolearning","smax":[5,1],"alpha":0.5,"beta":0.95,"c":1.0,"gamma":1.0,"sigma":7.0,"p0":1.5,"accuracy":1.0e-8,"cost_entry":[0.0,10.0],"value_exit":[0.0,1.0],"cost_merger":[0.0,1.0],"cost_bundling":[0.0,1.0],"entry":true,"exit":true,"mergers":true,"bundling":true,"filename":"a50g100s70","verbose":true,"firms":[1,2,3,4],"rival":[2,1,4,3],"partner":[3,4,1,2],"merger_pairs":[1,2,1,2,3,4,4,3],"outcomes":[1,0,1,0,1,0,0,0,0,0,1,0,1,0,1,0,0,0,1,0,0,1,0,0,1,0,0,0,1,1,0,0,0,0,1,0,0,0,0,0,1,1,1,1,2],"ownership":[0,3,0,3,0,0,4,4,0,1,0,1,0,0,2,2],"S":[1,1,1,1,1,1,1,1,1,1,1,1,1,1,0,0,0,1,0,1,0,1,0,1,1,1,1,1,1,1,1,1,1,1,1,1,1,1,1,1,1,1,0,0,0,0,1,0,1,0,1,1,1,1,1,1,0,1,1,0,0,1,1,1,1,0,1,3,1,3,0,0,1,0,0,0,0,1,1,0,0,0,1,1],"ms":14,"mc":[0.2,0.2,0.2,0.2,0.2,0.2,0.2,0.2,0.2,0.2,0.2,0.2,0.2,0.2,0.0,0.0,0.0,0.2,0.0,0.2,0.0,0.2,0.0,0.2,0.2,0.2,0.2,0.2,1.0,1.0,1.0,1.0,1.0,1.0,1.0,1.0,1.0,1.0,1.0,1.0,1.0,1.0,0.0,0.0,0.0,0.0,1.0,0.0,1.0,0.0,1.0,1.0,1.0,1.0,1.0,1.0],"P":[1.2378597805910725,1.2378597805916585,0.9402294031283236,0.48559660557335105,1.2378597805961655,0.4855966055688058,1.2378597805935725,0.9402294031293446,0.9402294031283236,0.48559660556981743,0.4855966055707692,0.4855966055704695,0.3911635512887041,0.3428553641884016,0.0,0.0,0.0,0.48559660663899634,0.0,0.4855966066338116,0.0,0.4,0.0,0.4855966066363827,0.4855966066359652,0.48559660663694976,0.4280681899525554,0.34285536509777353,1.4103781486354365,1.410378148628232,1.7402294031283234,1.4103781486360694,1.2628871198290927,1.410378148634698,1.2628871198285467,1.7402294031293444,1.7402294031283234,1.2628871198288028,1.2628871198269986,1.2628871198312421,1.191163551288704,1.1428553641884016,0.0,0.0,0.0,0.0,1.2628871209552766,0.0,1.2628871209566248,0.0,2.0,1.2628871209560255,1.2628871209559978,1.2628871209573818,1.2280681968724063,1.1428553650977735],"V":[12.268500736905832,15.288746954954265,11.907098025506723,2.751646194431712,13.142717051706041,8.03351352508657,12.399978766867122,9.750904723597966,9.750904755840681,2.8547884131672636,2.854788709468469,2.854788701390175,2.3946992569003394,1.4285356827756102,0.0,0.0,0.0,2.7516461923684163,0.0,1.0936143246397794,0.0,0.762404178433052,0.0,2.854788402515196,2.854788377367906,2.854788690738544,1.704220560128343,1.4285356736822281,8.13424349026109,7.616579655133095,11.907098025506723,10.490325916688542,2.1945679218034266,8.957561448413104,5.55991916282518,9.750904723597962,9.750904755840681,2.400598965890953,2.4005988663129108,2.400598857963724,2.3946992569003336,1.4285356827756102,0.0,0.0,0.0,0.0,2.194567920023522,0.0,1.0424283154941443,0.0,0.762404184970324,2.400598957242635,2.400598933081728,2.400598849323393,1.704220603316786,1.4285356736822281],"D":[0.8623541007291727,0.8623541007286852,0.9035048174095321,0.4997939804095408,0.8623541007249405,0.49979398040842904,0.8623541007270952,0.9035048174082859,0.9035048174095321,0.4997939804111544,0.4997939804087587,0.49979398041100487,0.6263483757661589,0.49999377441299464,0.0,0.0,0.0,0.4997939766813189,0.0,0.4997939766824445,0.0,0.0,0.0,0.49979397667971415,0.4997939766821092,0.499793976679862,0.3736209337779224,0.4999937680474699,0.6518890117891103,0.6518890118005546,0.9035048174095321,0.6518890117881049,0.45658371169662754,0.6518890117902832,0.4565837116995431,0.9035048174082859,0.9035048174095321,0.4565837116982241,0.4565837117013171,0.4565837116959667,0.6263483757661589,0.49999377441299464,0.0,0.0,0.0,0.0,0.45658370809724724,0.0,0.456583708094109,0.0,0.0,0.4565837080955233,0.45658370809293886,0.45658370809672744,0.3736209337779224,0.4999937680474699],"Q":[0.5621591625366272,0.5621591625461785,0.9035048174095321,0.325810203986819,0.39373683610580074,0.325810203987183,0.3937368361092989,0.9035048174082859,0.9035048174095321,0.22819779066055437,0.22819779066100637,0.2281977906593578,0.6263483757661589,0.49999377441299464,0.0,0.0,0.0,0.0,0.0,0.0,0.0,0.0,0.0,0.22819778715623137,0.2281977871560332,0.22819778715690067,0.3736209337779224,0.4999937680474699,0.0,0.0,0.0,0.0,0.39373683300186035,0.0,0.39373683300013795,0.0,0.0,0.2281977888599462,0.22819778885756065,0.22819778886047973,0.0,0.0,0.0,0.0,0.0,0.32581020155643214,0.0,0.32581020155825463,0.0,0.0,0.0,0.22819778895683954,0.22819778895947887,0.2281977889557788,0.0,0.0,0.3001949381925455,0.3001949381825068,0.0,0.1739837764227218,0.07488043161727936,0.17398377642124604,0.07488043161765838,0.0,0.0,0.043398400890653846,0.04339840089019169,0.04339840089116728,0.0,0.0,0.0,0.0,0.0,0.17398377512488677,0.0,0.17398377512418986,0.0,0.0,0.0,0.043398400566643264,0.04339840056659709,0.04339840056718253,0.0,0.0,0.08972984925248301,0.08972984925437606,0.0,0.0002686062448538073,0.06284687559082681,0.0002686062448455614,0.06284687559024422,0.0,0.0,0.00018813208083019533,0.00018813208083182117,0.00018813208083006736,0.0,0.0,0.0,0.0,0.0,0.0,0.06284687509538686,0.0,0.062846875093971,0.0,0.0,0.000188132079345728,0.00018813207934501453,0.00018813207934702638,0.0,0.0,0.047916050018344446,0.04791605001693873,0.09649518259046794,0.00014343666428655598,0.011952148588845836,0.00014343666428077572,0.011952148588689392,0.09649518259171401,0.09649518259046794,3.5778748955578845e-5,3.5778748955436164e-5,3.577874895616541e-5,3.069045591887468e-5,1.2457539535396526e-5],"PI":[0.8950026377745909,0.8950026377745902,0.668800831714623,0.14273946429095877,0.8950026377745903,0.14273946428836956,0.8950026377745905,0.668800831714623,0.668800831714623,0.14273946428965353,0.142739464289445,0.14273946428993672,0.11973497985537063,0.07142679273570186,0.0,0.0,0.0,0.14273946375879434,0.0,0.14273946375652452,0.0,0.0,0.0,0.14273946375702976,0.1427394637575051,0.14273946375735538,0.08521105009511433,0.07142679228103281,0.26752100577379934,0.26752100577379934,0.6688008317146228,0.2675210057737993,0.12002997692880325,0.2675210057737993,0.12002997692932042,0.6688008317146228,0.6688008317146228,0.12002997692909056,0.12002997692907995,0.1200299769296109,0.11973497985537056,0.07142679273570186,0.0,0.0,0.0,0.0,0.12002997649676972,0.0,0.1200299764965603,0.0,0.0,0.12002997649665847,0.12002997649596639,0.12002997649759427,0.08521105268051549,0.07142679228103281],"CS":[0.4340435367482818,0.43404353675247265,0.33403745617508696,1.2642309977215782,0.6324063169338006,1.2642309977273352,0.6324063169356706,0.3340374561732422,0.33403745617508696,1.462593777914764,1.4625937779153337,1.462593777912422,1.4845084048323332,1.613312076167693],"pr_entry":[0.0,0.0,0.0,0.0,0.0,0.0,0.0,0.0,0.0,0.0,0.0,0.0,0.0,0.0,0.06879115607596187,0.02734035715922628,0.0190601035521098,0.0,0.0713697089146885,0.0,0.0713697082529052,0.0,0.042605513421927074,0.0,0.0,0.0,0.0,0.0,0.0,0.0,0.0,0.0,0.0,0.0,0.0,0.0,0.0,0.0,0.0,0.0,0.0,0.0,0.05486419945626907,0.02606070694473908,0.019060103710526972,0.06001497317752561,0.0,0.06001497254173047,0.0,0.04260551449042817,0.0,0.0,0.0,0.0,0.0,0.0],"pr_exit":[0.0,0.0,0.0,0.0,0.0,0.25,0.0,0.25,0.0,0.0,0.0,0.0,0.0,0.0,0.0,0.0,0.0,0.0,0.0,0.0,0.0,0.059398964478902,0.0,0.0,0.0,0.0,0.0,0.0,0.0,0.0,0.0,0.0,0.0,0.0,0.25,0.0,0.25,0.0,0.0,0.0,0.0,0.0,0.0,0.0,0.0,0.0,0.0,0.0,0.0,0.0,0.05939896289473029,0.0,0.0,0.0,0.0,0.0],"pr_merger":[0.25,0.0,0.0,0.25,0.25,0.0,0.0,0.0,0.0,5.176931228145776e-8,0.0,0.0,0.0,0.0,0.0,0.0,0.0,0.0,0.0,0.0,0.0,0.0,0.0,5.659439983318748e-8,6.042390321425728e-8,0.0,0.0,0.0,0.0,0.0,0.0,0.0,0.25,0.0,0.0,0.0,0.0,5.3931387911099193e-8,0.0,0.0,0.0,0.0,0.0,0.0,0.0,0.25,0.0,0.0,0.0,0.0,0.0,5.4432324203546045e-8,0.0,0.0,0.0,0.0],"pr_bundling":[0.0,0.25,0.0,0.0,0.0,0.25,0.25,0.0,0.0,0.0,0.0,0.0,0.0,0.0,0.0,0.0,0.0,0.0,0.0,0.0,0.0,0.0,0.0,0.0,0.0,0.0,0.0,0.0,0.0,0.25,0.0,0.0,0.0,0.25,0.25,0.0,0.0,0.0,0.0,0.0,0.0,0.0,0.0,0.0,0.0,0.0,0.0,0.0,0.0,0.0,0.0,0.0,0.0,0.0,0.0,0.0],