{"modelname":"lbd","policy":"nolearning","smax":[5,1],"alpha":0.5,"beta":0.95,"c":1.0,"gamma":0.0,"sigma":4.0,"p0":1.5,"accuracy":1.0e-8,"cost_entry":[0.0,10.0],"value_exit":[0.0,1.0],"cost_merger":[0.0,1.0],"cost_bundling":[0.0,1.0],"entry":true,"exit":true,"mergers":true,"bundling":true,"filename":"a50g0s40","verbose":true,"firms":[1,2,3,4],"rival":[2,1,4,3],"partner":[3,4,1,2],"merger_pairs":[1,2,1,2,3,4,4,3],"outcomes":[1,0,1,0,1,0,0,0,0,0,1,0,1,0,1,0,0,0,1,0,0,1,0,0,1,0,0,0,1,1,0,0,0,0,1,0,0,0,0,0,1,1,1,1,2],"ownership":[0,3,0,3,0,0,4,4,0,1,0,1,0,0,2,2],"S":[1,1,1,1,1,1,1,1,1,1,1,1,1,1,0,0,0,1,0,1,0,1,0,1,1,1,1,1,1,1,1,1,1,1,1,1,1,1,1,1,1,1,0,0,0,0,1,0,1,0,1,1,1,1,1,1,0,1,1,0,0,1,1,1,1,0,1,3,1,3,0,0,1,0,0,0,0,1,1,0,0,0,1,1],"ms":14,"mc":[0.2,0.2,0.2,0.2,0.2,0.2,0.2,0.2,0.2,0.2,0.2,0.2,0.2,0.2,0.0,0.0,0.0,0.2,0.0,0.2,0.0,0.2,0.0,0.2,0.2,0.2,0.2,0.2,1.0,1.0,1.0,1.0,1.0,1.0,1.0,1.0,1.0,1.0,1.0,1.0,1.0,1.0,0.0,0.0,0.0,0.0,1.0,0.0,1.0,0.0,1.0,1.0,1.0,1.0,1.0,1.0],"P":[1.0011758672015358,0.6152026537878036,0.9076013268939018,0.6149379242448269,1.4195150859601473,0.20000003410172043,1.6681501293527465,0.9076013268976113,0.9076013268939018,0.6951913179155986,0.6921457083896455,0.6907944079921029,0.5317813108640244,0.4493179251222646,0.0,0.0,0.0,0.6149379203886473,0.0,0.5077094108620269,0.0,0.4,0.0,0.6951913199189635,0.6937354272302401,0.6907944059763562,0.5969137055771159,0.449317926092397,1.8011758781479945,2.0,1.7076013268939016,2.219515091916442,1.4149379305561312,2.46815013107702,1.000000028021629,1.7076013268976111,1.7076013268939016,1.4951913253339624,1.4921457161732223,1.4907944141808214,1.3317813108640242,1.2493179251222646,0.0,0.0,0.0,0.0,1.4149379291310982,0.0,1.3077094117678107,0.0,2.0,1.4951913236647438,1.493735435911418,1.4907944121346604,1.3969137192415912,1.249317926092397],"V":[8.086192390343868,7.33650096693321,8.940513242873196,3.6659484854399516,9.728020799169927,3.486935308010424,10.835194386176875,7.273105028768818,7.273105091695589,4.903815972526163,4.889998926622452,4.861905617846031,4.135618054224044,2.486354426047467,0.0,0.0,0.0,3.6659484853081086,0.0,2.6983808966583913,0.0,1.7117772244374359,0.0,4.903815953068821,4.874698172842451,4.86190563707914,2.938268166015741,2.486354416425492,8.086192408748776,10.03888491591843,8.940513242873196,9.728020748134256,3.665948461452537,10.835194999036204,3.4869360106509477,7.273105028768818,7.273105091695589,4.9038160099700985,4.889999673874034,4.861906594093737,4.135618054224044,2.486354426047467,0.0,0.0,0.0,0.0,3.6659484635930775,0.0,2.698380842856897,0.0,1.711777258769394,4.90381602618209,4.874698249773674,4.861906613617036,2.9382682671709004,2.486354416425492],"D":[0.6879586489906296,0.8233468547332293,0.8233468547332293,0.3975002404278409,0.7950004859631494,0.6421725549695976,0.8297176937323174,0.823346854728913,0.8233468547332293,0.49514462811173093,0.4968050400197739,0.4953108706002072,0.6232458070601703,0.498632118227722,0.0,0.0,0.0,0.3975002465591699,0.0,0.18754513524451527,0.0,0.0,0.0,0.4951446241439092,0.4936559416640807,0.4953108745938921,0.37014017397618953,0.4986321143578085,0.6879586489906296,0.8233468547332293,0.8233468547332293,0.7950004869870108,0.39750024184867283,0.8297176902141128,0.642172561748659,0.823346854728913,0.8233468547332293,0.4951446244748109,0.4968050409088038,0.4953108705700785,0.6232458070601703,0.498632118227722,0.0,0.0,0.0,0.0,0.3975002441144766,0.0,0.18754513198365835,0.0,0.0,0.49514462778082924,0.4936559407750508,0.4953108746240208,0.37014017397618953,0.4986321143578085],"Q":[0.6879586489906296,0.8233468547332293,0.8233468547332293,0.3975002404278409,0.39750024184867283,0.6421725549695976,0.642172561748659,0.823346854728913,0.8233468547332293,0.24757231322936085,0.24919229812679766,0.247655434286618,0.6232458070601703,0.498632118227722,0.0,0.0,0.0,0.0,0.0,0.0,0.0,0.0,0.0,0.24757231289845918,0.2460431988820746,0.24765543831043166,0.37014017397618953,0.4986321143578085,0.0,0.0,0.0,0.0,0.3975002441144766,0.0,0.18754513198365835,0.0,0.0,0.24757231488237008,0.24761274189297625,0.24765543631358916,0.0,0.0,0.0,0.0,0.0,0.3975002465591699,0.0,0.18754513524451527,0.0,0.0,0.0,0.24757231124545,0.24761274278200612,0.24765543628346048,0.0,0.0,0.0,0.0,0.0,0.0,0.0,0.0,0.0,0.0,0.0,0.0,0.0,0.0,0.0,0.0,0.0,0.0,0.0,0.0,0.0,0.0,0.0,0.0,0.0,0.0,0.0,0.0,0.0,0.0,0.0,0.0,0.0,0.0,0.0,0.0,0.0,0.0,0.0,0.0,0.0,0.0,0.0,0.0,0.0,0.0,0.0,0.0,0.0,0.0,0.0,0.0,0.0,0.0,0.0,0.0,0.0,0.0,0.31204135100937036,0.17665314526677073,0.17665314526677073,0.20499951301298924,0.20499951403685046,0.17028230978588724,0.17028230626768268,0.17665314527108697,0.17665314526677073,0.009710747744359873,0.009539018316145464,0.009378254805900663,0.006614018963640288,0.0027357674144694007],"PI":[0.5511758672038647,0.341855799073078,0.5826013269031537,0.1649379246499479,0.9695150859777091,2.18991889307985e-8,1.2181501393793643,0.5826013269031537,0.5826013269031537,0.245191320953477,0.2445004683520778,0.24309580550828175,0.2067813108569301,0.12431792511585538,0.0,0.0,0.0,0.16493792566123647,0.0,0.05770940307612896,0.0,0.0,0.0,0.2451913199806015,0.24373542726226136,0.24309580646993875,0.14691370803584775,0.12431792463475576,0.5511758747345756,0.8233468547332293,0.5826013269031536,0.9695150919615805,0.16493792774824995,1.218150135644772,1.7994721290320758e-8,0.5826013269031535,0.5826013269031536,0.24519132282566872,0.24450047265653027,0.2430958085588343,0.20678131085693,0.12431792511585538,0.0,0.0,0.0,0.0,0.16493792812196692,0.0,0.05770940224260794,0.0,0.0,0.24519132363627572,0.24373543110883092,0.24309580953500073,0.14691371309361903,0.12431792463475576],"CS":[0.29115489116705895,0.433391775064738,0.433391775064738,0.3961869188482363,0.39618691759962177,0.4425743933700317,0.44257439853528435,0.4333917750586296,0.433391775064738,1.1586304979964424,1.1630911751720618,1.1673403970205947,1.2546409493074369,1.4753358230416727],"pr_entry":[0.0,0.0,0.0,0.0,0.0,0.0,0.0,0.0,0.0,0.0,0.0,0.0,0.0,0.0,0.09164868844622247,0.06745949824995649,0.04279441943063335,0.0,0.12259538508126895,0.0,0.12186744067316287,0.0,0.07345669626262877,0.0,0.0,0.0,0.0,0.0,0.0,0.0,0.0,0.0,0.0,0.0,0.0,0.0,0.0,0.0,0.0,0.0,0.0,0.0,0.09164868790334782,0.06745949690492112,0.0427944202889318,0.12259538690910037,0.0,0.12186744259644325,0.0,0.0734566987915074,0.0,0.0,0.0,0.0,0.0,0.0],"pr_exit":[0.0,0.0,0.0,0.0,0.0,0.25,0.0,0.25,0.0,0.0,0.0,0.0,0.0,0.0,0.0,0.0,0.0,0.0,0.0,0.0,0.0,0.0,0.0,0.0,0.0,0.0,0.0,0.0,0.0,0.0,0.0,0.0,0.0,0.0,0.25,0.0,0.25,0.0,0.0,0.0,0.0,0.0,0.0,0.0,0.0,0.0,0.0,0.0,0.0,0.0,0.0,0.0,0.0,0.0,0.0,0.0],"pr_merger":[0.25,0.0,0.0,0.20357292978883001,0.2035729441108498,0.0,0.0,0.0,0.0,0.0,0.0,0.0,0.0,0.0,0.0,0.0,0.0,0.0,0.0,0.0,0.0,0.0,0.0,0.0,0.0,0.0,0.0,0.0,0.0,0.0,0.0,0.0,0.20357294314444174,0.0,0.0,0.0,0.0,0.0,0.0,0.0,0.0,0.0,0.0,0.0,0.0,0.2035729304140943,0.0,0.0,0.0,0.0,0.0,0.0,0.0,0.0,0.0,0.0],"pr_bundling":[0.0,0.1580399388104663,0.0,0.0,0.0,0.0791697598883161,0.07916977111376788,0.0,0.0,0.0,0.0,0.0,0.0,0.0,0.0,0.0,0.0,0.0,0.0,0.0,0.0,0.0,0.0,0.0,0.0,0.0,0.0,0.0,0.0,0.1580399388104663,0.0,0.0,0.0,0.0791697598883161,0.07916977111376788,0.0,0.0,0.0,0.0,0.0,0.0,0.0,0.0,0.0,0.0,0.0,0.0,0.0,0.0,0.0,0.0,0.0,0.0,0.0,0.0,0.0],"active_firms":[true,true,true,true,true,true,true,true,true,true,true,true,true,true,false,false,false,true,false,true,false,true,false,true,true,true,true,true,true,true,true,true,true,true,true,true,true,true,true,true,true,true,false,false,false,false,true,false,true,false,true,true,true,true,true,true,true,true,true,true,true,true,true,true,true,true,true,true,true,true],