{"modelname":"lbd","policy":"nolearning","smax":[5,1],"alpha":0.5,"beta":0.95,"c":1.0,"gamma":0.0,"sigma":2.0,"p0":1.5,"accuracy":1.0e-8,"cost_entry":[0.0,10.0],"value_exit":[0.0,1.0],"cost_merger":[0.0,1.0],"cost_bundling":[0.0,1.0],"entry":true,"exit":true,"mergers":true,"bundling":true,"filename":"a50g0s20","verbose":true,"firms":[1,2,3,4],"rival":[2,1,4,3],"partner":[3,4,1,2],"merger_pairs":[1,2,1,2,3,4,4,3],"outcomes":[1,0,1,0,1,0,0,0,0,0,1,0,1,0,1,0,0,0,1,0,0,1,0,0,1,0,0,0,1,1,0,0,0,0,1,0,0,0,0,0,1,1,1,1,2],"ownership":[0,3,0,3,0,0,4,4,0,1,0,1,0,0,2,2],"S":[1,1,1,1,1,1,1,1,1,1,1,1,1,1,0,0,0,1,0,1,0,1,0,1,1,1,1,1,1,1,1,1,1,1,1,1,1,1,1,1,1,1,0,0,0,0,1,0,1,0,1,1,1,1,1,1,0,1,1,0,0,1,1,1,1,0,1,3,1,3,0,0,1,0,0,0,0,1,1,0,0,0,1,1],"ms":14,"mc":[0.2,0.2,0.2,0.2,0.2,0.2,0.2,0.2,0.2,0.2,0.2,0.2,0.2,0.2,0.0,0.0,0.0,0.2,0.0,0.2,0.0,0.2,0.0,0.2,0.2,0.2,0.2,0.2,1.0,1.0,1.0,1.0,1.0,1.0,1.0,1.0,1.0,1.0,1.0,1.0,1.0,1.0,0.0,0.0,0.0,0.0,1.0,0.0,1.0,0.0,1.0,1.0,1.0,1.0,1.0,1.0],"P":[1.134882845488066,0.6691132926147315,0.934556646307366,0.912456006487661,1.4388644073420838,0.2000000317535531,1.7581468230123092,0.9345566463019388,0.934556646307366,1.0533746753750344,0.9896573670910169,0.9854945644693314,0.7621536263196877,0.6629334938383842,0.0,0.0,0.0,0.912456009978598,0.0,0.7942419060327539,0.0,0.4,0.0,1.0533746791093528,1.0388403775749742,0.9854945666435898,0.9152729950107091,0.6629334922532322,1.9348828553716608,2.0,1.7345566463073658,2.238864414805233,1.712456021761886,2.558146816995429,1.0000000346168971,1.7345566463019386,1.7345566463073658,1.85337468619175,1.789657379445392,1.7854945835564902,1.5621536263196876,1.462933493838384,0.0,0.0,0.0,0.0,1.7124560197098755,0.0,1.594241900716084,0.0,2.0,1.853374691706901,1.8388403905051107,1.7854945793622452,1.7152730226335309,1.462933492253232],"V":[7.818230863317348,7.603779370202135,7.993420541024997,6.202569613819023,8.958603554026563,5.360851044291946,10.376902084255114,7.375393537750945,7.375393567119565,7.067479502365588,7.02621098899313,6.782405705122125,6.2430583458416855,4.258662365006712,0.0,0.0,0.0,6.202569607406214,0.0,5.617405904342509,0.0,2.8915489113160646,0.0,7.067479480508249,6.776937073028886,6.7824056944024935,4.305452265232853,4.258662377426939,7.818230926241236,8.709128686326679,7.993420541024997,8.958603632054807,6.202569681280848,10.37690246234297,5.36085144542052,7.375393537750945,7.375393567119565,7.06747960453343,7.026211430248603,6.782406231014928,6.2430583458416855,4.258662365006712,0.0,0.0,0.0,0.0,6.202569673785461,0.0,5.617405967423835,0.0,2.8915489863120345,7.067479572252706,6.776937173394853,6.782406251693585,4.305452431503221,4.258662377426939],"D":[0.46517363415576923,0.6596586488930098,0.6596586488930096,0.2982022925764965,0.5964045806448557,0.5205142125705665,0.6791059840417971,0.6596586488978835,0.6596586488930096,0.41409089260374843,0.4456928419299027,0.43172918188573045,0.5552817089605047,0.45996562022751664,0.0,0.0,0.0,0.2982022904944857,0.0,0.1585917745090254,0.0,0.0,0.0,0.4140908895110537,0.403939049323473,0.43172918000834876,0.30096622184637745,0.4599656231439783,0.46517363415576923,0.6596586488930098,0.6596586488930096,0.5964045830709822,0.2982022897105136,0.6791059870795919,0.5205142082535325,0.6596586488978835,0.6596586488930096,0.4140908933411749,0.4456928421739047,0.4317291791362617,0.5552817089605047,0.45996562022751664,0.0,0.0,0.0,0.0,0.2982022909343421,0.0,0.15859177578826467,0.0,0.0,0.41409088877362726,0.403939049079471,0.4317291827578175,0.30096622184637745,0.4599656231439783],"Q":[0.46517363415576923,0.6596586488930098,0.6596586488930096,0.2982022925764965,0.2982022897105136,0.5205142125705665,0.5205142082535325,0.6596586488978835,0.6596586488930096,0.2070454474437611,0.2337978499880303,0.21586459003747627,0.5552817089605047,0.45996562022751664,0.0,0.0,0.0,0.0,0.0,0.0,0.0,0.0,0.0,0.20704544361363997,0.19204405713759856,0.21586459090956334,0.30096622184637745,0.4599656231439783,0.0,0.0,0.0,0.0,0.2982022909343421,0.0,0.15859177578826467,0.0,0.0,0.2070454451599873,0.21189499194187242,0.21586459184825418,0.0,0.0,0.0,0.0,0.0,0.2982022904944857,0.0,0.1585917745090254,0.0,0.0,0.0,0.20704544589741375,0.21189499218587443,0.21586458909878542,0.0,0.0,0.0,0.0,0.0,0.0,0.0,0.0,0.0,0.0,0.0,0.0,0.0,0.0,0.0,0.0,0.0,0.0,0.0,0.0,0.0,0.0,0.0,0.0,0.0,0.0,0.0,0.0,0.0,0.0,0.0,0.0,0.0,0.0,0.0,0.0,0.0,0.0,0.0,0.0,0.0,0.0,0.0,0.0,0.0,0.0,0.0,0.0,0.0,0.0,0.0,0.0,0.0,0.0,0.0,0.0,0.0,0.0,0.5348263658442308,0.3403413511069902,0.3403413511069904,0.4035954169290178,0.4035954193551443,0.3208940129204081,0.3208940159582029,0.3403413511021165,0.3403413511069904,0.1718182178851977,0.1503681087466243,0.13654163810592077,0.14375206919311784,0.08006875662850503],"PI":[0.43488285074557015,0.30945464078398494,0.4845566448384974,0.2124560144945158,0.7388644073366931,1.6528175684251962e-8,1.0581468315233742,0.4845566448384975,0.4845566448384974,0.35337468105148206,0.3519446360896798,0.3391209256940326,0.3121536263211412,0.21293349161746364,0.0,0.0,0.0,0.21245601405218006,0.0,0.09424187836535998,0.0,0.0,0.0,0.35337467995860194,0.33884038465177824,0.33912092515805026,0.2152730108971159,0.212933492238476,0.43488285534315785,0.6596586488930098,0.4845566448384973,0.7388644147933913,0.21245601700743794,1.058146832170605,1.8018586800037102e-8,0.4845566448384973,0.4845566448384973,0.3533746861598865,0.3519446417886143,0.3391209317748232,0.312153626321141,0.21293349161746356,0.0,0.0,0.0,0.0,0.21245601726744764,0.0,0.09424187828235742,0.0,0.0,0.35337468454583076,0.3388403896700865,0.33912093280875777,0.2152730192106522,0.2129334922384759],"CS":[0.31290656729384514,0.5389030955862557,0.5389030955862557,0.4536711730226548,0.45367117001701285,0.5683221940954306,0.5683221893621004,0.5389030955934158,0.5389030955862557,0.8806591169064961,0.9473344664293784,0.9955628349018371,0.9698326025106843,1.2624347777871823],"pr_entry":[0.0,0.0,0.0,0.0,0.0,0.0,0.0,0.0,0.0,0.0,0.0,0.0,0.0,0.0,0.15506422010174153,0.14043512806041752,0.07228870888240838,0.0,0.17668696843551707,0.0,0.1694234101352836,0.0,0.10763629616672994,0.0,0.0,0.0,0.0,0.0,0.0,0.0,0.0,0.0,0.0,0.0,0.0,0.0,0.0,0.0,0.0,0.0,0.0,0.0,0.1550642217612224,0.14043512963745036,0.07228871075730695,0.1766869707291283,0.0,0.16942341264443253,0.0,0.10763630032348866,0.0,0.0,0.0,0.0,0.0,0.0],"pr_exit":[0.0,0.0,0.0,0.0,0.0,0.25,0.0,0.25,0.0,0.0,0.0,0.0,0.0,0.0,0.0,0.0,0.0,0.0,0.0,0.0,0.0,0.0,0.0,0.0,0.0,0.0,0.0,0.0,0.0,0.0,0.0,0.0,0.0,0.0,0.25,0.0,0.25,0.0,0.0,0.0,0.0,0.0,0.0,0.0,0.0,0.0,0.0,0.0,0.0,0.0,0.0,0.0,0.0,0.0,0.0,0.0],"pr_merger":[0.1655757368990287,0.0,0.0,0.11809108608634244,0.11809109351423297,0.0,0.0,0.0,0.0,0.0,0.0,0.0,0.0,0.0,0.0,0.0,0.0,0.0,0.0,0.0,0.0,0.0,0.0,0.0,0.002734426973699522,0.0,0.0,0.0,0.0,0.0,0.0,0.0,0.11809109648288918,0.0,0.0,0.0,0.0,0.0,0.0,0.0,0.0,0.0,0.0,0.0,0.0,0.11809108837175519,0.0,0.0,0.0,0.0,0.0,0.0,0.0,0.0,0.0,0.0],"pr_bundling":[0.0,0.0,0.0,0.0,0.0,0.0,0.0,0.0,0.0,0.0,0.0,0.0,0.0,0.0,0.0,0.0,0.0,0.0,0.0,0.0,0.0,0.0,0.0,0.0,0.0,0.0,0.0,0.0,0.0,0.0,0.0,0.0,0.0,0.0,0.0,0.0,0.0,0.0,0.0,0.0,0.0,0.0,0.0,0.0,0.0,0.0,0.0,0.0,0.0,0.0,0.0,0.0,0.0,0.0,0.0,0.0],"active_firms":[true,true,true,true,true,true,true,true,true,true,true,true,true,true,false,false,false,true,false,true,false,true,false,true,true,true,true,true,true,true,true,true,true,true,true,true,true,true,true,true,true,true,false,false,false,false,true,false,true,false,true,true,true,true,true,true,true,true,true,true,true,true,true,true,true,true,true,true,true,true],"active_outcomes":[1.0,1.0,1.0,1.0,1.0,1.0,1.0,1.0,1.0,1.0,1.0,1.0,1.0,1.0,0.0,0.0,0.0,0.0,0.0,0.0,0.0,0.0,0.0,1.0,1.0,1.0,1.0,1.0,0.0,0.0,0.0,0.0,1.0,0.0,1.0,0.0,0.0,1.0,1.0,1.0,0.0,0.0,0.0,0.0,0.0,1.0,0.0,1.0,0.0,0.0,0.0,1.0,1.0,1.0,0.0,0.0,0.0,0.0,0.0,0.0,0.0,0.0,0.0,0.0,0.0,0.0,0.0,0.0,0.0,0.0,0.0,0.0,0.0,0.0,0.0,0.0,0.0,0.0,0.0,0.0,0.0,0.0,0.0,0.0,0.0,0.0,0.0,0.0,0.0,0.0,0.0,0.0,0.0,0.0,0.0,0.0,0.0,0.0,0.0,0.0,0.0,0.0,0.0,0.0,0.0,0.0,0.0,0.0,0.0,0.0,0.0,0.0,1.0,1.0,1.0,1.0,1.0,1.0,1.0,1.0,1.0,1.0,1.0,1.0,1.0,1.0],