{"modelname":"lbd","policy":"nolearning","smax":[5,1],"alpha":0.5,"beta":0.95,"c":1.0,"gamma":0.0,"sigma":7.0,"p0":1.5,"accuracy":1.0e-8,"cost_entry":[0.0,10.0],"value_exit":[0.0,1.0],"cost_merger":[0.0,1.0],"cost_bundling":[0.0,1.0],"entry":true,"exit":true,"mergers":true,"bundling":true,"filename":"a50g0s70","verbose":true,"firms":[1,2,3,4],"rival":[2,1,4,3],"partner":[3,4,1,2],"merger_pairs":[1,2,1,2,3,4,4,3],"outcomes":[1,0,1,0,1,0,0,0,0,0,1,0,1,0,1,0,0,0,1,0,0,1,0,0,1,0,0,0,1,1,0,0,0,0,1,0,0,0,0,0,1,1,1,1,2],"ownership":[0,3,0,3,0,0,4,4,0,1,0,1,0,0,2,2],"S":[1,1,1,1,1,1,1,1,1,1,1,1,1,1,0,0,0,1,0,1,0,1,0,1,1,1,1,1,1,1,1,1,1,1,1,1,1,1,1,1,1,1,0,0,0,0,1,0,1,0,1,1,1,1,1,1,0,1,1,0,0,1,1,1,1,0,1,3,1,3,0,0,1,0,0,0,0,1,1,0,0,0,1,1],"ms":14,"mc":[0.2,0.2,0.2,0.2,0.2,0.2,0.2,0.2,0.2,0.2,0.2,0.2,0.2,0.2,0.0,0.0,0.0,0.2,0.0,0.2,0.0,0.2,0.0,0.2,0.2,0.2,0.2,0.2,1.0,1.0,1.0,1.0,1.0,1.0,1.0,1.0,1.0,1.0,1.0,1.0,1.0,1.0,0.0,0.0,0.0,0.0,1.0,0.0,1.0,0.0,1.0,1.0,1.0,1.0,1.0,1.0],"P":[0.9918836600092082,0.680458806256647,0.9402294031283236,0.45814209371053405,1.5374866154243363,0.2000000309050536,1.712952909050958,0.9402294031293446,0.9402294031283236,0.4857011363311432,0.4856923738232425,0.4856879945564157,0.3911635512887041,0.3428553641884016,0.0,0.0,0.0,0.4581420925794958,0.0,0.3788716946592827,0.0,0.4,0.0,0.48570113764280676,0.48569675732927775,0.4856879963723468,0.4280681899525554,0.34285536509777353,1.791883696880897,2.0,1.7402294031283234,2.3374866151411595,1.2581420934296765,2.5129529141041944,1.0000000293394986,1.7402294031293444,1.7402294031283234,1.2857011400577472,1.2856923778197076,1.2856879993188317,1.191163551288704,1.1428553641884016,0.0,0.0,0.0,0.0,1.258142092421812,0.0,1.1788716943005233,0.0,2.0,1.2857011411164974,1.285696760934988,1.2856880003743059,1.2280681968724063,1.1428553650977735],"V":[10.993546081784853,9.042058592792293,11.907093455984194,2.018579333146724,14.684859078191298,3.943170892518774,14.052865396165508,9.750900789569851,9.75090081806506,2.8568793359113815,2.856835540772706,2.8567479443498485,2.3946993400451326,1.4285357283234754,0.0,0.0,0.0,2.0185793328156785,0.0,0.919859073434749,0.0,0.7624043926422843,0.0,2.8568793227966944,2.856791702270147,2.8567479261947217,1.7042206950603926,1.4285357192300918,10.993546261655647,14.423097693837548,11.907093455984194,14.684859030216987,2.0185793396235274,14.754632157867725,4.644937706435742,9.750900789569851,9.75090081806506,2.856879370646831,2.8568356964466606,2.85674810527863,2.394699340045129,1.4285357283234754,0.0,0.0,0.0,0.0,2.018579339432556,0.0,0.9198590831911655,0.0,0.7624044029907647,2.856879360060912,2.856791742232161,2.856748094726318,1.7042207467683943,1.4285357192300918],"D":[0.8195983281928609,0.9035048174095321,0.9035048174095321,0.44659492446063814,0.8931898524144095,0.7042343499270064,0.9055772765221056,0.9035048174082859,0.9035048174095321,0.4999769943652304,0.4999846649690264,0.4999769994799771,0.6263483757661589,0.49999377441299464,0.0,0.0,0.0,0.4465949279964485,0.0,0.20134292279402427,0.0,0.0,0.0,0.49997698977461924,0.49996932340382755,0.49997699312451094,0.3736209337779224,0.4999937680474699,0.8195983281928609,0.9035048174095321,0.9035048174095321,0.8931898524570867,0.44659492463183,0.9055772727210307,0.7042343542056586,0.9035048174082859,0.9035048174095321,0.49997699392265194,0.4999846642852373,0.49997699814923885,0.6263483757661589,0.49999377441299464,0.0,0.0,0.0,0.0,0.4465949277825795,0.0,0.20134292231644701,0.0,0.0,0.49997699021719777,0.49996932408761663,0.4999769944552492,0.3736209337779224,0.4999937680474699],"Q":[0.8195983281928609,0.9035048174095321,0.9035048174095321,0.44659492446063814,0.44659492463183,0.7042343499270064,0.7042343542056586,0.9035048174082859,0.9035048174095321,0.24998849810897864,0.24999616759275672,0.249988500663486,0.6263483757661589,0.49999377441299464,0.0,0.0,0.0,0.0,0.0,0.0,0.0,0.0,0.0,0.24998849396094597,0.24998082671134697,0.24998849563875805,0.3736209337779224,0.4999937680474699,0.0,0.0,0.0,0.0,0.4465949277825795,0.0,0.20134292231644701,0.0,0.0,0.24998849625625177,0.24998849737626966,0.24998849881649113,0.0,0.0,0.0,0.0,0.0,0.4465949279964485,0.0,0.20134292279402427,0.0,0.0,0.0,0.24998849581367327,0.24998849669248058,0.24998849748575286,0.0,0.0,0.0,0.0,0.0,0.0,0.0,0.0,0.0,0.0,0.0,0.0,0.0,0.0,0.0,0.0,0.0,0.0,0.0,0.0,0.0,0.0,0.0,0.0,0.0,0.0,0.0,0.0,0.0,0.0,0.0,0.0,0.0,0.0,0.0,0.0,0.0,0.0,0.0,0.0,0.0,0.0,0.0,0.0,0.0,0.0,0.0,0.0,0.0,0.0,0.0,0.0,0.0,0.0,0.0,0.0,0.0,0.0,0.18040167180713912,0.09649518259046794,0.09649518259046794,0.10681014754291322,0.10681014758559057,0.09442272727896922,0.0944227234778945,0.09649518259171401,0.09649518259046794,4.601586015048227e-5,4.6011627146250185e-5,4.600739551202244e-5,3.069045591887468e-5,1.2457539535396526e-5],"PI":[0.649026523866791,0.4340968460197136,0.668800831714623,0.11528494884076693,1.1946294726371112,2.176440033116988e-8,1.3700957748845637,0.668800831714623,0.668800831714623,0.1428439954295759,0.14284180581021974,0.14283742630576873,0.11973497985537063,0.07142679273570186,0.0,0.0,0.0,0.11528494924839246,0.0,0.03601454980782024,0.0,0.0,0.0,0.14284399477383466,0.1428396144605865,0.1428374253980121,0.08521105009511433,0.07142679228103281,0.6490265540867655,0.9035048174095321,0.6688008317146228,1.1946294724412605,0.1152849487595292,1.3700957737098123,2.0661882855200104e-8,0.6688008317146228,0.6688008317146228,0.142843997166347,0.14284180761303766,0.14283742830669127,0.11973497985537056,0.07142679273570186,0.0,0.0,0.0,0.0,0.11528494912276312,0.0,0.03601454965016152,0.0,0.0,0.14284399663704525,0.1428396164586874,0.14283742777907554,0.08521105268051549,0.07142679228103281],"CS":[0.2446527720247067,0.33403745617508696,0.33403745617508696,0.31952890607469664,0.3195289060176161,0.3371390685333866,0.33713907428423395,0.3340374561732422,0.33403745617508696,1.4266463478600175,1.4266594899093874,1.426672628913875,1.4845084048323332,1.613312076167693],"pr_entry":[0.0,0.0,0.0,0.0,0.0,0.0,0.0,0.0,0.0,0.0,0.0,0.0,0.0,0.0,0.050464484330663015,0.02299647616440867,0.019060109189195373,0.0,0.07142198231639105,0.0,0.0714197917844621,0.0,0.04260551697277047,0.0,0.0,0.0,0.0,0.0,0.0,0.0,0.0,0.0,0.0,0.0,0.0,0.0,0.0,0.0,0.0,0.0,0.0,0.0,0.05046448449608497,0.022996476408319054,0.01906010944790736,0.07142198324799648,0.0,0.07141979278351245,0.0,0.042605518265470495,0.0,0.0,0.0,0.0,0.0,0.0],"pr_exit":[0.0,0.0,0.0,0.0,0.0,0.25,0.0,0.25,0.0,0.0,0.0,0.0,0.0,0.0,0.0,0.0,0.0,0.0,0.0,0.02003523835591331,0.0,0.059398908108046294,0.0,0.0,0.0,0.0,0.0,0.0,0.0,0.0,0.0,0.0,0.0,0.0,0.25,0.0,0.25,0.0,0.0,0.0,0.0,0.0,0.0,0.0,0.0,0.0,0.0,0.0,0.020035235916809446,0.0,0.059398905520926415,0.0,0.0,0.0,0.0,0.0],"pr_merger":[0.25,0.0,0.0,0.25,0.25,0.0,0.0,0.0,0.0,0.0,0.0,0.0,0.0,0.0,0.0,0.0,0.0,0.0,0.0,0.0,0.0,0.0,0.0,0.0,0.0,0.0,0.0,0.0,0.0,0.0,0.0,0.0,0.25,0.0,0.0,0.0,0.0,0.0,0.0,0.0,0.0,0.0,0.0,0.0,0.0,0.25,0.0,0.0,0.0,0.0,0.0,0.0,0.0,0.0,0.0,0.0],"pr_bundling":[0.0,0.1023194304001942,0.0,0.0,0.0,0.25,0.25,0.0,0.0,0.0,0.0,0.0,0.0,0.0,0.0,0.0,0.0,0.0,0.0,0.0,0.0,0.0,0.0,0.0,0.0,0.0,0.0,0.0,0.0,0.1023194304001942,0.0,0.0,0.0,0.25,0.25,0.0,0.0,0.0,0.0,0.0,0.0,0.0,0.0,0.0,0.0,0.0,0.0,0.0,0.0,0.0,0.0,0.0,0.0,0.0,0.0,0.0],"active_firms":[true,true,true,true,true,true,true,true,true,true,true,true,true,true,false,false,false,true,false,true,false,true,false,true,true,true,true,true,true,true,true,true,true,true,true,true,true,true,true,true,true,true,false,false,false,false,true,false,true,false,true,true,true,true,true,true,true,true,true,true,true,true,true,true,true,true,true,true,true,true],