{"modelname":"lbd","policy":"nolearning","smax":[5,1],"alpha":0.5,"beta":0.95,"c":1.0,"gamma":0.0,"sigma":6.0,"p0":1.5,"accuracy":1.0e-8,"cost_entry":[0.0,10.0],"value_exit":[0.0,1.0],"cost_merger":[0.0,1.0],"cost_bundling":[0.0,1.0],"entry":true,"exit":true,"mergers":true,"bundling":true,"filename":"a50g0s60","verbose":true,"firms":[1,2,3,4],"rival":[2,1,4,3],"partner":[3,4,1,2],"merger_pairs":[1,2,1,2,3,4,4,3],"outcomes":[1,0,1,0,1,0,0,0,0,0,1,0,1,0,1,0,0,0,1,0,0,1,0,0,1,0,0,0,1,1,0,0,0,0,1,0,0,0,0,0,1,1,1,1,2],"ownership":[0,3,0,3,0,0,4,4,0,1,0,1,0,0,2,2],"S":[1,1,1,1,1,1,1,1,1,1,1,1,1,1,0,0,0,1,0,1,0,1,0,1,1,1,1,1,1,1,1,1,1,1,1,1,1,1,1,1,1,1,0,0,0,0,1,0,1,0,1,1,1,1,1,1,0,1,1,0,0,1,1,1,1,0,1,3,1,3,0,0,1,0,0,0,0,1,1,0,0,0,1,1],"ms":14,"mc":[0.2,0.2,0.2,0.2,0.2,0.2,0.2,0.2,0.2,0.2,0.2,0.2,0.2,0.2,0.0,0.0,0.0,0.2,0.0,0.2,0.0,0.2,0.0,0.2,0.2,0.2,0.2,0.2,1.0,1.0,1.0,1.0,1.0,1.0,1.0,1.0,1.0,1.0,1.0,1.0,1.0,1.0,0.0,0.0,0.0,0.0,1.0,0.0,1.0,0.0,1.0,1.0,1.0,1.0,1.0,1.0],"P":[0.9900671975533291,0.6586739187043515,0.9293369593521761,0.495467374276393,1.5004969780046427,0.20000003227661525,1.6960123472169826,0.929336959355064,0.9293369593521761,0.5332406722169231,0.5331789957766984,0.533148268124397,0.4229806890803168,0.3666541100607635,0.0,0.0,0.0,0.49546737164907534,0.0,0.40789110455243166,0.0,0.4,0.0,0.5332406709886451,0.5332098724429783,0.5331482660830997,0.4660447120022405,0.366654110713387,1.7900672264666073,2.0,1.729336959352176,2.300496984959081,1.2954673780048604,2.4960123506149863,1.0000000293908649,1.7293369593550638,1.729336959352176,1.3332406765693665,1.3331790003197206,1.3331482732654882,1.2229806890803168,1.1666541100607635,0.0,0.0,0.0,0.0,1.2954673798574219,0.0,1.2078911006762256,0.0,2.0,1.3332406750293935,1.333209876885451,1.333148271750822,1.266044721977943,1.166654110713387],"V":[9.798932815503663,8.238205407498143,10.673470684931344,2.149426822511737,12.249736910616516,2.747285771366165,13.043672031687304,8.201845336767509,8.201845334935818,3.3314790734050486,3.331171526455042,3.330556279630063,2.7929464590973545,1.666415241018974,0.0,0.0,0.0,2.1494268257857847,0.0,1.1987426847891225,0.0,0.9652003081293629,0.0,3.3314790856774863,3.3308631061592986,3.3305563000147083,1.9875603790622003,1.6664152344942125,9.798932938936787,12.721783946735766,10.673470684931344,12.249736917236268,2.1494268494737416,13.043672162917149,2.74728591179172,8.201845336767509,8.201845334935818,3.33147911380218,3.3311717408977977,3.330556513959263,2.7929464590973545,1.666415241018974,0.0,0.0,0.0,0.0,2.1494268497739473,0.0,1.1987427080995186,0.0,0.9652003257046718,3.331479129188935,3.3308631515723968,3.3305565290849035,1.9875604535884208,1.6664152344942125],"D":[0.7890474873010731,0.8857409702712925,0.8857409702712922,0.4359219293043653,0.8718438661415927,0.6902945285276274,0.8885927259407534,0.885740970267785,0.8857409702712922,0.49986096965018034,0.4999073507183762,0.49986112246406356,0.6262755591682342,0.49996232720544936,0.0,0.0,0.0,0.43592193617619907,0.0,0.19829819354945236,0.0,0.0,0.0,0.4998609733339895,0.4998147464619392,0.4998611285862552,0.3735388927568281,0.4999623232900029,0.7890474873010731,0.8857409702712925,0.8857409702712922,0.8718438654805644,0.43592193549351277,0.8885927220770797,0.6902945306136293,0.885740970267785,0.8857409702712922,0.49986096918276784,0.49990735056759383,0.49986112325379095,0.6262755591682342,0.49996232720544936,0.0,0.0,0.0,0.0,0.43592193064807994,0.0,0.1982981953271241,0.0,0.0,0.49986097380140193,0.4998147466127215,0.4998611277965278,0.3735388927568281,0.4999623232900029],"Q":[0.7890474873010731,0.8857409702712925,0.8857409702712922,0.4359219293043653,0.43592193549351277,0.6902945285276274,0.6902945306136293,0.885740970267785,0.8857409702712922,0.24993048367043164,0.24997682849238212,0.2499305600963476,0.6262755591682342,0.49996232720544936,0.0,0.0,0.0,0.0,0.0,0.0,0.0,0.0,0.0,0.24993048782165328,0.24988422438672744,0.2499305654288118,0.3735388927568281,0.4999623232900029,0.0,0.0,0.0,0.0,0.43592193064807994,0.0,0.1982981953271241,0.0,0.0,0.24993048597974868,0.24993052222599407,0.249930562367716,0.0,0.0,0.0,0.0,0.0,0.43592193617619907,0.0,0.19829819354945236,0.0,0.0,0.0,0.2499304855123362,0.24993052207521174,0.24993056315744336,0.0,0.0,0.0,0.0,0.0,0.0,0.0,0.0,0.0,0.0,0.0,0.0,0.0,0.0,0.0,0.0,0.0,0.0,0.0,0.0,0.0,0.0,0.0,0.0,0.0,0.0,0.0,0.0,0.0,0.0,0.0,0.0,0.0,0.0,0.0,0.0,0.0,0.0,0.0,0.0,0.0,0.0,0.0,0.0,0.0,0.0,0.0,0.0,0.0,0.0,0.0,0.0,0.0,0.0,0.0,0.0,0.0,0.0,0.2109525126989269,0.11425902972870748,0.11425902972870786,0.1281561345194357,0.12815613385840732,0.11140727792292025,0.11140727405924655,0.11425902973221506,0.11425902972870786,0.0002780570158302473,0.00027790281968451206,0.0002777489496811953,0.00018554807493776607,7.534950454774523e-5],"PI":[0.6234005370284549,0.4062662817913283,0.6460036260313105,0.1288007078410602,1.1338303132090255,2.22803709006908e-8,1.3293456896545635,0.6460036260313105,0.6460036260313105,0.16657400554122906,0.16655862909373834,0.16652786725161986,0.13964735573749354,0.0833207767043324,0.0,0.0,0.0,0.1288007087261575,0.0,0.04122443048774753,0.0,0.0,0.0,0.1665740061548559,0.1665432079137023,0.16652786827085228,0.09937804714512613,0.08332077637809432,0.6234005598424044,0.8857409702712925,0.6460036260313102,1.1338303184125444,0.12880071129507212,1.3293456868939013,2.028835325801992e-8,0.6460036260313102,0.6460036260313102,0.1665740075610848,0.166558631314591,0.16652787008454784,0.13964735573749354,0.0833207767043324,0.0,0.0,0.0,0.0,0.12880071067097695,0.0,0.041224430088665005,0.0,0.0,0.16657400833042915,0.16654321018435783,0.16652787084083004,0.09937805087143897,0.08332077637809432],"CS":[0.2593537048557355,0.36154786958438967,0.3615478695843888,0.34241765958035897,0.3424176604400242,0.3657604370297389,0.36576044280984243,0.3615478695792729,0.3615478695843888,1.3646140620646259,1.3647065124779105,1.3647988184962558,1.432032757568167,1.5822288680430845],"pr_entry":[0.0,0.0,0.0,0.0,0.0,0.0,0.0,0.0,0.0,0.0,0.0,0.0,0.0,0.0,0.0537356703490392,0.029968564046333062,0.024130006579721107,0.0,0.08328697577691133,0.0,0.08327157626962098,0.0,0.04968900873465983,0.0,0.0,0.0,0.0,0.0,0.0,0.0,0.0,0.0,0.0,0.0,0.0,0.0,0.0,0.0,0.0,0.0,0.0,0.0,0.053735670948743194,0.029968564629092736,0.024130007019103776,0.08328697686469752,0.0,0.08327157740494841,0.0,0.04968901059781531,0.0,0.0,0.0,0.0,0.0,0.0],"pr_exit":[0.0,0.0,0.0,0.0,0.0,0.25,0.0,0.25,0.0,0.0,0.0,0.0,0.0,0.0,0.0,0.0,0.0,0.0,0.0,0.0,0.0,0.00869993420278889,0.0,0.0,0.0,0.0,0.0,0.0,0.0,0.0,0.0,0.0,0.0,0.0,0.25,0.0,0.25,0.0,0.0,0.0,0.0,0.0,0.0,0.0,0.0,0.0,0.0,0.0,0.0,0.0,0.008699929808962253,0.0,0.0,0.0,0.0,0.0],"pr_merger":[0.25,0.0,0.0,0.25,0.25,0.0,0.0,0.0,0.0,0.0,0.0,0.0,0.0,0.0,0.0,0.0,0.0,0.0,0.0,0.0,0.0,0.0,0.0,0.0,0.0,0.0,0.0,0.0,0.0,0.0,0.0,0.0,0.25,0.0,0.0,0.0,0.0,0.0,0.0,0.0,0.0,0.0,0.0,0.0,0.0,0.25,0.0,0.0,0.0,0.0,0.0,0.0,0.0,0.0,0.0,0.0],"pr_bundling":[0.0,0.11507075688777135,0.0,0.0,0.0,0.21905759925572088,0.2190575935931769,0.0,0.0,0.0,0.0,0.0,0.0,0.0,0.0,0.0,0.0,0.0,0.0,0.0,0.0,0.0,0.0,0.0,0.0,0.0,0.0,0.0,0.0,0.11507075688777135,0.0,0.0,0.0,0.21905759925572088,0.2190575935931769,0.0,0.0,0.0,0.0,0.0,0.0,0.0,0.0,0.0,0.0,0.0,0.0,0.0,0.0,0.0,0.0,0.0,0.0,0.0,0.0,0.0],"active_firms":[true,true,true,true,true,true,true,true,true,true,true,true,true,true,false,false,false,true,false,true,false,true,false,true,true,true,true,true,true,true,true,true,true,true,true,true,true,true,true,true,true,true,false,false,false,false,true,false,true,false,true,true,true,true,true,true,true,true,true,true,true,true,true,true,true,true,true,true,true,true],