{"modelname":"lbd","policy":"nolearning","smax":[5,1],"alpha":0.5,"beta":0.95,"c":1.0,"gamma":0.0,"sigma":1.0,"p0":1.5,"accuracy":1.0e-8,"cost_entry":[0.0,10.0],"value_exit":[0.0,1.0],"cost_merger":[0.0,1.0],"cost_bundling":[0.0,1.0],"entry":true,"exit":true,"mergers":true,"bundling":true,"filename":"a50g0s10","verbose":true,"firms":[1,2,3,4],"rival":[2,1,4,3],"partner":[3,4,1,2],"merger_pairs":[1,2,1,2,3,4,4,3],"outcomes":[1,0,1,0,1,0,0,0,0,0,1,0,1,0,1,0,0,0,1,0,0,1,0,0,1,0,0,0,1,1,0,0,0,0,1,0,0,0,0,0,1,1,1,1,2],"ownership":[0,3,0,3,0,0,4,4,0,1,0,1,0,0,2,2],"S":[1,1,1,1,1,1,1,1,1,1,1,1,1,1,0,0,0,1,0,1,0,1,0,1,1,1,1,1,1,1,1,1,1,1,1,1,1,1,1,1,1,1,0,0,0,0,1,0,1,0,1,1,1,1,1,1,0,1,1,0,0,1,1,1,1,0,1,3,1,3,0,0,1,0,0,0,0,1,1,0,0,0,1,1],"ms":14,"mc":[0.2,0.2,0.2,0.2,0.2,0.2,0.2,0.2,0.2,0.2,0.2,0.2,0.2,0.2,0.0,0.0,0.0,0.2,0.0,0.2,0.0,0.2,0.0,0.2,0.2,0.2,0.2,0.2,1.0,1.0,1.0,1.0,1.0,1.0,1.0,1.0,1.0,1.0,1.0,1.0,1.0,1.0,0.0,0.0,0.0,0.0,1.0,0.0,1.0,0.0,1.0,1.0,1.0,1.0,1.0,1.0],"P":[1.5816394862495815,1.102541076121394,1.1512705380606971,1.4481751125065048,1.8601938577731751,0.20000009169647467,2.2390239582583913,1.1512705380482946,1.1512705380606971,1.616059345207364,1.3921072693506162,1.4182351205919028,1.0600162537232274,0.9798851277240508,0.0,0.0,0.0,1.4481751054775507,0.0,1.340779225093911,0.0,0.4,0.0,1.6160593407152277,1.605512333447348,1.41823511778585,1.442144774377737,0.9798851309332797,2.3816394577908455,2.0,1.951270538060697,2.6601938486516845,2.2481750847102444,3.0390239535474777,1.0000000862354157,1.9512705380482944,1.951270538060697,2.4160593071533416,2.192107211698244,2.2182350665700854,1.8600162537232272,1.7798851277240506,0.0,0.0,0.0,0.0,2.248175087327205,0.0,2.1407792203312703,0.0,2.0,2.416059320851095,2.4055122767411388,2.2182350720734227,2.242144750601553,1.7798851309332795],"V":[8.438321927481471,8.771249938165193,7.335974967297466,7.475788801737933,9.439120174666673,6.672511998395549,10.931989718095954,6.86609237548135,6.866092364711902,8.257794094823995,8.392836301559655,8.273511119404219,6.006858374090853,5.597692363583336,0.0,0.0,0.0,7.47578880299376,0.0,7.068955290152834,0.0,3.784660593824599,0.0,8.25779409674245,8.16557227618541,8.273511123563125,5.290660530275309,5.597692350689304,8.438321741390586,8.891094909883485,7.335974967297466,9.439119956519152,7.475788580690422,10.93198953648849,6.672511792772549,6.86609237548135,6.866092364711902,8.257793812482655,8.392835973247077,8.273510828466728,6.006858374090853,5.597692363583336,0.0,0.0,0.0,0.0,7.475788578787231,0.0,7.06895505947585,0.0,3.784660546388616,8.25779380663277,8.165571944728816,8.27351082031011,5.290660437576518,5.597692350689304],"D":[0.2762221761848582,0.4743871695808969,0.4743871695808969,0.1988303494912291,0.39766070369790607,0.38616315459857364,0.5095692898012075,0.47438716958708194,0.4743871695808969,0.29381490369709773,0.3571494957504309,0.33957019255369747,0.418615645278571,0.35887994477245083,0.0,0.0,0.0,0.19883035088879858,0.0,0.12340613505743607,0.0,0.0,0.0,0.29381490501695423,0.28851566588431293,0.33957019350654927,0.19494084762415775,0.358879942468995,0.2762221761848582,0.4743871695808969,0.4743871695808969,0.39766070038002765,0.19883035210911856,0.5095692896560097,0.3861631547739238,0.47438716958708194,0.4743871695808969,0.29381490636932805,0.3571494959014313,0.33957019396450805,0.418615645278571,0.35887994477245083,0.0,0.0,0.0,0.0,0.19883035158878754,0.0,0.1234061350272837,0.0,0.0,0.2938149023447239,0.28851566573331255,0.3395701920957387,0.19494084762415775,0.358879942468995],"Q":[0.2762221761848582,0.4743871695808969,0.4743871695808969,0.1988303494912291,0.19883035210911856,0.38616315459857364,0.3861631547739238,0.47438716958708194,0.4743871695808969,0.14690745285469986,0.19755713944014178,0.16978509674404105,0.418615645278571,0.35887994477245083,0.0,0.0,0.0,0.0,0.0,0.0,0.0,0.0,0.0,0.14690745150232604,0.1289233094230234,0.16978509628608232,0.19494084762415775,0.358879942468995,0.0,0.0,0.0,0.0,0.19883035158878754,0.0,0.1234061350272837,0.0,0.0,0.14690745084239787,0.15959235631028915,0.1697850958096564,0.0,0.0,0.0,0.0,0.0,0.19883035088879858,0.0,0.12340613505743607,0.0,0.0,0.0,0.1469074535146282,0.15959235646128953,0.16978509722046697,0.0,0.0,0.0,0.0,0.0,0.0,0.0,0.0,0.0,0.0,0.0,0.0,0.0,0.0,0.0,0.0,0.0,0.0,0.0,0.0,0.0,0.0,0.0,0.0,0.0,0.0,0.0,0.0,0.0,0.0,0.0,0.0,0.0,0.0,0.0,0.0,0.0,0.0,0.0,0.0,0.0,0.0,0.0,0.0,0.0,0.0,0.0,0.0,0.0,0.0,0.0,0.0,0.0,0.0,0.0,0.0,0.0,0.0,0.7237778238151417,0.525612830419103,0.525612830419103,0.6023392996199722,0.6023392963020938,0.49043071034399033,0.4904307101987924,0.5256128304129181,0.525612830419103,0.41237019128594804,0.35433483836525614,0.32085961393975315,0.38644350709727127,0.2822401127585541],"PI":[0.3816394655947889,0.42815390653172497,0.45127053805631095,0.24817509384592257,0.6601938577570222,3.540979992156303e-8,1.0390239902973755,0.451270538056311,0.45127053805631095,0.41605934014147694,0.42576051012899574,0.4136763344750693,0.3600162590024081,0.2798851315664631,0.0,0.0,0.0,0.2481750941927646,0.0,0.14077915512265646,0.0,0.0,0.0,0.41605934069061545,0.4055123267931761,0.41367633468301496,0.24214475518911424,0.2798851309217601,0.38163945773385494,0.4743871695808969,0.45127053805631084,0.6601938486214425,0.2481750915867668,1.0390239876007767,3.330094017886724e-8,0.4512705380563109,0.45127053805631084,0.4160593327446746,0.4257604897184886,0.41367631784956926,0.36001625900240797,0.27988513156646305,0.0,0.0,0.0,0.0,0.24817509145763372,0.0,0.14077915450052017,0.0,0.0,0.4160593310702006,0.4055123102203135,0.4136763174417382,0.2421447505541648,0.27988513092176],"CS":[0.3232708068751373,0.6431904011144307,0.6431904011144307,0.5069343718165849,0.5069343773249062,0.7124712732703258,0.7124712735663876,0.6431904011261977,0.6431904011144307,0.8858338105236356,1.0375129418142446,1.13675159126459,0.9507695869747979,1.2649971066507728],"pr_entry":[0.0,0.0,0.0,0.0,0.0,0.0,0.0,0.0,0.0,0.0,0.0,0.0,0.0,0.0,0.1868946972743166,0.17672385904651863,0.09461649748970277,0.0,0.20644483195894114,0.0,0.20413928644501525,0.0,0.13226649974669064,0.0,0.0,0.0,0.0,0.0,0.0,0.0,0.0,0.0,0.0,0.0,0.0,0.0,0.0,0.0,0.0,0.0,0.0,0.0,0.18689469166915443,0.17672385327959514,0.09461649630380355,0.20644482470620013,0.0,0.20413927815860125,0.0,0.1322664974292211,0.0,0.0,0.0,0.0,0.0,0.0],"pr_exit":[0.0,0.0,0.0,0.0,0.0,0.25,0.0,0.25,0.0,0.0,0.0,0.0,0.0,0.0,0.0,0.0,0.0,0.0,0.0,0.0,0.0,0.0,0.0,0.0,0.0,0.0,0.0,0.0,0.0,0.0,0.0,0.0,0.0,0.0,0.25,0.0,0.25,0.0,0.0,0.0,0.0,0.0,0.0,0.0,0.0,0.0,0.0,0.0,0.0,0.0,0.0,0.0,0.0,0.0,0.0,0.0],"pr_merger":[0.1877383835994979,0.0,0.0,0.15121882800055997,0.15121882282538346,0.0,0.0,0.0,0.0,0.06752109187501931,0.0,0.0,0.0,0.0,0.0,0.0,0.0,0.0,0.0,0.0,0.0,0.0,0.0,0.06752109285787666,0.053969430739752244,0.0,0.1535159333816949,0.0,0.0,0.0,0.0,0.0,0.15121882350487437,0.0,0.0,0.0,0.0,0.0675210933374899,0.0,0.0,0.0,0.0,0.0,0.0,0.0,0.15121882765240402,0.0,0.0,0.0,0.0,0.0,0.06752109139540607,0.0,0.0,0.0,0.0],"pr_bundling":[0.0,0.0,0.0,0.0,0.0,0.0,0.0,0.0,0.0,0.0,0.0,0.0,0.0,0.0,0.0,0.0,0.0,0.0,0.0,0.0,0.0,0.0,0.0,0.0,0.0,0.0,0.0,0.0,0.0,0.0,0.0,0.0,0.0,0.0,0.0,0.0,0.0,0.0,0.0,0.0,0.0,0.0,0.0,0.0,0.0,0.0,0.0,0.0,0.0,0.0,0.0,0.0,0.0,0.0,0.0,0.0],"active_firms":[true,true,true,true,true,true,true,true,true,true,true,true,true,true,false,false,false,true,false,true,false,true,false,true,true,true,true,true,true,true,true,true,true,true,true,true,true,true,true,true,true,true,false,false,false,false,true,false,true,false,true,true,true,true,true,true,true,true,true,true,true,true,true,true,true,true,true,true,true,true],