{"modelname":"lbd","policy":"nolearning","smax":[5,1],"alpha":0.5,"beta":0.95,"c":1.0,"gamma":0.0,"sigma":5.0,"p0":1.5,"accuracy":1.0e-8,"cost_entry":[0.0,10.0],"value_exit":[0.0,1.0],"cost_merger":[0.0,1.0],"cost_bundling":[0.0,1.0],"entry":true,"exit":true,"mergers":true,"bundling":true,"filename":"a50g0s50","verbose":true,"firms":[1,2,3,4],"rival":[2,1,4,3],"partner":[3,4,1,2],"merger_pairs":[1,2,1,2,3,4,4,3],"outcomes":[1,0,1,0,1,0,0,0,0,0,1,0,1,0,1,0,0,0,1,0,0,1,0,0,1,0,0,0,1,1,0,0,0,0,1,0,0,0,0,0,1,1,1,1,2],"ownership":[0,3,0,3,0,0,4,4,0,1,0,1,0,0,2,2],"S":[1,1,1,1,1,1,1,1,1,1,1,1,1,1,0,0,0,1,0,1,0,1,0,1,1,1,1,1,1,1,1,1,1,1,1,1,1,1,1,1,1,1,0,0,0,0,1,0,1,0,1,1,1,1,1,1,0,1,1,0,0,1,1,1,1,0,1,3,1,3,0,0,1,0,0,0,0,1,1,0,0,0,1,1],"ms":14,"mc":[0.2,0.2,0.2,0.2,0.2,0.2,0.2,0.2,0.2,0.2,0.2,0.2,0.2,0.2,0.0,0.0,0.0,0.2,0.0,0.2,0.0,0.2,0.0,0.2,0.2,0.2,0.2,0.2,1.0,1.0,1.0,1.0,1.0,1.0,1.0,1.0,1.0,1.0,1.0,1.0,1.0,1.0,0.0,0.0,0.0,0.0,1.0,0.0,1.0,0.0,1.0,1.0,1.0,1.0,1.0,1.0],"P":[0.9915560741965677,0.6357730692473275,0.9178865346236638,0.5452018831233493,1.4599042505457387,0.2000000334674574,1.6796043037740491,0.91788653462338,0.9178865346236638,0.5993329149856395,0.598892330176344,0.5986767197878264,0.46726307671878137,0.3999089795083742,0.0,0.0,0.0,0.5452018796070602,0.0,0.44813749829251986,0.0,0.4,0.0,0.5993329124505372,0.5991143317742695,0.5986767221603457,0.519002143700099,0.39990897860749003,1.7915560959455112,2.0,1.7178865346236636,2.2599042562157696,1.3452018887405266,2.4796043077150287,1.000000029072809,1.7178865346233798,1.7178865346236636,1.3993329195630027,1.3988923352758902,1.3986767265888862,1.2672630767187814,1.1999089795083742,0.0,0.0,0.0,0.0,1.3452018875883593,0.0,1.2481375031096071,0.0,2.0,1.3993329215208812,1.399114337188162,1.3986767284548252,1.3190021512154697,1.19990897860749],"V":[8.870789054980122,7.673880825100303,9.749434772369206,2.6613437009965555,10.856445399721123,2.922987001303812,11.773536620210464,7.5754358827135695,7.57543593559555,3.9866519679188674,3.9844854940547627,3.980144376091628,3.3452569547024913,1.9981774277857207,0.0,0.0,0.0,2.6613437065107797,0.0,1.7066519974453458,0.0,1.2629196183210072,0.0,3.9866519931426656,3.9822802772835963,3.980144352562561,2.3800393721857542,1.9981774367822511,8.870789121246819,11.379131176831377,9.749434772369206,10.856445380751687,2.6613437373098274,11.773537278362712,2.922987750898887,7.5754358827135695,7.57543593559555,3.986652058395293,3.9844862707780333,3.980145255690892,3.3452569547024913,1.9981774277857207,0.0,0.0,0.0,0.0,2.6613437355889467,0.0,1.7066519971543428,0.0,1.2629196341088402,3.9866520389147655,3.982280328171016,3.980145237185748,2.380039428257056,1.9981774367822511],"D":[0.747333131534672,0.8607022207969485,0.8607022207969487,0.42062888578783414,0.8412577782169426,0.6708334873148157,0.8648287316304629,0.8607022207972888,0.8607022207969487,0.49916475083098144,0.49944453790342763,0.49917021077089263,0.6258368299997734,0.49977233836871504,0.0,0.0,0.0,0.4206288931830981,0.0,0.19399524065125054,0.0,0.0,0.0,0.49916475715815034,0.49889045804940246,0.49917020484943797,0.37304496977686763,0.4997723428710844,0.747333131534672,0.8607022207969485,0.8607022207969487,0.8412577789709322,0.4206288878968841,0.8648287279660662,0.6708334970880887,0.8607022207972888,0.8607022207969487,0.49916475643782576,0.49944453829570606,0.49917021013871804,0.6258368299997734,0.49977233836871504,0.0,0.0,0.0,0.0,0.42062889032005857,0.0,0.19399523454237425,0.0,0.0,0.4991647515513061,0.49889045765712403,0.4991702054816126,0.37304496977686763,0.4997723428710844],"Q":[0.747333131534672,0.8607022207969485,0.8607022207969487,0.42062888578783414,0.4206288878968841,0.6708334873148157,0.6708334970880887,0.8607022207972888,0.8607022207969487,0.24958237663712063,0.2498608659905934,0.24958510654972269,0.6258368299997734,0.49977233836871504,0.0,0.0,0.0,0.0,0.0,0.0,0.0,0.0,0.0,0.24958237735744526,0.2493067857442898,0.24958510126044264,0.37304496977686763,0.4997723428710844,0.0,0.0,0.0,0.0,0.42062889032005857,0.0,0.19399523454237425,0.0,0.0,0.2495823741938608,0.24958367191283423,0.24958510422116995,0.0,0.0,0.0,0.0,0.0,0.4206288931830981,0.0,0.19399524065125054,0.0,0.0,0.0,0.2495823798007051,0.24958367230511266,0.24958510358899536,0.0,0.0,0.0,0.0,0.0,0.0,0.0,0.0,0.0,0.0,0.0,0.0,0.0,0.0,0.0,0.0,0.0,0.0,0.0,0.0,0.0,0.0,0.0,0.0,0.0,0.0,0.0,0.0,0.0,0.0,0.0,0.0,0.0,0.0,0.0,0.0,0.0,0.0,0.0,0.0,0.0,0.0,0.0,0.0,0.0,0.0,0.0,0.0,0.0,0.0,0.0,0.0,0.0,0.0,0.0,0.0,0.0,0.0,0.2526668684653281,0.1392977792030516,0.1392977792030514,0.15874222102906782,0.15874222178305733,0.13517127203393386,0.13517126836953702,0.13929777920271127,0.1392977792030514,0.0016704920108683333,0.0016650040471699057,0.001659584379669427,0.0011182002233589732,0.0004553187602005562],"PI":[0.5915560797146121,0.37507084846467714,0.617886534630813,0.14520188347003654,1.0599042505801903,2.2451091151653305e-8,1.2796043133478852,0.6178865346308129,0.617886534630813,0.1993329150074162,0.19922459551814561,0.19900754224593742,0.16726307670966836,0.09990897814980369,0.0,0.0,0.0,0.14520188454384284,0.0,0.04813749369585666,0.0,0.0,0.0,0.1993329162686293,0.19911433179294652,0.19900754106948224,0.11900214505535942,0.09990897859963078,0.5915560959683182,0.8607022207969485,0.6178865346308129,1.0599042563001027,0.1452018865608316,1.2796043113343003,1.950301416456108e-8,0.6178865346308128,0.6178865346308129,0.19933291953127208,0.19922459822156297,0.19900754538879056,0.16726307670966836,0.09990897814980369,0.0,0.0,0.0,0.0,0.14520188691268118,0.0,0.04813749311450736,0.0,0.0,0.19933291855722787,0.19911433433732187,0.19900754446353214,0.11900214785893065,0.09990897859963073],"CS":[0.2751366766665506,0.39422826817430945,0.3942282681743099,0.36809472876032867,0.3680947278103739,0.4002425245815022,0.40024253000335985,0.39422826817479795,0.3942282681743099,1.2789274157316393,1.2795855449640015,1.2802376163311056,1.359206965924614,1.5389025624859776],"pr_entry":[0.0,0.0,0.0,0.0,0.0,0.0,0.0,0.0,0.0,0.0,0.0,0.0,0.0,0.0,0.06653358340473628,0.04266629065901469,0.03157298363524268,0.0,0.09966629149668517,0.0,0.09955699856554343,0.0,0.05950097966132617,0.0,0.0,0.0,0.0,0.0,0.0,0.0,0.0,0.0,0.0,0.0,0.0,0.0,0.0,0.0,0.0,0.0,0.0,0.0,0.06653358413169025,0.04266629065173957,0.031572984029938286,0.09966629264098782,0.0,0.09955699983772878,0.0,0.05950098106310856,0.0,0.0,0.0,0.0,0.0,0.0],"pr_exit":[0.0,0.0,0.0,0.0,0.0,0.25,0.0,0.25,0.0,0.0,0.0,0.0,0.0,0.0,0.0,0.0,0.0,0.0,0.0,0.0,0.0,0.0,0.0,0.0,0.0,0.0,0.0,0.0,0.0,0.0,0.0,0.0,0.0,0.0,0.25,0.0,0.25,0.0,0.0,0.0,0.0,0.0,0.0,0.0,0.0,0.0,0.0,0.0,0.0,0.0,0.0,0.0,0.0,0.0,0.0,0.0],"pr_merger":[0.25,0.0,0.0,0.25,0.25,0.0,0.0,0.0,0.0,0.0,0.0,0.0,0.0,0.0,0.0,0.0,0.0,0.0,0.0,0.0,0.0,0.0,0.0,0.0,0.0,0.0,0.0,0.0,0.0,0.0,0.0,0.0,0.25,0.0,0.0,0.0,0.0,0.0,0.0,0.0,0.0,0.0,0.0,0.0,0.0,0.25,0.0,0.0,0.0,0.0,0.0,0.0,0.0,0.0,0.0,0.0],"pr_bundling":[0.0,0.13576234724779135,0.0,0.0,0.0,0.15518073013166633,0.15518073523984866,0.0,0.0,0.0,0.0,0.0,0.0,0.0,0.0,0.0,0.0,0.0,0.0,0.0,0.0,0.0,0.0,0.0,0.0,0.0,0.0,0.0,0.0,0.13576234724779135,0.0,0.0,0.0,0.15518073013166633,0.15518073523984866,0.0,0.0,0.0,0.0,0.0,0.0,0.0,0.0,0.0,0.0,0.0,0.0,0.0,0.0,0.0,0.0,0.0,0.0,0.0,0.0,0.0],"active_firms":[true,true,true,true,true,true,true,true,true,true,true,true,true,true,false,false,false,true,false,true,false,true,false,true,true,true,true,true,true,true,true,true,true,true,true,true,true,true,true,true,true,true,false,false,false,false,true,false,true,false,true,true,true,true,true,true,true,true,true,true,true,true,true,true,true,true,true,true,true,true],