{"modelname":"lbd","policy":"nolearning","smax":[5,1],"alpha":0.6,"beta":0.95,"c":1.0,"gamma":1.0,"sigma":8.0,"p0":1.5,"accuracy":1.0e-8,"cost_entry":[0.0,10.0],"value_exit":[0.0,1.0],"cost_merger":[0.0,1.0],"cost_bundling":[0.0,1.0],"entry":true,"exit":true,"mergers":true,"bundling":true,"filename":"a60g100s80","verbose":true,"firms":[1,2,3,4],"rival":[2,1,4,3],"partner":[3,4,1,2],"merger_pairs":[1,2,1,2,3,4,4,3],"outcomes":[1,0,1,0,1,0,0,0,0,0,1,0,1,0,1,0,0,0,1,0,0,1,0,0,1,0,0,0,1,1,0,0,0,0,1,0,0,0,0,0,1,1,1,1,2],"ownership":[0,3,0,3,0,0,4,4,0,1,0,1,0,0,2,2],"S":[1,1,1,1,1,1,1,1,1,1,1,1,1,1,0,0,0,1,0,1,0,1,0,1,1,1,1,1,1,1,1,1,1,1,1,1,1,1,1,1,1,1,0,0,0,0,1,0,1,0,1,1,1,1,1,1,0,1,1,0,0,1,1,1,1,0,1,3,1,3,0,0,1,0,0,0,0,1,1,0,0,0,1,1],"ms":14,"mc":[0.11912746872255614,0.11912746872255614,0.11912746872255614,0.11912746872255614,0.11912746872255614,0.11912746872255614,0.11912746872255614,0.11912746872255614,0.11912746872255614,0.11912746872255614,0.11912746872255614,0.11912746872255614,0.11912746872255614,0.11912746872255614,0.0,0.0,0.0,0.11912746872255614,0.0,0.11912746872255614,0.0,0.11912746872255614,0.0,0.11912746872255614,0.11912746872255614,0.11912746872255614,0.11912746872255614,0.11912746872255614,1.0,1.0,1.0,1.0,1.0,1.0,1.0,1.0,1.0,1.0,1.0,1.0,1.0,1.0,0.0,0.0,0.0,0.0,1.0,0.0,1.0,0.0,1.0,1.0,1.0,1.0,1.0,1.0],"P":[1.2405213826884869,1.240521382687512,0.9063958831689651,0.3691127510012639,1.2405213826900723,0.3691127510014361,1.240521382690037,0.9063958831725101,0.9063958831689651,0.3691127509992996,0.36911275100285795,0.3691127509996547,0.28640147811470157,0.24412733497236522,0.0,0.0,0.0,0.36911275248944764,0.0,0.36911275249076514,0.0,0.23825493744511228,0.0,0.3691127524890239,0.369112752490919,0.36911275248770004,0.31869186902049534,0.24412733448881424,1.4009925034690096,1.4009925034717636,1.787268414446409,1.4009925034691382,1.2364633310133277,1.4009925034696669,1.2364633310153554,1.787268414449954,1.787268414446409,1.2364633310130022,1.236463331012239,1.236463331012401,1.1672740093921454,1.124999866249809,0.0,0.0,0.0,0.0,1.236463332284961,0.0,1.2364633322869378,0.0,2.0,1.236463332284747,1.2364633322846432,1.2364633322846286,1.1995644050464536,1.124999865766258],"V":[13.916525449770333,17.937463481062718,13.42519495106343,2.808358895560779,15.918414724908308,10.288242132107074,14.889377871439416,11.411251323180517,11.41125135275925,2.4997050680757007,2.499705389323202,2.49970538498185,2.095480240504628,1.249997240445649,0.0,0.0,0.0,2.808358892745641,0.0,0.9072715250281627,0.0,0.6183530521651203,0.0,2.4997050531818457,2.4997050224101027,2.4997053701040284,1.4912877431385254,1.2499972452811405,9.305926103374023,8.014633621878037,13.42519495106343,12.7277627812402,2.2206339306861764,9.72526120604182,6.315282088088504,11.411251323180517,11.41125135275925,2.229266238114337,2.2292661906323428,2.229266186343401,2.095480240504628,1.249997240445649,0.0,0.0,0.0,0.0,2.2206339285858876,0.0,0.8776409289821202,0.0,0.6183530574565723,2.2292662274238344,2.2292661977665125,2.2292661756482937,1.491287776670786,1.2499972452811405],"D":[0.8885315869887614,0.8885315869895338,0.9206115743583618,0.49997057165816394,0.8885315869875049,0.49997057166045433,0.888531586987533,0.9206115743542164,0.9206115743583618,0.49997057166124526,0.4999705716579183,0.4999705716578878,0.6263615594592784,0.499999458918937,0.0,0.0,0.0,0.49997056570577947,0.0,0.4999705657034885,0.0,0.0,0.0,0.4999705657026986,0.4999705657060246,0.49997056570605636,0.3736357838348681,0.49999946278734064,0.6882734753356685,0.688273475330942,0.9206115743583618,0.6882734753354478,0.47137681132906956,0.6882734753345403,0.4713768113285419,0.9206115743542164,0.9206115743583618,0.4713768113293384,0.47137681133067544,0.47137681133032666,0.6263615594592784,0.499999458918937,0.0,0.0,0.0,0.0,0.4713768065337228,0.0,0.4713768065333861,0.0,0.0,0.4713768065335706,0.4713768065324209,0.4713768065327378,0.3736357838348681,0.49999946278734064],"Q":[0.6115527233222717,0.6115527233186036,0.9206115743583618,0.3441164829206151,0.41883318623932786,0.3441164829217378,0.4188331862388723,0.9206115743542164,0.9206115743583618,0.23567453382818426,0.23567453382728445,0.23567453382709574,0.6263615594592784,0.499999458918937,0.0,0.0,0.0,0.0,0.0,0.0,0.0,0.0,0.0,0.23567452862172084,0.23567452862271376,0.23567452862288715,0.3736357838348681,0.49999946278734064,0.0,0.0,0.0,0.0,0.41883318197851094,0.0,0.41883318197822506,0.0,0.0,0.23567453143044154,0.23567453142829836,0.2356745314284425,0.0,0.0,0.0,0.0,0.0,0.3441164788237465,0.0,0.34411647882171625,0.0,0.0,0.0,0.23567453101946353,0.23567453102169977,0.23567453102154043,0.0,0.0,0.2769788636664897,0.2769788636709303,0.0,0.15585408873754886,0.050865218769666126,0.15585408873871656,0.05086521877043575,0.0,0.0,0.028621506402619467,0.02862150640233545,0.028621506402349544,0.0,0.0,0.0,0.0,0.0,0.15585408688203292,0.0,0.1558540868817723,0.0,0.0,0.0,0.02862150606151423,0.02862150606161107,0.028621506061628776,0.0,0.0,0.07672075201339684,0.07672075201233837,0.0,4.051359108611287e-5,0.052543625089741704,4.051359108630075e-5,0.052543625089669636,0.0,0.0,2.7746481690555635e-5,2.7746481691239635e-5,2.7746481690506298e-5,0.0,0.0,0.0,0.0,0.0,0.0,0.05254362455521186,0.0,0.05254362455516106,0.0,0.0,2.7746481408264155e-5,2.774648140880177e-5,2.7746481408107566e-5,0.0,0.0,0.034747660997841746,0.03474766099812786,0.07938842564163814,1.8349044970532347e-5,0.006381163367541345,1.8349044970695082e-5,0.006381163367636105,0.07938842564578351,0.07938842564163814,3.369672957263029e-6,3.369672957325518e-6,3.3696729572408273e-6,2.656705853570765e-6,1.0782937222776532e-6],"PI":[0.9963939140156871,0.9963939140156871,0.72476841446612,0.124985284487013,0.9963939140156867,0.12498528448767166,0.9963939140156868,0.7247684144661198,0.72476841446612,0.12498528448680118,0.12498528448774857,0.1249852844861394,0.10477400937987019,0.062499865489844035,0.0,0.0,0.0,0.12498528374305255,0.0,0.12498528374313857,0.0,0.0,0.0,0.12498528374207053,0.12498528374384947,0.12498528374224802,0.0745644011308559,0.06249986573161874,0.27599250394616537,0.2759925039461656,0.72476841446612,0.2759925039461653,0.1114633309693127,0.2759925039461653,0.11146333097014376,0.7247684144661198,0.72476841446612,0.11146333096922284,0.11146333096917926,0.11146333096917309,0.10477400937987019,0.062499865489844035,0.0,0.0,0.0,0.0,0.11146333043480747,0.0,0.11146333043565969,0.0,0.0,0.11146333043467058,0.11146333043434983,0.11146333043441785,0.07456440290507078,0.06249986573161874],"CS":[0.41995537733141797,0.41995537733038857,0.3166753367662838,1.3632416287525864,0.6318006065298545,1.3632416287514777,0.6318006065279982,0.31667533675975656,0.3166753367662838,1.5750868579539687,1.5750868579516506,1.5750868579547923,1.6048029504419998,1.7175163316181579],"pr_entry":[0.0,0.0,0.0,0.0,0.0,0.0,0.0,0.0,0.0,0.0,0.0,0.0,0.0,0.0,0.07020897344465468,0.02268178750635922,0.015458825719637182,0.0,0.06249262551157288,0.0,0.06249262470174331,0.0,0.037282193210728135,0.0,0.0,0.0,0.0,0.0,0.0,0.0,0.0,0.0,0.0,0.0,0.0,0.0,0.0,0.0,0.0,0.0,0.0,0.0,0.05551584935223893,0.021941022614333283,0.015458825850858612,0.0557316551839252,0.0,0.05573165440347776,0.0,0.03728219404646619,0.0,0.0,0.0,0.0,0.0,0.0],"pr_exit":[0.0,0.0,0.0,0.0,0.0,0.25,0.0,0.25,0.0,0.0,0.0,0.0,0.0,0.0,0.0,0.0,0.0,0.0,0.0,0.02318212493640781,0.0,0.09541174280362819,0.0,0.0,0.0,0.0,0.0,0.0,0.0,0.0,0.0,0.0,0.0,0.0,0.25,0.0,0.25,0.0,0.0,0.0,0.0,0.0,0.0,0.0,0.0,0.0,0.0,0.0,0.030589773856667196,0.0,0.09541174149141388,0.0,0.0,0.0,0.0,0.0],"pr_merger":[0.25,0.0,0.0,0.25,0.25,0.0,0.0,0.0,0.0,7.20433184220326e-8,0.0,0.0,0.0,0.0,0.0,0.0,0.0,0.0,0.0,0.0,0.0,0.0,0.0,7.843939209273287e-8,8.567822529226277e-8,0.0,0.0,0.0,0.0,0.0,0.0,0.0,0.25,0.0,0.0,0.0,0.0,7.471593754804218e-8,0.0,0.0,0.0,0.0,0.0,0.0,0.0,0.25,0.0,0.0,0.0,0.0,0.0,7.57667729667233e-8,0.0,0.0,0.0,0.0],