{"modelname":"lbd","policy":"nolearning","smax":[5,1],"alpha":0.6,"beta":0.95,"c":1.0,"gamma":0.0,"sigma":4.0,"p0":1.5,"accuracy":1.0e-8,"cost_entry":[0.0,10.0],"value_exit":[0.0,1.0],"cost_merger":[0.0,1.0],"cost_bundling":[0.0,1.0],"entry":true,"exit":true,"mergers":true,"bundling":true,"filename":"a60g0s40","verbose":true,"firms":[1,2,3,4],"rival":[2,1,4,3],"partner":[3,4,1,2],"merger_pairs":[1,2,1,2,3,4,4,3],"outcomes":[1,0,1,0,1,0,0,0,0,0,1,0,1,0,1,0,0,0,1,0,0,1,0,0,1,0,0,0,1,1,0,0,0,0,1,0,0,0,0,0,1,1,1,1,2],"ownership":[0,3,0,3,0,0,4,4,0,1,0,1,0,0,2,2],"S":[1,1,1,1,1,1,1,1,1,1,1,1,1,1,0,0,0,1,0,1,0,1,0,1,1,1,1,1,1,1,1,1,1,1,1,1,1,1,1,1,1,1,0,0,0,0,1,0,1,0,1,1,1,1,1,1,0,1,1,0,0,1,1,1,1,0,1,3,1,3,0,0,1,0,0,0,0,1,1,0,0,0,1,1],"ms":14,"mc":[0.11912746872255614,0.11912746872255614,0.11912746872255614,0.11912746872255614,0.11912746872255614,0.11912746872255614,0.11912746872255614,0.11912746872255614,0.11912746872255614,0.11912746872255614,0.11912746872255614,0.11912746872255614,0.11912746872255614,0.11912746872255614,0.0,0.0,0.0,0.11912746872255614,0.0,0.11912746872255614,0.0,0.11912746872255614,0.0,0.11912746872255614,0.11912746872255614,0.11912746872255614,0.11912746872255614,0.11912746872255614,1.0,1.0,1.0,1.0,1.0,1.0,1.0,1.0,1.0,1.0,1.0,1.0,1.0,1.0,0.0,0.0,0.0,0.0,1.0,0.0,1.0,0.0,1.0,1.0,1.0,1.0,1.0,1.0],"P":[0.953441514964834,0.6012432083983504,0.8601853385604532,0.5375061413212313,1.400590071986859,0.11912749614558626,1.654586265532703,0.8601853385595304,0.8601853385604532,0.6155938566349775,0.6133265557026925,0.6122891861216875,0.4516557205497332,0.36863242379098665,0.0,0.0,0.0,0.5375061440777621,0.0,0.42736064992214495,0.0,0.23825493744511228,0.0,0.6155938586013165,0.6144970120447624,0.6122891842538454,0.5166385071206782,0.3686324246647517,1.8343140609994424,2.0,1.7410578698378971,2.281462610741359,1.4183786841821742,2.5354588046384077,1.0000000289718125,1.7410578698369743,1.7410578698378971,1.4964663957879782,1.4941990951931476,1.4931617235451802,1.332528251827177,1.2495049550684305,0.0,0.0,0.0,0.0,1.4183786824427853,0.0,1.308233182119155,0.0,2.0,1.496466393853069,1.4953695474496125,1.4931617214355,1.3975110470487315,1.2495049559421956],"V":[8.46793256990588,7.864245716742822,9.362198311476908,3.6082878714147566,10.19541335115618,3.552278139882637,11.270427027271335,7.553056288764997,7.553056331975274,4.929316221040394,4.918759158545947,4.897414144636114,4.1505560502942,2.4900946037207463,0.0,0.0,0.0,3.6082878686627065,0.0,2.5915500181473514,0.0,1.7216463579687549,0.0,4.929316201793132,4.907379324149152,4.897414162677622,2.9502142125155704,2.490094595034982,8.46793259957686,10.351438553623488,9.362198311476908,10.195413326764813,3.6082878839525026,11.27042762388749,3.552278810735842,7.553056288764997,7.553056331975274,4.92931626077453,4.918759842852586,4.897415067827757,4.1505560502942,2.4900946037207463,0.0,0.0,0.0,0.0,3.6082878862436325,0.0,2.591550020841356,0.0,1.7216463798327961,4.929316279714154,4.907379405230402,4.8974150882051894,2.9502142767179054,2.490094595034982],"D":[0.7003526469479782,0.8313222150618568,0.8313222150618568,0.40245521322119143,0.8049104208375144,0.6482565112176195,0.8371822218013358,0.831322215062892,0.8313222150618568,0.49644124334064355,0.49765072849725905,0.49653344725231585,0.6240920904740143,0.4990079456692964,0.0,0.0,0.0,0.4024552087836704,0.0,0.18892570708252016,0.0,0.0,0.0,0.4964412394359563,0.49532626031501764,0.4965334509621001,0.3710866566460804,0.4990079421811708,0.7003526469479782,0.8313222150618568,0.8313222150618568,0.8049104220048618,0.4024552090187048,0.8371822183001396,0.6482565135605111,0.831322215062892,0.8313222150618568,0.4964412394671621,0.4976507244403694,0.4965334470121544,0.6240920904740143,0.4990079456692964,0.0,0.0,0.0,0.0,0.4024552118188096,0.0,0.18892570824082477,0.0,0.0,0.49644124330943773,0.4953262643719073,0.49653345120226156,0.3710866566460804,0.4990079421811708],"Q":[0.7003526469479782,0.8313222150618568,0.8313222150618568,0.40245521322119143,0.4024552090187048,0.6482565112176195,0.6482565135605111,0.831322215062892,0.8313222150618568,0.24822062070975287,0.24940783960277482,0.24826672257863125,0.6240920904740143,0.4990079456692964,0.0,0.0,0.0,0.0,0.0,0.0,0.0,0.0,0.0,0.24822062067854705,0.2470833754774231,0.24826672652857698,0.3710866566460804,0.4990079421811708,0.0,0.0,0.0,0.0,0.4024552118188096,0.0,0.18892570824082477,0.0,0.0,0.2482206226308907,0.24824288889448423,0.2482667246736846,0.0,0.0,0.0,0.0,0.0,0.4024552087836704,0.0,0.18892570708252016,0.0,0.0,0.0,0.24822061875740925,0.24824288483759455,0.24826672443352316,0.0,0.0,0.0,0.0,0.0,0.0,0.0,0.0,0.0,0.0,0.0,0.0,0.0,0.0,0.0,0.0,0.0,0.0,0.0,0.0,0.0,0.0,0.0,0.0,0.0,0.0,0.0,0.0,0.0,0.0,0.0,0.0,0.0,0.0,0.0,0.0,0.0,0.0,0.0,0.0,0.0,0.0,0.0,0.0,0.0,0.0,0.0,0.0,0.0,0.0,0.0,0.0,0.0,0.0,0.0,0.0,0.0,0.0,0.2996473530520218,0.16867778493814323,0.16867778493814323,0.19508957799513818,0.19508957916248562,0.16281778169986047,0.1628177781986643,0.168677784937108,0.16867778493814323,0.007117517223400087,0.007023011187723235,0.006933101785584056,0.0048212528799052344,0.0019841121495328554],"PI":[0.5843140506716571,0.40079352462346685,0.6160578698426618,0.16837867788789887,1.0314626032810068,1.777715783551425e-8,1.2854588069979247,0.6160578698426618,0.6160578698426618,0.2464663908920807,0.24593853565834514,0.24487128759306306,0.2075282518244924,0.12450495506300761,0.0,0.0,0.0,0.1683786771407149,0.0,0.05823317170442687,0.0,0.0,0.0,0.24646638992970654,0.24536954336774652,0.24487128849514056,0.1475110422190708,0.12450495462871869,0.5843140610068764,0.8313222150618568,0.6160578698426618,1.0314626107952793,0.16837868079150758,1.2854588081756628,1.8781166165765934e-8,0.6160578698426618,0.6160578698426618,0.24646639287877858,0.245938537740645,0.24487129052634346,0.2075282518244924,0.12450495506300761,0.0,0.0,0.0,0.0,0.16837868126298564,0.0,0.0582331722351845,0.0,0.0,0.2464663938257705,0.24536954742181882,0.24487129154521714,0.14751104542919655,0.12450495462871869],"CS":[0.30128724639564863,0.4449412454824313,0.4449412454824313,0.4085741128911091,0.40857411139519684,0.45378090179440234,0.4537809071703447,0.44494124548396563,0.4449412454824313,1.2362990797371178,1.239640802198632,1.2428619944526589,1.3336803627765532,1.5556459361836898],"pr_entry":[0.0,0.0,0.0,0.0,0.0,0.0,0.0,0.0,0.0,0.0,0.0,0.0,0.0,0.0,0.09020717248004359,0.0647887268072018,0.043041146589187895,0.0,0.12323288978587965,0.0,0.12268446791530015,0.0,0.07375534658675001,0.0,0.0,0.0,0.0,0.0,0.0,0.0,0.0,0.0,0.0,0.0,0.0,0.0,0.0,0.0,0.0,0.0,0.0,0.0,0.09020717291956683,0.06478872687455223,0.043041147135788584,0.12323289173390481,0.0,0.12268446994233113,0.0,0.07375534819180814,0.0,0.0,0.0,0.0,0.0,0.0],"pr_exit":[0.0,0.0,0.0,0.0,0.0,0.25,0.0,0.25,0.0,0.0,0.0,0.0,0.0,0.0,0.0,0.0,0.0,0.0,0.0,0.0,0.0,0.0,0.0,0.0,0.0,0.0,0.0,0.0,0.0,0.0,0.0,0.0,0.0,0.0,0.25,0.0,0.25,0.0,0.0,0.0,0.0,0.0,0.0,0.0,0.0,0.0,0.0,0.0,0.0,0.0,0.0,0.0,0.0,0.0,0.0,0.0],"pr_merger":[0.25,0.0,0.0,0.2233905017600123,0.2233905105527907,0.0,0.0,0.0,0.0,0.0,0.0,0.0,0.0,0.0,0.0,0.0,0.0,0.0,0.0,0.0,0.0,0.0,0.0,0.0,0.0,0.0,0.0,0.0,0.0,0.0,0.0,0.0,0.22339050946709849,0.0,0.0,0.0,0.0,0.0,0.0,0.0,0.0,0.0,0.0,0.0,0.0,0.2233905029562122,0.0,0.0,0.0,0.0,0.0,0.0,0.0,0.0,0.0,0.0],"pr_bundling":[0.0,0.1592239323742839,0.0,0.0,0.0,0.0982767056094993,0.09827670954313594,0.0,0.0,0.0,0.0,0.0,0.0,0.0,0.0,0.0,0.0,0.0,0.0,0.0,0.0,0.0,0.0,0.0,0.0,0.0,0.0,0.0,0.0,0.1592239323742839,0.0,0.0,0.0,0.0982767056094993,0.09827670954313594,0.0,0.0,0.0,0.0,0.0,0.0,0.0,0.0,0.0,0.0,0.0,0.0,0.0,0.0,0.0,0.0,0.0,0.0,0.0,0.0,0.0],"active_firms":[true,true,true,true,true,true,true,true,true,true,true,true,true,true,false,false,false,true,false,true,false,true,false,true,true,true,true,true,true,true,true,true,true,true,true,true,true,true,true,true,true,true,false,false,false,false,true,false,true,false,true,true,true,true,true,true,true,true,true,true,true,true,true,true,true,true,true,true,true,true],