{"modelname":"lbd","policy":"nolearning","smax":[5,1],"alpha":0.6,"beta":0.95,"c":1.0,"gamma":1.0,"sigma":6.0,"p0":1.5,"accuracy":1.0e-8,"cost_entry":[0.0,10.0],"value_exit":[0.0,1.0],"cost_merger":[0.0,1.0],"cost_bundling":[0.0,1.0],"entry":true,"exit":true,"mergers":true,"bundling":true,"filename":"a60g100s60","verbose":true,"firms":[1,2,3,4],"rival":[2,1,4,3],"partner":[3,4,1,2],"merger_pairs":[1,2,1,2,3,4,4,3],"outcomes":[1,0,1,0,1,0,0,0,0,0,1,0,1,0,1,0,0,0,1,0,0,1,0,0,1,0,0,0,1,1,0,0,0,0,1,0,0,0,0,0,1,1,1,1,2],"ownership":[0,3,0,3,0,0,4,4,0,1,0,1,0,0,2,2],"S":[1,1,1,1,1,1,1,1,1,1,1,1,1,1,0,0,0,1,0,1,0,1,0,1,1,1,1,1,1,1,1,1,1,1,1,1,1,1,1,1,1,1,0,0,0,0,1,0,1,0,1,1,1,1,1,1,0,1,1,0,0,1,1,1,1,0,1,3,1,3,0,0,1,0,0,0,0,1,1,0,0,0,1,1],"ms":14,"mc":[0.11912746872255614,0.11912746872255614,0.11912746872255614,0.11912746872255614,0.11912746872255614,0.11912746872255614,0.11912746872255614,0.11912746872255614,0.11912746872255614,0.11912746872255614,0.11912746872255614,0.11912746872255614,0.11912746872255614,0.11912746872255614,0.0,0.0,0.0,0.11912746872255614,0.0,0.11912746872255614,0.0,0.11912746872255614,0.0,0.11912746872255614,0.11912746872255614,0.11912746872255614,0.11912746872255614,0.11912746872255614,1.0,1.0,1.0,1.0,1.0,1.0,1.0,1.0,1.0,1.0,1.0,1.0,1.0,1.0,0.0,0.0,0.0,0.0,1.0,0.0,1.0,0.0,1.0,1.0,1.0,1.0,1.0,1.0],"P":[1.213822288422596,1.2138222884264034,0.8843905646804611,0.4521513464799967,1.213822288424623,0.45215134648146144,1.2138222884286434,0.8843905646784409,0.8843905646804611,0.4521513464828621,0.45215134648308397,0.45215134647790167,0.34212816427696763,0.28578640703496366,0.0,0.0,0.0,0.45215134863742834,0.0,0.4521513486388247,0.0,0.23825493744511228,0.0,0.45215134864010575,0.4521513486399156,0.45215134863507694,0.38518822232116773,0.28578640593439203,1.4261909331775915,1.426190933177179,1.765263095957905,1.4261909331777833,1.295541562688114,1.4261909331796498,1.2955415626854536,1.7652630959558848,1.765263095957905,1.2955415626882612,1.2955415626866225,1.2955415626875413,1.2230006955544115,1.1666589383124075,0.0,0.0,0.0,0.0,1.2955415604140965,0.0,1.295541560413496,0.0,2.0,1.295541560414465,1.2955415604146674,1.2955415604161031,1.266060759297968,1.166658937211836],"V":[11.780013095638665,14.580264577315361,11.23141751237694,2.869734451833489,11.6675742918615,7.230758635076881,11.257982908686511,8.583936710057882,8.583936774097833,3.327143185146753,3.3271434586727846,3.3271434484858142,2.7933465686985506,1.666511777032698,0.0,0.0,0.0,2.8697344475619495,0.0,1.3515141509528654,0.0,0.965436251291228,0.0,3.32714316363506,3.3271431402894445,3.327143426974129,1.9878812366456309,1.666511788036885,7.365148870191235,6.958040515664836,11.23141751237694,8.90389163881799,2.205929863021224,7.6558524550906295,4.6048090655260605,8.583936710057882,8.583936774097833,2.577497154911359,2.5774970417353935,2.577497028930939,2.7933465686985506,1.666511777032698,0.0,0.0,0.0,0.0,2.20592986636607,0.0,1.2638034356749668,0.0,0.965436249882579,2.5774971702447176,2.57749714826898,2.577497044248866,1.9878812556469934,1.666511788036885],"D":[0.8477505672677919,0.8477505672648433,0.8911049889112956,0.4995353949569986,0.847750567266222,0.4995353949568926,0.8477505672631084,0.8911049889136481,0.8911049889112956,0.49953539495670973,0.49953539495609156,0.499535394956621,0.6263090815142542,0.49997680389867083,0.0,0.0,0.0,0.4995353884907181,0.0,0.49953538849081613,0.0,0.0,0.0,0.49953538849099177,0.4995353884916096,0.4995353884911082,0.37357667038252174,0.4999768105017944,0.6089389667786749,0.6089389667792643,0.8911049889112956,0.6089389667784008,0.43606351596278603,0.6089389667757342,0.43606351596602627,0.8911049889136481,0.8911049889112956,0.43606351596298937,0.43606351596563786,0.4360635159659203,0.6263090815142542,0.49997680389867083,0.0,0.0,0.0,0.0,0.4360635219124823,0.0,0.43606352191033293,0.0,0.0,0.43606352191210623,0.43606352190993825,0.43606352190886816,0.37357667038252174,0.4999768105017944],"Q":[0.5162283545180847,0.5162283545167888,0.8911049889112956,0.3041865672743551,0.36967309302155504,0.3041865672729585,0.36967309302294443,0.8911049889136481,0.8911049889112956,0.21782916067278338,0.21782916067383687,0.21782916067420885,0.6263090815142542,0.49997680389867083,0.0,0.0,0.0,0.0,0.0,0.0,0.0,0.0,0.0,0.21782916082511405,0.21782916082430054,0.21782916082354728,0.37357667038252174,0.4999768105017944,0.0,0.0,0.0,0.0,0.36967309806541343,0.0,0.3696730980622336,0.0,0.0,0.2178291636445778,0.21782916364322527,0.21782916364292165,0.0,0.0,0.0,0.0,0.0,0.30418656333678495,0.0,0.3041865633355126,0.0,0.0,0.0,0.2178291578533197,0.21782915785491216,0.21782915785483453,0.0,0.0,0.3315222127497071,0.3315222127480545,0.0,0.1953488276826435,0.10840437617925341,0.1953488276839341,0.10840437617793043,0.0,0.0,0.06387707063934853,0.0638770706390294,0.06387707063949058,0.0,0.0,0.0,0.0,0.0,0.19534882515393315,0.0,0.19534882515530358,0.0,0.0,0.0,0.06387706981255802,0.06387706981239695,0.06387706981272641,0.0,0.0,0.09271061226059017,0.09271061226247548,0.0,0.0005658361672607172,0.06639042294123101,0.0005658361672630916,0.06639042294308183,0.0,0.0,0.00040519743688634903,0.00040519743688884773,0.00040519743687694005,0.0,0.0,0.0,0.0,0.0,0.0,0.06639042384706889,0.0,0.06639042384809934,0.0,0.0,0.00040519744241436685,0.0004051974424123915,0.0004051974423992256,0.0,0.0,0.05953882047161793,0.05953882047268125,0.10889501108870434,0.0003633803850224788,0.01946858594547831,0.0003633803850280728,0.019468585945710354,0.10889501108635197,0.10889501108870434,0.00011882167299791745,0.00011882167299748212,0.00011882167299464542,0.00011424810322406061,4.638559953484726e-5],"PI":[0.928028154385822,0.928028154385822,0.6819297626377927,0.1663572143056743,0.9280281543858219,0.16635721430637068,0.9280281543858216,0.6819297626377927,0.6819297626377927,0.16635721430700945,0.1663572143069144,0.166357214304502,0.1396673608097233,0.08332560331858326,0.0,0.0,0.0,0.16635721322996194,0.0,0.16635721323069214,0.0,0.0,0.0,0.16635721323139055,0.1663572132315013,0.16635721322891725,0.09939409044883385,0.08332560386879252,0.2595242664996018,0.2595242664996018,0.6819297626377927,0.2595242664996018,0.1288748929389151,0.259524266499602,0.12887489293871265,0.6819297626377927,0.6819297626377927,0.1288748929390394,0.12887489293910756,0.1288748929395917,0.1396673608097233,0.08332560331858326,0.0,0.0,0.0,0.0,0.1288748937056816,0.0,0.12887489370478455,0.0,0.0,0.12887489370573119,0.12887489370517866,0.12887489370548846,0.09939409257798046,0.08332560386879252],"CS":[0.4701877890465087,0.4701877890435324,0.3695618436583743,1.3200100632886225,0.6564921815977343,1.320010063286057,0.6564921815957478,0.36956184366197453,0.3695618436583743,1.5063144558386898,1.5063144558393002,1.5063144558432793,1.5128563550508938,1.663086916959088],"pr_entry":[0.0,0.0,0.0,0.0,0.0,0.0,0.0,0.0,0.0,0.0,0.0,0.0,0.0,0.0,0.07174336231891133,0.033787852553590576,0.024135905125920044,0.0,0.08317857764220177,0.0,0.08317857702784053,0.0,0.049697030163073606,0.0,0.0,0.0,0.0,0.0,0.0,0.0,0.0,0.0,0.0,0.0,0.0,0.0,0.0,0.0,0.0,0.0,0.0,0.0,0.05514824816080081,0.03159508469220504,0.024135905075634827,0.06443742832997328,0.0,0.06443742775167892,0.0,0.049697030607079286,0.0,0.0,0.0,0.0,0.0,0.0],"pr_exit":[0.0,0.0,0.0,0.0,0.0,0.25,0.0,0.25,0.0,0.0,0.0,0.0,0.0,0.0,0.0,0.0,0.0,0.0,0.0,0.0,0.0,0.008640948740799542,0.0,0.0,0.0,0.0,0.0,0.0,0.0,0.0,0.0,0.0,0.0,0.0,0.25,0.0,0.25,0.0,0.0,0.0,0.0,0.0,0.0,0.0,0.0,0.0,0.0,0.0,0.0,0.0,0.008640949243651719,0.0,0.0,0.0,0.0,0.0],"pr_merger":[0.25,0.0,0.0,0.25,0.25,0.0,0.0,0.0,0.0,4.219739402344658e-8,0.0,0.0,0.0,0.0,0.0,0.0,0.0,0.0,0.0,0.0,0.0,0.0,0.0,4.3741975486177864e-8,4.8070223579443905e-8,0.0,0.0,0.0,0.0,0.0,0.0,0.0,0.25,0.0,0.0,0.0,0.0,3.836406026191952e-8,0.0,0.0,0.0,0.0,0.0,0.0,0.0,0.25,0.0,0.0,0.0,0.0,0.0,4.757530924770492e-8,0.0,0.0,0.0,0.0],