{"modelname":"lbd","policy":"nolearning","smax":[5,1],"alpha":0.6,"beta":0.95,"c":1.0,"gamma":1.0,"sigma":2.0,"p0":1.5,"accuracy":1.0e-8,"cost_entry":[0.0,10.0],"value_exit":[0.0,1.0],"cost_merger":[0.0,1.0],"cost_bundling":[0.0,1.0],"entry":true,"exit":true,"mergers":true,"bundling":true,"filename":"a60g100s20","verbose":true,"firms":[1,2,3,4],"rival":[2,1,4,3],"partner":[3,4,1,2],"merger_pairs":[1,2,1,2,3,4,4,3],"outcomes":[1,0,1,0,1,0,0,0,0,0,1,0,1,0,1,0,0,0,1,0,0,1,0,0,1,0,0,0,1,1,0,0,0,0,1,0,0,0,0,0,1,1,1,1,2],"ownership":[0,3,0,3,0,0,4,4,0,1,0,1,0,0,2,2],"S":[1,1,1,1,1,1,1,1,1,1,1,1,1,1,0,0,0,1,0,1,0,1,0,1,1,1,1,1,1,1,1,1,1,1,1,1,1,1,1,1,1,1,0,0,0,0,1,0,1,0,1,1,1,1,1,1,0,1,1,0,0,1,1,1,1,0,1,3,1,3,0,0,1,0,0,0,0,1,1,0,0,0,1,1],"ms":14,"mc":[0.11912746872255614,0.11912746872255614,0.11912746872255614,0.11912746872255614,0.11912746872255614,0.11912746872255614,0.11912746872255614,0.11912746872255614,0.11912746872255614,0.11912746872255614,0.11912746872255614,0.11912746872255614,0.11912746872255614,0.11912746872255614,0.0,0.0,0.0,0.11912746872255614,0.0,0.11912746872255614,0.0,0.11912746872255614,0.0,0.11912746872255614,0.11912746872255614,0.11912746872255614,0.11912746872255614,0.11912746872255614,1.0,1.0,1.0,1.0,1.0,1.0,1.0,1.0,1.0,1.0,1.0,1.0,1.0,1.0,0.0,0.0,0.0,0.0,1.0,0.0,1.0,0.0,1.0,1.0,1.0,1.0,1.0,1.0],"P":[1.32651484019415,1.3265148401889901,0.880603689875606,0.9871652125536484,1.3265148401919973,0.9871652125779117,1.326514840186673,0.8806036898757246,0.880603689875606,0.9871652125626946,0.9871652125780553,0.9871652125540824,0.6911241046025813,0.5863927809117946,0.0,0.0,0.0,0.9871652088312016,0.0,0.9871652088348848,0.0,0.23825493744511228,0.0,0.9871652088278554,0.9871652088411658,0.9871652088306591,0.8417941347490447,0.5863927790257486,1.7835716455543185,1.783571645541934,1.76147622115305,1.7835716455545012,1.7005290697113422,1.7835716455559518,1.7005290697016848,1.7614762211531685,1.76147622115305,1.7005290697126776,1.7005290697169226,1.7005290697101114,1.5719966358800253,1.4672653121892385,0.0,0.0,0.0,0.0,1.7005290766185337,0.0,1.7005290766191357,0.0,2.0,1.7005290766166055,1.7005290766180872,1.70052907661766,1.7226666886346977,1.4672653103031925],"V":[8.64571394865455,10.57803154230716,8.320798512884602,5.161080233383585,9.05968626526139,8.50552228374033,10.014643378199908,7.656352063456891,7.656352019817472,5.609013895773049,7.733281905298841,7.360739293179981,6.439917255203198,4.345297315252377,0.0,0.0,0.0,5.161080236038059,0.0,3.706080765662504,0.0,3.0238322118153476,0.0,5.609013897301698,4.914685054934585,7.360739316420588,4.45332387094085,4.345297330494958,6.208944411460314,5.51192364712372,8.320798512884602,7.124757296914857,4.2961092946705834,5.678344417117782,4.629075370856387,7.656352063456891,7.656352019817472,4.987510859940754,4.383115338926298,4.010572726818671,6.439917255203198,4.345297315252377,0.0,0.0,0.0,0.0,4.29610929287384,0.0,3.500525856235402,0.0,3.0238321033365105,4.9875108589012775,4.580410616655302,4.010572710958372,4.453323755900024,4.345297330494958],"D":[0.585882697027201,0.5858826970297049,0.6716903390242449,0.423988180755001,0.5858826970282456,0.42398818074447386,0.5858826970308293,0.6716903390241402,0.6716903390242449,0.42398818074937944,0.4239881807466621,0.423988180754594,0.5629344923908776,0.46497204877070386,0.0,0.0,0.0,0.4239881839115479,0.0,0.42398818391847237,0.0,0.0,0.0,0.42398818391643484,0.4239881839154561,0.423988183911969,0.3081180845895058,0.4649720522785385,0.361896256473505,0.36189625647922474,0.6716903390242449,0.3618962564734205,0.28625374497929157,0.3618962564727504,0.28625374498333644,0.6716903390241402,0.6716903390242449,0.28625374497842987,0.28625374497693806,0.2862537449796512,0.5629344923908776,0.46497204877070386,0.0,0.0,0.0,0.0,0.2862537410248726,0.0,0.286253741023044,0.0,0.0,0.28625374102587947,0.28625374102596957,0.2862537410250281,0.3081180845895058,0.4649720522785385],"Q":[0.2120287547867448,0.21202875479100203,0.6716903390242449,0.15343973540421083,0.167711116142903,0.15343973540011707,0.16771111614601236,0.6716903390241402,0.6716903390242449,0.12136820456610124,0.12136820456469087,0.1213682045681118,0.5629344923908776,0.46497204877070386,0.0,0.0,0.0,0.0,0.0,0.0,0.0,0.0,0.0,0.12136820379684807,0.12136820379660612,0.12136820379520877,0.3081180845895058,0.4649720522785385,0.0,0.0,0.0,0.0,0.16771111382607734,0.0,0.16771111382574547,0.0,0.0,0.12136820289026665,0.12136820288952699,0.12136820289139835,0.0,0.0,0.0,0.0,0.0,0.15343973654655335,0.0,0.15343973654877516,0.0,0.0,0.0,0.12136820547268277,0.12136820547177012,0.12136820547192223,0.0,0.0,0.3738539422404562,0.37385394223870283,0.0,0.27054844535079015,0.25046046705926533,0.2705484453443568,0.2504604670590714,0.0,0.0,0.18125177329301156,0.1812517732924442,0.18125177329508388,0.0,0.0,0.0,0.0,0.0,0.27054844736499456,0.0,0.27054844736969724,0.0,0.0,0.0,0.181251774646904,0.1812517746470799,0.18125177464483805,0.0,0.0,0.14986750168676016,0.14986750168822272,0.0,0.055016784522656355,0.11854262883638861,0.05501678452385824,0.1185426288373241,0.0,0.0,0.04351733493964583,0.04351733494047708,0.04351733493961718,0.0,0.0,0.0,0.0,0.0,0.0,0.11854262719879528,0.0,0.11854262719729854,0.0,0.0,0.04351733433876478,0.043517334339836476,0.043517334338420956,0.0,0.0,0.2642498012860388,0.26424980128207226,0.32830966097575515,0.09700685081079469,0.1770320469365705,0.09700685081319538,0.1770320469345483,0.32830966097585973,0.32830966097575515,0.06498896605577524,0.06498896605756833,0.06498896605539888,0.12894742301961665,0.07005589895075773],"PI":[0.7073873695543604,0.7073873695543605,0.511476221145193,0.36803774383362037,0.7073873695543604,0.3680377438347698,0.7073873695543607,0.5114762211451929,0.511476221145193,0.3680377438325762,0.36803774383673016,0.3680377438334511,0.32199663586841165,0.21726530952811274,0.0,0.0,0.0,0.3680377449953488,0.0,0.36803774500292114,0.0,0.0,0.0,0.36803774499817205,0.368037745002966,0.3680377449954843,0.22266666893276577,0.2172653102902435,0.283571645204892,0.2835716452048919,0.511476221145193,0.2835716452048919,0.20052906967173093,0.2835716452048918,0.2005290696718,0.5114762211451929,0.511476221145193,0.20052906967150952,0.20052906967167963,0.20052906967163056,0.32199663586841165,0.21726530952811277,0.0,0.0,0.0,0.0,0.20052906887875488,0.0,0.2005290688776462,0.0,0.0,0.20052906887890826,0.2005290688793955,0.2005290688786137,0.22266667589876385,0.21726531029024354],"CS":[0.6654302031121788,0.6654302031196839,0.5568990138141916,1.1664868380286542,0.8657122533290882,1.1664868380162803,0.8657122533347996,0.5568990138140322,0.5568990138141916,1.3667688882421212,1.3667688882283258,1.3667688882450169,1.0241752655962297,1.3292308995849664],"pr_entry":[0.0,0.0,0.0,0.0,0.0,0.0,0.0,0.0,0.0,0.0,0.0,0.0,0.0,0.0,0.1290269887198987,0.09265200272062832,0.07559578866209805,0.0,0.14022533254331834,0.0,0.12286711518403792,0.0,0.11133308426337066,0.0,0.0,0.0,0.0,0.0,0.0,0.0,0.0,0.0,0.0,0.0,0.0,0.0,0.0,0.0,0.0,0.0,0.0,0.0,0.10740271407997634,0.08751312995946291,0.07559578572287487,0.1246877549737476,0.0,0.1145102526174969,0.0,0.11133308105266473,0.0,0.0,0.0,0.0,0.0,0.0],"pr_exit":[0.0,0.0,0.0,0.0,0.0,0.25,0.0,0.25,0.0,0.0,0.0,0.0,0.0,0.0,0.0,0.0,0.0,0.0,0.0,0.0,0.0,0.0,0.0,0.0,0.0,0.0,0.0,0.0,0.0,0.0,0.0,0.0,0.0,0.0,0.25,0.0,0.25,0.0,0.0,0.0,0.0,0.0,0.0,0.0,0.0,0.0,0.0,0.0,0.0,0.0,0.0,0.0,0.0,0.0,0.0,0.0],"pr_merger":[0.25,0.0,0.0,0.25,0.25,0.0,0.0,0.0,0.0,0.25,0.0,0.0,0.0,0.0,0.0,0.0,0.0,0.0,0.0,0.0,0.0,0.0,0.0,0.25,0.25,0.0,0.0,0.0,0.0,0.0,0.0,0.0,0.25,0.0,0.0,0.0,0.0,0.25,0.0,0.0,0.0,0.0,0.0,0.0,0.0,0.25,0.0,0.0,0.0,0.0,0.0,0.25,0.0,0.0,0.0,0.0],"pr_bundling":[0.0,0.16347300444845247,0.0,0.0,0.0,0.25,0.17716277831276983,0.0,0.0,0.0,0.23742710683900414,0.0,0.0,0.0,0.0,0.0,0.0,0.0,0.0,0.0,0.0,0.0,0.0,0.0,0.0,0.0,0.0,0.0,0.0,0.16347300444845247,0.0,0.0,0.0,0.25,0.17716277831276983,0.0,0.0,0.0,0.23742710683900414,0.0,0.0,0.0,0.0,0.0,0.0,0.0,0.0,0.0,0.0,0.0,0.0,0.0,0.0,0.0,0.0,0.0],