{"modelname":"lbd","policy":"nolearning","smax":[5,1],"alpha":0.6,"beta":0.95,"c":1.0,"gamma":1.0,"sigma":10.0,"p0":1.5,"accuracy":1.0e-8,"cost_entry":[0.0,10.0],"value_exit":[0.0,1.0],"cost_merger":[0.0,1.0],"cost_bundling":[0.0,1.0],"entry":true,"exit":true,"mergers":true,"bundling":true,"filename":"a60g100s100","verbose":true,"firms":[1,2,3,4],"rival":[2,1,4,3],"partner":[3,4,1,2],"merger_pairs":[1,2,1,2,3,4,4,3],"outcomes":[1,0,1,0,1,0,0,0,0,0,1,0,1,0,1,0,0,0,1,0,0,1,0,0,1,0,0,0,1,1,0,0,0,0,1,0,0,0,0,0,1,1,1,1,2],"ownership":[0,3,0,3,0,0,4,4,0,1,0,1,0,0,2,2],"S":[1,1,1,1,1,1,1,1,1,1,1,1,1,1,0,0,0,1,0,1,0,1,0,1,1,1,1,1,1,1,1,1,1,1,1,1,1,1,1,1,1,1,0,0,0,0,1,0,1,0,1,1,1,1,1,1,0,1,1,0,0,1,1,1,1,0,1,3,1,3,0,0,1,0,0,0,0,1,1,0,0,0,1,1],"ms":14,"mc":[0.11912746872255614,0.11912746872255614,0.11912746872255614,0.11912746872255614,0.11912746872255614,0.11912746872255614,0.11912746872255614,0.11912746872255614,0.11912746872255614,0.11912746872255614,0.11912746872255614,0.11912746872255614,0.11912746872255614,0.11912746872255614,0.0,0.0,0.0,0.11912746872255614,0.0,0.11912746872255614,0.0,0.11912746872255614,0.0,0.11912746872255614,0.11912746872255614,0.11912746872255614,0.11912746872255614,0.11912746872255614,1.0,1.0,1.0,1.0,1.0,1.0,1.0,1.0,1.0,1.0,1.0,1.0,1.0,1.0,0.0,0.0,0.0,0.0,1.0,0.0,1.0,0.0,1.0,1.0,1.0,1.0,1.0,1.0],"P":[1.2652339720921844,1.265233972088287,0.9238475389754341,0.3191267228960129,1.2652339720922332,0.319126722891952,1.2652339720924444,0.9238475389760881,0.9238475389754341,0.3191267228951487,0.31912672289678434,0.31912672289636135,0.25294711351814986,0.21912746668383948,0.0,0.0,0.0,0.31912672387705004,0.0,0.3191267238757557,0.0,0.23825493744511228,0.0,0.31912672387714075,0.3191267238780103,0.31912672387879204,0.27877933834601804,0.21912746712169767,1.392627106212745,1.392627106210329,1.804720070252878,1.392627106212829,1.1954584207385264,1.392627106212242,1.1954584207388925,1.804720070253532,1.804720070252878,1.1954584207388055,1.1954584207383914,1.1954584207367125,1.1338196447955937,1.0999999979612833,0.0,0.0,0.0,0.0,1.1954584214393573,0.0,1.1954584214366688,0.0,2.0,1.19545842144015,1.1954584214398454,1.195458421438494,1.1596518734156587,1.0999999983991415],"V":[15.11256630755852,20.30229740980465,14.52990300277459,2.7488919992879555,18.881792731981413,13.737345793648116,17.61704684309153,12.924812867626208,12.924812897976249,1.9999840312451764,1.9999851335736445,1.9999851096920687,1.6763955374176998,1.0000057953022377,0.0,0.0,0.0,2.7488919975191224,0.0,0.6593550570677259,0.0,0.4315365518226655,0.0,1.9999840214279894,1.9999838352678572,1.9999850998678732,1.1930372376991916,0.9999999545539056,10.460571111590497,7.9129804481015125,14.52990300277459,15.38824988589472,2.112750076883097,9.293874400644727,6.660968088977504,12.924812867626208,12.924812897976249,1.9091678409921176,1.9091684322131721,1.9091684083111826,1.6763955374176998,1.0000057953022377,0.0,0.0,0.0,0.0,2.1127500756884134,0.0,0.6497843771104937,0.0,0.43153655553028114,1.909167834454499,1.9091676504544866,1.9091684017677408,1.1930372660372348,0.9999999545539056],"D":[0.9127480743176738,0.9127480743207774,0.9378665925907657,0.4999981426325796,0.912748074317635,0.4999981426394957,0.9127480743174669,0.9378665925900036,0.9378665925907657,0.49999814263496695,0.4999981426330514,0.49999814263606357,0.6263627734143947,0.4999999896577831,0.0,0.0,0.0,0.4999981377274122,0.0,0.49999813772049595,0.0,0.0,0.0,0.49999813772502477,0.49999813772693996,0.49999813772392804,0.3736371648347482,0.4999999852792013,0.7453054096723266,0.7453054096769129,0.9378665925907657,0.7453054096721674,0.4883822366444327,0.745305409673282,0.48838223663710456,0.9378665925900036,0.9378665925907657,0.48838223664562536,0.4883822366459338,0.48838223664690583,0.6263627734143947,0.4999999896577831,0.0,0.0,0.0,0.0,0.48838223322169844,0.0,0.4883822332292901,0.0,0.0,0.488382233220384,0.48838223322015695,0.4883822332195289,0.3736371648347482,0.4999999852792013],"Q":[0.6802760774569611,0.6802760774634605,0.9378665925907657,0.37265132053009753,0.4457699460281455,0.3726513205358095,0.44576994602137454,0.9378665925900036,0.9378665925907657,0.2441902112187236,0.24419021121794235,0.24419021121989953,0.6263627734143947,0.4999999896577831,0.0,0.0,0.0,0.0,0.0,0.0,0.0,0.0,0.0,0.24419020710818073,0.24419020710900266,0.2441902071072177,0.3736371648347482,0.4999999852792013,0.0,0.0,0.0,0.0,0.44576994290405136,0.0,0.44576994291089855,0.0,0.0,0.24419020950610926,0.24419020950506032,0.24419020950621723,0.0,0.0,0.0,0.0,0.0,0.37265131687424974,0.0,0.3726513168696524,0.0,0.0,0.0,0.24419020882079506,0.24419020882188466,0.24419020882089956,0.0,0.0,0.23247199686071274,0.23247199685731687,0.0,0.12734682210248208,0.021208185385438172,0.1273468221036862,0.021208185385193715,0.0,0.0,0.011617721910134023,0.011617721910048727,0.011617721909946801,0.0,0.0,0.0,0.0,0.0,0.12734682085316248,0.0,0.12734682085084356,0.0,0.0,0.0,0.011617721796048957,0.011617721796052648,0.011617721795810759,0.0,0.0,0.06502933221536551,0.0650293322134524,0.0,2.772267820171155e-6,0.042612290616287206,2.772267820101074e-6,0.042612290615730034,0.0,0.0,1.81660610673172e-6,1.8166061067556216e-6,1.8166061067624917e-6,0.0,0.0,0.0,0.0,0.0,0.0,0.04261229031764706,0.0,0.042612290318391526,0.0,0.0,1.8166060939910549e-6,1.8166060940129685e-6,1.8166060940138881e-6,0.0,0.0,0.022222593466960677,0.022222593465769967,0.06213340740923441,9.473721880646291e-7,0.002027344748430676,9.473721880351164e-7,0.0020273447484115935,0.06213340740999648,0.06213340740923441,8.642780749862494e-8,8.642780749940406e-8,8.64278074982801e-8,6.175085703970188e-8,2.506301571853569e-8],"PI":[1.0461065039135906,1.0461065039135906,0.7547200702774683,0.09999925561462958,1.0461065039135908,0.09999925561398235,1.0461065039135908,0.7547200702774683,0.7547200702774683,0.09999925561467495,0.09999925561510965,0.09999925561550059,0.08381964385149725,0.049999997946419995,0.0,0.0,0.0,0.09999925512411649,0.0,0.09999925512208607,0.0,0.0,0.0,0.09999925512368436,0.09999925512450217,0.09999925512429066,0.05965187192667716,0.04999999772749092,0.29262710624435007,0.29262710624435007,0.7547200702774683,0.2926271062443501,0.09545842069127009,0.2926271062443502,0.09545842069001656,0.7547200702774683,0.7547200702774683,0.09545842069163951,0.09545842069149754,0.0954584206908676,0.08381964385149725,0.049999997946419995,0.0,0.0,0.0,0.0,0.09545842036454123,0.0,0.09545842036471205,0.0,0.0,0.09545842036467145,0.09545842036447828,0.09545842036369555,0.05965187334358281,0.04999999772749092],"CS":[0.3806645783896636,0.3806645783950211,0.277847147319076,1.3869573802952015,0.6201028347813748,1.3869573802983166,0.6201028347823163,0.277847147317849,0.277847147319076,1.626395636686883,1.6263956366859815,1.626395636687282,1.6600157982349184,1.750187255479315],"pr_entry":[0.0,0.0,0.0,0.0,0.0,0.0,0.0,0.0,0.0,0.0,0.0,0.0,0.0,0.0,0.06872230056845267,0.016483875905772785,0.010788413362740633,0.0,0.04999959911326549,0.0,0.0499995942142918,0.0,0.029825930678224068,0.0,0.0,0.0,0.0,0.0,0.0,0.0,0.0,0.0,0.0,0.0,0.0,0.0,0.0,0.0,0.0,0.0,0.0,0.0,0.052818752234895724,0.016244608918131155,0.010788413455430978,0.04772919510762132,0.0,0.047729190265519514,0.0,0.029825931386675053,0.0,0.0,0.0,0.0,0.0,0.0],"pr_exit":[0.0,0.0,0.0,0.0,0.0,0.25,0.0,0.25,0.0,0.0,0.0,0.0,0.0,0.0,0.0,0.0,0.0,0.0,0.0,0.08516124094227215,0.0,0.14211586637259366,0.0,0.0,0.0,0.0,0.0,1.1361469876014496e-8,0.0,0.0,0.0,0.0,0.0,0.0,0.25,0.0,0.25,0.0,0.0,0.0,0.0,0.0,0.0,0.0,0.0,0.0,0.0,0.0,0.08755391081868844,0.0,0.14211586544569021,0.0,0.0,0.0,0.0,1.1361469876014496e-8],"pr_merger":[0.25,0.0,0.0,0.25,0.25,0.0,0.0,0.0,0.0,4.456709655209501e-7,0.0,0.0,0.0,0.0,0.0,0.0,0.0,0.0,0.0,0.0,0.0,0.0,0.0,4.4975961527304875e-7,5.30503894424772e-7,0.0,0.0,0.0,0.0,0.0,0.0,0.0,0.25,0.0,0.0,0.0,0.0,4.473053495379631e-7,0.0,0.0,0.0,0.0,0.0,0.0,0.0,0.25,0.0,0.0,0.0,0.0,0.0,4.4812523125603576e-7,0.0,0.0,0.0,0.0],