{"modelname":"lbd","policy":"nolearning","smax":[5,1],"alpha":0.6,"beta":0.95,"c":1.0,"gamma":1.0,"sigma":5.0,"p0":1.5,"accuracy":1.0e-8,"cost_entry":[0.0,10.0],"value_exit":[0.0,1.0],"cost_merger":[0.0,1.0],"cost_bundling":[0.0,1.0],"entry":true,"exit":true,"mergers":true,"bundling":true,"filename":"a60g100s50","verbose":true,"firms":[1,2,3,4],"rival":[2,1,4,3],"partner":[3,4,1,2],"merger_pairs":[1,2,1,2,3,4,4,3],"outcomes":[1,0,1,0,1,0,0,0,0,0,1,0,1,0,1,0,0,0,1,0,0,1,0,0,1,0,0,0,1,1,0,0,0,0,1,0,0,0,0,0,1,1,1,1,2],"ownership":[0,3,0,3,0,0,4,4,0,1,0,1,0,0,2,2],"S":[1,1,1,1,1,1,1,1,1,1,1,1,1,1,0,0,0,1,0,1,0,1,0,1,1,1,1,1,1,1,1,1,1,1,1,1,1,1,1,1,1,1,0,0,0,0,1,0,1,0,1,1,1,1,1,1,0,1,1,0,0,1,1,1,1,0,1,3,1,3,0,0,1,0,0,0,0,1,1,0,0,0,1,1],"ms":14,"mc":[0.11912746872255614,0.11912746872255614,0.11912746872255614,0.11912746872255614,0.11912746872255614,0.11912746872255614,0.11912746872255614,0.11912746872255614,0.11912746872255614,0.11912746872255614,0.11912746872255614,0.11912746872255614,0.11912746872255614,0.11912746872255614,0.0,0.0,0.0,0.11912746872255614,0.0,0.11912746872255614,0.0,0.11912746872255614,0.0,0.11912746872255614,0.11912746872255614,0.11912746872255614,0.11912746872255614,0.11912746872255614,1.0,1.0,1.0,1.0,1.0,1.0,1.0,1.0,1.0,1.0,1.0,1.0,1.0,1.0,0.0,0.0,0.0,0.0,1.0,0.0,1.0,0.0,1.0,1.0,1.0,1.0,1.0,1.0],"P":[1.2028376429495191,1.2028376429501517,0.8719501917817947,0.5176661809320519,1.2028376429508403,0.5176661809351395,1.2028376429492607,0.8719501917791321,0.8719501917817947,0.5176661809292494,0.5176661809345531,0.5176661809313704,0.3865152113383706,0.31906668502419105,0.0,0.0,0.0,0.517666183195834,0.0,0.5176661831966513,0.0,0.23825493744511228,0.0,0.5176661831928631,0.5176661831965373,0.5176661831952941,0.4382295352658409,0.319066684262826,1.4529919440470336,1.4529919440448134,1.7528227230592386,1.452991944048289,1.3383477709012899,1.4529919440461483,1.3383477709000637,1.752822723056576,1.7528227230592386,1.3383477709016258,1.3383477708993117,1.3383477709003073,1.2673877426158144,1.199939216301635,0.0,0.0,0.0,0.0,1.3383477693721926,0.0,1.338347769371305,0.0,2.0,1.3383477693742485,1.3383477693721035,1.3383477693705808,1.319102074412818,1.1999392155402697],"V":[10.712505179537322,13.147889493877608,10.243980191210836,3.2033487581494042,10.461232821985492,6.994748313511632,10.274798091085275,7.902689295872376,7.902689028478108,3.970766985271003,3.970769162467518,3.970769149803422,3.347750488366302,1.9987822923011687,0.0,0.0,0.0,3.203348753591627,0.0,1.723105370570889,0.0,1.2644781917738768,0.0,3.9707669628879088,3.9707666621254396,3.970769127412036,2.382038016012821,1.9987822999078697,6.699297405173043,6.430218544202507,10.243980191210836,7.878810470914459,2.406013658354052,6.781675954064056,4.322921803848494,7.902689295872376,7.902689028478108,2.766951968092237,2.7669511682946193,2.766951147579826,3.347750488366302,1.9987822923011687,0.0,0.0,0.0,0.0,2.4060136603782643,0.0,1.5748525423683177,0.0,1.264478117545722,2.766951976730656,2.766951895118557,2.7669511562333664,2.3820379037396133,1.9987822999078697],"D":[0.8154488121128699,0.8154488121123937,0.867166602540533,0.49816670123362466,0.8154488121118761,0.4981667012307793,0.8154488121130641,0.8671666025436,0.867166602540533,0.49816670123344114,0.49816670123137086,0.4981667012338065,0.6260112784894367,0.4998479888075511,0.0,0.0,0.0,0.4981666955949201,0.0,0.4981666955977298,0.0,0.0,0.0,0.4981666955951565,0.49816669559714455,0.4981666955947493,0.37324129316906945,0.4998479926132197,0.5584910445975441,0.5584910446002816,0.867166602540533,0.5584910445959963,0.4088922132677693,0.5584910445986356,0.40889221326850905,0.8671666025436,0.867166602540533,0.40889221326908193,0.4088922132700857,0.408892213267609,0.6260112784894367,0.4998479888075511,0.0,0.0,0.0,0.0,0.4088922163939492,0.0,0.4088922163939966,0.0,0.0,0.40889221639174544,0.40889221639240275,0.4088922163950758,0.37324129316906945,0.4998479926132197],"Q":[0.4554208588927432,0.4554208588947096,0.867166602540533,0.27822164135490857,0.3334306695909984,0.27822164135463434,0.33343066959208745,0.8671666025436,0.867166602540533,0.2036964850442992,0.2036964850439528,0.20369648504371488,0.6260112784894367,0.4998479888075511,0.0,0.0,0.0,0.0,0.0,0.0,0.0,0.0,0.0,0.20369648429445547,0.20369648429559586,0.20369648429594808,0.37324129316906945,0.4998479926132197,0.0,0.0,0.0,0.0,0.3334306721402379,0.0,0.33343067214076255,0.0,0.0,0.20369648659990622,0.2036964865993872,0.2036964866017147,0.0,0.0,0.0,0.0,0.0,0.2782216382057428,0.0,0.27822163820862666,0.0,0.0,0.0,0.2036964827388485,0.2036964827401615,0.2036964827379483,0.0,0.0,0.3600279532201267,0.36002795321768416,0.0,0.2199450598787161,0.14858747038063974,0.21994505987614493,0.1485874703802142,0.0,0.0,0.09077372958923575,0.09077372958803086,0.09077372958837697,0.0,0.0,0.0,0.0,0.0,0.2199450573891773,0.0,0.21994505738910314,0.0,0.0,0.0,0.09077372856185248,0.09077372856138724,0.09077372856085293,0.0,0.0,0.10307018570480088,0.103070185705572,0.0,0.0020477650353450307,0.07546154367677094,0.0020477650353746264,0.0754615436764216,0.0,0.0,0.0014992454859342095,0.001499245485971416,0.0014992454859458079,0.0,0.0,0.0,0.0,0.0,0.0,0.07546154425371125,0.0,0.07546154425323404,0.0,0.0,0.0014992454973837776,0.0014992454974197163,0.0014992454974129875,0.0,0.0,0.08148100218232915,0.08148100218203413,0.132833397459467,0.0016188381361102117,0.03362809995764194,0.0016188381361162798,0.03362809995728005,0.13283339745640002,0.132833397459467,0.000668112188084529,0.0006681121880933785,0.0006681121880852933,0.0007474283414937384,0.0003040185792292421],"PI":[0.8837101742480082,0.8837101742480081,0.6528227230705925,0.19853871557530137,0.8837101742480087,0.19853871557570554,0.8837101742480079,0.6528227230705925,0.6528227230705925,0.19853871557383215,0.19853871557564917,0.19853871557503439,0.16738774260733044,0.09993921515213015,0.0,0.0,0.0,0.1985387144558002,0.0,0.1985387144573271,0.0,0.0,0.0,0.19853871445441437,0.1985387144570371,0.19853871445546317,0.11910206796953805,0.09993921553246574,0.2529919440251,0.25299194402510017,0.6528227230705925,0.25299194402510006,0.13834776889804457,0.25299194402510006,0.13834776889779352,0.6528227230705925,0.6528227230705925,0.13834776889862604,0.13834776889801945,0.13834776889758857,0.16738774260733044,0.09993921515213015,0.0,0.0,0.0,0.0,0.13834776933054457,0.0,0.1383477693301977,0.0,0.0,0.13834776933063958,0.13834776932998494,0.1383477693302667,0.11910207090677279,0.09993921553246568],"CS":[0.5014770775930275,0.5014770775937518,0.40373191733275116,1.2852093173961439,0.6784786506521456,1.2852093173953942,0.6784786506542981,0.4037319173373688,0.40373191733275116,1.4622108904589388,1.4622108904562896,1.4622108904587099,1.4397744243034247,1.6196843485079775],"pr_entry":[0.0,0.0,0.0,0.0,0.0,0.0,0.0,0.0,0.0,0.0,0.0,0.0,0.0,0.0,0.08008371161162323,0.04307762722981749,0.03161194822563841,0.0,0.09926916443245934,0.0,0.09926915651758439,0.0,0.05955094600113903,0.0,0.0,0.0,0.0,0.0,0.0,0.0,0.0,0.0,0.0,0.0,0.0,0.0,0.0,0.0,0.0,0.0,0.0,0.0,0.060150335639122234,0.03937130678808112,0.03161194625048655,0.06917379493157436,0.0,0.06917379278390465,0.0,0.05955094296928529,0.0,0.0,0.0,0.0,0.0,0.0],"pr_exit":[0.0,0.0,0.0,0.0,0.0,0.25,0.0,0.25,0.0,0.0,0.0,0.0,0.0,0.0,0.0,0.0,0.0,0.0,0.0,0.0,0.0,0.0,0.0,0.0,0.0,0.0,0.0,0.0,0.0,0.0,0.0,0.0,0.0,0.0,0.25,0.0,0.25,0.0,0.0,0.0,0.0,0.0,0.0,0.0,0.0,0.0,0.0,0.0,0.0,0.0,0.0,0.0,0.0,0.0,0.0,0.0],"pr_merger":[0.25,0.0,0.0,0.25,0.25,0.0,0.0,0.0,0.0,3.6247313539572446e-7,0.0,0.0,0.0,0.0,0.0,0.0,0.0,0.0,0.0,0.0,0.0,0.0,0.0,3.6590926422164216e-7,4.5431660256056716e-7,0.0,0.0,0.0,0.0,0.0,0.0,0.0,0.25,0.0,0.0,0.0,0.0,3.603135527718848e-7,0.0,0.0,0.0,0.0,0.0,0.0,0.0,0.25,0.0,0.0,0.0,0.0,0.0,3.680688468454818e-7,0.0,0.0,0.0,0.0],"pr_bundling":[0.0,0.25,0.0,0.0,0.0,0.25,0.25,0.0,0.0,0.0,0.0,0.0,0.0,0.0,0.0,0.0,0.0,0.0,0.0,0.0,0.0,0.0,0.0,0.0,0.0,0.0,0.0,0.0,0.0,0.25,0.0,0.0,0.0,0.25,0.25,0.0,0.0,0.0,0.0,0.0,0.0,0.0,0.0,0.0,0.0,0.0,0.0,0.0,0.0,0.0,0.0,0.0,0.0,0.0,0.0,0.0],