{"modelname":"lbd","policy":"nolearning","smax":[5,1],"alpha":0.6,"beta":0.95,"c":1.0,"gamma":0.0,"sigma":8.0,"p0":1.5,"accuracy":1.0e-8,"cost_entry":[0.0,10.0],"value_exit":[0.0,1.0],"cost_merger":[0.0,1.0],"cost_bundling":[0.0,1.0],"entry":true,"exit":true,"mergers":true,"bundling":true,"filename":"a60g0s80","verbose":true,"firms":[1,2,3,4],"rival":[2,1,4,3],"partner":[3,4,1,2],"merger_pairs":[1,2,1,2,3,4,4,3],"outcomes":[1,0,1,0,1,0,0,0,0,0,1,0,1,0,1,0,0,0,1,0,0,1,0,0,1,0,0,0,1,1,0,0,0,0,1,0,0,0,0,0,1,1,1,1,2],"ownership":[0,3,0,3,0,0,4,4,0,1,0,1,0,0,2,2],"S":[1,1,1,1,1,1,1,1,1,1,1,1,1,1,0,0,0,1,0,1,0,1,0,1,1,1,1,1,1,1,1,1,1,1,1,1,1,1,1,1,1,1,0,0,0,0,1,0,1,0,1,1,1,1,1,1,0,1,1,0,0,1,1,1,1,0,1,3,1,3,0,0,1,0,0,0,0,1,1,0,0,0,1,1],"ms":14,"mc":[0.11912746872255614,0.11912746872255614,0.11912746872255614,0.11912746872255614,0.11912746872255614,0.11912746872255614,0.11912746872255614,0.11912746872255614,0.11912746872255614,0.11912746872255614,0.11912746872255614,0.11912746872255614,0.11912746872255614,0.11912746872255614,0.0,0.0,0.0,0.11912746872255614,0.0,0.11912746872255614,0.0,0.11912746872255614,0.0,0.11912746872255614,0.11912746872255614,0.11912746872255614,0.11912746872255614,0.11912746872255614,1.0,1.0,1.0,1.0,1.0,1.0,1.0,1.0,1.0,1.0,1.0,1.0,1.0,1.0,0.0,0.0,0.0,0.0,1.0,0.0,1.0,0.0,1.0,1.0,1.0,1.0,1.0,1.0],"P":[0.9512574150773802,0.6936642976153742,0.9063958831689651,0.34919763188323616,1.5621285075874123,0.11912750467285915,1.7225064063984936,0.9063958831725101,0.9063958831689651,0.36912646979915525,0.3691258058258212,0.36912547375057064,0.28640147811470157,0.24412733497236522,0.0,0.0,0.0,0.34919763325173603,0.0,0.2762158946507336,0.0,0.23825493744511228,0.0,0.36912647132091136,0.36912613934080146,0.3691254753521651,0.31869186902049534,0.24412733448881424,1.8321299884543254,2.0,1.787268414446409,2.4430010435726346,1.2300701698808187,2.603378939622264,1.0000000296472051,1.787268414449954,1.787268414446409,1.2499990055441925,1.2499983416076217,1.2499980096576235,1.1672740093921454,1.124999866249809,0.0,0.0,0.0,0.0,1.2300701684015525,0.0,1.1570884285429794,0.0,2.0,1.2499990069378921,1.249998674974825,1.2499980110506925,1.1995644050464536,1.124999865766258],"V":[12.499175528015178,10.555513489319129,13.425195335727377,1.9698095985575654,17.681866431335166,5.607793932430637,14.553971600538087,11.41125167747054,11.411251707604555,2.4999795003848546,2.4999762302658093,2.499969585242593,2.095480188101713,1.249997228908993,0.0,0.0,0.0,1.9698095960990243,0.0,0.7490385247003241,0.0,0.6183530305231308,0.0,2.499979485167896,2.4999728213794206,2.499969569226972,1.4912877287664583,1.249997233744484,12.499175728669721,15.990240444262124,13.425195335727377,17.681866374269067,1.969809608786368,16.391662849729585,7.445485244648031,11.41125167747054,11.411251707604555,2.499979543780064,2.499976385134743,2.4999697408219865,2.095480188101713,1.249997228908993,0.0,0.0,0.0,0.0,1.9698096089006873,0.0,0.7490385288983779,0.0,0.618353036623914,2.499979529843617,2.499972866422716,2.499969726891576,1.4912877642507345,1.249997233744484],"D":[0.8497830848018574,0.9206115743583618,0.9206115743583618,0.45668749058575675,0.9133749757992113,0.7177698135694494,0.9220396447216629,0.9206115743542164,0.9206115743583618,0.49999801118355724,0.49999867518323,0.49999801137497324,0.6263615594592784,0.499999458918937,0.0,0.0,0.0,0.45668748558594224,0.0,0.2042698275444335,0.0,0.0,0.0,0.4999980050965568,0.49999734112862376,0.4999980049686211,0.3736357838348681,0.49999946278734064,0.8497830848018574,0.9206115743583618,0.9206115743583618,0.9133749761716989,0.45668748519735647,0.9220396411138829,0.7177698277226413,0.9206115743542164,0.9206115743583618,0.49999801092744534,0.49999867488767735,0.49999801095792407,0.6263615594592784,0.499999458918937,0.0,0.0,0.0,0.0,0.4566874906018549,0.0,0.2042698169990216,0.0,0.0,0.4999980053526687,0.4999973414241764,0.4999980053856703,0.3736357838348681,0.49999946278734064],"Q":[0.8497830848018574,0.9206115743583618,0.9206115743583618,0.45668749058575675,0.45668748519735647,0.7177698135694494,0.7177698277226413,0.9206115743542164,0.9206115743583618,0.24999900698547267,0.24999967095793488,0.2499990070805501,0.6263615594592784,0.499999458918937,0.0,0.0,0.0,0.0,0.0,0.0,0.0,0.0,0.0,0.24999900115458415,0.24999833719888126,0.24999900109124715,0.3736357838348681,0.49999946278734064,0.0,0.0,0.0,0.0,0.4566874906018549,0.0,0.2042698169990216,0.0,0.0,0.24999900419808455,0.2499990042252951,0.24999900429442318,0.0,0.0,0.0,0.0,0.0,0.45668748558594224,0.0,0.2042698275444335,0.0,0.0,0.0,0.24999900394197266,0.2499990039297425,0.249999003877374,0.0,0.0,0.0,0.0,0.0,0.0,0.0,0.0,0.0,0.0,0.0,0.0,0.0,0.0,0.0,0.0,0.0,0.0,0.0,0.0,0.0,0.0,0.0,0.0,0.0,0.0,0.0,0.0,0.0,0.0,0.0,0.0,0.0,0.0,0.0,0.0,0.0,0.0,0.0,0.0,0.0,0.0,0.0,0.0,0.0,0.0,0.0,0.0,0.0,0.0,0.0,0.0,0.0,0.0,0.0,0.0,0.0,0.0,0.15021691519814256,0.07938842564163814,0.07938842564163814,0.08662502382830103,0.08662502420078878,0.07796035888611709,0.0779603552783371,0.07938842564578351,0.07938842564163814,3.983719886054246e-6,3.983688146361114e-6,3.983656405581623e-6,2.656705853570765e-6,1.0782937222776532e-6],"PI":[0.7071299527694064,0.5289252545738781,0.72476841446612,0.10507016547250658,1.318001038951425,2.5804042290895705e-8,1.4783789460489187,0.7247684144661198,0.72476841446612,0.12499900333617554,0.12499883734964307,0.12499850536171782,0.10477400937987019,0.062499865489844035,0.0,0.0,0.0,0.1050701649471752,0.0,0.032088425673575324,0.0,0.0,0.0,0.12499900257530652,0.12499867059481326,0.1249985045609366,0.0745644011308559,0.06249986573161874,0.7071299885448507,0.9206115743583618,0.72476841446612,1.3180010437888918,0.1050701673017997,1.4783789420588707,2.1279869322435837e-8,0.7247684144661198,0.72476841446612,0.12499900550593564,0.12499883952792774,0.12499850757225166,0.10477400937987019,0.062499865489844035,0.0,0.0,0.0,0.0,0.10507016786965116,0.0,0.03208842455113829,0.0,0.0,0.12499900480909404,0.12499867284697933,0.12499850687573102,0.07456440290507078,0.06249986573161874],"CS":[0.2369593660203133,0.3166753367662838,0.3166753367662838,0.30577081829974073,0.30577081776224047,0.3189443501110696,0.31894435589570813,0.31667533675975656,0.3166753367662838,1.5541618163048883,1.554162812227684,1.5541638081925029,1.6048029504419998,1.7175163316181579],"pr_entry":[0.0,0.0,0.0,0.0,0.0,0.0,0.0,0.0,0.0,0.0,0.0,0.0,0.0,0.0,0.04924524099665454,0.01872596246288164,0.015458825150111386,0.0,0.062499486384015514,0.0,0.06249931975748966,0.0,0.03728219283251585,0.0,0.0,0.0,0.0,0.0,0.0,0.0,0.0,0.0,0.0,0.0,0.0,0.0,0.0,0.0,0.0,0.0,0.0,0.0,0.0492452413166961,0.018725962567832963,0.01545882530263094,0.062499487500908515,0.0,0.06249932088357202,0.0,0.03728219371962273,0.0,0.0,0.0,0.0,0.0,0.0],"pr_exit":[0.0,0.0,0.0,0.0,0.0,0.25,0.0,0.25,0.0,0.0,0.0,0.0,0.0,0.0,0.0,0.0,0.0,0.0,0.0,0.0627403753711836,0.0,0.09541174849888615,0.0,0.0,0.0,0.0,0.0,0.0,0.0,0.0,0.0,0.0,0.0,0.0,0.25,0.0,0.25,0.0,0.0,0.0,0.0,0.0,0.0,0.0,0.0,0.0,0.0,0.0,0.06274037432167037,0.0,0.09541174697369059,0.0,0.0,0.0,0.0,0.0],"pr_merger":[0.25,0.0,0.0,0.25,0.25,0.0,0.0,0.0,0.0,0.0,0.0,0.0,0.0,0.0,0.0,0.0,0.0,0.0,0.0,0.0,0.0,0.0,0.0,0.0,0.0,0.0,0.0,0.0,0.0,0.0,0.0,0.0,0.25,0.0,0.0,0.0,0.0,0.0,0.0,0.0,0.0,0.0,0.0,0.0,0.0,0.25,0.0,0.0,0.0,0.0,0.0,0.0,0.0,0.0,0.0,0.0],"pr_bundling":[0.0,0.08789268703199449,0.0,0.0,0.0,0.25,0.25,0.0,0.0,0.0,0.0,0.0,0.0,0.0,0.0,0.0,0.0,0.0,0.0,0.0,0.0,0.0,0.0,0.0,0.0,0.0,0.0,0.0,0.0,0.08789268703199449,0.0,0.0,0.0,0.25,0.25,0.0,0.0,0.0,0.0,0.0,0.0,0.0,0.0,0.0,0.0,0.0,0.0,0.0,0.0,0.0,0.0,0.0,0.0,0.0,0.0,0.0],"active_firms":[true,true,true,true,true,true,true,true,true,true,true,true,true,true,false,false,false,true,false,true,false,true,false,true,true,true,true,true,true,true,true,true,true,true,true,true,true,true,true,true,true,true,false,false,false,false,true,false,true,false,true,true,true,true,true,true,true,true,true,true,true,true,true,true,true,true,true,true,true,true],