{"modelname":"lbd","policy":"nolearning","smax":[5,1],"alpha":0.6,"beta":0.95,"c":1.0,"gamma":1.0,"sigma":4.0,"p0":1.5,"accuracy":1.0e-8,"cost_entry":[0.0,10.0],"value_exit":[0.0,1.0],"cost_merger":[0.0,1.0],"cost_bundling":[0.0,1.0],"entry":true,"exit":true,"mergers":true,"bundling":true,"filename":"a60g100s40","verbose":true,"firms":[1,2,3,4],"rival":[2,1,4,3],"partner":[3,4,1,2],"merger_pairs":[1,2,1,2,3,4,4,3],"outcomes":[1,0,1,0,1,0,0,0,0,0,1,0,1,0,1,0,0,0,1,0,0,1,0,0,1,0,0,0,1,1,0,0,0,0,1,0,0,0,0,0,1,1,1,1,2],"ownership":[0,3,0,3,0,0,4,4,0,1,0,1,0,0,2,2],"S":[1,1,1,1,1,1,1,1,1,1,1,1,1,1,0,0,0,1,0,1,0,1,0,1,1,1,1,1,1,1,1,1,1,1,1,1,1,1,1,1,1,1,0,0,0,0,1,0,1,0,1,1,1,1,1,1,0,1,1,0,0,1,1,1,1,0,1,3,1,3,0,0,1,0,0,0,0,1,1,0,0,0,1,1],"ms":14,"mc":[0.11912746872255614,0.11912746872255614,0.11912746872255614,0.11912746872255614,0.11912746872255614,0.11912746872255614,0.11912746872255614,0.11912746872255614,0.11912746872255614,0.11912746872255614,0.11912746872255614,0.11912746872255614,0.11912746872255614,0.11912746872255614,0.0,0.0,0.0,0.11912746872255614,0.0,0.11912746872255614,0.0,0.11912746872255614,0.0,0.11912746872255614,0.11912746872255614,0.11912746872255614,0.11912746872255614,0.11912746872255614,1.0,1.0,1.0,1.0,1.0,1.0,1.0,1.0,1.0,1.0,1.0,1.0,1.0,1.0,0.0,0.0,0.0,0.0,1.0,0.0,1.0,0.0,1.0,1.0,1.0,1.0,1.0,1.0],"P":[1.1998048553531415,1.1998048553503968,0.8601853385604532,0.6121561495505499,1.1998048553480758,0.6121561495464153,1.1998048553472795,0.8601853385595304,0.8601853385604532,0.6121561495484684,0.6121561495490949,0.6121561495457716,0.4516557205497332,0.36863242379098665,0.0,0.0,0.0,0.6121561465912614,0.0,0.6121561465928026,0.0,0.23825493744511228,0.0,0.6121561465918538,0.6121561465886712,0.612156146589021,0.5166385071206782,0.3686324246647517,1.5000000000300628,1.5000000000295945,1.7410578698378971,1.500000000029242,1.3997354669877902,1.5000000000321796,1.3997354669879158,1.7410578698369743,1.7410578698378971,1.3997354669887143,1.3997354669916784,1.3997354669856301,1.332528251827177,1.2495049550684305,0.0,0.0,0.0,0.0,1.3997354715489092,0.0,1.3997354715478103,0.0,2.0,1.3997354715485355,1.399735471546816,1.399735471545361,1.3975110470487315,1.2495049559421956],"V":[9.836296507538757,12.039038157291305,9.36220108708835,3.5785356798675627,9.885812722480921,7.191463305934763,10.15779558116586,7.5530561900125965,7.553055746604321,3.9308316415819244,4.9152363535979795,4.8605603153903,4.150553292576609,2.4900932888407143,0.0,0.0,0.0,3.578535683197776,0.0,2.2045983451370725,0.0,1.7216435143149933,0.0,3.93083164359221,3.6155592738880067,4.860560343726793,2.9502123289554234,2.4900932801549533,6.186989931268619,5.828247355369328,9.36220108708835,7.301724762930685,2.7902333469724576,6.12182491247477,3.9668361146446385,7.5530561900125965,7.553055746604321,3.3250047827530627,3.049376314683116,2.9947002764737185,4.150553292576609,2.4900932888407143,0.0,0.0,0.0,0.0,2.7902333445612673,0.0,2.0210304995082393,0.0,1.7216432899584786,3.325004781091961,3.1968658438532254,2.99470025601378,2.9502119712299595,2.4900932801549533],"D":[0.7686636149834298,0.768663614985382,0.8313222150618568,0.49293010784978913,0.7686636149870328,0.49293010785542046,0.7686636149875992,0.831322215062892,0.8313222150618568,0.4929301078524458,0.49293010784872593,0.49293010785238867,0.6240920904740143,0.4990079456692964,0.0,0.0,0.0,0.49293011368467854,0.0,0.49293011367911943,0.0,0.0,0.0,0.4929301136820631,0.49293011368585427,0.4929301136822745,0.3710866566460804,0.4990079421811708,0.49999999996993694,0.4999999999704058,0.8313222150618568,0.49999999997075806,0.37458639353254763,0.49999999996782046,0.37458639353181306,0.831322215062892,0.8313222150618568,0.3745863935314719,0.374586393527729,0.3745863935325801,0.6240920904740143,0.4990079456692964,0.0,0.0,0.0,0.0,0.3745863866984148,0.0,0.37458638669951516,0.0,0.0,0.37458638669928374,0.3745863867025588,0.3745863867005277,0.3710866566460804,0.4990079421811708],"Q":[0.3843318074686065,0.3843318074699431,0.8313222150618568,0.24646505391048032,0.2879309313776835,0.24646505391184792,0.2879309313773309,0.831322215062892,0.8313222150618568,0.18464491136352718,0.1846449113602888,0.18464491136405198,0.6240920904740143,0.4990079456692964,0.0,0.0,0.0,0.0,0.0,0.0,0.0,0.0,0.0,0.1846449101794312,0.1846449101824657,0.1846449101801236,0.3710866566460804,0.4990079421811708,0.0,0.0,0.0,0.0,0.287930926124534,0.0,0.28793092612559207,0.0,0.0,0.18464490799573594,0.18464490799595687,0.18464490799632766,0.0,0.0,0.0,0.0,0.0,0.24646505682792502,0.0,0.24646505682369743,0.0,0.0,0.0,0.18464491354722246,0.18464491354679763,0.184644913547848,0.0,0.0,0.38433180751482326,0.3843318075154389,0.0,0.24646505393930881,0.19280175748481534,0.24646505394357254,0.19280175748467615,0.0,0.0,0.12364028849318272,0.12364028849248028,0.12364028849200905,0.0,0.0,0.0,0.0,0.0,0.2464650568567535,0.0,0.246465056855422,0.0,0.0,0.0,0.12364028995540942,0.12364028995659096,0.12364028995430294,0.0,0.0,0.11566819250133044,0.1156681925004627,0.0,0.007069889232352762,0.08665546215486412,0.007069889232275073,0.08665546215448217,0.0,0.0,0.005296568620722228,0.00529656862064261,0.005296568620680144,0.0,0.0,0.0,0.0,0.0,0.0,0.08665546057388078,0.0,0.08665546057392307,0.0,0.0,0.0052965685241166014,0.005296568524136215,0.005296568524076446,0.0,0.0,0.1156681925152398,0.11566819251415529,0.16867778493814323,0.007069889233179712,0.05802546228422217,0.0070698892331850964,0.05802546228399548,0.168677784937108,0.16867778493814323,0.0035466413206521287,0.0035466413206408686,0.003546641320580201,0.0048212528799052344,0.0019841121495328554],"PI":[0.8306773866383115,0.8306773866383115,0.6160578698426618,0.2430286808135822,0.8306773866383114,0.24302868081432055,0.8306773866383113,0.6160578698426618,0.6160578698426618,0.243028680813866,0.24302868081234083,0.2430286808125085,0.2075282518244924,0.12450495506300761,0.0,0.0,0.0,0.24302868223162763,0.0,0.24302868222964655,0.0,0.0,0.0,0.24302868223063015,0.24302868223093052,0.24302868222933802,0.1475110422190708,0.12450495462871869,0.2499999999999999,0.25000000000000017,0.6160578698426618,0.25,0.14973546694600506,0.25,0.1497354669457585,0.6160578698426618,0.6160578698426618,0.14973546694592124,0.14973546694553536,0.14973546694520892,0.2075282518244924,0.12450495506300761,0.0,0.0,0.0,0.0,0.1497354659226929,0.0,0.1497354659227211,0.0,0.0,0.14973546592290024,0.1497354659235653,0.14973546592220835,0.14751104542919655,0.12450495462871869],"CS":[0.5392573990039975,0.5392573990063418,0.4449412454824313,1.2379776165890646,0.7117183399674483,1.237977616588874,0.7117183399684253,0.44494124548396563,0.4449412454824313,1.4104385575487386,1.4104385575495324,1.4104385575538088,1.3336803627765532,1.5556459361836898],"pr_entry":[0.0,0.0,0.0,0.0,0.0,0.0,0.0,0.0,0.0,0.0,0.0,0.0,0.0,0.0,0.0894633771362721,0.055114942414631565,0.04304107175617251,0.0,0.09827077917291194,0.0,0.09038897013251387,0.0,0.0737552970193777,0.0,0.0,0.0,0.0,0.0,0.0,0.0,0.0,0.0,0.0,0.0,0.0,0.0,0.0,0.0,0.0,0.0,0.0,0.0,0.06975581761702128,0.05052574599939659,0.04304106582328936,0.08312510498626886,0.0,0.07992163272489344,0.0,0.07375528752107272,0.0,0.0,0.0,0.0,0.0,0.0],"pr_exit":[0.0,0.0,0.0,0.0,0.0,0.25,0.0,0.25,0.0,0.0,0.0,0.0,0.0,0.0,0.0,0.0,0.0,0.0,0.0,0.0,0.0,0.0,0.0,0.0,0.0,0.0,0.0,0.0,0.0,0.0,0.0,0.0,0.0,0.0,0.25,0.0,0.25,0.0,0.0,0.0,0.0,0.0,0.0,0.0,0.0,0.0,0.0,0.0,0.0,0.0,0.0,0.0,0.0,0.0,0.0,0.0],"pr_merger":[0.25,0.0,0.0,0.25,0.25,0.0,0.0,0.0,0.0,0.17719402434644904,0.0,0.0,0.0,0.0,0.0,0.0,0.0,0.0,0.0,0.0,0.0,0.0,0.0,0.17719402425915265,0.25,0.0,0.0,0.0,0.0,0.0,0.0,0.0,0.25,0.0,0.0,0.0,0.0,0.1771940247617242,0.0,0.0,0.0,0.0,0.0,0.0,0.0,0.25,0.0,0.0,0.0,0.0,0.0,0.1771940238438775,0.0,0.0,0.0,0.0],"pr_bundling":[0.0,0.24643505372030083,0.0,0.0,0.0,0.25,0.25,0.0,0.0,0.0,0.09095797442168929,0.0,0.0,0.0,0.0,0.0,0.0,0.0,0.0,0.0,0.0,0.0,0.0,0.0,0.0,0.0,0.0,0.0,0.0,0.24643505372030083,0.0,0.0,0.0,0.25,0.25,0.0,0.0,0.0,0.09095797442168929,0.0,0.0,0.0,0.0,0.0,0.0,0.0,0.0,0.0,0.0,0.0,0.0,0.0,0.0,0.0,0.0,0.0],