{"modelname":"lbd","policy":"nolearning","smax":[5,1],"alpha":0.6,"beta":0.95,"c":1.0,"gamma":0.0,"sigma":6.0,"p0":1.5,"accuracy":1.0e-8,"cost_entry":[0.0,10.0],"value_exit":[0.0,1.0],"cost_merger":[0.0,1.0],"cost_bundling":[0.0,1.0],"entry":true,"exit":true,"mergers":true,"bundling":true,"filename":"a60g0s60","verbose":true,"firms":[1,2,3,4],"rival":[2,1,4,3],"partner":[3,4,1,2],"merger_pairs":[1,2,1,2,3,4,4,3],"outcomes":[1,0,1,0,1,0,0,0,0,0,1,0,1,0,1,0,0,0,1,0,0,1,0,0,1,0,0,0,1,1,0,0,0,0,1,0,0,0,0,0,1,1,1,1,2],"ownership":[0,3,0,3,0,0,4,4,0,1,0,1,0,0,2,2],"S":[1,1,1,1,1,1,1,1,1,1,1,1,1,1,0,0,0,1,0,1,0,1,0,1,1,1,1,1,1,1,1,1,1,1,1,1,1,1,1,1,1,1,0,0,0,0,1,0,1,0,1,1,1,1,1,1,0,1,1,0,0,1,1,1,1,0,1,3,1,3,0,0,1,0,0,0,0,1,1,0,0,0,1,1],"ms":14,"mc":[0.11912746872255614,0.11912746872255614,0.11912746872255614,0.11912746872255614,0.11912746872255614,0.11912746872255614,0.11912746872255614,0.11912746872255614,0.11912746872255614,0.11912746872255614,0.11912746872255614,0.11912746872255614,0.11912746872255614,0.11912746872255614,0.0,0.0,0.0,0.11912746872255614,0.0,0.11912746872255614,0.0,0.11912746872255614,0.0,0.11912746872255614,0.11912746872255614,0.11912746872255614,0.11912746872255614,0.11912746872255614,1.0,1.0,1.0,1.0,1.0,1.0,1.0,1.0,1.0,1.0,1.0,1.0,1.0,1.0,0.0,0.0,0.0,0.0,1.0,0.0,1.0,0.0,1.0,1.0,1.0,1.0,1.0,1.0],"P":[0.9449796243927701,0.6496536606383659,0.8843905646804611,0.41630226785358804,1.4889047494630223,0.11912750061285209,1.6871650525837023,0.8843905646784409,0.8843905646804611,0.4524037271042378,0.45236571478253235,0.4523467505234984,0.34212816427696763,0.28578640703496366,0.0,0.0,0.0,0.41630226935956177,0.0,0.3272574227499288,0.0,0.23825493744511228,0.0,0.452403725709294,0.4523847345540851,0.4523467486479136,0.38518822232116773,0.28578640593439203,1.825852177447664,2.0,1.765263095957905,2.3697772855813795,1.2971748044914835,2.568037588269407,1.0000000300450727,1.7652630959558848,1.765263095957905,1.3332762629443744,1.3332382507299134,1.3332192868384196,1.2230006955544115,1.1666589383124075,0.0,0.0,0.0,0.0,1.297174806473456,0.0,1.2081299505453615,0.0,2.0,1.3332762613803248,1.3332572704537056,1.3332192852891624,1.266060759297968,1.166658937211836],"V":[10.320109518978155,9.06601481499995,11.231416709862136,2.1657655647775598,12.901058834273684,2.8374341238398744,13.68979627533098,8.583936088412445,8.583936087250029,3.332190804980447,3.3320010611334583,3.3316215058619463,2.793346573888424,1.666511777032677,0.0,0.0,0.0,2.165765565154389,0.0,1.1822488558635789,0.0,0.9654362890945636,0.0,3.3321908189225944,3.331810983634691,3.331621524601746,1.9878812535997463,1.6665117880368632,10.320109605317775,13.006890425360018,11.231416709862136,12.901058833800484,2.16576558543284,13.689796382330451,2.8374342410669837,8.583936088412445,8.583936087250029,3.3321908489090837,3.332001250347124,3.3316217090998044,2.793346573888424,1.666511777032677,0.0,0.0,0.0,0.0,2.1657655856339226,0.0,1.1822488727031386,0.0,0.9654362991384384,3.3321908645414076,3.3318110303232986,3.331621724579124,1.9878812961826569,1.6665117880368632],"D":[0.7981882579355108,0.8911049889112956,0.8911049889112956,0.4391628614173311,0.8783257183807098,0.6944918075386074,0.8937100365443131,0.8911049889136481,0.8911049889112956,0.4999143728748584,0.4999429290158983,0.49991443066733093,0.6263090815142542,0.49997680389867083,0.0,0.0,0.0,0.43916285744912553,0.0,0.199218225233552,0.0,0.0,0.0,0.49991437705897296,0.4998858794693727,0.49991443629312216,0.37357667038252174,0.4999768105017944,0.7981882579355108,0.8911049889112956,0.8911049889112956,0.8783257188664566,0.4391628618015811,0.8937100327721594,0.6944918089495561,0.8911049889136481,0.8911049889112956,0.499914372621243,0.4999429289442701,0.4999144311567383,0.6263090815142542,0.49997680389867083,0.0,0.0,0.0,0.0,0.4391628565791288,0.0,0.1992182275947571,0.0,0.0,0.49991437731258836,0.49988587954100094,0.4999144358037148,0.37357667038252174,0.4999768105017944],"Q":[0.7981882579355108,0.8911049889112956,0.8911049889112956,0.4391628614173311,0.4391628618015811,0.6944918075386074,0.6944918089495561,0.8911049889136481,0.8911049889112956,0.24995718526459287,0.24998572767256644,0.24995721417192135,0.6263090815142542,0.49997680389867083,0.0,0.0,0.0,0.0,0.0,0.0,0.0,0.0,0.0,0.24995718970232284,0.249928678197669,0.24995721930830522,0.37357667038252174,0.4999768105017944,0.0,0.0,0.0,0.0,0.4391628565791288,0.0,0.1992182275947571,0.0,0.0,0.24995718761026556,0.2499572013433319,0.24995721649540958,0.0,0.0,0.0,0.0,0.0,0.43916285744912553,0.0,0.199218225233552,0.0,0.0,0.0,0.24995718735665012,0.24995720127170368,0.24995721698481693,0.0,0.0,0.0,0.0,0.0,0.0,0.0,0.0,0.0,0.0,0.0,0.0,0.0,0.0,0.0,0.0,0.0,0.0,0.0,0.0,0.0,0.0,0.0,0.0,0.0,0.0,0.0,0.0,0.0,0.0,0.0,0.0,0.0,0.0,0.0,0.0,0.0,0.0,0.0,0.0,0.0,0.0,0.0,0.0,0.0,0.0,0.0,0.0,0.0,0.0,0.0,0.0,0.0,0.0,0.0,0.0,0.0,0.0,0.20181174206448926,0.10889501108870434,0.10889501108870434,0.12167428113354337,0.12167428161929013,0.10628996722784066,0.10628996345568692,0.10889501108635197,0.10889501108870434,0.000171250066168548,0.00017119151472885755,0.00017113303954693142,0.00011424810322406061,4.638559953484726e-5],"PI":[0.6591854934466943,0.47275453636428955,0.6819297626377927,0.13050813512750456,1.2031106141279453,2.2147549274225695e-8,1.4013709263754015,0.6819297626377927,0.6819297626377927,0.16660959170295767,0.16660010479534515,0.16658112754889495,0.1396673608097233,0.08332560331858326,0.0,0.0,0.0,0.1305081346096216,0.0,0.04146328005927395,0.0,0.0,0.0,0.16660959240007123,0.16659060141975238,0.16658112848588513,0.09939409044883385,0.08332560386879252,0.6591855108291993,0.8911049889112956,0.6819297626377927,1.2031106190452088,0.13050813759580523,1.4013709244002295,2.0866056856128874e-8,0.6819297626377927,0.6819297626377927,0.16660959389938934,0.16660010710617798,0.16658113023028254,0.1396673608097233,0.08332560331858326,0.0,0.0,0.0,0.0,0.13050813691423274,0.0,0.041463279857031375,0.0,0.0,0.16660959468101252,0.16659060375418383,0.16658113100424873,0.09939409257798046,0.08332560386879252],"CS":[0.26673666435212384,0.3695618436583743,0.3695618436583743,0.35106793856113905,0.35106793789577395,0.37359739662741154,0.3735974025422908,0.36956184366197453,0.3695618436583743,1.4453976157393889,1.445454609830768,1.445511549151231,1.5128563550508938,1.663086916959088],"pr_entry":[0.0,0.0,0.0,0.0,0.0,0.0,0.0,0.0,0.0,0.0,0.0,0.0,0.0,0.0,0.05414413911194695,0.02955621851227423,0.02413590612074486,0.0,0.08330476911901377,0.0,0.0832952732161826,0.0,0.04969703060923454,0.0,0.0,0.0,0.0,0.0,0.0,0.0,0.0,0.0,0.0,0.0,0.0,0.0,0.0,0.0,0.0,0.0,0.0,0.0,0.05414413962393523,0.029556218933263045,0.024135906371841702,0.08330477025948407,0.0,0.08329527438339779,0.0,0.049697031673807276,0.0,0.0,0.0,0.0,0.0,0.0],"pr_exit":[0.0,0.0,0.0,0.0,0.0,0.25,0.0,0.25,0.0,0.0,0.0,0.0,0.0,0.0,0.0,0.0,0.0,0.0,0.0,0.0,0.0,0.0086409387925514,0.0,0.0,0.0,0.0,0.0,0.0,0.0,0.0,0.0,0.0,0.0,0.0,0.25,0.0,0.25,0.0,0.0,0.0,0.0,0.0,0.0,0.0,0.0,0.0,0.0,0.0,0.0,0.0,0.008640936281582995,0.0,0.0,0.0,0.0,0.0],"pr_merger":[0.25,0.0,0.0,0.25,0.25,0.0,0.0,0.0,0.0,0.0,0.0,0.0,0.0,0.0,0.0,0.0,0.0,0.0,0.0,0.0,0.0,0.0,0.0,0.0,0.0,0.0,0.0,0.0,0.0,0.0,0.0,0.0,0.25,0.0,0.0,0.0,0.0,0.0,0.0,0.0,0.0,0.0,0.0,0.0,0.0,0.25,0.0,0.0,0.0,0.0,0.0,0.0,0.0,0.0,0.0,0.0],"pr_bundling":[0.0,0.116089435909978,0.0,0.0,0.0,0.23253288048944265,0.23253287465557926,0.0,0.0,0.0,0.0,0.0,0.0,0.0,0.0,0.0,0.0,0.0,0.0,0.0,0.0,0.0,0.0,0.0,0.0,0.0,0.0,0.0,0.0,0.116089435909978,0.0,0.0,0.0,0.23253288048944265,0.23253287465557926,0.0,0.0,0.0,0.0,0.0,0.0,0.0,0.0,0.0,0.0,0.0,0.0,0.0,0.0,0.0,0.0,0.0,0.0,0.0,0.0,0.0],"active_firms":[true,true,true,true,true,true,true,true,true,true,true,true,true,true,false,false,false,true,false,true,false,true,false,true,true,true,true,true,true,true,true,true,true,true,true,true,true,true,true,true,true,true,false,false,false,false,true,false,true,false,true,true,true,true,true,true,true,true,true,true,true,true,true,true,true,true,true,true,true,true],