{"modelname":"lbd","policy":"nolearning","smax":[5,1],"alpha":0.6,"beta":0.95,"c":1.0,"gamma":0.0,"sigma":2.0,"p0":1.5,"accuracy":1.0e-8,"cost_entry":[0.0,10.0],"value_exit":[0.0,1.0],"cost_merger":[0.0,1.0],"cost_bundling":[0.0,1.0],"entry":true,"exit":true,"mergers":true,"bundling":true,"filename":"a60g0s20","verbose":true,"firms":[1,2,3,4],"rival":[2,1,4,3],"partner":[3,4,1,2],"merger_pairs":[1,2,1,2,3,4,4,3],"outcomes":[1,0,1,0,1,0,0,0,0,0,1,0,1,0,1,0,0,0,1,0,0,1,0,0,1,0,0,0,1,1,0,0,0,0,1,0,0,0,0,0,1,1,1,1,2],"ownership":[0,3,0,3,0,0,4,4,0,1,0,1,0,0,2,2],"S":[1,1,1,1,1,1,1,1,1,1,1,1,1,1,0,0,0,1,0,1,0,1,0,1,1,1,1,1,1,1,1,1,1,1,1,1,1,1,1,1,1,1,0,0,0,0,1,0,1,0,1,1,1,1,1,1,0,1,1,0,0,1,1,1,1,0,1,3,1,3,0,0,1,0,0,0,0,1,1,0,0,0,1,1],"ms":14,"mc":[0.11912746872255614,0.11912746872255614,0.11912746872255614,0.11912746872255614,0.11912746872255614,0.11912746872255614,0.11912746872255614,0.11912746872255614,0.11912746872255614,0.11912746872255614,0.11912746872255614,0.11912746872255614,0.11912746872255614,0.11912746872255614,0.0,0.0,0.0,0.11912746872255614,0.0,0.11912746872255614,0.0,0.11912746872255614,0.0,0.11912746872255614,0.11912746872255614,0.11912746872255614,0.11912746872255614,0.11912746872255614,1.0,1.0,1.0,1.0,1.0,1.0,1.0,1.0,1.0,1.0,1.0,1.0,1.0,1.0,0.0,0.0,0.0,0.0,1.0,0.0,1.0,0.0,1.0,1.0,1.0,1.0,1.0,1.0],"P":[1.0799581011044819,0.642079911028656,0.880603689875606,0.8387546374328633,1.402467208422388,0.1191275028079909,1.7323961619236268,0.8806036898757246,0.880603689875606,0.984146519095719,0.9244422258775262,0.9193185174887382,0.6911241046025813,0.5863927809117946,0.0,0.0,0.0,0.8387546401245818,0.0,0.7149126497228971,0.0,0.23825493744511228,0.0,0.984146524403377,0.9694593867034562,0.9193185197672016,0.8417941347490447,0.5863927790257486,1.9608306438563319,2.0,1.76147622115305,2.2833397474101234,1.719627184145292,2.613268697618812,1.0000000363447235,1.7614762211531685,1.76147622115305,1.8650190658010215,1.8053147724498528,1.800191067900714,1.5719966358800253,1.4672653121892385,0.0,0.0,0.0,0.0,1.719627181217497,0.0,1.5957851977222235,0.0,2.0,1.865019073374418,1.8503319339266426,1.8001910635360416,1.7226666886346977,1.4672653103031925],"V":[8.128637209729618,7.982576126778332,8.320799440591895,6.429571283177095,9.294628440341064,5.583256526604082,10.727579310252091,7.65635322709213,7.656353252932043,7.300366437788913,7.260849103075078,7.002851896798954,6.439918708281753,4.345298180595091,0.0,0.0,0.0,6.429571274171824,0.0,5.830385119393213,0.0,3.0238333572319434,0.0,7.3003664050875585,7.006624663619565,7.002851884827383,4.453324676218537,4.345298195837675,8.128637294832654,8.962649613564196,8.320799440591895,9.294628548329987,6.429571379121489,10.727579603207335,5.583256831999614,7.65635322709213,7.656353252932043,7.300366584533684,7.260849459162092,7.002852389174871,6.439918708281753,4.345298180595091,0.0,0.0,0.0,0.0,6.429571368203202,0.0,5.830385202687001,0.0,3.023833421465051,7.300366537872714,7.0066247902449055,7.002852412107863,4.453324815538189,4.345298195837675],"D":[0.47961693018464663,0.6716903390242449,0.6716903390242449,0.3051957796424658,0.6103915553042507,0.529298906831815,0.6900702322775476,0.6716903390241402,0.6716903390242449,0.42197805733217836,0.45080907035638684,0.43757461360127153,0.5629344923908776,0.46497204877070386,0.0,0.0,0.0,0.30519577799946335,0.0,0.16077132596374064,0.0,0.0,0.0,0.42197805285274814,0.4119943274332962,0.43757461160727584,0.3081180845895058,0.4649720522785385,0.47961693018464663,0.6716903390242449,0.6716903390242449,0.6103915576419292,0.3051957767585747,0.6900702327955557,0.5292989100014043,0.6716903390241402,0.6716903390242449,0.4219780582882704,0.4508090706366006,0.43757461069440395,0.5629344923908776,0.46497204877070386,0.0,0.0,0.0,0.0,0.305195778545676,0.0,0.16077132227614338,0.0,0.0,0.42197805189665605,0.4119943271530824,0.4375746145141434,0.3081180845895058,0.4649720522785385],"Q":[0.47961693018464663,0.6716903390242449,0.6716903390242449,0.3051957796424658,0.3051957767585747,0.529298906831815,0.5292989100014043,0.6716903390241402,0.6716903390242449,0.21098903026399277,0.2355447585887367,0.21878730584570089,0.5629344923908776,0.46497204877070386,0.0,0.0,0.0,0.0,0.0,0.0,0.0,0.0,0.0,0.21098902482847048,0.19673001538543228,0.21878730675857277,0.3081180845895058,0.4649720522785385,0.0,0.0,0.0,0.0,0.305195778545676,0.0,0.16077132227614338,0.0,0.0,0.2109890270681856,0.21526431176765012,0.21878730775557065,0.0,0.0,0.0,0.0,0.0,0.30519577799946335,0.0,0.16077132596374064,0.0,0.0,0.0,0.21098902802427763,0.21526431204786392,0.21878730484870304,0.0,0.0,0.0,0.0,0.0,0.0,0.0,0.0,0.0,0.0,0.0,0.0,0.0,0.0,0.0,0.0,0.0,0.0,0.0,0.0,0.0,0.0,0.0,0.0,0.0,0.0,0.0,0.0,0.0,0.0,0.0,0.0,0.0,0.0,0.0,0.0,0.0,0.0,0.0,0.0,0.0,0.0,0.0,0.0,0.0,0.0,0.0,0.0,0.0,0.0,0.0,0.0,0.0,0.0,0.0,0.0,0.0,0.0,0.5203830698153534,0.32830966097575515,0.32830966097575515,0.3896084423580708,0.3896084446957493,0.3099297672044442,0.30992976772245234,0.32830966097585973,0.32830966097575515,0.1560438898150734,0.137196602210317,0.1248507747914526,0.12894742301961665,0.07005589895075773],"PI":[0.46083063833039195,0.35126210326614105,0.511476221145193,0.21962717480644245,0.7833397396991326,1.804138336071676e-8,1.1132687018433585,0.5114762211451929,0.511476221145193,0.36501905843179305,0.3630431970173115,0.35014328897105834,0.32199663586841165,0.21726530952811274,0.0,0.0,0.0,0.2196271744455944,0.0,0.09578517353897203,0.0,0.0,0.0,0.3650190567967157,0.35033192664360574,0.3501432883724786,0.22266666893276577,0.2172653102902435,0.4608306438337114,0.6716903390242449,0.511476221145193,0.7833397474054652,0.21962717744180824,1.1132687057275967,1.9237222507997174e-8,0.5114762211451929,0.511476221145193,0.36501906576904863,0.36304320413804364,0.3501432950177943,0.32199663586841165,0.21726530952811277,0.0,0.0,0.0,0.0,0.21962717783430424,0.0,0.0957851740303554,0.0,0.0,0.3650190634359875,0.3503319329748864,0.35014329616444584,0.22266667589876385,0.21726531029024354],"CS":[0.3265950329474965,0.5568990138141916,0.5568990138141916,0.4713065190758181,0.47130651607578233,0.5857047822879848,0.5857047814522987,0.5568990138140322,0.5568990138141916,0.9288089831671273,0.9931701646139706,1.0403180282485278,1.0241752655962297,1.3292308995849664],"pr_entry":[0.0,0.0,0.0,0.0,0.0,0.0,0.0,0.0,0.0,0.0,0.0,0.0,0.0,0.0,0.16073925999277805,0.14575960667224855,0.07559581880464361,0.0,0.18250914074449587,0.0,0.1751655983414726,0.0,0.11133310545488873,0.0,0.0,0.0,0.0,0.0,0.0,0.0,0.0,0.0,0.0,0.0,0.0,0.0,0.0,0.0,0.0,0.0,0.0,0.0,0.16073926234356203,0.1457596087545928,0.07559582041047071,0.18250914406412444,0.0,0.17516560150710575,0.0,0.11133310893787962,0.0,0.0,0.0,0.0,0.0,0.0],"pr_exit":[0.0,0.0,0.0,0.0,0.0,0.25,0.0,0.25,0.0,0.0,0.0,0.0,0.0,0.0,0.0,0.0,0.0,0.0,0.0,0.0,0.0,0.0,0.0,0.0,0.0,0.0,0.0,0.0,0.0,0.0,0.0,0.0,0.0,0.0,0.25,0.0,0.25,0.0,0.0,0.0,0.0,0.0,0.0,0.0,0.0,0.0,0.0,0.0,0.0,0.0,0.0,0.0,0.0,0.0,0.0,0.0],"pr_merger":[0.1685966447448699,0.0,0.0,0.11957098555537171,0.11957099106580316,0.0,0.0,0.0,0.0,0.0,0.0,0.0,0.0,0.0,0.0,0.0,0.0,0.0,0.0,0.0,0.0,0.0,0.0,0.0,0.0,0.0,0.0,0.0,0.0,0.0,0.0,0.0,0.11957099542621497,0.0,0.0,0.0,0.0,0.0,0.0,0.0,0.0,0.0,0.0,0.0,0.0,0.1195709888878762,0.0,0.0,0.0,0.0,0.0,0.0,0.0,0.0,0.0,0.0],"pr_bundling":[0.0,0.0,0.0,0.0,0.0,0.0,0.0,0.0,0.0,0.0,0.0,0.0,0.0,0.0,0.0,0.0,0.0,0.0,0.0,0.0,0.0,0.0,0.0,0.0,0.0,0.0,0.0,0.0,0.0,0.0,0.0,0.0,0.0,0.0,0.0,0.0,0.0,0.0,0.0,0.0,0.0,0.0,0.0,0.0,0.0,0.0,0.0,0.0,0.0,0.0,0.0,0.0,0.0,0.0,0.0,0.0],"active_firms":[true,true,true,true,true,true,true,true,true,true,true,true,true,true,false,false,false,true,false,true,false,true,false,true,true,true,true,true,true,true,true,true,true,true,true,true,true,true,true,true,true,true,false,false,false,false,true,false,true,false,true,true,true,true,true,true,true,true,true,true,true,true,true,true,true,true,true,true,true,true],