{"modelname":"lbd","policy":"nolearning","smax":[5,1],"alpha":0.6,"beta":0.95,"c":1.0,"gamma":0.0,"sigma":5.0,"p0":1.5,"accuracy":1.0e-8,"cost_entry":[0.0,10.0],"value_exit":[0.0,1.0],"cost_merger":[0.0,1.0],"cost_bundling":[0.0,1.0],"entry":true,"exit":true,"mergers":true,"bundling":true,"filename":"a60g0s50","verbose":true,"firms":[1,2,3,4],"rival":[2,1,4,3],"partner":[3,4,1,2],"merger_pairs":[1,2,1,2,3,4,4,3],"outcomes":[1,0,1,0,1,0,0,0,0,0,1,0,1,0,1,0,0,0,1,0,0,1,0,0,1,0,0,0,1,1,0,0,0,0,1,0,0,0,0,0,1,1,1,1,2],"ownership":[0,3,0,3,0,0,4,4,0,1,0,1,0,0,2,2],"S":[1,1,1,1,1,1,1,1,1,1,1,1,1,1,0,0,0,1,0,1,0,1,0,1,1,1,1,1,1,1,1,1,1,1,1,1,1,1,1,1,1,1,0,0,0,0,1,0,1,0,1,1,1,1,1,1,0,1,1,0,0,1,1,1,1,0,1,3,1,3,0,0,1,0,0,0,0,1,1,0,0,0,1,1],"ms":14,"mc":[0.11912746872255614,0.11912746872255614,0.11912746872255614,0.11912746872255614,0.11912746872255614,0.11912746872255614,0.11912746872255614,0.11912746872255614,0.11912746872255614,0.11912746872255614,0.11912746872255614,0.11912746872255614,0.11912746872255614,0.11912746872255614,0.0,0.0,0.0,0.11912746872255614,0.0,0.11912746872255614,0.0,0.11912746872255614,0.0,0.11912746872255614,0.11912746872255614,0.11912746872255614,0.11912746872255614,0.11912746872255614,1.0,1.0,1.0,1.0,1.0,1.0,1.0,1.0,1.0,1.0,1.0,1.0,1.0,1.0,0.0,0.0,0.0,0.0,1.0,0.0,1.0,0.0,1.0,1.0,1.0,1.0,1.0,1.0],"P":[0.9454145665559941,0.6247729148410335,0.8719501917817947,0.46671146233259847,1.4453788949730364,0.11912750250215115,1.6688567967433556,0.8719501917791321,0.8719501917817947,0.518680778483022,0.5183848508903718,0.5182390059923929,0.3865152113383706,0.31906668502419105,0.0,0.0,0.0,0.4667114635644326,0.0,0.36760788002897143,0.0,0.23825493744511228,0.0,0.5186807760875615,0.5185335850032816,0.5182390079861953,0.4382295352658409,0.319066684262826,1.8262871214353449,2.0,1.7528227230592386,2.326251430546985,1.3475840000093817,2.5497293325622388,1.000000029863584,1.752822723056576,1.7528227230592386,1.399553314288704,1.399257387068914,1.3991115433828598,1.2673877426158144,1.199939216301635,0.0,0.0,0.0,0.0,1.3475839986932692,0.0,1.2484804164739123,0.0,2.0,1.3995533163584575,1.3994061217819629,1.399111545372333,1.319102074412818,1.1999392155402697],"V":[9.328297258093269,8.36193736690673,10.243980316296499,2.6663222527859856,11.404559889861307,2.9927296668120076,12.319367301805991,7.902689085229141,7.902689144859189,3.991059898132192,3.98959670746162,3.986666710468761,3.3477503201852334,1.9987821864726023,0.0,0.0,0.0,2.666322254995218,0.0,1.6697588847123515,0.0,1.2644780533803335,0.0,3.991059922006072,3.988115990862492,3.9866666906414365,2.382037867200934,1.9987821940793034,9.328297325297846,11.677046378780652,10.243980316296499,11.404559857364756,2.6663222859259696,12.319367849921136,2.9927303186824887,7.902689085229141,7.902689144859189,3.991059987915574,3.9895973787048504,3.9866674655623964,3.3477503201852334,1.9987821864726023,0.0,0.0,0.0,0.0,2.6663222841865877,0.0,1.6697588850701837,0.0,1.2644780699339082,3.9910599672877867,3.988116039807194,3.9866674457781137,2.382037925945504,1.9987821940793034],"D":[0.757953385959031,0.8671666025405328,0.867166602540533,0.42459951716683686,0.8491990311877735,0.6758376484437474,0.8709452117221184,0.8671666025436,0.867166602540533,0.4994410129890715,0.49962796203387094,0.49944347970760306,0.6260112784894367,0.4998479888075511,0.0,0.0,0.0,0.4245995145516566,0.0,0.19510755966889276,0.0,0.0,0.0,0.4994410189710268,0.49925654154963883,0.49944347472864536,0.37324129316906945,0.4998479926132197,0.757953385959031,0.8671666025405328,0.867166602540533,0.8491990317184934,0.42459951419683467,0.8709452081126401,0.6758376581208487,0.8671666025436,0.867166602540533,0.4994410185643485,0.49962796278320776,0.4994434797021979,0.6260112784894367,0.4998479888075511,0.0,0.0,0.0,0.0,0.42459951699093884,0.0,0.19510755360126966,0.0,0.0,0.49944101339574976,0.499256540800302,0.4994434747340506,0.37324129316906945,0.4998479926132197],"Q":[0.757953385959031,0.8671666025405328,0.867166602540533,0.42459951716683686,0.42459951419683467,0.6758376484437474,0.6758376581208487,0.8671666025436,0.867166602540533,0.24972050778668542,0.2499068710396098,0.24972174109583825,0.6260112784894367,0.4998479888075511,0.0,0.0,0.0,0.0,0.0,0.0,0.0,0.0,0.0,0.2497205081933637,0.24953544980604084,0.24972173612228574,0.37324129316906945,0.4998479926132197,0.0,0.0,0.0,0.0,0.42459951699093884,0.0,0.19510755360126966,0.0,0.0,0.24972050520238606,0.24972109099426118,0.24972173861176483,0.0,0.0,0.0,0.0,0.0,0.4245995145516566,0.0,0.19510755966889276,0.0,0.0,0.0,0.24972051077766308,0.24972109174359797,0.24972173860635963,0.0,0.0,0.0,0.0,0.0,0.0,0.0,0.0,0.0,0.0,0.0,0.0,0.0,0.0,0.0,0.0,0.0,0.0,0.0,0.0,0.0,0.0,0.0,0.0,0.0,0.0,0.0,0.0,0.0,0.0,0.0,0.0,0.0,0.0,0.0,0.0,0.0,0.0,0.0,0.0,0.0,0.0,0.0,0.0,0.0,0.0,0.0,0.0,0.0,0.0,0.0,0.0,0.0,0.0,0.0,0.0,0.0,0.0,0.24204661404096903,0.1328333974594672,0.132833397459467,0.15080096828150655,0.15080096881222657,0.12905479188735994,0.12905478827788153,0.13283339745640002,0.132833397459467,0.0011179680399016853,0.0011154964164903419,0.001113045563751623,0.0007474283414937384,0.0003040185792292421],"PI":[0.6262871035771154,0.4384788436006521,0.6528227230705925,0.1475839958617449,1.1262514262833108,2.282952205697622e-8,1.3497293377050514,0.6528227230705925,0.6528227230705925,0.19955330976990332,0.1994801521794841,0.199333654965498,0.16738774260733044,0.09993921515213015,0.0,0.0,0.0,0.14758399547578627,0.0,0.04848040667551744,0.0,0.0,0.0,0.1995533109636221,0.1994061162880879,0.1993336539741301,0.11910206796953805,0.09993921553246574,0.6262871214662606,0.8671666025405328,0.6528227230705925,1.1262514306357663,0.14758399754657606,1.3497293360666818,2.018293470751804e-8,0.6528227230705925,0.6528227230705925,0.1995533142591116,0.19948015492738813,0.1993336580164502,0.16738774260733044,0.09993921515213015,0.0,0.0,0.0,0.0,0.1475839979589412,0.0,0.04848040617604965,0.0,0.0,0.1995533132277006,0.19940611873532696,0.1993336570272347,0.11910207090677279,0.09993921553246568],"CS":[0.2837249902740595,0.4037319173327507,0.40373191733275116,0.3783588804928,0.37835887978893146,0.40950364429710095,0.40950364989081534,0.4037319173373688,0.40373191733275116,1.359248498301571,1.3596911513132568,1.3601310539488853,1.4397744243034247,1.6196843485079775],"pr_entry":[0.0,0.0,0.0,0.0,0.0,0.0,0.0,0.0,0.0,0.0,0.0,0.0,0.0,0.0,0.06665804741894701,0.04174396326562481,0.03161194458370339,0.0,0.09977648976427499,0.0,0.09970289143616853,0.0,0.05955094208503675,0.0,0.0,0.0,0.0,0.0,0.0,0.0,0.0,0.0,0.0,0.0,0.0,0.0,0.0,0.0,0.0,0.0,0.0,0.0,0.06665804814873103,0.041743963274570604,0.03161194499754254,0.09977649089631806,0.0,0.09970289265978596,0.0,0.05955094355365083,0.0,0.0,0.0,0.0,0.0,0.0],"pr_exit":[0.0,0.0,0.0,0.0,0.0,0.25,0.0,0.25,0.0,0.0,0.0,0.0,0.0,0.0,0.0,0.0,0.0,0.0,0.0,0.0,0.0,0.0,0.0,0.0,0.0,0.0,0.0,0.0,0.0,0.0,0.0,0.0,0.0,0.0,0.25,0.0,0.25,0.0,0.0,0.0,0.0,0.0,0.0,0.0,0.0,0.0,0.0,0.0,0.0,0.0,0.0,0.0,0.0,0.0,0.0,0.0],"pr_merger":[0.25,0.0,0.0,0.25,0.25,0.0,0.0,0.0,0.0,0.0,0.0,0.0,0.0,0.0,0.0,0.0,0.0,0.0,0.0,0.0,0.0,0.0,0.0,0.0,0.0,0.0,0.0,0.0,0.0,0.0,0.0,0.0,0.25,0.0,0.0,0.0,0.0,0.0,0.0,0.0,0.0,0.0,0.0,0.0,0.0,0.25,0.0,0.0,0.0,0.0,0.0,0.0,0.0,0.0,0.0,0.0],"pr_bundling":[0.0,0.13689094247538147,0.0,0.0,0.0,0.17047265367058628,0.17047265945899603,0.0,0.0,0.0,0.0,0.0,0.0,0.0,0.0,0.0,0.0,0.0,0.0,0.0,0.0,0.0,0.0,0.0,0.0,0.0,0.0,0.0,0.0,0.13689094247538147,0.0,0.0,0.0,0.17047265367058628,0.17047265945899603,0.0,0.0,0.0,0.0,0.0,0.0,0.0,0.0,0.0,0.0,0.0,0.0,0.0,0.0,0.0,0.0,0.0,0.0,0.0,0.0,0.0],"active_firms":[true,true,true,true,true,true,true,true,true,true,true,true,true,true,false,false,false,true,false,true,false,true,false,true,true,true,true,true,true,true,true,true,true,true,true,true,true,true,true,true,true,true,false,false,false,false,true,false,true,false,true,true,true,true,true,true,true,true,true,true,true,true,true,true,true,true,true,true,true,true],