{"modelname":"lbd","policy":"nolearning","smax":[5,1],"alpha":0.7,"beta":0.95,"c":1.0,"gamma":1.0,"sigma":3.0,"p0":1.5,"accuracy":1.0e-8,"cost_entry":[0.0,10.0],"value_exit":[0.0,1.0],"cost_merger":[0.0,1.0],"cost_bundling":[0.0,1.0],"entry":true,"exit":true,"mergers":true,"bundling":true,"filename":"a70g100s30","verbose":true,"firms":[1,2,3,4],"rival":[2,1,4,3],"partner":[3,4,1,2],"merger_pairs":[1,2,1,2,3,4,4,3],"outcomes":[1,0,1,0,1,0,0,0,0,0,1,0,1,0,1,0,0,0,1,0,0,1,0,0,1,0,0,0,1,1,0,0,0,0,1,0,0,0,0,0,1,1,1,1,2],"ownership":[0,3,0,3,0,0,4,4,0,1,0,1,0,0,2,2],"S":[1,1,1,1,1,1,1,1,1,1,1,1,1,1,0,0,0,1,0,1,0,1,0,1,1,1,1,1,1,1,1,1,1,1,1,1,1,1,1,1,1,1,0,0,0,0,1,0,1,0,1,1,1,1,1,1,0,1,1,0,0,1,1,1,1,0,1,3,1,3,0,0,1,0,0,0,0,1,1,0,0,0,1,1],"ms":14,"mc":[0.06108198627980489,0.06108198627980489,0.06108198627980489,0.06108198627980489,0.06108198627980489,0.06108198627980489,0.06108198627980489,0.06108198627980489,0.06108198627980489,0.06108198627980489,0.06108198627980489,0.06108198627980489,0.06108198627980489,0.06108198627980489,0.0,0.0,0.0,0.06108198627980489,0.0,0.06108198627980489,0.0,0.06108198627980489,0.0,0.06108198627980489,0.06108198627980489,0.06108198627980489,0.06108198627980489,0.06108198627980489,1.0,1.0,1.0,1.0,1.0,1.0,1.0,1.0,1.0,1.0,1.0,1.0,1.0,1.0,0.0,0.0,0.0,0.0,1.0,0.0,1.0,0.0,1.0,1.0,1.0,1.0,1.0,1.0],"P":[1.2041467771687524,1.2041467771665075,0.8193901495348962,0.7000226880850126,1.20414677715802,0.7000226880766566,1.2041467771653562,0.819390149534413,0.8193901495348962,0.7000226880910331,0.7000226880824516,0.7000226880830787,0.4936782707400562,0.390901008468554,0.0,0.0,0.0,0.7000226850023742,0.0,0.7000226850043524,0.0,0.12216397255960978,0.0,0.7000226850074065,0.7000226850079915,0.7000226850085881,0.5825166070362214,0.3909010066942973,1.5887495360894517,1.5887495360872492,1.7583081632550912,1.5887495360916581,1.5000000010169088,1.5887495360886479,1.500000001005624,1.758308163254608,1.7583081632550912,1.5000000010183259,1.5000000010233536,1.5000000010181216,1.4325962844602513,1.3298190221887491,0.0,0.0,0.0,0.0,1.5000000058673133,0.0,1.500000005869068,0.0,2.0,1.5000000058655085,1.500000005862893,1.5000000058710523,1.5214346347568382,1.3298190204144924],"V":[9.358318065873119,11.510473826212367,8.924946716009295,4.3832752423990184,9.578687094022037,7.947609419150177,10.298826923493777,7.655981108267357,7.655980891198679,4.675574320182292,6.374879189407749,6.112130524129401,5.318577050855278,3.2630387642659597,0.0,0.0,0.0,4.38327524552327,0.0,2.9843132684867557,0.0,2.41214492419315,0.0,4.6755743219557075,4.185566558765811,6.112130551093756,3.7620149985800584,3.2630387814492927,6.090997440373176,5.55552243479311,8.924946716009295,7.116376358588581,3.4990019031684194,5.795067673739792,4.14585541533162,7.655981108267357,7.655980891198679,4.117795500196947,3.5960723096639593,3.333323644389426,5.318577050855278,3.2630387642659597,0.0,0.0,0.0,0.0,3.499001901314267,0.0,2.750835480197143,0.0,2.4121447001860163,4.117795499137455,3.8615810406107225,3.333323628213039,3.762014685457723,3.2630387814492927],"D":[0.708386317213204,0.708386317214595,0.7802124851880821,0.4783031783642402,0.7083863172198549,0.4783031783718531,0.7083863172153084,0.7802124851885791,0.7802124851880821,0.47830317836318703,0.4783031783700125,0.4783031783699525,0.6147293153869905,0.4946723563806426,0.0,0.0,0.0,0.47830318278754713,0.0,0.4783031827803313,0.0,0.0,0.0,0.4783031827879122,0.4783031827815845,0.47830318278156836,0.360738014606174,0.4946723616466972,0.43382828701163795,0.4338282870132609,0.7802124851880821,0.43382828701001225,0.33333333461116527,0.4338282870122304,0.33333333461927317,0.7802124851885791,0.7802124851880821,0.333333334609619,0.33333333460539527,0.3333333346116029,0.6147293153869905,0.4946723563806426,0.0,0.0,0.0,0.0,0.33333332976076074,0.0,0.33333332975582963,0.0,0.0,0.3333333297624364,0.3333333297658559,0.3333333297586724,0.360738014606174,0.4946723616466972],"Q":[0.307318022539087,0.30731802254084023,0.7802124851880821,0.20750144854120264,0.23612877331181698,0.20750144854556632,0.23612877331604498,0.7802124851885791,0.7802124851880821,0.15943439339818044,0.15943439339843535,0.15943439340138454,0.6147293153869905,0.4946723563806426,0.0,0.0,0.0,0.0,0.0,0.0,0.0,0.0,0.0,0.15943439255466596,0.15943439255419228,0.1594343925507511,0.360738014606174,0.4946723616466972,0.0,0.0,0.0,0.0,0.23612876987585676,0.0,0.23612876987084813,0.0,0.0,0.15943439107975768,0.15943439108366841,0.15943439108021246,0.0,0.0,0.0,0.0,0.0,0.20750145046015833,0.0,0.20750145045808888,0.0,0.0,0.0,0.1594343948730889,0.15943439486895952,0.15943439487192318,0.0,0.0,0.401068294674117,0.4010682946737547,0.0,0.2708017298230376,0.23612877403218113,0.27080172982628675,0.23612877402841528,0.0,0.0,0.15943439388524897,0.15943439388790875,0.15943439388835548,0.0,0.0,0.0,0.0,0.0,0.2708017323273888,0.0,0.2708017323222424,0.0,0.0,0.0,0.15943439536015727,0.15943439535843268,0.15943439535889412,0.0,0.0,0.12651026447255093,0.12651026447242067,0.0,0.01882538800865125,0.0972045612993483,0.018825388008575222,0.09720456130322819,0.0,0.0,0.014464546338349649,0.014464546338000426,0.014464546338295197,0.0,0.0,0.0,0.0,0.0,0.0,0.097204559884904,0.0,0.0972045598849815,0.0,0.0,0.014464546128012774,0.014464546127995187,0.01446454612770886,0.0,0.0,0.16510341831424521,0.16510341831298422,0.2197875148119179,0.024568250839561483,0.09720456159589279,0.02456825083924039,0.09720456159648193,0.21978751481142078,0.2197875148119179,0.014464546382538529,0.01446454638240745,0.014464546382475189,0.024532670006835466,0.010655281972660158],"PI":[0.8097314575539026,0.8097314575539024,0.5916414965916647,0.30560736845970904,0.8097314575539025,0.30560736846057657,0.8097314575539024,0.5916414965916645,0.5916414965916647,0.3056073684619158,0.3056073684621723,0.3056073684624339,0.2659296177852061,0.163152352885268,0.0,0.0,0.0,0.30560736981150416,0.0,0.3056073698078398,0.0,0.0,0.0,0.3056073698141444,0.30560736981038117,0.3056073698106562,0.188101289838593,0.1631523537444372,0.25541620272058335,0.25541620272058335,0.5916414965916645,0.2554162027205834,0.16666666764455224,0.25541620272058346,0.16666666764484458,0.5916414965916645,0.5916414965916645,0.16666666764425145,0.16666666764381552,0.16666666764517532,0.2659296177852061,0.163152352885268,0.0,0.0,0.0,0.0,0.16666666683615144,0.0,0.16666666683427075,0.0,0.0,0.1666666668363877,0.1666666668372256,0.16666666683635362,0.1881012948890773,0.1631523537444372],"CS":[0.6003944079208483,0.6003944079233943,0.5050313470398291,1.2354334286280935,0.7769792128726749,1.23543342863245,0.7769792128706547,0.5050313470405832,0.5050313470398291,1.4120182335681168,1.4120182335711375,1.4120182335695766,1.235916526681934,1.513899849966653],"pr_entry":[0.0,0.0,0.0,0.0,0.0,0.0,0.0,0.0,0.0,0.0,0.0,0.0,0.0,0.0,0.10958186240182413,0.07460781230333693,0.06030360360301479,0.0,0.1168893418753337,0.0,0.10463915026356532,0.0,0.09405036075635437,0.0,0.0,0.0,0.0,0.0,0.0,0.0,0.0,0.0,0.0,0.0,0.0,0.0,0.0,0.0,0.0,0.0,0.0,0.0,0.08747502730921605,0.0687708671615837,0.06030359765345187,0.10294486977291475,0.0,0.0965395107777262,0.0,0.09405035238338544,0.0,0.0,0.0,0.0,0.0,0.0],"pr_exit":[0.0,0.0,0.0,0.0,0.0,0.25,0.0,0.25,0.0,0.0,0.0,0.0,0.0,0.0,0.0,0.0,0.0,0.0,0.0,0.0,0.0,0.0,0.0,0.0,0.0,0.0,0.0,0.0,0.0,0.0,0.0,0.0,0.0,0.0,0.25,0.0,0.25,0.0,0.0,0.0,0.0,0.0,0.0,0.0,0.0,0.0,0.0,0.0,0.0,0.0,0.0,0.0,0.0,0.0,0.0,0.0],"pr_merger":[0.25,0.0,0.0,0.25,0.25,0.0,0.0,0.0,0.0,0.25,0.0,0.0,0.0,0.0,0.0,0.0,0.0,0.0,0.0,0.0,0.0,0.0,0.0,0.25,0.25,0.0,0.0,0.0,0.0,0.0,0.0,0.0,0.25,0.0,0.0,0.0,0.0,0.25,0.0,0.0,0.0,0.0,0.0,0.0,0.0,0.25,0.0,0.0,0.0,0.0,0.0,0.25,0.0,0.0,0.0,0.0],"pr_bundling":[0.0,0.22650499769035815,0.0,0.0,0.0,0.25,0.22393487400108758,0.0,0.0,0.0,0.19939420952036113,0.0,0.0,0.0,0.0,0.0,0.0,0.0,0.0,0.0,0.0,0.0,0.0,0.0,0.0,0.0,0.0,0.0,0.0,0.22650499769035815,0.0,0.0,0.0,0.25,0.22393487400108758,0.0,0.0,0.0,0.19939420952036113,0.0,0.0,0.0,0.0,0.0,0.0,0.0,0.0,0.0,0.0,0.0,0.0,0.0,0.0,0.0,0.0,0.0],