{"modelname":"lbd","policy":"nolearning","smax":[5,1],"alpha":0.7,"beta":0.95,"c":1.0,"gamma":0.0,"sigma":9.0,"p0":1.5,"accuracy":1.0e-8,"cost_entry":[0.0,10.0],"value_exit":[0.0,1.0],"cost_merger":[0.0,1.0],"cost_bundling":[0.0,1.0],"entry":true,"exit":true,"mergers":true,"bundling":true,"filename":"a70g0s90","verbose":true,"firms":[1,2,3,4],"rival":[2,1,4,3],"partner":[3,4,1,2],"merger_pairs":[1,2,1,2,3,4,4,3],"outcomes":[1,0,1,0,1,0,0,0,0,0,1,0,1,0,1,0,0,0,1,0,0,1,0,0,1,0,0,0,1,1,0,0,0,0,1,0,0,0,0,0,1,1,1,1,2],"ownership":[0,3,0,3,0,0,4,4,0,1,0,1,0,0,2,2],"S":[1,1,1,1,1,1,1,1,1,1,1,1,1,1,0,0,0,1,0,1,0,1,0,1,1,1,1,1,1,1,1,1,1,1,1,1,1,1,1,1,1,1,0,0,0,0,1,0,1,0,1,1,1,1,1,1,0,1,1,0,0,1,1,1,1,0,1,3,1,3,0,0,1,0,0,0,0,1,1,0,0,0,1,1],"ms":14,"mc":[0.06108198627980489,0.06108198627980489,0.06108198627980489,0.06108198627980489,0.06108198627980489,0.06108198627980489,0.06108198627980489,0.06108198627980489,0.06108198627980489,0.06108198627980489,0.06108198627980489,0.06108198627980489,0.06108198627980489,0.06108198627980489,0.0,0.0,0.0,0.06108198627980489,0.0,0.06108198627980489,0.0,0.06108198627980489,0.0,0.06108198627980489,0.06108198627980489,0.06108198627980489,0.06108198627980489,0.06108198627980489,1.0,1.0,1.0,1.0,1.0,1.0,1.0,1.0,1.0,1.0,1.0,1.0,1.0,1.0,0.0,0.0,0.0,0.0,1.0,0.0,1.0,0.0,1.0,1.0,1.0,1.0,1.0,1.0],"P":[0.9242994575818806,0.7081781675043228,0.8846300768920637,0.26822275590905065,1.5871712797669548,0.06108201876786942,1.734068124198169,0.8846300768919474,0.8846300768920637,0.28330412767664714,0.2833040743098535,0.283304047620736,0.2097704469298507,0.17219308769524577,0.0,0.0,0.0,0.26822275428383224,0.0,0.2010747892574596,0.0,0.12216397255960978,0.0,0.2833041268446651,0.28330410015646734,0.28330404678212784,0.23847292638196724,0.17219308716578385,1.8632175284291064,2.0,1.8235480906122588,2.5260892987559553,1.2071407723777419,2.6729861431901223,1.0000000296213656,1.8235480906121424,1.8235480906122588,1.222222144047524,1.2222220906818475,1.222222064000698,1.1486884606500458,1.111111101415441,0.0,0.0,0.0,0.0,1.2071407737061575,0.0,1.1399928024044104,0.0,2.0,1.2222221431530853,1.2222221164688056,1.2222220631043983,1.1773909458023561,1.1111111008859789],"V":[13.660716453689624,11.888936144050462,14.56471592564345,1.903728071153274,20.154446619866867,6.977401308492607,15.316218198120525,12.703539560136086,12.703539603955806,2.2222199692745717,2.222219961200798,2.222219419566882,1.8626589063607801,1.1111108683859336,0.0,0.0,0.0,1.903728073260533,0.0,0.6231747382512678,0.0,0.5121762040569953,0.0,2.222219977593535,2.222219378770024,2.2222194279529464,1.325596301343884,1.1111108736805495,13.660716759212612,16.974467797836585,14.56471592564345,20.154446562586973,1.903728085133714,17.611178570174225,9.272361761174702,12.70353956013608,12.703539603955806,2.222219995156864,2.2222200712858693,2.2222195297511207,1.8626589063607801,1.1111108683859336,0.0,0.0,0.0,0.0,1.9037280845935682,0.0,0.6231747435556578,0.0,0.5121762104159334,2.222220004100328,2.222219405288002,2.2222195387141097,1.3255963439399252,1.1111108736805495],"D":[0.8712826056771785,0.932541212630047,0.9325412126300472,0.4635961272792912,0.9271922619735729,0.7272767555235623,0.9335851630082734,0.9325412126301791,0.9325412126300472,0.49999981801937393,0.49999987804632295,0.49999981800472504,0.6263626960192,0.49999994886723254,0.0,0.0,0.0,0.4635961340602962,0.0,0.20630840322598887,0.0,0.0,0.0,0.49999982176329244,0.499999761736603,0.49999982177846053,0.3736370637571616,0.49999995363238925,0.8712826056771785,0.932541212630047,0.9325412126300472,0.9271922613395874,0.4635961337581041,0.9335851587495512,0.727276762158551,0.9325412126301791,0.9325412126300472,0.49999981787884684,0.4999998779120979,0.49999981787491865,0.6263626960192,0.49999994886723254,0.0,0.0,0.0,0.0,0.4635961282154687,0.0,0.20630840084972252,0.0,0.0,0.49999982190381953,0.49999976187082806,0.49999982190826686,0.3736370637571616,0.49999995363238925],"Q":[0.8712826056771785,0.932541212630047,0.9325412126300472,0.4635961272792912,0.4635961337581041,0.7272767555235623,0.727276762158551,0.9325412126301791,0.9325412126300472,0.24999990800344382,0.24999996803348232,0.24999990799402544,0.6263626960192,0.49999994886723254,0.0,0.0,0.0,0.0,0.0,0.0,0.0,0.0,0.0,0.2499999118878894,0.24999985185798743,0.24999991189756732,0.3736370637571616,0.49999995363238925,0.0,0.0,0.0,0.0,0.4635961282154687,0.0,0.20630840084972252,0.0,0.0,0.2499999100159301,0.24999991001284064,0.24999991001069957,0.0,0.0,0.0,0.0,0.0,0.4635961340602962,0.0,0.20630840322598887,0.0,0.0,0.0,0.24999990987540305,0.2499999098786156,0.2499999098808932,0.0,0.0,0.0,0.0,0.0,0.0,0.0,0.0,0.0,0.0,0.0,0.0,0.0,0.0,0.0,0.0,0.0,0.0,0.0,0.0,0.0,0.0,0.0,0.0,0.0,0.0,0.0,0.0,0.0,0.0,0.0,0.0,0.0,0.0,0.0,0.0,0.0,0.0,0.0,0.0,0.0,0.0,0.0,0.0,0.0,0.0,0.0,0.0,0.0,0.0,0.0,0.0,0.0,0.0,0.0,0.0,0.0,0.0,0.12871739432282145,0.06745878736995307,0.06745878736995285,0.07280773866041253,0.07280773802642718,0.06641484125044886,0.06641483699172653,0.06745878736982099,0.06745878736995285,3.602173334628975e-7,3.6021707393648185e-7,3.6021681440367125e-7,2.402236383971794e-7,9.750037811678023e-8],"PI":[0.7521063676621376,0.6034438575273846,0.7679925350787159,0.09602965860177017,1.4149781840020021,2.3627814164812857e-8,1.5618750362790979,0.767992535078716,0.7679925350787159,0.11111103025829672,0.11111101691422355,0.11111099022710041,0.09313290507970744,0.055555545026302326,0.0,0.0,0.0,0.09602965925294779,0.0,0.028881691645450402,0.0,0.0,0.0,0.11111103067428743,0.11111100399093549,0.11111099064640376,0.06627982999689447,0.0555555452910332,0.7521064174359258,0.932541212630047,0.7679925350787158,1.4149781879196794,0.09602966121798862,1.5618750340759497,2.1542930851627648e-8,0.7679925350787159,0.7679925350787158,0.1111110315524089,0.1111110182102949,0.11111099152813751,0.09313290507970744,0.05555554502630233,0.0,0.0,0.0,0.0,0.09602966068573117,0.0,0.02888169119452509,0.0,0.0,0.11111103199962774,0.11111100531683424,0.11111099197628678,0.06627983212669815,0.055555545291033154],"CS":[0.22779289105434053,0.29958204722799486,0.29958204722799486,0.29110366990539793,0.291103670872916,0.30131497051856115,0.30131497764334503,0.299582047228212,0.29958204722799486,1.6485064759542933,1.6485065560067398,1.6485066360612164,1.6935217245367165,1.7937121756477008],"pr_entry":[0.0,0.0,0.0,0.0,0.0,0.0,0.0,0.0,0.0,0.0,0.0,0.0,0.0,0.0,0.047593202808744364,0.015579367772228517,0.0128044044674891,0.0,0.0555554986031388,0.0,0.05555548354681807,0.0,0.03313990714071025,0.0,0.0,0.0,0.0,0.0,0.0,0.0,0.0,0.0,0.0,0.0,0.0,0.0,0.0,0.0,0.0,0.0,0.0,0.0,0.04759320309207024,0.015579367904838232,0.012804404626462521,0.05555549926580862,0.0,0.05555548420976751,0.0,0.03313990820561124,0.0,0.0,0.0,0.0,0.0,0.0],"pr_exit":[0.0,0.0,0.0,0.0,0.0,0.25,0.0,0.25,0.0,0.0,0.0,0.0,0.0,0.0,0.0,0.0,0.0,0.0,0.0,0.09420632227771483,0.0,0.121955955325109,0.0,0.0,0.0,0.0,0.0,0.0,0.0,0.0,0.0,0.0,0.0,0.0,0.25,0.0,0.25,0.0,0.0,0.0,0.0,0.0,0.0,0.0,0.0,0.0,0.0,0.0,0.09420632095161768,0.0,0.1219559537353748,0.0,0.0,0.0,0.0,0.0],"pr_merger":[0.25,0.0,0.0,0.25,0.25,0.0,0.0,0.0,0.0,2.493195472297316e-8,0.0,0.0,0.0,0.0,0.0,0.0,0.0,0.0,0.0,0.0,0.0,0.0,0.0,2.0616369500459086e-8,5.5077398197767025e-8,0.0,0.0,0.0,0.0,0.0,0.0,0.0,0.25,0.0,0.0,0.0,0.0,2.2696099888364074e-8,0.0,0.0,0.0,0.0,0.0,0.0,0.0,0.25,0.0,0.0,0.0,0.0,0.0,2.2852224335068172e-8,0.0,0.0,0.0,0.0],"pr_bundling":[0.0,0.07574458704562037,0.0,0.0,0.0,0.25,0.25,0.0,0.0,0.0,0.0,0.0,0.0,0.0,0.0,0.0,0.0,0.0,0.0,0.0,0.0,0.0,0.0,0.0,0.0,0.0,0.0,0.0,0.0,0.07574458704562037,0.0,0.0,0.0,0.25,0.25,0.0,0.0,0.0,0.0,0.0,0.0,0.0,0.0,0.0,0.0,0.0,0.0,0.0,0.0,0.0,0.0,0.0,0.0,0.0,0.0,0.0],