{"modelname":"lbd","policy":"nolearning","smax":[5,1],"alpha":0.7,"beta":0.95,"c":1.0,"gamma":0.0,"sigma":7.0,"p0":1.5,"accuracy":1.0e-8,"cost_entry":[0.0,10.0],"value_exit":[0.0,1.0],"cost_merger":[0.0,1.0],"cost_bundling":[0.0,1.0],"entry":true,"exit":true,"mergers":true,"bundling":true,"filename":"a70g0s70","verbose":true,"firms":[1,2,3,4],"rival":[2,1,4,3],"partner":[3,4,1,2],"merger_pairs":[1,2,1,2,3,4,4,3],"outcomes":[1,0,1,0,1,0,0,0,0,0,1,0,1,0,1,0,0,0,1,0,0,1,0,0,1,0,0,0,1,1,0,0,0,0,1,0,0,0,0,0,1,1,1,1,2],"ownership":[0,3,0,3,0,0,4,4,0,1,0,1,0,0,2,2],"S":[1,1,1,1,1,1,1,1,1,1,1,1,1,1,0,0,0,1,0,1,0,1,0,1,1,1,1,1,1,1,1,1,1,1,1,1,1,1,1,1,1,1,0,0,0,0,1,0,1,0,1,1,1,1,1,1,0,1,1,0,0,1,1,1,1,0,1,3,1,3,0,0,1,0,0,0,0,1,1,0,0,0,1,1],"ms":14,"mc":[0.06108198627980489,0.06108198627980489,0.06108198627980489,0.06108198627980489,0.06108198627980489,0.06108198627980489,0.06108198627980489,0.06108198627980489,0.06108198627980489,0.06108198627980489,0.06108198627980489,0.06108198627980489,0.06108198627980489,0.06108198627980489,0.0,0.0,0.0,0.06108198627980489,0.0,0.06108198627980489,0.0,0.06108198627980489,0.0,0.06108198627980489,0.06108198627980489,0.06108198627980489,0.06108198627980489,0.06108198627980489,1.0,1.0,1.0,1.0,1.0,1.0,1.0,1.0,1.0,1.0,1.0,1.0,1.0,1.0,0.0,0.0,0.0,0.0,1.0,0.0,1.0,0.0,1.0,1.0,1.0,1.0,1.0,1.0],"P":[0.9158218294901422,0.6675933761590155,0.8643376812194102,0.32133648638643336,1.5213934530771132,0.06108201553954285,1.700295155416994,0.8643376812191778,0.8643376812194102,0.3467912983757771,0.3467879836835276,0.3467863266518248,0.25225012841685335,0.203938456803064,0.0,0.0,0.0,0.32133648445527896,0.0,0.2402444119454963,0.0,0.12216397255960978,0.0,0.346791297217976,0.3467896399778819,0.3467863254061436,0.2891538574389658,0.20393845742806027,1.8547398752467728,2.0,1.8032556949396055,2.460311470981183,1.260254504451299,2.639213169872324,1.0000000236471867,1.8032556949393728,1.8032556949396055,1.2857093143508669,1.2857059996763196,1.2857043427149086,1.1911681421370486,1.1428564705232591,0.0,0.0,0.0,0.0,1.2602545033526706,0.0,1.1791624259908542,0.0,2.0,1.2857093154172854,1.2857076582136957,1.285704343778624,1.228071878208946,1.1428564711482554],"V":[12.001656700299979,10.761354540266028,12.998782913567462,2.0856313480833846,16.07344532803163,4.372612345947345,15.424122353516156,10.594954427284534,10.594954459642189,2.857042821177612,2.857026262774009,2.8569931131591586,2.3947911690652988,1.428557858529184,0.0,0.0,0.0,2.0856313507732915,0.0,0.9204471980282727,0.0,0.7624555503151079,0.0,2.857042832754879,2.8570096740909126,2.85699312561489,1.7042943315875925,1.4285578522793143,12.001656840762976,14.867906973777,12.998782913567462,16.073445311359887,2.085631368759453,15.956233169506039,4.904723217484512,10.594954427284526,10.594954459642192,2.857042865967372,2.857026393805663,2.856993246665489,2.394791169065308,1.428557858529184,0.0,0.0,0.0,0.0,2.085631368659213,0.0,0.9204472061213831,0.0,0.7624555608586895,2.8570428553038694,2.857009696816733,2.85699323602927,1.7042943842679446,1.4285578522793143],"D":[0.8328647733417306,0.9110761718066006,0.9110761718066006,0.4510867529229614,0.9021735115872469,0.7102112524076892,0.912850177946172,0.9110761718068646,0.9110761718066006,0.4999912959476335,0.499994196741275,0.4999912963995086,0.6263573489133228,0.49999764663338864,0.0,0.0,0.0,0.4510867590207895,0.0,0.2026389227375816,0.0,0.0,0.0,0.49999129999986636,0.49998839981192345,0.49999130075931675,0.3736310441347114,0.49999764225843507,0.8328647733417306,0.9110761718066006,0.9110761718066006,0.9021735119437508,0.451086754059104,0.9128501751452709,0.7102112611396523,0.9110761718068646,0.9110761718066006,0.49999129983994994,0.4999942006664952,0.4999913004408819,0.6263573489133228,0.49999764663338864,0.0,0.0,0.0,0.0,0.4510867575281429,0.0,0.20263891680651966,0.0,0.0,0.4999912961075499,0.49998839588670324,0.4999912967179435,0.3736310441347114,0.49999764225843507],"Q":[0.8328647733417306,0.9110761718066006,0.9110761718066006,0.4510867529229614,0.451086754059104,0.7102112524076892,0.7102112611396523,0.9110761718068646,0.9110761718066006,0.24999564890691675,0.24999854957399809,0.2499956491304887,0.6263573489133228,0.49999764663338864,0.0,0.0,0.0,0.0,0.0,0.0,0.0,0.0,0.0,0.24999564906683314,0.24999274871942637,0.24999564944892355,0.3736310441347114,0.49999764225843507,0.0,0.0,0.0,0.0,0.4510867575281429,0.0,0.20263891680651966,0.0,0.0,0.24999564704071672,0.24999564716727687,0.24999564726901993,0.0,0.0,0.0,0.0,0.0,0.4510867590207895,0.0,0.2026389227375816,0.0,0.0,0.0,0.2499956509330332,0.2499956510924971,0.24999565131039322,0.0,0.0,0.0,0.0,0.0,0.0,0.0,0.0,0.0,0.0,0.0,0.0,0.0,0.0,0.0,0.0,0.0,0.0,0.0,0.0,0.0,0.0,0.0,0.0,0.0,0.0,0.0,0.0,0.0,0.0,0.0,0.0,0.0,0.0,0.0,0.0,0.0,0.0,0.0,0.0,0.0,0.0,0.0,0.0,0.0,0.0,0.0,0.0,0.0,0.0,0.0,0.0,0.0,0.0,0.0,0.0,0.0,0.0,0.1671352266582695,0.0889238281933993,0.0889238281933993,0.09782648805624905,0.09782648841275317,0.08714982485472914,0.08714982205382797,0.08892382819313538,0.0889238281933993,1.740405250009216e-5,1.740344680148955e-5,1.7402841174507545e-5,1.1606951965836254e-5,4.711108176290487e-6],"PI":[0.711882705781524,0.5525780752482518,0.7318271235274263,0.11739735738668755,1.317454324011651,2.0780595140925304e-8,1.4963560331385917,0.7318271235274265,0.7318271235274263,0.14285216921917201,0.14285134067603913,0.1428496835295727,0.11973957070564696,0.07142789906798161,0.0,0.0,0.0,0.11739735810255657,0.0,0.03630528093194775,0.0,0.0,0.0,0.14285216979804222,0.1428505125865207,0.14284968415235907,0.08521473135895467,0.07142789875548786,0.7118827324635425,0.9110761718066006,0.7318271235274264,1.3174543283068385,0.11739735964219707,1.4963560292183857,1.679449825541933e-8,0.7318271235274264,0.7318271235274264,0.1428521714586708,0.14285134293378335,0.14284968585563457,0.11973957070564703,0.07142789906798161,0.0,0.0,0.0,0.0,0.1173973600494534,0.0,0.036305279935214936,0.0,0.0,0.1428521709254893,0.14285051372281218,0.1428496853238233,0.08521473399297319,0.07142789875548786],"CS":[0.25556457910852126,0.34571073410076414,0.34571073410076414,0.33207998565581187,0.33207998513520476,0.3485895023881658,0.34858950697944024,0.3457107341011887,0.34571073410076414,1.5655439252224534,1.5655488970459712,1.565553868454606,1.6234151902807485,1.7522267708599977],"pr_entry":[0.0,0.0,0.0,0.0,0.0,0.0,0.0,0.0,0.0,0.0,0.0,0.0,0.0,0.0,0.052140784923955796,0.023011179302077578,0.019061388154004096,0.0,0.07142607007781152,0.0,0.07142524109222084,0.0,0.04260735790075362,0.0,0.0,0.0,0.0,0.0,0.0,0.0,0.0,0.0,0.0,0.0,0.0,0.0,0.0,0.0,0.0,0.0,0.0,0.0,0.052140785371103796,0.023011179504405323,0.01906138841759361,0.07142607064153632,0.0,0.07142524166036635,0.0,0.04260735921776241,0.0,0.0,0.0,0.0,0.0,0.0],"pr_exit":[0.0,0.0,0.0,0.0,0.0,0.25,0.0,0.25,0.0,0.0,0.0,0.0,0.0,0.0,0.0,0.0,0.0,0.0,0.0,0.019888206979224193,0.0,0.05938611845995903,0.0,0.0,0.0,0.0,0.0,0.0,0.0,0.0,0.0,0.0,0.0,0.0,0.25,0.0,0.25,0.0,0.0,0.0,0.0,0.0,0.0,0.0,0.0,0.0,0.0,0.0,0.019888204955946787,0.0,0.05938611582406389,0.0,0.0,0.0,0.0,0.0],"pr_merger":[0.25,0.0,0.0,0.25,0.25,0.0,0.0,0.0,0.0,0.0,0.0,0.0,0.0,0.0,0.0,0.0,0.0,0.0,0.0,0.0,0.0,0.0,0.0,0.0,0.0,0.0,0.0,0.0,0.0,0.0,0.0,0.0,0.25,0.0,0.0,0.0,0.0,0.0,0.0,0.0,0.0,0.0,0.0,0.0,0.0,0.25,0.0,0.0,0.0,0.0,0.0,0.0,0.0,0.0,0.0,0.0],"pr_bundling":[0.0,0.10874840275822795,0.0,0.0,0.0,0.25,0.25,0.0,0.0,0.0,0.0,0.0,0.0,0.0,0.0,0.0,0.0,0.0,0.0,0.0,0.0,0.0,0.0,0.0,0.0,0.0,0.0,0.0,0.0,0.10874840275822795,0.0,0.0,0.0,0.25,0.25,0.0,0.0,0.0,0.0,0.0,0.0,0.0,0.0,0.0,0.0,0.0,0.0,0.0,0.0,0.0,0.0,0.0,0.0,0.0,0.0,0.0],"active_firms":[true,true,true,true,true,true,true,true,true,true,true,true,true,true,false,false,false,true,false,true,false,true,false,true,true,true,true,true,true,true,true,true,true,true,true,true,true,true,true,true,true,true,false,false,false,false,true,false,true,false,true,true,true,true,true,true,true,true,true,true,true,true,true,true,true,true,true,true,true,true],