{"modelname":"lbd","policy":"nolearning","smax":[5,1],"alpha":0.7,"beta":0.95,"c":1.0,"gamma":1.0,"sigma":4.0,"p0":1.5,"accuracy":1.0e-8,"cost_entry":[0.0,10.0],"value_exit":[0.0,1.0],"cost_merger":[0.0,1.0],"cost_bundling":[0.0,1.0],"entry":true,"exit":true,"mergers":true,"bundling":true,"filename":"a70g100s40","verbose":true,"firms":[1,2,3,4],"rival":[2,1,4,3],"partner":[3,4,1,2],"merger_pairs":[1,2,1,2,3,4,4,3],"outcomes":[1,0,1,0,1,0,0,0,0,0,1,0,1,0,1,0,0,0,1,0,0,1,0,0,1,0,0,0,1,1,0,0,0,0,1,0,0,0,0,0,1,1,1,1,2],"ownership":[0,3,0,3,0,0,4,4,0,1,0,1,0,0,2,2],"S":[1,1,1,1,1,1,1,1,1,1,1,1,1,1,0,0,0,1,0,1,0,1,0,1,1,1,1,1,1,1,1,1,1,1,1,1,1,1,1,1,1,1,0,0,0,0,1,0,1,0,1,1,1,1,1,1,0,1,1,0,0,1,1,1,1,0,1,3,1,3,0,0,1,0,0,0,0,1,1,0,0,0,1,1],"ms":14,"mc":[0.06108198627980489,0.06108198627980489,0.06108198627980489,0.06108198627980489,0.06108198627980489,0.06108198627980489,0.06108198627980489,0.06108198627980489,0.06108198627980489,0.06108198627980489,0.06108198627980489,0.06108198627980489,0.06108198627980489,0.06108198627980489,0.0,0.0,0.0,0.06108198627980489,0.0,0.06108198627980489,0.0,0.06108198627980489,0.0,0.06108198627980489,0.06108198627980489,0.06108198627980489,0.06108198627980489,0.06108198627980489,1.0,1.0,1.0,1.0,1.0,1.0,1.0,1.0,1.0,1.0,1.0,1.0,1.0,1.0,0.0,0.0,0.0,0.0,1.0,0.0,1.0,0.0,1.0,1.0,1.0,1.0,1.0,1.0],"P":[1.1866476824743648,1.1866476824758005,0.8263452751087476,0.5554928607308303,1.1866476824759224,0.5554928607292061,1.1866476824781425,0.8263452751091399,0.8263452751087476,0.5554928607280495,0.5554928607306291,0.5554928607319963,0.3940210514916672,0.310688874415177,0.0,0.0,0.0,0.555492862620698,0.0,0.555492862621081,0.0,0.12216397255960978,0.0,0.5554928626189763,0.5554928626239614,0.5554928626233182,0.4589217706424218,0.3106888728658065,1.5000000000292055,1.5000000000229539,1.7652632888289426,1.5000000000293037,1.3997354669874427,1.5000000000330516,1.399735466986859,1.7652632888293351,1.7652632888289426,1.3997354669875888,1.3997354669878876,1.3997354669875,1.3329390652118622,1.2496068881353721,0.0,0.0,0.0,0.0,1.3997354715477064,0.0,1.3997354715496924,0.0,2.0,1.3997354715488788,1.399735471548696,1.3997354715476935,1.3978397936778402,1.2496068865860015],"V":[10.215607758937947,12.539884596567655,9.667316020993557,3.625406894645635,10.233867679742158,7.365084516822344,10.517897997433746,7.754772882043057,7.754772445493803,3.953467947484759,4.940576182998371,4.888205546195096,4.158770759549904,2.492132482911357,0.0,0.0,0.0,3.6254068924998277,0.0,2.213645248861227,0.0,1.7270809386828567,0.0,3.9534679461808975,3.6377517806673865,4.888205527913785,2.9567880981486794,2.492132498331977,6.322123510932574,5.9231255578842905,9.667316020993557,7.47169969065557,2.805386098210732,6.26647506174833,3.9970399066488485,7.754772882043057,7.754772445493803,3.3311133817456215,3.0470717915694947,2.9947011547665188,4.158770759549904,2.492132482911357,0.0,0.0,0.0,0.0,2.8053860957985846,0.0,2.027033470524291,0.0,1.7270807290221115,3.331113380069371,3.205714637835083,2.9947011343044854,2.956787767996309,2.492132498331977],"D":[0.7778894641736522,0.7778894641726602,0.8366575246452429,0.49434769717462634,0.7778894641725757,0.49434769717662475,0.7778894641710417,0.836657524644814,0.8366575246452429,0.49434769717572397,0.49434769717801746,0.4943476971760215,0.6245559230961836,0.4992125286479576,0.0,0.0,0.0,0.4943476934376192,0.0,0.49434769343564877,0.0,0.0,0.0,0.4943476934366224,0.49434769343415963,0.4943476934361393,0.3716063457717145,0.49921253483567907,0.4999999999707944,0.49999999997704636,0.8366575246452429,0.4999999999706963,0.37458639353219836,0.49999999996694844,0.37458639353385964,0.836657524644814,0.8366575246452429,0.3745863935327191,0.3745863935323365,0.3745863935321371,0.6245559230961836,0.4992125286479576,0.0,0.0,0.0,0.0,0.37458638669934696,0.0,0.37458638669715855,0.0,0.0,0.3745863866983305,0.3745863866986693,0.37458638669939126,0.3716063457717145,0.49921253483567907],"Q":[0.3889447320641074,0.38894473206847474,0.8366575246452429,0.24717384857282698,0.2913868089510994,0.24717384857197353,0.2913868089518169,0.836657524644814,0.8366575246452429,0.18517592103625918,0.18517592103692915,0.18517592103608294,0.6245559230961836,0.4992125286479576,0.0,0.0,0.0,0.0,0.0,0.0,0.0,0.0,0.0,0.18517591625707835,0.18517591625632332,0.18517591625742183,0.3716063457717145,0.49921253483567907,0.0,0.0,0.0,0.0,0.2913868036358962,0.0,0.29138680363361924,0.0,0.0,0.18517591765769492,0.1851759176587216,0.1851759176583308,0.0,0.0,0.0,0.0,0.0,0.24717384670432338,0.0,0.2471738467014853,0.0,0.0,0.0,0.18517591963564262,0.18517591963453103,0.18517591963517396,0.0,0.0,0.3889447321095448,0.3889447321041855,0.0,0.24717384860179936,0.19511585158558012,0.2471738486046512,0.19511585158560546,0.0,0.0,0.12399585848176987,0.1239958584823667,0.12399585848160777,0.0,0.0,0.0,0.0,0.0,0.2471738467332958,0.0,0.24717384673416348,0.0,0.0,0.0,0.12399585754390141,0.1239958575433053,0.12399585754354353,0.0,0.0,0.11105526790668702,0.11105526790857159,0.0,0.0056523046935459086,0.08319958458109894,0.005652304693489664,0.08319958458204274,0.0,0.0,0.00423455286081732,0.004234552860876336,0.004234552860880147,0.0,0.0,0.0,0.0,0.0,0.0,0.08319958306345075,0.0,0.08319958306353929,0.0,0.0,0.004234552783557227,0.004234552783624403,0.004234552783638624,0.0,0.0,0.11105526791966072,0.11105526791876828,0.16334247535475713,0.005652304694208442,0.05571136818287463,0.005652304694236938,0.05571136818337648,0.16334247535518606,0.16334247535475713,0.0028355037432791553,0.0028355037433220624,0.0028355037433202166,0.0038377311321019965,0.0015749365163632888],"PI":[0.87556569630503,0.8755656963050303,0.6402632889335007,0.2444108772429577,0.87556569630503,0.24441087724314284,0.8755656963050302,0.6402632889335008,0.6402632889335007,0.2444108772421257,0.24441087724453486,0.24441087724422392,0.20793906520817515,0.12460688579400701,0.0,0.0,0.0,0.24441087632959246,0.0,0.24441087632880762,0.0,0.0,0.0,0.24441087632824857,0.24441087632949526,0.24441087633015612,0.14783978846959894,0.12460688656503972,0.24999999999999997,0.2500000000000001,0.6402632889335007,0.24999999999999997,0.14973546694573528,0.25,0.1497354669461807,0.6402632889335009,0.6402632889335007,0.14973546694599818,0.14973546694595719,0.14973546694573225,0.20793906520817507,0.12460688579400701,0.0,0.0,0.0,0.0,0.14973546592261494,0.0,0.14973546592248407,0.0,0.0,0.1497354659226478,0.14973546592271478,0.14973546592262785,0.147839791931195,0.12460688656503967],"CS":[0.5494318230998294,0.5494318231018385,0.4529765516380464,1.2939229766293199,0.7218927640583268,1.2939229766280596,0.7218927640560748,0.45297655163739003,0.4529765516380464,1.4663839175908098,1.4663839175870266,1.4663839175871893,1.3907184845047136,1.613385078646955],"pr_entry":[0.0,0.0,0.0,0.0,0.0,0.0,0.0,0.0,0.0,0.0,0.0,0.0,0.0,0.0,0.09063515891402715,0.055341116598452346,0.04317700895680839,0.0,0.09883668784526639,0.0,0.09094378386870575,0.0,0.07391969235997581,0.0,0.0,0.0,0.0,0.0,0.0,0.0,0.0,0.0,0.0,0.0,0.0,0.0,0.0,0.0,0.0,0.0,0.0,0.0,0.0701346380125003,0.05067582188340732,0.04317700340834416,0.08327782136677579,0.0,0.08014285382916193,0.0,0.0739196835806609,0.0,0.0,0.0,0.0,0.0,0.0],"pr_exit":[0.0,0.0,0.0,0.0,0.0,0.25,0.0,0.25,0.0,0.0,0.0,0.0,0.0,0.0,0.0,0.0,0.0,0.0,0.0,0.0,0.0,0.0,0.0,0.0,0.0,0.0,0.0,0.0,0.0,0.0,0.0,0.0,0.0,0.0,0.25,0.0,0.25,0.0,0.0,0.0,0.0,0.0,0.0,0.0,0.0,0.0,0.0,0.0,0.0,0.0,0.0,0.0,0.0,0.0,0.0,0.0],"pr_merger":[0.25,0.0,0.0,0.25,0.25,0.0,0.0,0.0,0.0,0.17576662967657752,0.0,0.0,0.0,0.0,0.0,0.0,0.0,0.0,0.0,0.0,0.0,0.0,0.0,0.175766630421606,0.25,0.0,0.0,0.0,0.0,0.0,0.0,0.0,0.25,0.0,0.0,0.0,0.0,0.17576663009564064,0.0,0.0,0.0,0.0,0.0,0.0,0.0,0.25,0.0,0.0,0.0,0.0,0.0,0.1757666300025429,0.0,0.0,0.0,0.0],"pr_bundling":[0.0,0.25,0.0,0.0,0.0,0.25,0.25,0.0,0.0,0.0,0.0890197079594115,0.0,0.0,0.0,0.0,0.0,0.0,0.0,0.0,0.0,0.0,0.0,0.0,0.0,0.0,0.0,0.0,0.0,0.0,0.25,0.0,0.0,0.0,0.25,0.25,0.0,0.0,0.0,0.0890197079594115,0.0,0.0,0.0,0.0,0.0,0.0,0.0,0.0,0.0,0.0,0.0,0.0,0.0,0.0,0.0,0.0,0.0],