{"modelname":"lbd","policy":"nolearning","smax":[5,1],"alpha":0.7,"beta":0.95,"c":1.0,"gamma":1.0,"sigma":1.0,"p0":1.5,"accuracy":1.0e-8,"cost_entry":[0.0,10.0],"value_exit":[0.0,1.0],"cost_merger":[0.0,1.0],"cost_bundling":[0.0,1.0],"entry":true,"exit":true,"mergers":true,"bundling":true,"filename":"a70g100s10","verbose":true,"firms":[1,2,3,4],"rival":[2,1,4,3],"partner":[3,4,1,2],"merger_pairs":[1,2,1,2,3,4,4,3],"outcomes":[1,0,1,0,1,0,0,0,0,0,1,0,1,0,1,0,0,0,1,0,0,1,0,0,1,0,0,0,1,1,0,0,0,0,1,0,0,0,0,0,1,1,1,1,2],"ownership":[0,3,0,3,0,0,4,4,0,1,0,1,0,0,2,2],"S":[1,1,1,1,1,1,1,1,1,1,1,1,1,1,0,0,0,1,0,1,0,1,0,1,1,1,1,1,1,1,1,1,1,1,1,1,1,1,1,1,1,1,0,0,0,0,1,0,1,0,1,1,1,1,1,1,0,1,1,0,0,1,1,1,1,0,1,3,1,3,0,0,1,0,0,0,0,1,1,0,0,0,1,1],"ms":14,"mc":[0.06108198627980489,0.06108198627980489,0.06108198627980489,0.06108198627980489,0.06108198627980489,0.06108198627980489,0.06108198627980489,0.06108198627980489,0.06108198627980489,0.06108198627980489,0.06108198627980489,0.06108198627980489,0.06108198627980489,0.06108198627980489,0.0,0.0,0.0,0.06108198627980489,0.0,0.06108198627980489,0.0,0.06108198627980489,0.0,0.06108198627980489,0.06108198627980489,0.06108198627980489,0.06108198627980489,0.06108198627980489,1.0,1.0,1.0,1.0,1.0,1.0,1.0,1.0,1.0,1.0,1.0,1.0,1.0,1.0,0.0,0.0,0.0,0.0,1.0,0.0,1.0,0.0,1.0,1.0,1.0,1.0,1.0,1.0],"P":[1.8010918132387483,1.8010918132615348,1.045928674875423,1.5488675307627549,1.8010918132474694,1.54886753076836,1.8010918132554707,1.0459286748625285,1.045928674875423,1.5488675307626179,1.548867530754242,1.54886753077272,0.9425505275473348,0.8546152200493279,0.0,0.0,0.0,1.5488675162660335,0.0,1.5488675162630867,0.0,0.12216397255960978,0.0,1.5488675162616221,1.548867516269241,1.5488675162660306,1.3178433229180657,0.8546152308933287,2.4046738551124403,2.4046738550977653,1.984846688595618,2.4046738551108797,2.308261152931116,2.404673855093839,2.30826115295126,1.9848466885827234,1.984846688595618,2.308261152934681,2.3082611529400645,2.3082611529283286,1.8814685412675298,1.793533233769523,0.0,0.0,0.0,0.0,2.3082611562408584,0.0,2.3082611562326565,0.0,2.0,2.308261156230935,2.3082611562403526,2.308261156239819,2.256761294796153,1.7935332446135237],"V":[10.651065056818148,10.651065041930709,7.755820846540689,9.755692582995518,10.651065056816208,9.755692581567262,10.65106504193399,7.250172922434941,7.250172873678724,9.755692582991934,9.755692581572276,9.755692740900958,6.32515420123534,5.870654155726926,0.0,0.0,0.0,9.755692629373517,0.0,9.755692776016666,0.0,4.040892814967416,0.0,9.75569262937341,9.755692776005173,9.755692787300621,5.568597443509176,5.870654108629382,6.656052064866305,6.656052061747221,7.755820846540689,6.656052064865404,6.1652115956455775,6.656052061747977,6.165211593460294,7.250172922434941,7.250172873678724,6.165211595643026,6.16521159346228,6.165211602935578,6.32515420123534,5.870654155726926,0.0,0.0,0.0,0.0,6.1652115908536755,0.0,6.165211602580942,0.0,4.040892601979127,6.1652115908546,6.165211602578059,6.165211598125014,5.56859710309374,5.870654108629382],"D":[0.42529060208520864,0.42529060207963926,0.492306766325866,0.3278601182050308,0.42529060208307706,0.32786011820347893,0.4252906020811214,0.49230676633231174,0.492306766325866,0.3278601182045869,0.3278601182072516,0.32786011820283456,0.4327647929993682,0.3699066837579534,0.0,0.0,0.0,0.32786012295792766,0.0,0.3278601229591795,0.0,0.0,0.0,0.32786012295888506,0.32786012295630584,0.3278601229589995,0.20430394843322108,0.3699066757354167,0.28809096650663113,0.28809096650964094,0.492306766325866,0.2880909665069512,0.23562662220714825,0.2880909665104462,0.23562662220306485,0.49230676633231174,0.492306766325866,0.23562662220595532,0.23562662220550856,0.23562662220759265,0.4327647929993682,0.3699066837579534,0.0,0.0,0.0,0.0,0.2356266214272849,0.0,0.23562662142988047,0.0,0.0,0.2356266214292701,0.23562662142787283,0.2356266214273173,0.20430394843322108,0.3699066757354167],"Q":[0.1225223806009148,0.12252238060059041,0.492306766325866,0.09445353833277059,0.10020978802527981,0.09445353833346937,0.10020978802308236,0.49230676633231174,0.492306766325866,0.07725257220859205,0.07725257220907342,0.07725257220871597,0.4327647929993682,0.3699066837579534,0.0,0.0,0.0,0.0,0.0,0.0,0.0,0.0,0.0,0.07725257307418716,0.07725257307312132,0.07725257307357387,0.20430394843322108,0.3699066757354167,0.0,0.0,0.0,0.0,0.10020978769361129,0.0,0.10020978769425432,0.0,0.0,0.07725257195394793,0.07725257195411768,0.07725257195289478,0.0,0.0,0.0,0.0,0.0,0.09445353970203725,0.0,0.09445353970354374,0.0,0.0,0.0,0.07725257332883126,0.07725257332807707,0.07725257332939506,0.0,0.0,0.30276822148429383,0.30276822147904886,0.0,0.23340657987226018,0.22487102636418596,0.23340657987000957,0.22487102636378473,0.0,0.0,0.17335497404204692,0.17335497404406047,0.1733549740412238,0.0,0.0,0.0,0.0,0.0,0.2334065832558904,0.0,0.23340658325563576,0.0,0.0,0.0,0.17335497655586662,0.17335497655510743,0.1733549765560306,0.0,0.0,0.16556858590571633,0.16556858590905055,0.0,0.09918388847214335,0.13541683418186842,0.09918388847343305,0.1354168341799825,0.0,0.0,0.08112147666853202,0.08112147666835808,0.08112147666948163,0.0,0.0,0.0,0.0,0.0,0.0,0.1354168337336736,0.0,0.13541683373562616,0.0,0.0,0.081121476401135,0.08112147640063383,0.08112147640084863,0.0,0.0,0.40914081200907504,0.40914081201131025,0.507693233674134,0.24509587036489813,0.3038757300013808,0.24509587036390854,0.30387573000326995,0.5076932336676881,0.507693233674134,0.18203680576686113,0.1820368057674508,0.1820368057678357,0.36293125856741065,0.26018664050662993],"PI":[0.7400098269415487,0.7400098269415488,0.48484668858924596,0.4877855444779161,0.7400098269415488,0.48778554447744493,0.7400098269415488,0.4848466885892459,0.48484668858924596,0.48778554447721073,0.48778554447842914,0.4877855444779157,0.3814685507970976,0.29353324695540906,0.0,0.0,0.0,0.4877855467963105,0.0,0.4877855467972068,0.0,0.0,0.0,0.48778554679628855,0.4877855467949492,0.48778554679790426,0.25676130331340924,0.2935332446005278,0.40467384854593846,0.4046738485459385,0.48484668858924584,0.40467384854593846,0.3082611564299883,0.4046738485459386,0.30826115642939256,0.4848466885892458,0.48484668858924584,0.30826115642926755,0.3082611564299516,0.30826115642991286,0.38146855079709757,0.293533246955409,0.0,0.0,0.0,0.0,0.30826115618958677,0.0,0.3082611561910499,0.0,0.0,0.30826115618984573,0.30826115619023675,0.30826115618938427,0.2567612947649014,0.2935332446005278],"CS":[0.8936958985505785,0.8936958985451153,0.6778778845272231,1.406105837366438,1.1911364440406125,1.4061058373704753,1.1911364440343954,0.6778778845399192,0.6778778845272231,1.7035463828627204,1.703546382859481,1.7035463828573665,1.0135418329878245,1.3463560573938982],"pr_entry":[0.0,0.0,0.0,0.0,0.0,0.0,0.0,0.0,0.0,0.0,0.0,0.0,0.0,0.0,0.24389229164676904,0.24389229550581953,0.10102230237385412,0.0,0.24389229164676637,0.0,0.2438922955055322,0.0,0.13921492201054714,0.0,0.0,0.0,0.0,0.0,0.0,0.0,0.0,0.0,0.0,0.0,0.0,0.0,0.0,0.0,0.0,0.0,0.0,0.0,0.15413027459641776,0.1541302749050148,0.10102229688735935,0.1541302745964409,0.0,0.15413027490494266,0.0,0.13921491327720692,0.0,0.0,0.0,0.0,0.0,0.0],"pr_exit":[0.0,0.0,0.0,0.0,0.0,0.25,0.0,0.25,0.0,0.0,0.0,0.0,0.0,0.0,0.0,0.0,0.0,0.0,0.0,0.0,0.0,0.0,0.0,0.0,0.0,0.0,0.0,0.0,0.0,0.0,0.0,0.0,0.0,0.0,0.25,0.0,0.25,0.0,0.0,0.0,0.0,0.0,0.0,0.0,0.0,0.0,0.0,0.0,0.0,0.0,0.0,0.0,0.0,0.0,0.0,0.0],"pr_merger":[0.0,0.0,0.0,0.0,0.0,0.0,0.0,0.0,0.0,0.0,0.0,0.0,0.0,0.0,0.0,0.0,0.0,0.0,0.0,0.0,0.0,0.0,0.0,0.0,1.800079418856626e-9,0.0,0.1510284176639618,0.0,0.0,0.0,0.0,0.0,0.0,0.0,0.0,0.0,0.0,2.491309381014162e-10,0.0,0.0,0.0,0.0,0.0,0.0,0.0,0.0,0.0,0.0,0.0,0.0,0.0,0.0,0.0,0.0,0.0,0.0],"pr_bundling":[0.0,0.0,0.0,0.0,0.0,0.0,0.0,0.0,0.0,0.0,0.0,0.0,0.0,0.0,0.0,0.0,0.0,0.0,0.0,0.0,0.0,0.0,0.0,0.0,0.0,0.0,0.0,0.0,0.0,0.0,0.0,0.0,0.0,0.0,0.0,0.0,0.0,0.0,0.0,0.0,0.0,0.0,0.0,0.0,0.0,0.0,0.0,0.0,0.0,0.0,0.0,0.0,0.0,0.0,0.0,0.0],