{"modelname":"lbd","policy":"nolearning","smax":[5,1],"alpha":0.7,"beta":0.95,"c":1.0,"gamma":1.0,"sigma":9.0,"p0":1.5,"accuracy":1.0e-8,"cost_entry":[0.0,10.0],"value_exit":[0.0,1.0],"cost_merger":[0.0,1.0],"cost_bundling":[0.0,1.0],"entry":true,"exit":true,"mergers":true,"bundling":true,"filename":"a70g100s90","verbose":true,"firms":[1,2,3,4],"rival":[2,1,4,3],"partner":[3,4,1,2],"merger_pairs":[1,2,1,2,3,4,4,3],"outcomes":[1,0,1,0,1,0,0,0,0,0,1,0,1,0,1,0,0,0,1,0,0,1,0,0,1,0,0,0,1,1,0,0,0,0,1,0,0,0,0,0,1,1,1,1,2],"ownership":[0,3,0,3,0,0,4,4,0,1,0,1,0,0,2,2],"S":[1,1,1,1,1,1,1,1,1,1,1,1,1,1,0,0,0,1,0,1,0,1,0,1,1,1,1,1,1,1,1,1,1,1,1,1,1,1,1,1,1,1,0,0,0,0,1,0,1,0,1,1,1,1,1,1,0,1,1,0,0,1,1,1,1,0,1,3,1,3,0,0,1,0,0,0,0,1,1,0,0,0,1,1],"ms":14,"mc":[0.06108198627980489,0.06108198627980489,0.06108198627980489,0.06108198627980489,0.06108198627980489,0.06108198627980489,0.06108198627980489,0.06108198627980489,0.06108198627980489,0.06108198627980489,0.06108198627980489,0.06108198627980489,0.06108198627980489,0.06108198627980489,0.0,0.0,0.0,0.06108198627980489,0.0,0.06108198627980489,0.0,0.06108198627980489,0.0,0.06108198627980489,0.06108198627980489,0.06108198627980489,0.06108198627980489,0.06108198627980489,1.0,1.0,1.0,1.0,1.0,1.0,1.0,1.0,1.0,1.0,1.0,1.0,1.0,1.0,0.0,0.0,0.0,0.0,1.0,0.0,1.0,0.0,1.0,1.0,1.0,1.0,1.0,1.0],"P":[1.2477688167671348,1.2477688167687133,0.8846300768920637,0.2833022549271126,1.2477688167682304,0.2833022549321854,1.2477688167693106,0.8846300768919474,0.8846300768920637,0.2833022549275813,0.28330225492806244,0.2833022549253663,0.2097704469298507,0.17219308769524577,0.0,0.0,0.0,0.2833022565870986,0.0,0.2833022565891982,0.0,0.12216397255960978,0.0,0.28330225658753,0.283302256587415,0.2833022565876891,0.23847292638196724,0.17219308716578385,1.3955549753316483,1.3955549753299974,1.8235480906122588,1.3955549753317806,1.2143303852603209,1.3955549753319223,1.2143303852563139,1.8235480906121424,1.8235480906122588,1.214330385261805,1.214330385261027,1.2143303852604903,1.1486884606500458,1.111111101415441,0.0,0.0,0.0,0.0,1.2143303863405175,0.0,1.2143303863393344,0.0,2.0,1.2143303863407762,1.2143303863408448,1.2143303863411428,1.1773909458023561,1.1111111008859789],"V":[15.154941326919937,20.202977248291106,14.564713781935762,2.858819509229468,18.270671237638883,12.793312975546893,17.12409402566237,12.703537493679466,12.703537537414071,2.222182538625141,2.222183051074827,2.2221830433775858,1.8626588219367126,1.1111108792036535,0.0,0.0,0.0,2.8588195061656516,0.0,0.7673557258460023,0.0,0.5121763051406356,0.0,2.222182522027823,2.2221824564949806,2.2221830267547986,1.3255963640385935,1.1111108844982707,10.275093737086777,8.049333377139314,14.56471378193576,14.681785421639791,2.210363700795271,9.681185814179246,6.661282725050502,12.703537493679459,12.70353753741407,2.0643851296475524,2.064385215709729,2.064385208012693,1.8626588219367126,1.1111108792036535,0.0,0.0,0.0,0.0,2.210363698970106,0.0,0.750438817916638,0.0,0.5121763114512584,2.0643851199942675,2.06438505567153,2.0643851983433654,1.3255964065096109,1.1111108844982707],"D":[0.906368632234567,0.9063686322333613,0.9325412126300472,0.49999561549718896,0.9063686322337302,0.4999956154904987,0.9063686322329054,0.9325412126301791,0.9325412126300472,0.4999956154971045,0.4999956154957634,0.4999956155024465,0.6263626960192,0.49999994886723254,0.0,0.0,0.0,0.4999956080273169,0.0,0.4999956080340068,0.0,0.0,0.0,0.4999956080274013,0.4999956080287424,0.49999560802205933,0.3736370637571616,0.49999995363238925,0.719100712237906,0.7191007122409078,0.9325412126300472,0.7191007122376659,0.48158955147712007,0.7191007122374085,0.4815895514836543,0.9325412126301791,0.9325412126300472,0.4815895514743253,0.48158955147621635,0.4815895514780443,0.6263626960192,0.49999994886723254,0.0,0.0,0.0,0.0,0.48158954679521726,0.0,0.48158954678951155,0.0,0.0,0.48158954679773397,0.48158954679595606,0.4815895467941662,0.3736370637571616,0.49999995363238925],"Q":[0.6517703289899738,0.6517703289918275,0.9325412126300472,0.3595472032197387,0.43649766307037297,0.35954720321479894,0.4364976630758981,0.9325412126301791,0.9325412126300472,0.24079266420637974,0.2407926642066794,0.2407926642108121,0.6263626960192,0.49999994886723254,0.0,0.0,0.0,0.0,0.0,0.0,0.0,0.0,0.0,0.24079265827077362,0.24079265827053054,0.24079265826641735,0.3736370637571616,0.49999995363238925,0.0,0.0,0.0,0.0,0.4364976588268431,0.0,0.4364976588212742,0.0,0.0,0.24079266186810463,0.24079266186656978,0.24079266186889314,0.0,0.0,0.0,0.0,0.0,0.3595471978481484,0.0,0.35954719785283046,0.0,0.0,0.0,0.24079266060904872,0.24079266061064014,0.24079266060833543,0.0,0.0,0.2545983032445932,0.25459830324153376,0.0,0.14044841227745022,0.03337331033651418,0.14044841227569976,0.03337331033573306,0.0,0.0,0.018410289422620102,0.018410289422514166,0.018410289422741186,0.0,0.0,0.0,0.0,0.0,0.1404484101791685,0.0,0.1404484101811763,0.0,0.0,0.0,0.018410289147578893,0.01841028914757172,0.018410289147306556,0.0,0.0,0.06733038324793221,0.06733038324908029,0.0,6.311169778817944e-6,0.0450918884067471,6.311169779019402e-6,0.04509188840775618,0.0,0.0,4.226658896795861e-6,4.226658896819411e-6,4.226658896789392e-6,0.0,0.0,0.0,0.0,0.0,0.0,0.04509188796837413,0.0,0.045091887968237314,0.0,0.0,4.2266588557518655e-6,4.226658855743236e-6,4.226658855681443e-6,0.0,0.0,0.02630098451750074,0.026300984517558443,0.06745878736995285,2.465305715385263e-6,0.003447591391148456,2.465305715467093e-6,0.0034475913911012745,0.06745878736982099,0.06745878736995285,3.231577416910458e-7,3.2315774169058464e-7,3.231577416867281e-7,2.402236383971794e-7,9.750037811678023e-8],"PI":[1.0755757194395748,1.0755757194395745,0.7679925350787159,0.1111091599982613,1.0755757194395748,0.11110915999931098,1.075575719439575,0.767992535078716,0.7679925350787159,0.11110915999847688,0.11110915999841943,0.1111091599985565,0.09313290507970744,0.055555545026302326,0.0,0.0,0.0,0.11110915916829005,0.0,0.11110915917082646,0.0,0.0,0.0,0.11110915916852449,0.111109159168765,0.11110915916741694,0.06627982999689447,0.0555555452910332,0.2844438644902356,0.28444386449023584,0.7679925350787158,0.28444386449023584,0.10321927410543628,0.28444386449023584,0.10321927410490703,0.7679925350787159,0.7679925350787158,0.10321927410555203,0.10321927410558264,0.10321927410571596,0.09313290507970744,0.05555554502630233,0.0,0.0,0.0,0.0,0.10321927362217365,0.0,0.10321927362038098,0.0,0.0,0.10321927362283763,0.1032192736224896,0.1032192736222495,0.06627983212669815,0.055555545291033154],"CS":[0.40423876737483955,0.4042387673745953,0.29958204722799486,1.4347994150767895,0.6300088265833907,1.4347994150731014,0.6300088265849113,0.299582047228212,0.29958204722799486,1.66056947428514,1.6605694742852986,1.6605694742866244,1.6935217245367165,1.7937121756477008],"pr_entry":[0.0,0.0,0.0,0.0,0.0,0.0,0.0,0.0,0.0,0.0,0.0,0.0,0.0,0.0,0.07147048859817393,0.0191838926038945,0.012804407127579995,0.0,0.05555456218050707,0.0,0.05555456045595216,0.0,0.03313990879057103,0.0,0.0,0.0,0.0,0.0,0.0,0.0,0.0,0.0,0.0,0.0,0.0,0.0,0.0,0.0,0.0,0.0,0.0,0.0,0.0552590933091341,0.0187609699146591,0.012804407285281944,0.0516096275360895,0.0,0.05160962584339492,0.0,0.03313990985218192,0.0,0.0,0.0,0.0,0.0,0.0],"pr_exit":[0.0,0.0,0.0,0.0,0.0,0.25,0.0,0.25,0.0,0.0,0.0,0.0,0.0,0.0,0.0,0.0,0.0,0.0,0.0,0.05816107396105499,0.0,0.12195592872420005,0.0,0.0,0.0,0.0,0.0,0.0,0.0,0.0,0.0,0.0,0.0,0.0,0.25,0.0,0.25,0.0,0.0,0.0,0.0,0.0,0.0,0.0,0.0,0.0,0.0,0.0,0.062390300853408964,0.0,0.12195592714718057,0.0,0.0,0.0,0.0,0.0],"pr_merger":[0.25,0.0,0.0,0.25,0.25,0.0,0.0,0.0,0.0,1.5750314164009183e-7,0.0,0.0,0.0,0.0,0.0,0.0,0.0,0.0,0.0,0.0,0.0,0.0,0.0,1.6406575975569382e-7,1.876140285350658e-7,0.0,0.0,0.0,0.0,0.0,0.0,0.0,0.25,0.0,0.0,0.0,0.0,1.5991645085922102e-7,0.0,0.0,0.0,0.0,0.0,0.0,0.0,0.25,0.0,0.0,0.0,0.0,0.0,1.6165245053656463e-7,0.0,0.0,0.0,0.0],