{"modelname":"lbd","policy":"nolearning","smax":[5,1],"alpha":0.8,"beta":0.95,"c":1.0,"gamma":0.0,"sigma":2.0,"p0":1.5,"accuracy":1.0e-8,"cost_entry":[0.0,10.0],"value_exit":[0.0,1.0],"cost_merger":[0.0,1.0],"cost_bundling":[0.0,1.0],"entry":true,"exit":true,"mergers":true,"bundling":true,"filename":"a80g0s20","verbose":true,"firms":[1,2,3,4],"rival":[2,1,4,3],"partner":[3,4,1,2],"merger_pairs":[1,2,1,2,3,4,4,3],"outcomes":[1,0,1,0,1,0,0,0,0,0,1,0,1,0,1,0,0,0,1,0,0,1,0,0,1,0,0,0,1,1,0,0,0,0,1,0,0,0,0,0,1,1,1,1,2],"ownership":[0,3,0,3,0,0,4,4,0,1,0,1,0,0,2,2],"S":[1,1,1,1,1,1,1,1,1,1,1,1,1,1,0,0,0,1,0,1,0,1,0,1,1,1,1,1,1,1,1,1,1,1,1,1,1,1,1,1,1,1,0,0,0,0,1,0,1,0,1,1,1,1,1,1,0,1,1,0,0,1,1,1,1,0,1,3,1,3,0,0,1,0,0,0,0,1,1,0,0,0,1,1],"ms":14,"mc":[0.023825493744511213,0.023825493744511213,0.023825493744511213,0.023825493744511213,0.023825493744511213,0.023825493744511213,0.023825493744511213,0.023825493744511213,0.023825493744511213,0.023825493744511213,0.023825493744511213,0.023825493744511213,0.023825493744511213,0.023825493744511213,0.0,0.0,0.0,0.023825493744511213,0.0,0.023825493744511213,0.0,0.023825493744511213,0.0,0.023825493744511213,0.023825493744511213,0.023825493744511213,0.023825493744511213,0.023825493744511213,1.0,1.0,1.0,1.0,1.0,1.0,1.0,1.0,1.0,1.0,1.0,1.0,1.0,1.0,0.0,0.0,0.0,0.0,1.0,0.0,1.0,0.0,1.0,1.0,1.0,1.0,1.0,1.0],"P":[1.0159047855181886,0.6114352209571622,0.8176303573508367,0.7516700005121123,1.3610105494444145,0.023825530348541464,1.7031683621895146,0.8176303573597473,0.8176303573508367,0.9020021556814063,0.8469158198228969,0.8408360033454111,0.6067376875308098,0.49568673391833323,0.0,0.0,0.0,0.7516699911898612,0.0,0.6213269734951942,0.0,0.047650987489022426,0.0,0.9020021509551942,0.887302414827954,0.8408360057040472,0.7547517529547304,0.49568673741143304,1.9920793111881148,2.0,1.7938048636063253,2.3371850721830763,1.727844522182236,2.6793428699224586,1.0000000382495022,1.793804863615236,1.7938048636063253,1.8781766720181312,1.8230903454951748,1.8170105287345053,1.5829121937862984,1.471861240173822,0.0,0.0,0.0,0.0,1.7278445178715096,0.0,1.5975014811275998,0.0,2.0,1.8781766685603145,1.8634769413139414,1.8170105241953742,1.7309262797960874,1.4718612436669218],"V":[8.482748630200092,8.411368461086425,8.7006847060535,6.69270193707191,9.67446479532934,5.825408161117305,11.122228345182524,7.978870678237948,7.978870703786693,7.563518126726289,7.5124586813930305,7.255143352360294,6.658230014818883,4.437216635224104,0.0,0.0,0.0,6.692701947882172,0.0,6.074940125781444,0.0,3.1724223634682236,0.0,7.563518157514116,7.269524250037208,7.255143339080754,4.6185163566260785,4.437216606073419,8.482748717224851,9.245823261260878,8.7006847060535,9.674464884427097,6.692702027452835,11.122228582513829,5.825408431108736,7.978870678237948,7.97887070378669,7.563518223147048,7.512459018057921,7.25514378138939,6.658230014818883,4.437216635224104,0.0,0.0,0.0,0.0,6.692702034605014,0.0,6.074940233323436,0.0,3.1724224248408457,7.563518245672203,7.269524414201662,7.255143806945481,4.618516486702332,4.437216606073419],"D":[0.49600803647012437,0.6850611385071339,0.6850611385071339,0.3130400856690159,0.6260801765015891,0.5390825499553114,0.7022644984215661,0.6850611384994438,0.6850611385071339,0.43063847893064267,0.4563577918655425,0.4440063871689304,0.5711189392542827,0.47018322606476154,0.0,0.0,0.0,0.31304009150549245,0.0,0.16318194851042012,0.0,0.0,0.0,0.43063848300122043,0.42094574057266726,0.4440063850744316,0.3159364813566875,0.4701832194951739,0.49600803647012437,0.6850611385071339,0.6850611385071339,0.6260801771745084,0.31304008690136437,0.7022644984657315,0.539082549854128,0.6850611384994438,0.6850611385071339,0.4306384794768626,0.456357792221896,0.4440063841062779,0.5711189392542827,0.47018322606476154,0.0,0.0,0.0,0.0,0.3130400896002247,0.0,0.1631819485674382,0.0,0.0,0.43063848245500047,0.4209457402163137,0.44400638813708404,0.3159364813566875,0.4701832194951739],"Q":[0.49600803647012437,0.6850611385071339,0.6850611385071339,0.3130400856690159,0.31304008690136437,0.5390825499553114,0.539082549854128,0.6850611384994438,0.6850611385071339,0.21531923872078687,0.2373892577181511,0.22200319257676368,0.5711189392542827,0.47018322606476154,0.0,0.0,0.0,0.0,0.0,0.0,0.0,0.0,0.0,0.2153192422451447,0.20197720606892233,0.22200319354491732,0.3159364813566875,0.4701832194951739,0.0,0.0,0.0,0.0,0.3130400896002247,0.0,0.1631819485674382,0.0,0.0,0.2153192402098558,0.21896853414739137,0.22200319459216675,0.0,0.0,0.0,0.0,0.0,0.31304009150549245,0.0,0.16318194851042012,0.0,0.0,0.0,0.21531924075607575,0.21896853450374493,0.22200319152951423,0.0,0.0,0.0,0.0,0.0,0.0,0.0,0.0,0.0,0.0,0.0,0.0,0.0,0.0,0.0,0.0,0.0,0.0,0.0,0.0,0.0,0.0,0.0,0.0,0.0,0.0,0.0,0.0,0.0,0.0,0.0,0.0,0.0,0.0,0.0,0.0,0.0,0.0,0.0,0.0,0.0,0.0,0.0,0.0,0.0,0.0,0.0,0.0,0.0,0.0,0.0,0.0,0.0,0.0,0.0,0.0,0.0,0.0,0.5039919635298756,0.31493886149286615,0.31493886149286615,0.37391982282549163,0.37391982349841085,0.29773550153426853,0.2977355015784339,0.31493886150055617,0.31493886149286615,0.1387230380681369,0.12269646756179022,0.11198722775663801,0.1129445793890297,0.059633554440064684],"PI":[0.4920793015353333,0.40254858872216503,0.5438048636146494,0.22784450675225246,0.8371850556878826,1.97325939665106e-8,1.1793428771863643,0.5438048636146493,0.5438048636146494,0.37817666192889365,0.3756236837150214,0.36275788464694225,0.3329121937936177,0.2218612401598469,0.0,0.0,0.0,0.22784450808206153,0.0,0.09750145570357577,0.0,0.0,0.0,0.37817666346829126,0.3634769320128764,0.36275788398296416,0.23092627046608274,0.22186123870231003,0.49207931116505027,0.6850611385071339,0.5438048636146493,0.8371850669074882,0.2278445124746092,1.1793428782980975,2.0619639193980404e-8,0.5438048636146493,0.5438048636146493,0.3781766667499395,0.37562369286933556,0.36275789064016595,0.33291219379361764,0.2218612401598469,0.0,0.0,0.0,0.0,0.22784451308952974,0.0,0.09750145596233215,0.0,0.0,0.37817666787620174,0.36347694022111554,0.3627578919179738,0.2309262769699095,0.22186123870231003],"CS":[0.34259747820756425,0.5776883747466699,0.5776883747466699,0.49185694101084376,0.4918569401110262,0.6057748826760219,0.6057748826018532,0.5776883747344614,0.5776883747466699,0.9876379327339295,1.0490208584535763,1.0946852260385087,1.0904290142316957,1.4097684346858292],"pr_entry":[0.0,0.0,0.0,0.0,0.0,0.0,0.0,0.0,0.0,0.0,0.0,0.0,0.0,0.0,0.16731752605967026,0.15187348109856788,0.07931054344568567,0.0,0.18908793405383748,0.0,0.18173808731642982,0.0,0.11546289700421042,0.0,0.0,0.0,0.0,0.0,0.0,0.0,0.0,0.0,0.0,0.0,0.0,0.0,0.0,0.0,0.0,0.0,0.0,0.0,0.16731752822774107,0.1518734837871171,0.07931054498000067,0.18908793625778947,0.0,0.1817380914205407,0.0,0.11546290025611643,0.0,0.0,0.0,0.0,0.0,0.0],"pr_exit":[0.0,0.0,0.0,0.0,0.0,0.25,0.0,0.25,0.0,0.0,0.0,0.0,0.0,0.0,0.0,0.0,0.0,0.0,0.0,0.0,0.0,0.0,0.0,0.0,0.0,0.0,0.0,0.0,0.0,0.0,0.0,0.0,0.0,0.0,0.25,0.0,0.25,0.0,0.0,0.0,0.0,0.0,0.0,0.0,0.0,0.0,0.0,0.0,0.0,0.0,0.0,0.0,0.0,0.0,0.0,0.0],"pr_merger":[0.16909790949628034,0.0,0.0,0.1163831007367726,0.11638310844723909,0.0,0.0,0.0,0.0,0.0,0.0,0.0,0.0,0.0,0.0,0.0,0.0,0.0,0.0,0.0,0.0,0.0,0.0,0.0,0.0,0.0,0.0,0.0,0.0,0.0,0.0,0.0,0.11638310593248402,0.0,0.0,0.0,0.0,0.0,0.0,0.0,0.0,0.0,0.0,0.0,0.0,0.11638309708982919,0.0,0.0,0.0,0.0,0.0,0.0,0.0,0.0,0.0,0.0],"pr_bundling":[0.0,0.0,0.0,0.0,0.0,0.0,0.0,0.0,0.0,0.0,0.0,0.0,0.0,0.0,0.0,0.0,0.0,0.0,0.0,0.0,0.0,0.0,0.0,0.0,0.0,0.0,0.0,0.0,0.0,0.0,0.0,0.0,0.0,0.0,0.0,0.0,0.0,0.0,0.0,0.0,0.0,0.0,0.0,0.0,0.0,0.0,0.0,0.0,0.0,0.0,0.0,0.0,0.0,0.0,0.0,0.0],"active_firms":[true,true,true,true,true,true,true,true,true,true,true,true,true,true,false,false,false,true,false,true,false,true,false,true,true,true,true,true,true,true,true,true,true,true,true,true,true,true,true,true,true,true,false,false,false,false,true,false,true,false,true,true,true,true,true,true,true,true,true,true,true,true,true,true,true,true,true,true,true,true],