{"modelname":"lbd","policy":"nolearning","smax":[5,1],"alpha":0.8,"beta":0.95,"c":1.0,"gamma":1.0,"sigma":2.0,"p0":1.5,"accuracy":1.0e-8,"cost_entry":[0.0,10.0],"value_exit":[0.0,1.0],"cost_merger":[0.0,1.0],"cost_bundling":[0.0,1.0],"entry":true,"exit":true,"mergers":true,"bundling":true,"filename":"a80g100s20","verbose":true,"firms":[1,2,3,4],"rival":[2,1,4,3],"partner":[3,4,1,2],"merger_pairs":[1,2,1,2,3,4,4,3],"outcomes":[1,0,1,0,1,0,0,0,0,0,1,0,1,0,1,0,0,0,1,0,0,1,0,0,1,0,0,0,1,1,0,0,0,0,1,0,0,0,0,0,1,1,1,1,2],"ownership":[0,3,0,3,0,0,4,4,0,1,0,1,0,0,2,2],"S":[1,1,1,1,1,1,1,1,1,1,1,1,1,1,0,0,0,1,0,1,0,1,0,1,1,1,1,1,1,1,1,1,1,1,1,1,1,1,1,1,1,1,0,0,0,0,1,0,1,0,1,1,1,1,1,1,0,1,1,0,0,1,1,1,1,0,1,3,1,3,0,0,1,0,0,0,0,1,1,0,0,0,1,1],"ms":14,"mc":[0.023825493744511213,0.023825493744511213,0.023825493744511213,0.023825493744511213,0.023825493744511213,0.023825493744511213,0.023825493744511213,0.023825493744511213,0.023825493744511213,0.023825493744511213,0.023825493744511213,0.023825493744511213,0.023825493744511213,0.023825493744511213,0.0,0.0,0.0,0.023825493744511213,0.0,0.023825493744511213,0.0,0.023825493744511213,0.0,0.023825493744511213,0.023825493744511213,0.023825493744511213,0.023825493744511213,0.023825493744511213,1.0,1.0,1.0,1.0,1.0,1.0,1.0,1.0,1.0,1.0,1.0,1.0,1.0,1.0,0.0,0.0,0.0,0.0,1.0,0.0,1.0,0.0,1.0,1.0,1.0,1.0,1.0,1.0],"P":[1.2879431600899802,1.2879431600909934,0.8176303573508367,0.9068625695872088,1.2879431600876183,0.9068625695946902,1.2879431601018823,0.8176303573597473,0.8176303573508367,0.9068625695932847,0.9068625696087415,0.9068625695858973,0.6067376875308098,0.49568673391833323,0.0,0.0,0.0,0.9068625731302651,0.0,0.9068625731270167,0.0,0.047650987489022426,0.0,0.9068625731330069,0.9068625731250819,0.9068625731266063,0.7547517529547304,0.49568673741143304,1.783571645550826,1.7835716455409605,1.7938048636063253,1.7835716455576751,1.700529069711076,1.7835716455557422,1.700529069708967,1.793804863615236,1.7938048636063253,1.7005290697123516,1.7005290697146431,1.7005290697153452,1.5829121937862984,1.471861240173822,0.0,0.0,0.0,0.0,1.7005290766206969,0.0,1.700529076618512,0.0,2.0,1.7005290766182632,1.7005290766189367,1.7005290766317074,1.7309262797960874,1.4718612436669218],"V":[9.090845949155545,11.202774830121143,8.700683834605485,5.3924937151746475,9.489019877814812,8.939783705846965,10.575713680976895,7.978869562251596,7.9788695004550405,5.800167266609455,8.083211077500538,7.660725390496291,6.658228579320922,4.437215752811524,0.0,0.0,0.0,5.392493712490773,0.0,3.8776739466625876,0.0,3.1724212016804643,0.0,5.800167265066825,5.065270782670651,7.660725366964658,4.618515544701706,4.437215723660847,6.396357297096573,5.608931005225153,8.700683834605485,7.336688734184113,4.440461399863799,5.802101127018338,4.687860446158261,7.978869562251596,7.9788695004550405,5.138006484701459,4.433058402895812,4.010572715894899,6.658228579320922,4.437215752811524,0.0,0.0,0.0,0.0,4.440461398070802,0.0,3.629794849407615,0.0,3.172421053234669,5.138006483661685,4.717636289180035,4.010572700014357,4.61851536931695,4.437215723660847],"D":[0.6044671970643142,0.6044671970638298,0.6850611385071339,0.43377236475099734,0.6044671970654436,0.4337723647460996,0.604467197058623,0.6850611384994438,0.6850611385071339,0.43377236474904435,0.43377236473846914,0.4337723647502646,0.5711189392542827,0.47018322606476154,0.0,0.0,0.0,0.4337723616772373,0.0,0.43377236168164846,0.0,0.0,0.0,0.433772361678177,0.4337723616878866,0.43377236167854116,0.3159364813566875,0.4701832194951739,0.3618962564751179,0.3618962564796744,0.6850611385071339,0.3618962564719547,0.2862537449797547,0.3618962564728474,0.2862537449802586,0.6850611384994438,0.6850611385071339,0.28625374497883477,0.2862537449780086,0.28625374497981476,0.5711189392542827,0.47018322606476154,0.0,0.0,0.0,0.0,0.28625374102394513,0.0,0.2862537410244923,0.0,0.0,0.2862537410251486,0.286253741025249,0.28625374102014567,0.3159364813566875,0.4701832194951739],"Q":[0.21875441577958268,0.21875441578216162,0.6850611385071339,0.1569805949643732,0.17303099887739856,0.156980594962988,0.17303099887575074,0.6850611384994438,0.6850611385071339,0.12416896387773906,0.1241689638743535,0.12416896387851342,0.5711189392542827,0.47018322606476154,0.0,0.0,0.0,0.0,0.0,0.0,0.0,0.0,0.0,0.12416896128369195,0.12416896128651496,0.12416896128162606,0.3159364813566875,0.4701832194951739,0.0,0.0,0.0,0.0,0.1730309964862415,0.0,0.1730309964846198,0.0,0.0,0.12416896216273923,0.12416896215975555,0.1241689621609184,0.0,0.0,0.0,0.0,0.0,0.15698059385199095,0.0,0.15698059385397461,0.0,0.0,0.0,0.12416896299869175,0.12416896300111278,0.12416896299922107,0.0,0.0,0.38571278128473147,0.38571278128166814,0.0,0.2767917697866241,0.25840520170180353,0.2767917697831116,0.25840520169825243,0.0,0.0,0.18543443870856607,0.1854344387043601,0.1854344387108328,0.0,0.0,0.0,0.0,0.0,0.2767917678252464,0.0,0.27679176782767384,0.0,0.0,0.0,0.1854344373957933,0.18543443740025883,0.185434437397694,0.0,0.0,0.14314184069553526,0.14314184069751276,0.0,0.047935067655590566,0.11322274610235612,0.04793506765588481,0.11322274610450782,0.0,0.0,0.03791581810240397,0.037915818102542305,0.037915818102080265,0.0,0.0,0.0,0.0,0.0,0.0,0.11322274453770363,0.0,0.11322274453987251,0.0,0.0,0.03791581757871742,0.03791581757897846,0.03791581757760118,0.0,0.0,0.2523909622401506,0.2523909622386575,0.31493886149286615,0.08452020591617494,0.1690873122944967,0.08452020591636705,0.1690873122969968,0.31493886150055617,0.31493886149286615,0.05662363789165734,0.05662363789212343,0.05662363789151289,0.1129445793890297,0.059633554440064684],"PI":[0.7641176625353275,0.7641176625353276,0.5438048636146494,0.3830370805510927,0.7641176625353276,0.38303708055001306,0.7641176625353275,0.5438048636146493,0.5438048636146494,0.3830370805520037,0.3830370805493701,0.38303708054987673,0.3329121937936177,0.2218612401598469,0.0,0.0,0.0,0.38303707937372855,0.0,0.3830370793762147,0.0,0.0,0.0,0.38303707937574766,0.3830370793808839,0.3830370793732928,0.23092627046608274,0.22186123870231003,0.28357164520489186,0.2835716452048919,0.5438048636146493,0.283571645204892,0.20052906967197914,0.283571645204892,0.20052906967172843,0.5438048636146493,0.5438048636146493,0.20052906967169987,0.20052906967177705,0.2005290696732433,0.33291219379361764,0.2218612401598469,0.0,0.0,0.0,0.0,0.20052906887872438,0.0,0.20052906887848224,0.0,0.0,0.20052906887887081,0.2005290688791339,0.20052906887921454,0.2309262769699095,0.22186123870231003],"CS":[0.6883879781227971,0.6883879781257551,0.5776883747466699,1.2353823249680391,0.888670028338066,1.2353823249669027,0.8886700283306732,0.5776883747344614,0.5776883747466699,1.4356643751808655,1.43566437517675,1.4356643751821412,1.0904290142316957,1.4097684346858292],"pr_entry":[0.0,0.0,0.0,0.0,0.0,0.0,0.0,0.0,0.0,0.0,0.0,0.0,0.0,0.0,0.1348123248280288,0.0969418314990106,0.07931051287232002,0.0,0.14500416522846366,0.0,0.12663175594708612,0.0,0.1154628756377796,0.0,0.0,0.0,0.0,0.0,0.0,0.0,0.0,0.0,0.0,0.0,0.0,0.0,0.0,0.0,0.0,0.0,0.0,0.0,0.11101151623434513,0.09074485407553637,0.07931050888509876,0.12845014529141244,0.0,0.11794089320789794,0.0,0.11546287085123794,0.0,0.0,0.0,0.0,0.0,0.0],"pr_exit":[0.0,0.0,0.0,0.0,0.0,0.25,0.0,0.25,0.0,0.0,0.0,0.0,0.0,0.0,0.0,0.0,0.0,0.0,0.0,0.0,0.0,0.0,0.0,0.0,0.0,0.0,0.0,0.0,0.0,0.0,0.0,0.0,0.0,0.0,0.25,0.0,0.25,0.0,0.0,0.0,0.0,0.0,0.0,0.0,0.0,0.0,0.0,0.0,0.0,0.0,0.0,0.0,0.0,0.0,0.0,0.0],"pr_merger":[0.25,0.0,0.0,0.25,0.25,0.0,0.0,0.0,0.0,0.25,0.0,0.0,0.0,0.0,0.0,0.0,0.0,0.0,0.0,0.0,0.0,0.0,0.0,0.25,0.25,0.0,0.0,0.0,0.0,0.0,0.0,0.0,0.25,0.0,0.0,0.0,0.0,0.25,0.0,0.0,0.0,0.0,0.0,0.0,0.0,0.25,0.0,0.0,0.0,0.0,0.0,0.25,0.0,0.0,0.0,0.0],"pr_bundling":[0.0,0.17545230436303516,0.0,0.0,0.0,0.25,0.18427271876235407,0.0,0.0,0.0,0.25,0.0,0.0,0.0,0.0,0.0,0.0,0.0,0.0,0.0,0.0,0.0,0.0,0.0,0.0,0.0,0.0,0.0,0.0,0.17545230436303516,0.0,0.0,0.0,0.25,0.18427271876235407,0.0,0.0,0.0,0.25,0.0,0.0,0.0,0.0,0.0,0.0,0.0,0.0,0.0,0.0,0.0,0.0,0.0,0.0,0.0,0.0,0.0],