{"modelname":"lbd","policy":"nolearning","smax":[5,1],"alpha":0.8,"beta":0.95,"c":1.0,"gamma":1.0,"sigma":6.0,"p0":1.5,"accuracy":1.0e-8,"cost_entry":[0.0,10.0],"value_exit":[0.0,1.0],"cost_merger":[0.0,1.0],"cost_bundling":[0.0,1.0],"entry":true,"exit":true,"mergers":true,"bundling":true,"filename":"a80g100s60","verbose":true,"firms":[1,2,3,4],"rival":[2,1,4,3],"partner":[3,4,1,2],"merger_pairs":[1,2,1,2,3,4,4,3],"outcomes":[1,0,1,0,1,0,0,0,0,0,1,0,1,0,1,0,0,0,1,0,0,1,0,0,1,0,0,0,1,1,0,0,0,0,1,0,0,0,0,0,1,1,1,1,2],"ownership":[0,3,0,3,0,0,4,4,0,1,0,1,0,0,2,2],"S":[1,1,1,1,1,1,1,1,1,1,1,1,1,1,0,0,0,1,0,1,0,1,0,1,1,1,1,1,1,1,1,1,1,1,1,1,1,1,1,1,1,1,0,0,0,0,1,0,1,0,1,1,1,1,1,1,0,1,1,0,0,1,1,1,1,0,1,3,1,3,0,0,1,0,0,0,0,1,1,0,0,0,1,1],"ms":14,"mc":[0.023825493744511213,0.023825493744511213,0.023825493744511213,0.023825493744511213,0.023825493744511213,0.023825493744511213,0.023825493744511213,0.023825493744511213,0.023825493744511213,0.023825493744511213,0.023825493744511213,0.023825493744511213,0.023825493744511213,0.023825493744511213,0.0,0.0,0.0,0.023825493744511213,0.0,0.023825493744511213,0.0,0.023825493744511213,0.0,0.023825493744511213,0.023825493744511213,0.023825493744511213,0.023825493744511213,0.023825493744511213,1.0,1.0,1.0,1.0,1.0,1.0,1.0,1.0,1.0,1.0,1.0,1.0,1.0,1.0,0.0,0.0,0.0,0.0,1.0,0.0,1.0,0.0,1.0,1.0,1.0,1.0,1.0,1.0],"P":[1.1998251391617623,1.1998251391545243,0.8316897607141863,0.3569838575962347,1.1998251391593642,0.35698385759762835,1.199825139159224,0.8316897607152817,0.8316897607141863,0.356983857597474,0.3569838575971977,0.356983857597463,0.24684014814264116,0.19048779787118847,0.0,0.0,0.0,0.356983856212288,0.0,0.3569838562134419,0.0,0.047650987489022426,0.0,0.3569838562131841,0.3569838562131962,0.35698385621330236,0.28989744013377144,0.19048779701024238,1.4261909331800606,1.4261909331807656,1.8078642669696752,1.4261909331802174,1.2955415626878295,1.4261909331777578,1.2955415626833635,1.8078642669707703,1.8078642669696752,1.295541562686666,1.295541562687353,1.295541562685465,1.22301465439813,1.1666623041266773,0.0,0.0,0.0,0.0,1.2955415604144545,0.0,1.295541560412196,0.0,2.0,1.2955415604132345,1.2955415604153504,1.295541560417355,1.2660719521807577,1.1666623032657313],"V":[12.57472728045561,15.679324968862058,11.893434889588262,2.944909218490876,12.432102348579448,7.602208058556227,12.008154775344906,9.037587031368036,9.037587104847963,3.329832893930601,3.3298331670769934,3.329833157510528,2.7936257932683892,1.6665791179682627,0.0,0.0,0.0,2.9449092212347017,0.0,1.352052589834181,0.0,0.965600944730647,0.0,3.3298329077512743,3.3298328848842726,3.3298331713303395,1.988105129246887,1.6665791265770453,7.7021775835379085,7.163921639723231,11.893434889588262,9.347091676297046,2.231702701619098,8.024612189240395,4.726392508283831,9.037587031368036,9.037587104847963,2.577497194887776,2.5774970794103615,2.5774970677712776,2.7936257932683892,1.6665791179682627,0.0,0.0,0.0,0.0,2.2317027049642535,0.0,1.2640236314683497,0.0,0.9656009427734018,2.5774972102186733,2.5774971890644602,2.577497083066773,1.9881051474733373,1.6665791265770453],"D":[0.8582766012831804,0.8582766012884628,0.8968473587536194,0.4997374078884526,0.8582766012849306,0.49973740788809123,0.858276601285033,0.8968473587524037,0.8968473587536194,0.4997374078879364,0.4997374078883692,0.4997374078881299,0.6263324713082661,0.49998690424858105,0.0,0.0,0.0,0.4997374120381122,0.0,0.49973741203846955,0.0,0.0,0.0,0.4997374120386251,0.4997374120381928,0.49973741203843136,0.37360302222819614,0.49998690941412166,0.608938966775147,0.60893896677414,0.8968473587536194,0.6089389667749235,0.4360635159636141,0.6089389667784373,0.4360635159676266,0.8968473587524037,0.8968473587536194,0.43606351596393905,0.4360635159653391,0.43606351597041204,0.6263324713082661,0.49998690424858105,0.0,0.0,0.0,0.0,0.4360635219116294,0.0,0.4360635219098665,0.0,0.0,0.43606352191210196,0.43606352190976416,0.4360635219046522,0.37360302222819614,0.49998690941412166],"Q":[0.5226380667926648,0.522638066795017,0.8968473587536194,0.30430958081837295,0.3742631124256078,0.3043095808199087,0.3742631124290963,0.8968473587524037,0.8968473587536194,0.21791725114231858,0.21791725114320704,0.21791725114563792,0.6263324713082661,0.49998690424858105,0.0,0.0,0.0,0.0,0.0,0.0,0.0,0.0,0.0,0.21791725592480196,0.21791725592344527,0.21791725592099484,0.37360302222819614,0.49998690941412166,0.0,0.0,0.0,0.0,0.37426311753065017,0.0,0.3742631175291818,0.0,0.0,0.21791725411483828,0.2179172541138586,0.21791725411119953,0.0,0.0,0.0,0.0,0.0,0.30430958334526215,0.0,0.3043095833472358,0.0,0.0,0.0,0.21791725295228265,0.21791725295279368,0.21791725295543282,0.0,0.0,0.33563853449051567,0.3356385344934459,0.0,0.19542782707007966,0.10975037132867264,0.1954278270681825,0.10975037132675493,0.0,0.0,0.06390290263077955,0.06390290263130355,0.06390290263129252,0.0,0.0,0.0,0.0,0.0,0.19542782869285008,0.0,0.19542782869123376,0.0,0.0,0.0,0.06390290316154044,0.06390290316195378,0.0639029031620037,0.0,0.0,0.08630089998248229,0.08630089997912296,0.0,0.00031980261128843567,0.06180040353800629,0.0003198026112927236,0.0618004035385303,0.0,0.0,0.00022901186933783815,0.0002290118693383915,0.00022901186934131104,0.0,0.0,0.0,0.0,0.0,0.0,0.061800404380979244,0.0,0.06180040438068474,0.0,0.0,0.00022901187246169457,0.0002290118724602855,0.00022901187245785552,0.0,0.0,0.05542249873433725,0.0554224987324142,0.10315264124638057,0.00020537746214680772,0.018122590796083825,0.00020537746214653122,0.0181225907957519,0.10315264124759632,0.10315264124638057,6.715633163907288e-5,6.715633163951215e-5,6.715633163960744e-5,6.450646353765528e-5,2.6186337297233106e-5],"PI":[1.0093329787789433,1.0093329787789433,0.7245309340631819,0.16649169716761825,1.0093329787789433,0.1664916971681943,1.0093329787789436,0.7245309340631821,0.7245309340631819,0.16649169716806558,0.1664916971680717,0.16649169716812456,0.13968131962713962,0.08332896949523289,0.0,0.0,0.0,0.16649169785850212,0.0,0.16649169785919782,0.0,0.0,0.0,0.1664916978591208,0.16649169785898282,0.16649169785911536,0.0994052833011662,0.083328969925672,0.25952426649960186,0.2595242664996019,0.724530934063182,0.25952426649960203,0.12887489293903578,0.25952426649960186,0.1288748929382742,0.7245309340631821,0.724530934063182,0.12887489293862447,0.12887489293933782,0.12887489294001378,0.13968131962713962,0.08332896949523289,0.0,0.0,0.0,0.0,0.1288748937055856,0.0,0.12887489370407978,0.0,0.0,0.1288748937051933,0.12887489370542504,0.12887489370478838,0.09940528546488718,0.08332896992567206],"CS":[0.482128275555465,0.48212827556124793,0.37859090565234554,1.4151101655227885,0.6684326681119388,1.4151101655230127,0.6684326681149915,0.3785909056503809,0.37859090565234554,1.6014145580772714,1.6014145580761812,1.601414558075945,1.6081241882161823,1.7583787934030988],"pr_entry":[0.0,0.0,0.0,0.0,0.0,0.0,0.0,0.0,0.0,0.0,0.0,0.0,0.0,0.0,0.07362273177342972,0.0338013135978571,0.024140022531778577,0.0,0.08324582131295138,0.0,0.08324582071119177,0.0,0.04970262752488739,0.0,0.0,0.0,0.0,0.0,0.0,0.0,0.0,0.0,0.0,0.0,0.0,0.0,0.0,0.0,0.0,0.0,0.0,0.0,0.05579256922636942,0.0316005896569003,0.02414002246684046,0.06443742938193367,0.0,0.0644374288252377,0.0,0.0497026279475908,0.0,0.0,0.0,0.0,0.0,0.0],"pr_exit":[0.0,0.0,0.0,0.0,0.0,0.25,0.0,0.25,0.0,0.0,0.0,0.0,0.0,0.0,0.0,0.0,0.0,0.0,0.0,0.0,0.0,0.008599774682214234,0.0,0.0,0.0,0.0,0.0,0.0,0.0,0.0,0.0,0.0,0.0,0.0,0.25,0.0,0.25,0.0,0.0,0.0,0.0,0.0,0.0,0.0,0.0,0.0,0.0,0.0,0.0,0.0,0.008599775331595422,0.0,0.0,0.0,0.0,0.0],"pr_merger":[0.25,0.0,0.0,0.25,0.25,0.0,0.0,0.0,0.0,4.149164845035358e-8,0.0,0.0,0.0,0.0,0.0,0.0,0.0,0.0,0.0,0.0,0.0,0.0,0.0,3.4203766818841075e-8,4.74865495814214e-8,0.0,0.0,0.0,0.0,0.0,0.0,0.0,0.25,0.0,0.0,0.0,0.0,3.7658929752382164e-8,0.0,0.0,0.0,0.0,0.0,0.0,0.0,0.25,0.0,0.0,0.0,0.0,0.0,3.803648551681249e-8,0.0,0.0,0.0,0.0],