{"modelname":"lbd","policy":"nolearning","smax":[5,1],"alpha":0.8,"beta":0.95,"c":1.0,"gamma":1.0,"sigma":3.0,"p0":1.5,"accuracy":1.0e-8,"cost_entry":[0.0,10.0],"value_exit":[0.0,1.0],"cost_merger":[0.0,1.0],"cost_bundling":[0.0,1.0],"entry":true,"exit":true,"mergers":true,"bundling":true,"filename":"a80g100s30","verbose":true,"firms":[1,2,3,4],"rival":[2,1,4,3],"partner":[3,4,1,2],"merger_pairs":[1,2,1,2,3,4,4,3],"outcomes":[1,0,1,0,1,0,0,0,0,0,1,0,1,0,1,0,0,0,1,0,0,1,0,0,1,0,0,0,1,1,0,0,0,0,1,0,0,0,0,0,1,1,1,1,2],"ownership":[0,3,0,3,0,0,4,4,0,1,0,1,0,0,2,2],"S":[1,1,1,1,1,1,1,1,1,1,1,1,1,1,0,0,0,1,0,1,0,1,0,1,1,1,1,1,1,1,1,1,1,1,1,1,1,1,1,1,1,1,0,0,0,0,1,0,1,0,1,1,1,1,1,1,0,1,1,0,0,1,1,1,1,0,1,3,1,3,0,0,1,0,0,0,0,1,1,0,0,0,1,1],"ms":14,"mc":[0.023825493744511213,0.023825493744511213,0.023825493744511213,0.023825493744511213,0.023825493744511213,0.023825493744511213,0.023825493744511213,0.023825493744511213,0.023825493744511213,0.023825493744511213,0.023825493744511213,0.023825493744511213,0.023825493744511213,0.023825493744511213,0.0,0.0,0.0,0.023825493744511213,0.0,0.023825493744511213,0.0,0.023825493744511213,0.0,0.023825493744511213,0.023825493744511213,0.023825493744511213,0.023825493744511213,0.023825493744511213,1.0,1.0,1.0,1.0,1.0,1.0,1.0,1.0,1.0,1.0,1.0,1.0,1.0,1.0,0.0,0.0,0.0,0.0,1.0,0.0,1.0,0.0,1.0,1.0,1.0,1.0,1.0,1.0],"P":[1.1934061810179721,1.193406181023429,0.7967064570801415,0.6653016253023063,1.1934061810216197,0.6653016252944799,1.1934061810110106,0.7967064570902312,0.7967064570801415,0.6653016253038866,0.6653016252940223,0.6653016253058697,0.4577046082405027,0.3540024859678543,0.0,0.0,0.0,0.6653016211617917,0.0,0.6653016211536192,0.0,0.047650987489022426,0.0,0.6653016211656626,0.6653016211511259,0.6653016211616282,0.5462774002033611,0.35400248426134245,1.5887495360853925,1.5887495360866888,1.7728809633356302,1.5887495360884183,1.500000001020162,1.5887495360856314,1.500000001022164,1.7728809633457199,1.7728809633356302,1.5000000010280488,1.5000000010174024,1.5000000010124335,1.4338791144959915,1.330176992223343,0.0,0.0,0.0,0.0,1.5000000058643654,0.0,1.500000005865152,0.0,2.0,1.5000000058748693,1.5000000058731209,1.5000000058733898,1.5224519224893982,1.3301769905168312],"V":[9.55727128115005,11.77553778070964,9.085161466536086,4.4276737795324745,9.763234224712843,8.063340385174458,10.506515515123013,7.768603519551376,7.768603285687604,4.704440884757951,6.425788062292496,6.162839005771114,5.344233623155504,3.270198171623364,0.0,0.0,0.0,4.427673783780568,0.0,3.0067607678840735,0.0,2.4298802202208805,0.0,4.704440887167961,4.2104068910406,6.162839042577097,3.7823606973830786,3.270198188205207,6.1583364352235686,5.599932840481808,9.085161466536086,7.197424803784841,3.5191298147634575,5.858098198134433,4.156233623833354,7.768603519551376,7.768603285687604,4.136584046349909,3.5962726959811255,3.3333236394436767,5.344233623155504,3.270198171623364,0.0,0.0,0.0,0.0,3.5191298129122037,0.0,2.765929338263885,0.0,2.429879985828202,4.136584045290497,3.8806202602328455,3.3333236232405445,3.78236037402365,3.270198188205207],"D":[0.714997573954751,0.7149975739514154,0.7843566156207573,0.48036518126534433,0.7149975739525214,0.4803651812655477,0.714997573959007,0.784356615610518,0.7843566156207573,0.4803651812668407,0.4803651812641644,0.4803651812625627,0.615868427158026,0.49522022086813927,0.0,0.0,0.0,0.48036518723222155,0.0,0.48036518723292365,0.0,0.0,0.0,0.480365187230417,0.480365187234474,0.4803651872348107,0.3619827463143036,0.49522022593873377,0.4338282870146293,0.43382828701367415,0.7843566156207573,0.43382828701239945,0.33333333460801406,0.433828287014453,0.3333333346069414,0.784356615610518,0.7843566156207573,0.3333333346062573,0.33333333461277204,0.33333333461617426,0.615868427158026,0.49522022086813927,0.0,0.0,0.0,0.0,0.33333332976381025,0.0,0.33333332976395336,0.0,0.0,0.33333332975943686,0.33333332975705354,0.33333332975521796,0.3619827463143036,0.49522022593873377],"Q":[0.3101861727284054,0.31018617272627536,0.7843566156207573,0.20839600372874512,0.23833252556223405,0.20839600372981978,0.2383325255636291,0.784356615610518,0.7843566156207573,0.16012172770041522,0.1601217277026526,0.16012172770375305,0.615868427158026,0.49522022086813927,0.0,0.0,0.0,0.0,0.0,0.0,0.0,0.0,0.0,0.16012172736003016,0.1601217273602377,0.16012172735946828,0.3619827463143036,0.49522022593873377,0.0,0.0,0.0,0.0,0.2383325220986401,0.0,0.23833252210090425,0.0,0.0,0.16012172537217145,0.1601217253701345,0.16012172536871885,0.0,0.0,0.0,0.0,0.0,0.20839600631734523,0.0,0.20839600631863622,0.0,0.0,0.0,0.16012172968827396,0.1601217296927558,0.16012172969450236,0.0,0.0,0.4048114012263457,0.40481140122514,0.0,0.2719691775365992,0.23833252629164722,0.27196917753572797,0.23833252629447366,0.0,0.0,0.16012172819425405,0.1601217281913773,0.1601217281900908,0.0,0.0,0.0,0.0,0.0,0.2719691809148763,0.0,0.2719691809142874,0.0,0.0,0.0,0.16012173018211281,0.16012173018148051,0.1601217301808401,0.0,0.0,0.12364211428622389,0.12364211428739878,0.0,0.01703627696630913,0.09500080904578,0.01703627696599697,0.09500080904331232,0.0,0.0,0.013089877217568099,0.013089877217363629,0.013089877217918836,0.0,0.0,0.0,0.0,0.0,0.0,0.09500080766517016,0.0,0.0950008076630491,0.0,0.0,0.013089877027235245,0.013089877026681341,0.01308987702703086,0.0,0.0,0.16136031175902504,0.16136031176118604,0.21564338437924263,0.022233354536124916,0.09500080933652857,0.02223335453553167,0.09500080933463163,0.21564338438948216,0.21564338437924263,0.013089877257939194,0.01308987725731665,0.013089877257676723,0.022148826527670376,0.00955955319312698],"PI":[0.8362473539448549,0.8362473539448553,0.6062142966796455,0.3081427982131521,0.836247353944855,0.308142798209523,0.836247353944855,0.6062142966796457,0.6062142966796455,0.30814279821487106,0.30814279820841584,0.30814279821307944,0.2672124478213634,0.16351032301442187,0.0,0.0,0.0,0.30814280005180233,0.0,0.30814280004832695,0.0,0.0,0.0,0.3081428000525042,0.3081428000481238,0.3081428000533846,0.18911857591711814,0.16351032384351633,0.25541620272058346,0.2554162027205835,0.6062142966796455,0.25541620272058335,0.16666666764406102,0.25541620272058335,0.16666666764419202,0.6062142966796457,0.6062142966796455,0.16666666764581156,0.16666666764552016,0.16666666764556495,0.2672124478213634,0.16351032301442187,0.0,0.0,0.0,0.0,0.1666666668366936,0.0,0.1666666668370273,0.0,0.0,0.16666666683800815,0.1666666668362337,0.16666666683540554,0.18911858171990004,0.16351032384351633],"CS":[0.6080384844222491,0.6080384844177851,0.511376411313925,1.2687205536934423,0.7846232893620022,1.2687205537023365,0.7846232893686578,0.5113764112980972,0.511376411313925,1.445305358628367,1.4453053586442202,1.4453053586350508,1.2699902541097152,1.5500714300438831],"pr_entry":[0.0,0.0,0.0,0.0,0.0,0.0,0.0,0.0,0.0,0.0,0.0,0.0,0.0,0.0,0.11069182587981988,0.07516899975252513,0.06074698596943686,0.0,0.1176110059676491,0.0,0.1052601585256897,0.0,0.09455900319647265,0.0,0.0,0.0,0.0,0.0,0.0,0.0,0.0,0.0,0.0,0.0,0.0,0.0,0.0,0.0,0.0,0.0,0.0,0.0,0.08797822504738559,0.0691482135471797,0.06074697973818814,0.10341458335362042,0.0,0.09701549118840455,0.0,0.09455899453430923,0.0,0.0,0.0,0.0,0.0,0.0],"pr_exit":[0.0,0.0,0.0,0.0,0.0,0.25,0.0,0.25,0.0,0.0,0.0,0.0,0.0,0.0,0.0,0.0,0.0,0.0,0.0,0.0,0.0,0.0,0.0,0.0,0.0,0.0,0.0,0.0,0.0,0.0,0.0,0.0,0.0,0.0,0.25,0.0,0.25,0.0,0.0,0.0,0.0,0.0,0.0,0.0,0.0,0.0,0.0,0.0,0.0,0.0,0.0,0.0,0.0,0.0,0.0,0.0],"pr_merger":[0.25,0.0,0.0,0.25,0.25,0.0,0.0,0.0,0.0,0.25,0.0,0.0,0.0,0.0,0.0,0.0,0.0,0.0,0.0,0.0,0.0,0.0,0.0,0.25,0.25,0.0,0.0,0.0,0.0,0.0,0.0,0.0,0.25,0.0,0.0,0.0,0.0,0.25,0.0,0.0,0.0,0.0,0.0,0.0,0.0,0.25,0.0,0.0,0.0,0.0,0.0,0.25,0.0,0.0,0.0,0.0],"pr_bundling":[0.0,0.23054014808709122,0.0,0.0,0.0,0.25,0.22611126954286265,0.0,0.0,0.0,0.19947023014989185,0.0,0.0,0.0,0.0,0.0,0.0,0.0,0.0,0.0,0.0,0.0,0.0,0.0,0.0,0.0,0.0,0.0,0.0,0.23054014808709122,0.0,0.0,0.0,0.25,0.22611126954286265,0.0,0.0,0.0,0.19947023014989185,0.0,0.0,0.0,0.0,0.0,0.0,0.0,0.0,0.0,0.0,0.0,0.0,0.0,0.0,0.0,0.0,0.0],