{"modelname":"lbd","policy":"nolearning","smax":[5,1],"alpha":0.8,"beta":0.95,"c":1.0,"gamma":0.0,"sigma":10.0,"p0":1.5,"accuracy":1.0e-8,"cost_entry":[0.0,10.0],"value_exit":[0.0,1.0],"cost_merger":[0.0,1.0],"cost_bundling":[0.0,1.0],"entry":true,"exit":true,"mergers":true,"bundling":true,"filename":"a80g0s100","verbose":true,"firms":[1,2,3,4],"rival":[2,1,4,3],"partner":[3,4,1,2],"merger_pairs":[1,2,1,2,3,4,4,3],"outcomes":[1,0,1,0,1,0,0,0,0,0,1,0,1,0,1,0,0,0,1,0,0,1,0,0,1,0,0,0,1,1,0,0,0,0,1,0,0,0,0,0,1,1,1,1,2],"ownership":[0,3,0,3,0,0,4,4,0,1,0,1,0,0,2,2],"S":[1,1,1,1,1,1,1,1,1,1,1,1,1,1,0,0,0,1,0,1,0,1,0,1,1,1,1,1,1,1,1,1,1,1,1,1,1,1,1,1,1,1,0,0,0,0,1,0,1,0,1,1,1,1,1,1,0,1,1,0,0,1,1,1,1,0,1,3,1,3,0,0,1,0,0,0,0,1,1,0,0,0,1,1],"ms":14,"mc":[0.023825493744511213,0.023825493744511213,0.023825493744511213,0.023825493744511213,0.023825493744511213,0.023825493744511213,0.023825493744511213,0.023825493744511213,0.023825493744511213,0.023825493744511213,0.023825493744511213,0.023825493744511213,0.023825493744511213,0.023825493744511213,0.0,0.0,0.0,0.023825493744511213,0.0,0.023825493744511213,0.0,0.023825493744511213,0.0,0.023825493744511213,0.023825493744511213,0.023825493744511213,0.023825493744511213,0.023825493744511213,1.0,1.0,1.0,1.0,1.0,1.0,1.0,1.0,1.0,1.0,1.0,1.0,1.0,1.0,0.0,0.0,0.0,0.0,1.0,0.0,1.0,0.0,1.0,1.0,1.0,1.0,1.0,1.0],"P":[0.9088833482082516,0.7228049331138957,0.8733152134292034,0.21197280911671784,1.6112071600057571,0.02382552342526275,1.7462690605669169,0.8733152134290479,0.8733152134292034,0.22382548582693987,0.22382548106696556,0.22382547868441888,0.15764514493324516,0.12382549406854854,0.0,0.0,0.0,0.21197280987459324,0.0,0.15005256311621076,0.0,0.047650987489022426,0.0,0.22382548498774804,0.2238254826072554,0.22382547784189544,0.18347736847968954,0.12382549346680488,1.8850579203363196,2.0,1.849489719684692,2.5873816684424082,1.1881473186276483,2.7224435727734697,1.0000000294430154,1.8494897196845366,1.849489719684692,1.199999995222086,1.1999999904608694,1.1999999880804657,1.133819651188734,1.1000000003240373,0.0,0.0,0.0,0.0,1.188147317963121,0.0,1.1262270693923198,0.0,2.0,1.1999999940850348,1.1999999917045854,1.1999999869450484,1.159651878546681,1.0999999997222938],"V":[14.524393515405997,12.931945450189001,15.387627524770284,1.8243316419012054,22.123118297653757,8.078046571929628,16.0274754230862,13.67542843097721,13.675428463517399,1.9999989543033354,1.999999833734369,1.9999997616725393,1.6763961825697584,0.9999999875630844,0.0,0.0,0.0,1.8243316417545679,0.0,0.5275540576980287,0.0,0.43153657344766,0.0,1.9999989626928825,1.9999987185707677,1.9999997700977699,1.1930373162789503,1.000001689166006,14.524393907388076,17.610230011488017,15.387627524770284,22.123118225566728,1.8243316441631345,18.470865216337693,10.521436430603693,13.67542843097721,13.675428463517399,1.9999989827219649,1.9999998639557957,1.9999997919521855,1.6763961825697584,0.9999999875630844,0.0,0.0,0.0,0.0,1.8243316455667444,0.0,0.5275540615334812,0.0,0.43153657717416805,1.9999989940892648,1.999998749954869,1.9999998033063562,1.1930373447613096,1.000001689166007],"D":[0.8870130445035267,0.9411411358883911,0.9411411358883911,0.46850159100984273,0.9370031782547081,0.734166059687461,0.9419429500688905,0.9411411358885635,0.9411411358883911,0.4999999800506719,0.4999999859993771,0.4999999800423453,0.6263627912266835,0.4999999921594465,0.0,0.0,0.0,0.46850158745918374,0.0,0.2077768870281612,0.0,0.0,0.0,0.49999998424663095,0.4999999782979281,0.4999999842549625,0.37363718496373083,0.4999999981768828,0.8870130445035267,0.9411411358883911,0.9411411358883911,0.9370031784690265,0.4685015875706936,0.9419429467156222,0.7341660627194481,0.9411411358885635,0.9411411358883911,0.4999999793060236,0.49999998525794265,0.4999999793101111,0.6263627912266835,0.4999999921594465,0.0,0.0,0.0,0.0,0.4685015906840145,0.0,0.20777688734944247,0.0,0.0,0.4999999849912793,0.49999997903936255,0.4999999849871968,0.37363718496373083,0.4999999981768828],"Q":[0.8870130445035267,0.9411411358883911,0.9411411358883911,0.46850159100984273,0.4685015875706936,0.734166059687461,0.7341660627194481,0.9411411358885635,0.9411411358883911,0.24999998860402206,0.24999999455433358,0.24999998860190112,0.6263627912266835,0.4999999921594465,0.0,0.0,0.0,0.0,0.0,0.0,0.0,0.0,0.0,0.24999999354462937,0.24999998759431905,0.24999999354675256,0.37363718496373083,0.4999999981768828,0.0,0.0,0.0,0.0,0.4685015906840145,0.0,0.20777688734944247,0.0,0.0,0.2499999914466499,0.2499999914450435,0.24999999144044419,0.0,0.0,0.0,0.0,0.0,0.46850158745918374,0.0,0.2077768870281612,0.0,0.0,0.0,0.24999999070200155,0.24999999070360907,0.24999999070820994,0.0,0.0,0.0,0.0,0.0,0.0,0.0,0.0,0.0,0.0,0.0,0.0,0.0,0.0,0.0,0.0,0.0,0.0,0.0,0.0,0.0,0.0,0.0,0.0,0.0,0.0,0.0,0.0,0.0,0.0,0.0,0.0,0.0,0.0,0.0,0.0,0.0,0.0,0.0,0.0,0.0,0.0,0.0,0.0,0.0,0.0,0.0,0.0,0.0,0.0,0.0,0.0,0.0,0.0,0.0,0.0,0.0,0.0,0.11298695549647325,0.05885886411160891,0.05885886411160891,0.06299682153097351,0.06299682174529206,0.05805705328437789,0.0580570499311094,0.05885886411143651,0.05885886411160891,3.57026973064097e-8,3.570269475685652e-8,3.570269220628349e-8,2.3809585724329782e-8,9.663670882996498e-9],"PI":[0.7850578620496416,0.6578383035307332,0.7994897197095621,0.08814731659610946,1.4873816663900419,2.1790600404545504e-8,1.6224435746598789,0.7994897197095623,0.7994897197095621,0.09999999205134888,0.09999999086110278,0.0999999884784232,0.08381965023955658,0.04999999937796332,0.0,0.0,0.0,0.08814731628312832,0.0,0.026227067532739484,0.0,0.0,0.0,0.09999999247094475,0.09999999009095796,0.09999998889968487,0.05965187705023421,0.049999999678835116,0.7850579204794786,0.9411411358883911,0.799489719709562,1.487381668774003,0.08814731747422237,1.6224435744896262,2.1616062660793917e-8,0.7994897197095622,0.799489719709562,0.09999999347224776,0.09999999228202335,0.09999998990225532,0.08381965023955658,0.04999999937796332,0.0,0.0,0.0,0.0,0.08814731774865324,0.0,0.02622706757757828,0.0,0.0,0.09999999404077334,0.09999999166016538,0.09999999046996375,0.05965187847435332,0.04999999967883517],"CS":[0.2180482905017591,0.2832612834500825,0.2832612834500825,0.27646710057526525,0.27646710023506005,0.2846329074612348,0.28463291323705064,0.28326128345037516,0.2832612834500825,1.7148039596213545,1.7148039667624209,1.714803973906344,1.7553177575829173,1.8454892252315191],"pr_entry":[0.0,0.0,0.0,0.0,0.0,0.0,0.0,0.0,0.0,0.0,0.0,0.0,0.0,0.0,0.0456082915188457,0.013188850863365945,0.010788413851884027,0.0,0.04999997290057258,0.0,0.04999996653893467,0.0,0.029825932611282004,0.0,0.0,0.0,0.0,0.0,0.0,0.0,0.0,0.0,0.0,0.0,0.0,0.0,0.0,0.0,0.0,0.0,0.0,0.0,0.04560829161415029,0.013188850959252232,0.010788413945046704,0.04999997368548192,0.0,0.049999967323537155,0.0,0.029825933323340957,0.0,0.0,0.0,0.0,0.0,0.0],"pr_exit":[0.0,0.0,0.0,0.0,0.0,0.25,0.0,0.25,0.0,0.0,0.0,0.0,0.0,3.1091786645287556e-9,0.0,0.0,0.0,0.0,0.0,0.11811149136634055,0.0,0.14211586148115973,0.0,0.0,0.0,0.0,0.0,0.0,0.0,0.0,0.0,0.0,0.0,0.0,0.25,0.0,0.25,0.0,0.0,0.0,0.0,3.1091786645287556e-9,0.0,0.0,0.0,0.0,0.0,0.0,0.11811149040747768,0.0,0.14211586054953296,0.0,0.0,0.0,0.0,0.0],"pr_merger":[0.25,0.0,0.0,0.25,0.25,0.0,0.0,0.0,0.0,4.639594207156428e-7,0.0,0.0,0.0,0.0,0.0,0.0,0.0,0.0,0.0,0.0,0.0,0.0,0.0,4.590202749565897e-7,5.545422495090158e-7,0.0,0.0,0.0,0.0,0.0,0.0,0.0,0.25,0.0,0.0,0.0,0.0,4.6111763363221314e-7,0.0,0.0,0.0,0.0,0.0,0.0,0.0,0.25,0.0,0.0,0.0,0.0,0.0,4.6186206204001934e-7,0.0,0.0,0.0,0.0],"pr_bundling":[0.0,0.06564615075759095,0.0,0.0,0.0,0.25,0.25,0.0,0.0,0.0,0.0,0.0,0.0,0.0,0.0,0.0,0.0,0.0,0.0,0.0,0.0,0.0,0.0,0.0,0.0,0.0,0.0,0.0,0.0,0.06564615075759095,0.0,0.0,0.0,0.25,0.25,0.0,0.0,0.0,0.0,0.0,0.0,0.0,0.0,0.0,0.0,0.0,0.0,0.0,0.0,0.0,0.0,0.0,0.0,0.0,0.0,0.0],