{"modelname":"lbd","policy":"nolearning","smax":[5,1],"alpha":0.8,"beta":0.95,"c":1.0,"gamma":1.0,"sigma":1.0,"p0":1.5,"accuracy":1.0e-8,"cost_entry":[0.0,10.0],"value_exit":[0.0,1.0],"cost_merger":[0.0,1.0],"cost_bundling":[0.0,1.0],"entry":true,"exit":true,"mergers":true,"bundling":true,"filename":"a80g100s10","verbose":true,"firms":[1,2,3,4],"rival":[2,1,4,3],"partner":[3,4,1,2],"merger_pairs":[1,2,1,2,3,4,4,3],"outcomes":[1,0,1,0,1,0,0,0,0,0,1,0,1,0,1,0,0,0,1,0,0,1,0,0,1,0,0,0,1,1,0,0,0,0,1,0,0,0,0,0,1,1,1,1,2],"ownership":[0,3,0,3,0,0,4,4,0,1,0,1,0,0,2,2],"S":[1,1,1,1,1,1,1,1,1,1,1,1,1,1,0,0,0,1,0,1,0,1,0,1,1,1,1,1,1,1,1,1,1,1,1,1,1,1,1,1,1,1,0,0,0,0,1,0,1,0,1,1,1,1,1,1,0,1,1,0,0,1,1,1,1,0,1,3,1,3,0,0,1,0,0,0,0,1,1,0,0,0,1,1],"ms":14,"mc":[0.023825493744511213,0.023825493744511213,0.023825493744511213,0.023825493744511213,0.023825493744511213,0.023825493744511213,0.023825493744511213,0.023825493744511213,0.023825493744511213,0.023825493744511213,0.023825493744511213,0.023825493744511213,0.023825493744511213,0.023825493744511213,0.0,0.0,0.0,0.023825493744511213,0.0,0.023825493744511213,0.0,0.023825493744511213,0.0,0.023825493744511213,0.023825493744511213,0.023825493744511213,0.023825493744511213,0.023825493744511213,1.0,1.0,1.0,1.0,1.0,1.0,1.0,1.0,1.0,1.0,1.0,1.0,1.0,1.0,0.0,0.0,0.0,0.0,1.0,0.0,1.0,0.0,1.0,1.0,1.0,1.0,1.0,1.0],"P":[1.7797774520397684,1.779777452011892,1.0178868946626065,1.519060506687075,1.779777452047317,1.5190605066758172,1.7797774520550202,1.0178868946727697,1.0178868946626065,1.5190605066910439,1.5190605066632268,1.5190605067051048,0.9110715911876864,0.8209856174558413,0.0,0.0,0.0,1.5190604876637073,0.0,1.519060487646981,0.0,0.047650987489022426,0.0,1.519060487659703,1.5190604876633695,1.5190604876679088,1.2845418560388422,0.820985614230277,2.4046738551084,2.404673855125774,1.9940614009180955,2.404673855112383,2.3082611529318866,2.404673855111433,2.3082611529330155,1.9940614009282585,1.9940614009180955,2.3082611529366104,2.3082611529439703,2.3082611529388783,1.887246097443175,1.79716012371133,0.0,0.0,0.0,0.0,2.3082611562244066,0.0,2.3082611562244373,0.0,2.0,2.3082611562319664,2.30826115622444,2.308261156236111,2.260716314183004,1.7971601204857657],"V":[10.818720768449055,10.818720759115525,7.869111217817023,9.904681669450005,10.818720768447065,9.9046816736206,10.818720759123519,7.353729687383145,7.353729633089191,9.904681669446662,9.904681673634302,9.904681832375635,6.410758495797529,5.943191552661292,0.0,0.0,0.0,9.904681731876874,0.0,9.904681878261082,0.0,4.109596032670776,0.0,9.904681731880185,9.90468187825058,9.904681894827503,5.642834483809447,5.943191566953534,6.6560520648908446,6.656052062337023,7.869111217817027,6.656052064891465,6.165211595669876,6.656052062336948,6.1652115938051395,7.353729687383145,7.353729633089195,6.165211595671801,6.165211593805143,6.1652116012423255,6.410758495797529,5.943191552661292,0.0,0.0,0.0,0.0,6.16521159088348,0.0,6.165211599559379,0.0,4.109595796050964,6.165211590884684,6.165211599562168,6.165211596452479,5.642834104841616,5.943191566953534],"D":[0.4305083375024118,0.43050833750924633,0.4970129616409795,0.33120881242253414,0.43050833750056117,0.331208812423193,0.4305083374986725,0.4970129616358981,0.4970129616409795,0.33120881242121575,0.33120881242777983,0.33120881241900124,0.43645850861520075,0.3727734426980459,0.0,0.0,0.0,0.33120881872324126,0.0,0.33120881872571134,0.0,0.0,0.0,0.33120881872456365,0.33120881872069996,0.33120881872428853,0.20680014306791134,0.3727734451028553,0.2880909665074598,0.2880909665038965,0.4970129616409795,0.2880909665066429,0.23562662220609612,0.28809096650683774,0.2356266222058945,0.4970129616358981,0.4970129616409795,0.235626622205665,0.2356266222039216,0.23562662220548664,0.43645850861520075,0.3727734426980459,0.0,0.0,0.0,0.0,0.23562662143029073,0.0,0.23562662143034785,0.0,0.0,0.2356266214291914,0.23562662143095564,0.23562662142857085,0.20680014306791134,0.3727734451028553],"Q":[0.12402556304058954,0.12402556304102448,0.4970129616409795,0.09541826688632526,0.10143922539681924,0.0954182668865796,0.10143922539628744,0.4970129616358981,0.4970129616409795,0.07804161371556079,0.07804161371653003,0.07804161371497992,0.43645850861520075,0.3727734426980459,0.0,0.0,0.0,0.0,0.0,0.0,0.0,0.0,0.0,0.07804161494362245,0.0780416149432964,0.07804161494335209,0.20680014306791134,0.3727734451028553,0.0,0.0,0.0,0.0,0.10143922506282856,0.0,0.10143922506240811,0.0,0.0,0.0780416134583859,0.07804161346051684,0.07804161345765856,0.0,0.0,0.0,0.0,0.0,0.09541826870150207,0.0,0.0954182687022782,0.0,0.0,0.0,0.07804161520079735,0.07804161519930952,0.07804161520067344,0.0,0.0,0.30648277446182226,0.30648277446822186,0.0,0.23579054553620887,0.22762988704091333,0.2357905455366134,0.22762988703997694,0.0,0.0,0.17512558524726907,0.17512558525073296,0.1751255852463628,0.0,0.0,0.0,0.0,0.0,0.2357905500217392,0.0,0.23579055002343313,0.0,0.0,0.0,0.17512558858014385,0.17512558857809404,0.17512558858026298,0.0,0.0,0.16406540346687026,0.16406540346287202,0.0,0.09725443091881555,0.13418739680927688,0.09725443091797993,0.13418739680960706,0.0,0.0,0.07954339328930689,0.07954339328808209,0.0795433932898333,0.0,0.0,0.0,0.0,0.0,0.0,0.1341873963674622,0.0,0.13418739636793972,0.0,0.0,0.07954339302718308,0.0795433930271424,0.07954339302756022,0.0,0.0,0.40542625903071783,0.4054262590278816,0.5029870383590205,0.2403279379354089,0.30111686932269977,0.2403279379331157,0.3011168693237807,0.5029870383641019,0.5029870383590205,0.17849558253773054,0.1784955825362958,0.17849558253931666,0.3567413483168878,0.2544531121990987],"PI":[0.7559519582997956,0.7559519582997956,0.49406140092328366,0.495235012929299,0.7559519582997957,0.4952350129265555,0.7559519582997956,0.4940614009232836,0.49406140092328366,0.4952350129286422,0.4952350129292438,0.4952350129299881,0.3872461084647053,0.2971601236974727,0.0,0.0,0.0,0.4952350160496297,0.0,0.49523501604778325,0.0,0.0,0.0,0.49523501605028075,0.495235016045718,0.49523501605258724,0.26071632409052437,0.29716012441208617,0.40467384854593846,0.4046738485459385,0.49406140092328377,0.40467384854593846,0.30826115642879337,0.4046738485459385,0.3082611564287956,0.4940614009232836,0.49406140092328377,0.30826115642934243,0.3082611564287958,0.30826115642964347,0.38724610846470525,0.29716012369747263,0.0,0.0,0.0,0.0,0.3082611561896427,0.0,0.30826115618972466,0.0,0.0,0.3082611561899858,0.3082611561905204,0.30826115619015054,0.2607163141410951,0.2971601244120861],"CS":[0.9028162739225141,0.9028162739295098,0.6871908778843552,1.4257508802619179,1.200256819415538,1.4257508802714598,1.2002568194119485,0.6871908778742526,0.6871908778843552,1.7231914257564565,1.7231914257644945,1.7231914257475704,1.0307442743085033,1.368638694938979],"pr_entry":[0.0,0.0,0.0,0.0,0.0,0.0,0.0,0.0,0.0,0.0,0.0,0.0,0.0,0.0,0.2476170188375463,0.24761702268986413,0.10273988262831342,0.0,0.24761701883762907,0.0,0.2476170226896016,0.0,0.14107084784352752,0.0,0.0,0.0,0.0,0.0,0.0,0.0,0.0,0.0,0.0,0.0,0.0,0.0,0.0,0.0,0.0,0.0,0.0,0.0,0.1541302745971988,0.15413027482549996,0.10273987654035022,0.1541302745972289,0.0,0.15413027482556965,0.0,0.141070838132517,0.0,0.0,0.0,0.0,0.0,0.0],"pr_exit":[0.0,0.0,0.0,0.0,0.0,0.25,0.0,0.25,0.0,0.0,0.0,0.0,0.0,0.0,0.0,0.0,0.0,0.0,0.0,0.0,0.0,0.0,0.0,0.0,0.0,0.0,0.0,0.0,0.0,0.0,0.0,0.0,0.0,0.0,0.25,0.0,0.25,0.0,0.0,0.0,0.0,0.0,0.0,0.0,0.0,0.0,0.0,0.0,0.0,0.0,0.0,0.0,0.0,0.0,0.0,0.0],"pr_merger":[0.0,0.0,0.0,4.260054531357582e-10,0.0,0.0,0.0,0.0,0.0,6.107705452507162e-10,0.0,0.0,0.0,0.0,0.0,0.0,0.0,0.0,0.0,0.0,0.0,0.0,0.0,0.0,3.542299342740307e-9,0.0,0.1501786363140014,0.0,0.0,0.0,0.0,0.0,0.0,0.0,0.0,0.0,0.0,1.8075496655001189e-9,0.0,0.0,0.0,0.0,0.0,0.0,0.0,0.0,0.0,0.0,0.0,0.0,0.0,0.0,0.0,0.0,0.0,0.0],"pr_bundling":[0.0,0.0,0.0,0.0,0.0,0.0,0.0,0.0,0.0,0.0,0.0,0.0,0.0,0.0,0.0,0.0,0.0,0.0,0.0,0.0,0.0,0.0,0.0,0.0,0.0,0.0,0.0,0.0,0.0,0.0,0.0,0.0,0.0,0.0,0.0,0.0,0.0,0.0,0.0,0.0,0.0,0.0,0.0,0.0,0.0,0.0,0.0,0.0,0.0,0.0,0.0,0.0,0.0,0.0,0.0,0.0],