{"modelname":"lbd","policy":"nolearning","smax":[5,1],"alpha":0.8,"beta":0.95,"c":1.0,"gamma":0.0,"sigma":6.0,"p0":1.5,"accuracy":1.0e-8,"cost_entry":[0.0,10.0],"value_exit":[0.0,1.0],"cost_merger":[0.0,1.0],"cost_bundling":[0.0,1.0],"entry":true,"exit":true,"mergers":true,"bundling":true,"filename":"a80g0s60","verbose":true,"firms":[1,2,3,4],"rival":[2,1,4,3],"partner":[3,4,1,2],"merger_pairs":[1,2,1,2,3,4,4,3],"outcomes":[1,0,1,0,1,0,0,0,0,0,1,0,1,0,1,0,0,0,1,0,0,1,0,0,1,0,0,0,1,1,0,0,0,0,1,0,0,0,0,0,1,1,1,1,2],"ownership":[0,3,0,3,0,0,4,4,0,1,0,1,0,0,2,2],"S":[1,1,1,1,1,1,1,1,1,1,1,1,1,1,0,0,0,1,0,1,0,1,0,1,1,1,1,1,1,1,1,1,1,1,1,1,1,1,1,1,1,1,0,0,0,0,1,0,1,0,1,1,1,1,1,1,0,1,1,0,0,1,1,1,1,0,1,3,1,3,0,0,1,0,0,0,0,1,1,0,0,0,1,1],"ms":14,"mc":[0.023825493744511213,0.023825493744511213,0.023825493744511213,0.023825493744511213,0.023825493744511213,0.023825493744511213,0.023825493744511213,0.023825493744511213,0.023825493744511213,0.023825493744511213,0.023825493744511213,0.023825493744511213,0.023825493744511213,0.023825493744511213,0.0,0.0,0.0,0.023825493744511213,0.0,0.023825493744511213,0.0,0.023825493744511213,0.0,0.023825493744511213,0.023825493744511213,0.023825493744511213,0.023825493744511213,0.023825493744511213,1.0,1.0,1.0,1.0,1.0,1.0,1.0,1.0,1.0,1.0,1.0,1.0,1.0,1.0,0.0,0.0,0.0,0.0,1.0,0.0,1.0,0.0,1.0,1.0,1.0,1.0,1.0,1.0],"P":[0.8921278548422278,0.6395540276838614,0.8316897607141863,0.32284116112900796,1.4760206304851449,0.023825524915422596,1.6772501664677109,0.8316897607152817,0.8316897607141863,0.35712659299160204,0.35710511632603126,0.35709439130493903,0.24684014814264116,0.19048779787118847,0.0,0.0,0.0,0.32284115879162567,0.0,0.23221159019077983,0.0,0.047650987489022426,0.0,0.3571265914224085,0.3571158578427641,0.35709438946500743,0.28989744013377144,0.19048779701024238,1.8683023877899647,2.0,1.8078642669696752,2.452195141992341,1.2990156711938297,2.6534246790855636,1.0000000307720904,1.8078642669707703,1.8078642669696752,1.3333011040120353,1.3332796274036633,1.3332689025770381,1.22301465439813,1.1666623041266773,0.0,0.0,0.0,0.0,1.2990156733041696,0.0,1.2083860964132402,0.0,2.0,1.3333011024314245,1.3332903689727593,1.3332689010063075,1.2660719521807577,1.1666623032657313],"V":[10.938083496179404,10.061183669360062,11.893434003716344,2.186062388675488,13.676292555661849,2.946128699786628,14.458335532191095,9.03758634607402,9.037586344768107,3.332687681422979,3.3325804091330515,3.3323658157829414,2.7936257961848465,1.6665791179682443,0.0,0.0,0.0,2.1860623921811078,0.0,1.165019261155984,0.0,0.9656009830658486,0.0,3.3326876971102024,3.332473011672841,3.3323658341733546,1.9881051460549444,1.6665791265770276,10.938083609504377,13.332859322929025,11.893434003716344,13.67629255444578,2.1860624113238454,14.458335611614878,2.9461287879715674,9.03758634607402,9.037586344768107,3.3326877289536454,3.3325805650305287,3.3323659808094868,2.7936257961848465,1.6665791179682443,0.0,0.0,0.0,0.0,2.1860624114115037,0.0,1.165019278154601,0.0,0.965600993274007,3.3326877447550136,3.332473059888087,3.3323659965091994,1.9881051893293453,1.6665791265770276],"D":[0.8080545798827422,0.8968473587536194,0.8968473587536194,0.4426156062920034,0.8852312183149988,0.6989965943309603,0.8991991227992726,0.8968473587524037,0.8968473587536194,0.4999516441527679,0.4999677665666406,0.49995166242601785,0.6263324713082661,0.49998690424858105,0.0,0.0,0.0,0.4426156124993751,0.0,0.20020252483559875,0.0,0.0,0.0,0.49995164885989274,0.49993554513219074,0.4999516679452787,0.37360302222819614,0.49998690941412166,0.8080545798827422,0.8968473587536194,0.8968473587536194,0.8852312187913784,0.44261561195970733,0.899199119166559,0.6989965974964327,0.8968473587524037,0.8968473587536194,0.4999516441356432,0.49996776664517817,0.49995166282978026,0.6263324713082661,0.49998690424858105,0.0,0.0,0.0,0.0,0.44261560635529146,0.0,0.20020252530283983,0.0,0.0,0.4999516488770174,0.4999355450536531,0.49995166754151626,0.37360302222819614,0.49998690941412166],"Q":[0.8080545798827422,0.8968473587536194,0.8968473587536194,0.4426156062920034,0.44261561195970733,0.6989965943309603,0.6989965974964327,0.8968473587524037,0.8968473587536194,0.2499758208910404,0.24999193894078314,0.24997583003507493,0.6263324713082661,0.49998690424858105,0.0,0.0,0.0,0.0,0.0,0.0,0.0,0.0,0.0,0.2499758256152899,0.24995971742779569,0.24997583515057334,0.37360302222819614,0.49998690941412166,0.0,0.0,0.0,0.0,0.44261560635529146,0.0,0.20020252530283983,0.0,0.0,0.2499758232617275,0.24997582762585746,0.24997583239094293,0.0,0.0,0.0,0.0,0.0,0.4426156124993751,0.0,0.20020252483559875,0.0,0.0,0.0,0.24997582324460282,0.24997582770439503,0.24997583279470534,0.0,0.0,0.0,0.0,0.0,0.0,0.0,0.0,0.0,0.0,0.0,0.0,0.0,0.0,0.0,0.0,0.0,0.0,0.0,0.0,0.0,0.0,0.0,0.0,0.0,0.0,0.0,0.0,0.0,0.0,0.0,0.0,0.0,0.0,0.0,0.0,0.0,0.0,0.0,0.0,0.0,0.0,0.0,0.0,0.0,0.0,0.0,0.0,0.0,0.0,0.0,0.0,0.0,0.0,0.0,0.0,0.0,0.0,0.1919454201172578,0.10315264124638057,0.10315264124638057,0.11476878120862145,0.11476878168500117,0.10080088083344098,0.10080087720072747,0.10315264124759632,0.10315264124638057,9.670698733934203e-5,9.668830116875947e-5,9.666962870344596e-5,6.450646353765528e-5,2.6186337297233106e-5],"PI":[0.7016356996080084,0.5522145093727445,0.7245309340631819,0.13234900091019705,1.2855284701280274,2.17883608991183e-8,1.4867580153273754,0.7245309340631821,0.7245309340631819,0.16663443256650792,0.1666290685442555,0.16661833937022213,0.13968131962713962,0.08332896949523289,0.0,0.0,0.0,0.13234900173173655,0.0,0.04171942264917757,0.0,0.0,0.0,0.1666344333508769,0.1666236998627664,0.16661834028974323,0.0994052833011662,0.083328969925672,0.7016357211768018,0.8968473587536194,0.724530934063182,1.285528475468799,0.13234900429099955,1.4867580150419892,2.1509586509360122e-8,0.7245309340631821,0.724530934063182,0.16663443494304206,0.1666290709813467,0.16661834201284625,0.13968131962713962,0.08332896949523289,0.0,0.0,0.0,0.0,0.13234900354926074,0.0,0.04171942273993175,0.0,0.0,0.16663443573311834,0.1666237022735296,0.16661834279783191,0.09940528546488718,0.08332896992567206],"CS":[0.2750907029315681,0.37859090565234554,0.37859090565234554,0.3608059621284494,0.360805961436653,0.38243469749267556,0.38243470349909403,0.3785909056503809,0.37859090565234554,1.5406374833685401,1.5406696905830746,1.540701880393588,1.6081241882161823,1.7583787934030988],"pr_entry":[0.0,0.0,0.0,0.0,0.0,0.0,0.0,0.0,0.0,0.0,0.0,0.0,0.0,0.0,0.054651560076540665,0.029125478960656224,0.024140023540599867,0.0,0.08331719115156122,0.0,0.08331182399500198,0.0,0.0497026279672047,0.0,0.0,0.0,0.0,0.0,0.0,0.0,0.0,0.0,0.0,0.0,0.0,0.0,0.0,0.0,0.0,0.0,0.0,0.0,0.054651560557300506,0.029125479385621527,0.024140023795803794,0.08331719234268146,0.0,0.08331182520038309,0.0,0.049702629049064695,0.0,0.0,0.0,0.0,0.0,0.0],"pr_exit":[0.0,0.0,0.0,0.0,0.0,0.25,0.0,0.25,0.0,0.0,0.0,0.0,0.0,0.0,0.0,0.0,0.0,0.0,0.0,0.0,0.0,0.00859976459400133,0.0,0.0,0.0,0.0,0.0,0.0,0.0,0.0,0.0,0.0,0.0,0.0,0.25,0.0,0.25,0.0,0.0,0.0,0.0,0.0,0.0,0.0,0.0,0.0,0.0,0.0,0.0,0.0,0.008599762041962056,0.0,0.0,0.0,0.0,0.0],"pr_merger":[0.25,0.0,0.0,0.25,0.25,0.0,0.0,0.0,0.0,0.0,0.0,0.0,0.0,0.0,0.0,0.0,0.0,0.0,0.0,0.0,0.0,0.0,0.0,0.0,0.0,0.0,0.0,0.0,0.0,0.0,0.0,0.0,0.25,0.0,0.0,0.0,0.0,0.0,0.0,0.0,0.0,0.0,0.0,0.0,0.0,0.25,0.0,0.0,0.0,0.0,0.0,0.0,0.0,0.0,0.0,0.0],"pr_bundling":[0.0,0.1170835652327753,0.0,0.0,0.0,0.247853712808221,0.24785370687684027,0.0,0.0,0.0,0.0,0.0,0.0,0.0,0.0,0.0,0.0,0.0,0.0,0.0,0.0,0.0,0.0,0.0,0.0,0.0,0.0,0.0,0.0,0.1170835652327753,0.0,0.0,0.0,0.247853712808221,0.24785370687684027,0.0,0.0,0.0,0.0,0.0,0.0,0.0,0.0,0.0,0.0,0.0,0.0,0.0,0.0,0.0,0.0,0.0,0.0,0.0,0.0,0.0],"active_firms":[true,true,true,true,true,true,true,true,true,true,true,true,true,true,false,false,false,true,false,true,false,true,false,true,true,true,true,true,true,true,true,true,true,true,true,true,true,true,true,true,true,true,false,false,false,false,true,false,true,false,true,true,true,true,true,true,true,true,true,true,true,true,true,true,true,true,true,true,true,true],