{"modelname":"lbd","policy":"nolearning","smax":[5,1],"alpha":0.8,"beta":0.95,"c":1.0,"gamma":0.0,"sigma":3.0,"p0":1.5,"accuracy":1.0e-8,"cost_entry":[0.0,10.0],"value_exit":[0.0,1.0],"cost_merger":[0.0,1.0],"cost_bundling":[0.0,1.0],"entry":true,"exit":true,"mergers":true,"bundling":true,"filename":"a80g0s30","verbose":true,"firms":[1,2,3,4],"rival":[2,1,4,3],"partner":[3,4,1,2],"merger_pairs":[1,2,1,2,3,4,4,3],"outcomes":[1,0,1,0,1,0,0,0,0,0,1,0,1,0,1,0,0,0,1,0,0,1,0,0,1,0,0,0,1,1,0,0,0,0,1,0,0,0,0,0,1,1,1,1,2],"ownership":[0,3,0,3,0,0,4,4,0,1,0,1,0,0,2,2],"S":[1,1,1,1,1,1,1,1,1,1,1,1,1,1,0,0,0,1,0,1,0,1,0,1,1,1,1,1,1,1,1,1,1,1,1,1,1,1,1,1,1,1,0,0,0,0,1,0,1,0,1,1,1,1,1,1,0,1,1,0,0,1,1,1,1,0,1,3,1,3,0,0,1,0,0,0,0,1,1,0,0,0,1,1],"ms":14,"mc":[0.023825493744511213,0.023825493744511213,0.023825493744511213,0.023825493744511213,0.023825493744511213,0.023825493744511213,0.023825493744511213,0.023825493744511213,0.023825493744511213,0.023825493744511213,0.023825493744511213,0.023825493744511213,0.023825493744511213,0.023825493744511213,0.0,0.0,0.0,0.023825493744511213,0.0,0.023825493744511213,0.0,0.023825493744511213,0.0,0.023825493744511213,0.023825493744511213,0.023825493744511213,0.023825493744511213,0.023825493744511213,1.0,1.0,1.0,1.0,1.0,1.0,1.0,1.0,1.0,1.0,1.0,1.0,1.0,1.0,0.0,0.0,0.0,0.0,1.0,0.0,1.0,0.0,1.0,1.0,1.0,1.0,1.0,1.0],"P":[0.9235544408575912,0.5695874204157719,0.7967064570801415,0.5556952304927667,1.3390625540944605,0.023825522813791675,1.6375797376241061,0.7967064570902312,0.7967064570801415,0.670324917094418,0.6586755790769162,0.6545850508025708,0.4577046082405027,0.3540024859678543,0.0,0.0,0.0,0.5556952239189997,0.0,0.43070857346866687,0.0,0.047650987489022426,0.0,0.6703249144538937,0.6652735313521414,0.6545850540914615,0.5462774002033611,0.35400248426134245,1.8997289564849658,2.0,1.7728809633356302,2.3152370708591246,1.5318697443693527,2.613754249016127,1.0000000277687517,1.7728809633457199,1.7728809633356302,1.6464994308320193,1.6348500932896621,1.63075956786931,1.4338791144959915,1.330176992223343,0.0,0.0,0.0,0.0,1.5318697507414984,0.0,1.4068830789333426,0.0,2.0,1.6464994283056367,1.6414480456351108,1.630759571815763,1.5224519224893982,1.3301769905168312],"V":[8.362112636350357,8.198173753377318,9.085161495224039,5.495721095391,9.75224328154268,4.636731730756922,11.157713231216162,7.768604952742267,7.768605000530793,6.263306731602588,6.2208174525109845,6.128045362833346,5.344236543754034,3.2701997091189248,0.0,0.0,0.0,5.495721104743977,0.0,4.967676995688007,0.0,2.429882931138624,0.0,6.26330675563627,6.162279376772799,6.128045334322628,3.7823625785224158,3.270199725700779,8.362112688865656,9.44407922756768,9.085161495224039,9.752243342330841,5.4957211564183215,11.157713503404773,4.6367320346823275,7.768604952742267,7.768605000530793,6.2633068051618785,6.220817795165207,6.128046026611109,5.344236543754034,3.2701997091189248,0.0,0.0,0.0,0.0,5.495721158801577,0.0,4.967677041928793,0.0,2.4298829790356593,6.263306828156663,6.1622794532358665,6.128045992400123,3.782362694577726,3.270199725700779],"D":[0.6295180516207357,0.7843566156207573,0.7843566156207573,0.3732801293474494,0.7465602640216056,0.6126785220935088,0.7934423262781575,0.784356615610518,0.7843566156207573,0.48440273679317963,0.4899449803195608,0.48576831074615956,0.615868427158026,0.49522022086813927,0.0,0.0,0.0,0.37328013670901966,0.0,0.18076380107680337,0.0,0.0,0.0,0.48440274063041117,0.48034242881019895,0.48576830595324283,0.3619827463143036,0.49522022593873377,0.6295180516207357,0.7843566156207573,0.7843566156207573,0.7465602660564691,0.37328013557869577,0.7934423231703122,0.612678524706759,0.784356615610518,0.7843566156207573,0.48440273687611535,0.4899449803706586,0.48576831122529374,0.615868427158026,0.49522022086813927,0.0,0.0,0.0,0.0,0.37328012844290986,0.0,0.18076380157139846,0.0,0.0,0.48440274054747545,0.48034242875910116,0.48576830547410865,0.3619827463143036,0.49522022593873377],"Q":[0.6295180516207357,0.7843566156207573,0.7843566156207573,0.3732801293474494,0.37328013557869577,0.6126785220935088,0.612678524706759,0.784356615610518,0.7843566156207573,0.24220136747874982,0.24739688622844722,0.2428841568108761,0.615868427158026,0.49522022086813927,0.0,0.0,0.0,0.0,0.0,0.0,0.0,0.0,0.0,0.2422013712330456,0.23779433466798758,0.24288415153882517,0.3619827463143036,0.49522022593873377,0.0,0.0,0.0,0.0,0.37328012844290986,0.0,0.18076380157139846,0.0,0.0,0.24220136931442982,0.2425480940911136,0.24288415393528345,0.0,0.0,0.0,0.0,0.0,0.37328013670901966,0.0,0.18076380107680337,0.0,0.0,0.0,0.24220136939736556,0.2425480941422114,0.24288415441441763,0.0,0.0,0.0,0.0,0.0,0.0,0.0,0.0,0.0,0.0,0.0,0.0,0.0,0.0,0.0,0.0,0.0,0.0,0.0,0.0,0.0,0.0,0.0,0.0,0.0,0.0,0.0,0.0,0.0,0.0,0.0,0.0,0.0,0.0,0.0,0.0,0.0,0.0,0.0,0.0,0.0,0.0,0.0,0.0,0.0,0.0,0.0,0.0,0.0,0.0,0.0,0.0,0.0,0.0,0.0,0.0,0.0,0.0,0.37048194837926435,0.2156433843792428,0.21564338437924263,0.2534397339435309,0.25343973597839436,0.20655767682968776,0.2065576737218426,0.21564338438948216,0.21564338437924263,0.031194522576409173,0.02971259087024015,0.028463383300597583,0.022148826527670376,0.00955955319312698],"PI":[0.5663956137734021,0.42807197773853395,0.6062142966796455,0.19853640412938267,0.9819037270258585,1.7810123791733394e-8,1.2804209213050748,0.6062142966796457,0.6062142966796455,0.3131660900059073,0.31104161256405666,0.3064030045190894,0.2672124478213634,0.16351032301442187,0.0,0.0,0.0,0.19853640559092245,0.0,0.0735497320847744,0.0,0.0,0.0,0.3131660912075981,0.3081147083399849,0.3064030030935503,0.18911857591711814,0.16351032384351633,0.5663956196731733,0.7843566156207573,0.6062142966796455,0.9819037375479192,0.19853641028839825,1.2804209203653183,1.7013317850534055e-8,0.6062142966796457,0.6062142966796455,0.313166093683881,0.3110416164951143,0.3064030100730708,0.2672124478213634,0.16351032301442187,0.0,0.0,0.0,0.0,0.198536408871685,0.0,0.0735497321430664,0.0,0.0,0.3131660948336265,0.3081147121631479,0.30640300836251755,0.18911858171990004,0.16351032384351633],"CS":[0.33098351925204694,0.5113764113139245,0.511376411313925,0.45754307337917277,0.45754307070284517,0.5257251996328676,0.525725204648166,0.5113764112980972,0.511376411313925,1.1558375860091044,1.172061462661209,1.1863789380787992,1.2699902541097152,1.5500714300438831],"pr_entry":[0.0,0.0,0.0,0.0,0.0,0.0,0.0,0.0,0.0,0.0,0.0,0.0,0.0,0.0,0.13739300436050764,0.12419190165905858,0.06074705730939052,0.0,0.15658264906391245,0.0,0.15405696495875829,0.0,0.0945590527001394,0.0,0.0,0.0,0.0,0.0,0.0,0.0,0.0,0.0,0.0,0.0,0.0,0.0,0.0,0.0,0.0,0.0,0.0,0.0,0.13739300571194732,0.1241919028150779,0.06074705850681576,0.15658265087692205,0.0,0.1540569668703347,0.0,0.09455905560152175,0.0,0.0,0.0,0.0,0.0,0.0],"pr_exit":[0.0,0.0,0.0,0.0,0.0,0.25,0.0,0.25,0.0,0.0,0.0,0.0,0.0,0.0,0.0,0.0,0.0,0.0,0.0,0.0,0.0,0.0,0.0,0.0,0.0,0.0,0.0,0.0,0.0,0.0,0.0,0.0,0.0,0.0,0.25,0.0,0.25,0.0,0.0,0.0,0.0,0.0,0.0,0.0,0.0,0.0,0.0,0.0,0.0,0.0,0.0,0.0,0.0,0.0,0.0,0.0],"pr_merger":[0.21617958169907414,0.0,0.0,0.11401837055233854,0.11401837758261957,0.0,0.0,0.0,0.0,0.0,0.0,0.0,0.0,0.0,0.0,0.0,0.0,0.0,0.0,0.0,0.0,0.0,0.0,0.0,0.0,0.0,0.0,0.0,0.0,0.0,0.0,0.0,0.11401837617995447,0.0,0.0,0.0,0.0,0.0,0.0,0.0,0.0,0.0,0.0,0.0,0.0,0.11401836763940931,0.0,0.0,0.0,0.0,0.0,0.0,0.0,0.0,0.0,0.0],"pr_bundling":[0.0,0.16678204126202179,0.0,0.0,0.0,0.0,0.0,0.0,0.0,0.0,0.0,0.0,0.0,0.0,0.0,0.0,0.0,0.0,0.0,0.0,0.0,0.0,0.0,0.0,0.0,0.0,0.0,0.0,0.0,0.16678204126202179,0.0,0.0,0.0,0.0,0.0,0.0,0.0,0.0,0.0,0.0,0.0,0.0,0.0,0.0,0.0,0.0,0.0,0.0,0.0,0.0,0.0,0.0,0.0,0.0,0.0,0.0],"active_firms":[true,true,true,true,true,true,true,true,true,true,true,true,true,true,false,false,false,true,false,true,false,true,false,true,true,true,true,true,true,true,true,true,true,true,true,true,true,true,true,true,true,true,false,false,false,false,true,false,true,false,true,true,true,true,true,true,true,true,true,true,true,true,true,true,true,true,true,true,true,true],