{"modelname":"lbd","policy":"nolearning","smax":[5,1],"alpha":0.8,"beta":0.95,"c":1.0,"gamma":0.0,"sigma":5.0,"p0":1.5,"accuracy":1.0e-8,"cost_entry":[0.0,10.0],"value_exit":[0.0,1.0],"cost_merger":[0.0,1.0],"cost_bundling":[0.0,1.0],"entry":true,"exit":true,"mergers":true,"bundling":true,"filename":"a80g0s50","verbose":true,"firms":[1,2,3,4],"rival":[2,1,4,3],"partner":[3,4,1,2],"merger_pairs":[1,2,1,2,3,4,4,3],"outcomes":[1,0,1,0,1,0,0,0,0,0,1,0,1,0,1,0,0,0,1,0,0,1,0,0,1,0,0,0,1,1,0,0,0,0,1,0,0,0,0,0,1,1,1,1,2],"ownership":[0,3,0,3,0,0,4,4,0,1,0,1,0,0,2,2],"S":[1,1,1,1,1,1,1,1,1,1,1,1,1,1,0,0,0,1,0,1,0,1,0,1,1,1,1,1,1,1,1,1,1,1,1,1,1,1,1,1,1,1,0,0,0,0,1,0,1,0,1,1,1,1,1,1,0,1,1,0,0,1,1,1,1,0,1,3,1,3,0,0,1,0,0,0,0,1,1,0,0,0,1,1],"ms":14,"mc":[0.023825493744511213,0.023825493744511213,0.023825493744511213,0.023825493744511213,0.023825493744511213,0.023825493744511213,0.023825493744511213,0.023825493744511213,0.023825493744511213,0.023825493744511213,0.023825493744511213,0.023825493744511213,0.023825493744511213,0.023825493744511213,0.0,0.0,0.0,0.023825493744511213,0.0,0.023825493744511213,0.0,0.023825493744511213,0.0,0.023825493744511213,0.023825493744511213,0.023825493744511213,0.023825493744511213,0.023825493744511213,1.0,1.0,1.0,1.0,1.0,1.0,1.0,1.0,1.0,1.0,1.0,1.0,1.0,1.0,0.0,0.0,0.0,0.0,1.0,0.0,1.0,0.0,1.0,1.0,1.0,1.0,1.0,1.0],"P":[0.8913820603473348,0.6124497192543356,0.8181376064994234,0.3739933041348673,1.4292136988021567,0.023825527481907288,1.65680402820494,0.818137606499236,0.8181376064994234,0.42354741920699,0.4233627629543942,0.4232712617137907,0.2913083714261698,0.22378773318583894,0.0,0.0,0.0,0.37399330655582974,0.0,0.27267466673763696,0.0,0.047650987489022426,0.0,0.4235474168897524,0.42345538743846994,0.42327126338517734,0.3430038252627597,0.22378773439832828,1.8675565821338134,2.0,1.7943121127549122,2.4053882116731904,1.350167820151342,2.6329785386854425,1.0000000307296528,1.7943121127547248,1.7943121127549122,1.3997219299863106,1.3995372739731196,1.3994457735119752,1.2674828776816587,1.1999622394413278,0.0,0.0,0.0,0.0,1.350167818650172,0.0,1.248849172075135,0.0,2.0,1.3997219321398522,1.39962990312819,1.3994457756087344,1.3191783396770167,1.199962240653817],"V":[9.872070958133266,9.196074238913656,10.831720720039723,2.6747010024037237,12.057882416263158,3.076591521253763,12.971213945493373,8.291323064417577,8.291323131492247,3.9944322439681406,3.9935153768039315,3.9916802557514726,3.3496530972464864,1.999242687934488,0.0,0.0,0.0,2.6747010036743024,0.0,1.6325398412038088,0.0,1.2656677784112762,0.0,3.9944322670916437,3.992591637990486,3.9916802390955173,2.3835631981855556,1.9992426758164739,9.872070981442642,12.015348929834879,10.831720720039723,12.057882382673835,2.674701042269485,12.971214391360423,3.076592087824539,8.291323064417577,8.291323131492247,3.994432333819711,3.993515968962248,3.991680871595665,3.3496530972464864,1.999242687934488,0.0,0.0,0.0,0.0,2.6747010405707754,0.0,1.632539844172799,0.0,1.2656677955904558,3.9944323123297147,3.992591685611037,3.9916808507007113,2.3835632591136426,1.9992426758164739],"D":[0.7694674859426226,0.8741049036212645,0.8741049036212643,0.4288452859720982,0.8576905660302963,0.6812241139340918,0.877524421795482,0.8741049036214706,0.8741049036212643,0.4996521650181647,0.4997683486346748,0.49965312856909594,0.6261442942577232,0.4999055807373024,0.0,0.0,0.0,0.4288452807810069,0.0,0.19630030422588557,0.0,0.0,0.0,0.49965217080722907,0.4995369482949047,0.49965312439352827,0.37339105205430445,0.49990557467600066,0.7694674859426226,0.8741049036212645,0.8741049036212643,0.8576905667531052,0.42884528140572387,0.8775244181599773,0.6812241183486115,0.8741049036214706,0.8741049036212643,0.4996521706027511,0.4997683544693616,0.499653129100443,0.6261442942577232,0.4999055807373024,0.0,0.0,0.0,0.0,0.42884528462457233,0.0,0.19630030344687047,0.0,0.0,0.49965216522264266,0.49953694246021796,0.4996531238621811,0.37339105205430445,0.49990557467600066],"Q":[0.7694674859426226,0.8741049036212645,0.8741049036212643,0.4288452859720982,0.42884528140572387,0.6812241139340918,0.6812241183486115,0.8741049036214706,0.8741049036212643,0.24982608385410954,0.2499420407161343,0.24982656559411345,0.6261442942577232,0.4999055807373024,0.0,0.0,0.0,0.0,0.0,0.0,0.0,0.0,0.0,0.24982608405858753,0.24971063454167744,0.24982656088719865,0.37339105205430445,0.49990557467600066,0.0,0.0,0.0,0.0,0.42884528462457233,0.0,0.19630030344687047,0.0,0.0,0.24982608116405514,0.24982630791854052,0.24982656297498246,0.0,0.0,0.0,0.0,0.0,0.4288452807810069,0.0,0.19630030422588557,0.0,0.0,0.0,0.24982608674864154,0.24982631375322728,0.2498265635063296,0.0,0.0,0.0,0.0,0.0,0.0,0.0,0.0,0.0,0.0,0.0,0.0,0.0,0.0,0.0,0.0,0.0,0.0,0.0,0.0,0.0,0.0,0.0,0.0,0.0,0.0,0.0,0.0,0.0,0.0,0.0,0.0,0.0,0.0,0.0,0.0,0.0,0.0,0.0,0.0,0.0,0.0,0.0,0.0,0.0,0.0,0.0,0.0,0.0,0.0,0.0,0.0,0.0,0.0,0.0,0.0,0.0,0.0,0.2305325140573774,0.12589509637873555,0.12589509637873575,0.14230943324689488,0.14230943396970372,0.1224755818400227,0.12247557820451788,0.1258950963785293,0.12589509637873575,0.0006956641746062369,0.000694703070420498,0.000693747037375899,0.00046465368797219694,0.0001888445866968807],"PI":[0.6675565702168881,0.5145193219084064,0.6943121127648352,0.1501678147850757,1.2053882050881939,2.2982727747454497e-8,1.4329785442568213,0.6943121127648353,0.6943121127648352,0.199721925462557,0.1996760812510307,0.19958432765953568,0.167482877672007,0.09996223943344845,0.0,0.0,0.0,0.15016781400554097,0.0,0.048849168364910614,0.0,0.0,0.0,0.19972192661876015,0.19962989754329732,0.1995843268267364,0.11917833299853636,0.09996223882754716,0.6675565821674797,0.8741049036212645,0.6943121127648353,1.2053882117781116,0.1501678173720312,1.4329785420276728,2.0933780651070326e-8,0.6943121127648354,0.6943121127648353,0.19972192995518098,0.19967608596272043,0.19958433064120526,0.1674828776720071,0.09996223943344851,0.0,0.0,0.0,0.0,0.15016781785539862,0.0,0.04884916799085147,0.0,0.0,0.19972192888065537,0.19962989992432914,0.19958432959645597,0.1191783360449474,0.09996223882754716],"CS":[0.29347267353520756,0.41446125744619433,0.41446125744619433,0.38995029696386085,0.3899502959480339,0.4199687201569571,0.41996872609365843,0.41446125744652207,0.41446125744619433,1.4541287043647673,1.4544052080992336,1.4546806326723805,1.5348436373790522,1.714917234756349],"pr_entry":[0.0,0.0,0.0,0.0,0.0,0.0,0.0,0.0,0.0,0.0,0.0,0.0,0.0,0.0,0.06686751641242629,0.040813487546235185,0.03164168776897921,0.0,0.09986079843349693,0.0,0.09981478264334706,0.0,0.05958907539965841,0.0,0.0,0.0,0.0,0.0,0.0,0.0,0.0,0.0,0.0,0.0,0.0,0.0,0.0,0.0,0.0,0.0,0.0,0.0,0.06686751733483784,0.04081348762045987,0.031641688198458466,0.09986079956444893,0.0,0.09981478383386072,0.0,0.05958907692286042,0.0,0.0,0.0,0.0,0.0,0.0],"pr_exit":[0.0,0.0,0.0,0.0,0.0,0.25,0.0,0.25,0.0,0.0,0.0,0.0,0.0,0.0,0.0,0.0,0.0,0.0,0.0,0.0,0.0,0.0,0.0,0.0,0.0,0.0,0.0,0.0,0.0,0.0,0.0,0.0,0.0,0.0,0.25,0.0,0.25,0.0,0.0,0.0,0.0,0.0,0.0,0.0,0.0,0.0,0.0,0.0,0.0,0.0,0.0,0.0,0.0,0.0,0.0,0.0],"pr_merger":[0.25,0.0,0.0,0.25,0.25,0.0,0.0,0.0,0.0,0.0,0.0,0.0,0.0,0.0,0.0,0.0,0.0,0.0,0.0,0.0,0.0,0.0,0.0,0.0,0.0,0.0,0.0,0.0,0.0,0.0,0.0,0.0,0.25,0.0,0.0,0.0,0.0,0.0,0.0,0.0,0.0,0.0,0.0,0.0,0.0,0.25,0.0,0.0,0.0,0.0,0.0,0.0,0.0,0.0,0.0,0.0],"pr_bundling":[0.0,0.1379947191904911,0.0,0.0,0.0,0.18762141546114197,0.18762142120055536,0.0,0.0,0.0,0.0,0.0,0.0,0.0,0.0,0.0,0.0,0.0,0.0,0.0,0.0,0.0,0.0,0.0,0.0,0.0,0.0,0.0,0.0,0.1379947191904911,0.0,0.0,0.0,0.18762141546114197,0.18762142120055536,0.0,0.0,0.0,0.0,0.0,0.0,0.0,0.0,0.0,0.0,0.0,0.0,0.0,0.0,0.0,0.0,0.0,0.0,0.0,0.0,0.0],"active_firms":[true,true,true,true,true,true,true,true,true,true,true,true,true,true,false,false,false,true,false,true,false,true,false,true,true,true,true,true,true,true,true,true,true,true,true,true,true,true,true,true,true,true,false,false,false,false,true,false,true,false,true,true,true,true,true,true,true,true,true,true,true,true,true,true,true,true,true,true,true,true],