{"modelname":"lbd","policy":"nolearning","smax":[5,1],"alpha":0.9,"beta":0.95,"c":1.0,"gamma":1.0,"sigma":8.0,"p0":1.5,"accuracy":1.0e-8,"cost_entry":[0.0,10.0],"value_exit":[0.0,1.0],"cost_merger":[0.0,1.0],"cost_bundling":[0.0,1.0],"entry":true,"exit":true,"mergers":true,"bundling":true,"filename":"a90g100s80","verbose":true,"firms":[1,2,3,4],"rival":[2,1,4,3],"partner":[3,4,1,2],"merger_pairs":[1,2,1,2,3,4,4,3],"outcomes":[1,0,1,0,1,0,0,0,0,0,1,0,1,0,1,0,0,0,1,0,0,1,0,0,1,0,0,0,1,1,0,0,0,0,1,0,0,0,0,0,1,1,1,1,2],"ownership":[0,3,0,3,0,0,4,4,0,1,0,1,0,0,2,2],"S":[1,1,1,1,1,1,1,1,1,1,1,1,1,1,0,0,0,1,0,1,0,1,0,1,1,1,1,1,1,1,1,1,1,1,1,1,1,1,1,1,1,1,0,0,0,0,1,0,1,0,1,1,1,1,1,1,0,1,1,0,0,1,1,1,1,0,1,3,1,3,0,0,1,0,0,0,0,1,1,0,0,0,1,1],"ms":14,"mc":[0.004765098748902243,0.004765098748902243,0.004765098748902243,0.004765098748902243,0.004765098748902243,0.004765098748902243,0.004765098748902243,0.004765098748902243,0.004765098748902243,0.004765098748902243,0.004765098748902243,0.004765098748902243,0.004765098748902243,0.004765098748902243,0.0,0.0,0.0,0.004765098748902243,0.0,0.004765098748902243,0.0,0.004765098748902243,0.0,0.004765098748902243,0.004765098748902243,0.004765098748902243,0.004765098748902243,0.004765098748902243,1.0,1.0,1.0,1.0,1.0,1.0,1.0,1.0,1.0,1.0,1.0,1.0,1.0,1.0,0.0,0.0,0.0,0.0,1.0,0.0,1.0,0.0,1.0,1.0,1.0,1.0,1.0,1.0],"P":[1.2283203216343526,1.2283203216317373,0.8448207573765798,0.25475920274214,1.228320321633006,0.2547592027461469,1.2283203216370249,0.8448207573750437,0.8448207573765798,0.2547592027444965,0.25475920274290437,0.25475920274220465,0.17203944337911187,0.12976504551607287,0.0,0.0,0.0,0.2547592016354877,0.0,0.2547592016376785,0.0,0.009530197497804486,0.0,0.2547592016379556,0.2547592016364829,0.2547592016369431,0.20432976785292437,0.12976504620800305,1.400992503468838,1.4009925034660606,1.8400556586276775,1.4009925034682238,1.2364633310125142,1.4009925034679835,1.2364633310127573,1.8400556586261414,1.8400556586276775,1.236463331012447,1.236463331012819,1.2364633310136701,1.1672743446302096,1.1249999467671707,0.0,0.0,0.0,0.0,1.2364633322844427,0.0,1.2364633322835448,0.0,2.0,1.236463332284619,1.2364633322852028,1.2364633322843268,1.1995646738821544,1.1249999474591008],"V":[14.99915759946735,19.594379259085603,14.389809278766418,2.9413663200436764,17.218236715603425,11.082296572549591,16.167010991674374,12.20438561600893,12.204385648174359,2.4998815073463385,2.4998818151867654,2.4998818112384233,2.095486962670269,1.2499988737873626,0.0,0.0,0.0,2.941366322136364,0.0,0.907299246463672,0.0,0.6183566385281064,0.0,2.499881518410422,2.4998814891037053,2.4998818222902557,1.4912931524884399,1.249998866868072,9.890449231498218,8.270498067792007,14.389809278766418,13.57281154236398,2.280953121553961,10.28423963133989,6.565921938492763,12.20438561600893,12.204385648174359,2.2292662762995574,2.2292662296211825,2.2292662256760734,2.095486962670269,1.2499988737873626,0.0,0.0,0.0,0.0,2.280953119453039,0.0,0.8776492724712732,0.0,0.6183566436755243,2.229266265605445,2.229266237416908,2.2292662149941767,1.4912931858028529,1.249998866868072],"D":[0.897838693846949,0.8978386938488685,0.9256001678866891,0.4999882076155652,0.897838693847937,0.49998820761193263,0.8978386938449884,0.9256001678883816,0.9256001678866891,0.49998820761578777,0.4999882076160267,0.4999882076183466,0.6263623082655435,0.49999978680819845,0.0,0.0,0.0,0.4999882120420699,0.0,0.49998821204570176,0.0,0.0,0.0,0.4999882120418469,0.49998821204160837,0.49998821203928856,0.3736366275650935,0.49999978127275935,0.6882734753359628,0.6882734753407307,0.9256001678866891,0.6882734753370175,0.47137681132977016,0.6882734753374296,0.4713768113276904,0.9256001678883816,0.9256001678866891,0.4713768113302176,0.4713768113305137,0.4713768113272605,0.6263623082655435,0.49999978680819845,0.0,0.0,0.0,0.0,0.4713768065333098,0.0,0.471376806535531,0.0,0.0,0.47137680653283887,0.47137680653233655,0.4713768065355953,0.3736366275650935,0.49999978127275935],"Q":[0.6179585581051411,0.617958558110743,0.9256001678866891,0.34412862128309124,0.42322034059452623,0.34412862128079724,0.4232203405912691,0.9256001678883816,0.9256001678866891,0.23568284700864087,0.2356828470089016,0.23568284700836858,0.6263623082655435,0.49999978680819845,0.0,0.0,0.0,0.0,0.0,0.0,0.0,0.0,0.0,0.2356828466963497,0.2356828466959862,0.23568284669652198,0.3736366275650935,0.49999978127275935,0.0,0.0,0.0,0.0,0.4232203362880787,0.0,0.42322033628868283,0.0,0.0,0.23568284461000807,0.2356828446098694,0.23568284461259228,0.0,0.0,0.0,0.0,0.0,0.3441286243297372,0.0,0.3441286243324429,0.0,0.0,0.0,0.2356828490949825,0.23568284909501797,0.23568284909229786,0.0,0.0,0.2798801357418079,0.2798801357381255,0.0,0.155859586332474,0.05139801696533211,0.15585958633113542,0.05139801696503644,0.0,0.0,0.02862251599713884,0.028622515997255668,0.02862251599738577,0.0,0.0,0.0,0.0,0.0,0.1558595877123327,0.0,0.15585958771325886,0.0,0.0,0.0,0.02862251625051471,0.028622516250604184,0.028622516250468726,0.0,0.0,0.07031491723082176,0.07031491722998778,0.0,1.6229724189107892e-5,0.04815647073524391,1.6229724189520024e-5,0.048156470736421285,0.0,0.0,1.111522659424321e-5,1.1115226594113957e-5,1.1115226594026563e-5,0.0,0.0,0.0,0.0,0.0,0.0,0.0481564702452311,0.0,0.04815647024684817,0.0,0.0,1.1115226481119397e-5,1.1115226480971307e-5,1.1115226481037488e-5,0.0,0.0,0.03184638892222923,0.03184638892114393,0.07439983211331085,7.350618175765194e-6,0.0058483651715878545,7.3506181759376985e-6,0.0058483651717422275,0.07439983211161831,0.07439983211331085,1.3498892899655345e-6,1.3498892899538514e-6,1.3498892899524314e-6,1.0641693629242378e-6,4.3191904215742693e-7],"PI":[1.0985552231650852,1.0985552231650857,0.7775556586599415,0.12499410397003816,1.0985552231650852,0.12499410397113343,1.0985552231650857,0.7775556586599415,0.7775556586599415,0.12499410397127202,0.1249941039705357,0.12499410397076582,0.10477434461618412,0.062499946734621475,0.0,0.0,0.0,0.12499410452332513,0.0,0.12499410452532846,0.0,0.0,0.0,0.12499410452450331,0.12499410452370735,0.12499410452335749,0.07456466994517064,0.062499946388656816,0.27599250394616526,0.27599250394616553,0.7775556586599415,0.2759925039461655,0.11146333096909487,0.2759925039461653,0.11146333096871769,0.7775556586599415,0.7775556586599415,0.11146333096916906,0.1114633309694144,0.11146333096904633,0.10477434461618412,0.06249994673462153,0.0,0.0,0.0,0.0,0.1114633304344655,0.0,0.11146333043456746,0.0,0.0,0.11146333043443725,0.11146333043459364,0.11146333043495131,0.07456467173045586,0.062499946388656816],"CS":[0.43085391012871366,0.4308539101329738,0.3247876992108947,1.4775907678412397,0.6426991393302779,1.4775907678383062,0.6426991393269783,0.3247876992137382,0.3247876992108947,1.6894359970387083,1.6894359970397903,1.6894359970399218,1.7191645005039065,1.8318784585847114],"pr_entry":[0.0,0.0,0.0,0.0,0.0,0.0,0.0,0.0,0.0,0.0,0.0,0.0,0.0,0.0,0.07353415918128148,0.022682480612770183,0.015458915447343591,0.0,0.062497037207524045,0.0,0.06249703643631556,0.0,0.03728232848798076,0.0,0.0,0.0,0.0,0.0,0.0,0.0,0.0,0.0,0.0,0.0,0.0,0.0,0.0,0.0,0.0,0.0,0.0,0.0,0.05702382910858887,0.021941231271138346,0.015458915574724539,0.055731656188710586,0.0,0.05573165544690285,0.0,0.037282329317694665,0.0,0.0,0.0,0.0,0.0,0.0],"pr_exit":[0.0,0.0,0.0,0.0,0.0,0.25,0.0,0.25,0.0,0.0,0.0,0.0,0.0,0.0,0.0,0.0,0.0,0.0,0.0,0.02317519387229816,0.0,0.09541084552656409,0.0,0.0,0.0,0.0,0.0,0.0,0.0,0.0,0.0,0.0,0.0,0.0,0.25,0.0,0.25,0.0,0.0,0.0,0.0,0.0,0.0,0.0,0.0,0.0,0.0,0.0,0.03058768728861655,0.0,0.09541084425275462,0.0,0.0,0.0,0.0,0.0],"pr_merger":[0.25,0.0,0.0,0.25,0.25,0.0,0.0,0.0,0.0,6.872698765647556e-8,0.0,0.0,0.0,0.0,0.0,0.0,0.0,0.0,0.0,0.0,0.0,0.0,0.0,6.863449542038325e-8,8.177995336478006e-8,0.0,0.0,0.0,0.0,0.0,0.0,0.0,0.25,0.0,0.0,0.0,0.0,7.140050950482646e-8,0.0,0.0,0.0,0.0,0.0,0.0,0.0,0.25,0.0,0.0,0.0,0.0,0.0,6.596097357203234e-8,0.0,0.0,0.0,0.0],