{"modelname":"lbd","policy":"nolearning","smax":[5,1],"alpha":0.9,"beta":0.95,"c":1.0,"gamma":0.0,"sigma":10.0,"p0":1.5,"accuracy":1.0e-8,"cost_entry":[0.0,10.0],"value_exit":[0.0,1.0],"cost_merger":[0.0,1.0],"cost_bundling":[0.0,1.0],"entry":true,"exit":true,"mergers":true,"bundling":true,"filename":"a90g0s100","verbose":true,"firms":[1,2,3,4],"rival":[2,1,4,3],"partner":[3,4,1,2],"merger_pairs":[1,2,1,2,3,4,4,3],"outcomes":[1,0,1,0,1,0,0,0,0,0,1,0,1,0,1,0,0,0,1,0,0,1,0,0,1,0,0,0,1,1,0,0,0,0,1,0,0,0,0,0,1,1,1,1,2],"ownership":[0,3,0,3,0,0,4,4,0,1,0,1,0,0,2,2],"S":[1,1,1,1,1,1,1,1,1,1,1,1,1,1,0,0,0,1,0,1,0,1,0,1,1,1,1,1,1,1,1,1,1,1,1,1,1,1,1,1,1,1,0,0,0,0,1,0,1,0,1,1,1,1,1,1,0,1,1,0,0,1,1,1,1,0,1,3,1,3,0,0,1,0,0,0,0,1,1,0,0,0,1,1],"ms":14,"mc":[0.004765098748902243,0.004765098748902243,0.004765098748902243,0.004765098748902243,0.004765098748902243,0.004765098748902243,0.004765098748902243,0.004765098748902243,0.004765098748902243,0.004765098748902243,0.004765098748902243,0.004765098748902243,0.004765098748902243,0.004765098748902243,0.0,0.0,0.0,0.004765098748902243,0.0,0.004765098748902243,0.0,0.004765098748902243,0.0,0.004765098748902243,0.004765098748902243,0.004765098748902243,0.004765098748902243,0.004765098748902243,1.0,1.0,1.0,1.0,1.0,1.0,1.0,1.0,1.0,1.0,1.0,1.0,1.0,1.0,0.0,0.0,0.0,0.0,1.0,0.0,1.0,0.0,1.0,1.0,1.0,1.0,1.0,1.0],"P":[0.8987855651418691,0.7216889424289172,0.8632270205889099,0.1930358019720864,1.6098974207158725,0.004765128022859746,1.7451647199140308,0.8632270205895334,0.8632270205889099,0.2047650920233873,0.20476508809076777,0.20476508611883265,0.13858475063602732,0.10476509916525084,0.0,0.0,0.0,0.19303580280586885,0.0,0.13100890026003675,0.0,0.009530197497804486,0.0,0.20476509113843502,0.20476508917008218,0.20476508523607986,0.1644169740432461,0.10476509860159527,1.8940205225031577,2.0,1.8584619218400076,2.6051323242643103,1.1882707066434757,2.7403996278614065,1.000000029508651,1.858461921840631,1.8584619218400076,1.1999999964608712,1.1999999925253784,1.1999999905598442,1.133819651887125,1.1000000004163486,0.0,0.0,0.0,0.0,1.1882707059797186,0.0,1.1262438032839934,0.0,2.0,1.19999999532375,1.1999999933570904,1.1999999894247042,1.1596518791052544,1.099999999852693],"V":[14.686473189349925,13.241149567336098,15.559522523883269,1.8359958991565457,22.379817626423133,8.253587540918726,16.29126596087901,13.825857936613726,13.825857969556733,1.9999989493048766,1.9999998623128776,1.9999997976315889,1.6763963038748453,0.9999999905496499,0.0,0.0,0.0,1.8359958989674545,0.0,0.5275845503743407,0.0,0.43153657243639765,0.0,1.9999989581518278,1.9999987158454167,1.9999998064591153,1.1930373228056776,1.0000012941340304,14.686473516038676,17.643351697729425,15.559522523883269,22.379817553595185,1.8359959015333198,18.590391673527783,10.552713319270675,13.825857936613726,13.825857969556733,1.9999989786476013,1.9999998934435133,1.99999982877838,1.6763963038748453,0.9999999905496499,0.0,0.0,0.0,0.0,1.8359959029375896,0.0,0.52758455439919,0.0,0.4315365761623253,1.9999989900155046,1.9999987476804892,1.9999998401297747,1.1930373512836059,1.0000012941340304],"D":[0.8881457446032083,0.9417562984410048,0.9417562984410046,0.46884992225370387,0.9376998403796266,0.7346600330976637,0.9425419363813822,0.9417562984403206,0.9417562984410046,0.4999999830341959,0.49999998794486356,0.4999999830396964,0.6263627931617128,0.4999999931884045,0.0,0.0,0.0,0.4688499183445154,0.0,0.20788189996806772,0.0,0.0,0.0,0.4999999874589577,0.4999999825482917,0.4999999874534607,0.3736371871606203,0.49999999882495966,0.8881457446032083,0.9417562984410048,0.9417562984410046,0.9376998405982193,0.4688499186338011,0.9425419330657314,0.7346600381743617,0.9417562984403206,0.9417562984410046,0.4999999824037735,0.4999999873258583,0.49999998240872867,0.6263627931617128,0.4999999931884045,0.0,0.0,0.0,0.0,0.4688499217458255,0.0,0.2078818982070205,0.0,0.0,0.49999998808938007,0.49999998316729694,0.4999999880844284,0.3736371871606203,0.49999999882495966],"Q":[0.8881457446032083,0.9417562984410048,0.9417562984410046,0.46884992225370387,0.4688499186338011,0.7346600330976637,0.7346600381743617,0.9417562984403206,0.9417562984410046,0.24999999009569635,0.24999999501207215,0.24999999010092325,0.6263627931617128,0.4999999931884045,0.0,0.0,0.0,0.0,0.0,0.0,0.0,0.0,0.0,0.24999999515088045,0.2499999902345055,0.2499999951456553,0.3736371871606203,0.49999999882495966,0.0,0.0,0.0,0.0,0.4688499217458255,0.0,0.2078818982070205,0.0,0.0,0.2499999929384996,0.24999999293279143,0.24999999293877312,0.0,0.0,0.0,0.0,0.0,0.4688499183445154,0.0,0.20788189996806772,0.0,0.0,0.0,0.2499999923080772,0.24999999231378617,0.2499999923078054,0.0,0.0,0.0,0.0,0.0,0.0,0.0,0.0,0.0,0.0,0.0,0.0,0.0,0.0,0.0,0.0,0.0,0.0,0.0,0.0,0.0,0.0,0.0,0.0,0.0,0.0,0.0,0.0,0.0,0.0,0.0,0.0,0.0,0.0,0.0,0.0,0.0,0.0,0.0,0.0,0.0,0.0,0.0,0.0,0.0,0.0,0.0,0.0,0.0,0.0,0.0,0.0,0.0,0.0,0.0,0.0,0.0,0.0,0.11185425539679168,0.05824370155899525,0.05824370155899545,0.062300159401780776,0.062300159620373344,0.057458066934268665,0.057458063618617966,0.058243701559679444,0.05824370155899545,2.950684649669088e-8,2.9506844755326037e-8,2.9506843013853118e-8,1.967766681049149e-8,7.986635950006773e-9],"PI":[0.794020472815089,0.6751675452881885,0.8084619218645965,0.08827070456884004,1.5051323220966073,2.1506406587954392e-8,1.6403996290104041,0.8084619218645965,0.8084619218645965,0.09999999324408182,0.0999999922599056,0.0999999902929047,0.08381965093594775,0.04999999952701475,0.0,0.0,0.0,0.08827070422377321,0.0,0.02624380131732626,0.0,0.0,0.0,0.09999999368655803,0.09999999172024848,0.09999999073428112,0.059651877609896764,0.04999999980884248,0.7940205226491163,0.9417562984410048,0.8084619218645965,1.505132324601693,0.08827070549092181,1.6403996295513696,2.167882672758637e-8,0.8084619218645965,0.8084619218645965,0.09999999471119037,0.09999999372786095,0.09999999176166799,0.08381965093594775,0.04999999952701475,0.0,0.0,0.0,0.0,0.0882707057656224,0.0,0.02624380146355024,0.0,0.0,0.09999999527975102,0.0999999933120047,0.09999999232923791,0.059651879033794646,0.04999999980884248],"CS":[0.2190558546201613,0.28431193201251226,0.2843119320125118,0.2775791294575938,0.2775791291067238,0.28566998679344424,0.2856699925640016,0.28431193201133764,0.2843119320125118,1.7338643515894518,1.7338643574910142,1.733864363392943,1.7743781508728131,1.8645496198367142],"pr_entry":[0.0,0.0,0.0,0.0,0.0,0.0,0.0,0.0,0.0,0.0,0.0,0.0,0.0,0.0,0.045899897960214944,0.013189613166856944,0.010788413816547082,0.0,0.0499999727490807,0.0,0.049999966424338266,0.0,0.029825932768310026,0.0,0.0,0.0,0.0,0.0,0.0,0.0,0.0,0.0,0.0,0.0,0.0,0.0,0.0,0.0,0.0,0.0,0.0,0.0,0.045899898059468466,0.013189613267478162,0.01078841390969525,0.04999997354567239,0.0,0.04999996722021503,0.0,0.0298259334802582,0.0,0.0,0.0,0.0,0.0,0.0],"pr_exit":[0.0,0.0,0.0,0.0,0.0,0.25,0.0,0.25,0.0,0.0,0.0,0.0,0.0,2.3624644462927336e-9,0.0,0.0,0.0,0.0,0.0,0.11810386833143055,0.0,0.14211586183452918,0.0,0.0,0.0,0.0,0.0,0.0,0.0,0.0,0.0,0.0,0.0,0.0,0.25,0.0,0.25,0.0,0.0,0.0,0.0,2.3624644462927336e-9,0.0,0.0,0.0,0.0,0.0,0.0,0.11810386732521838,0.0,0.1421158609030475,0.0,0.0,0.0,0.0,0.0],"pr_merger":[0.25,0.0,0.0,0.25,0.25,0.0,0.0,0.0,0.0,4.815189281748289e-7,0.0,0.0,0.0,0.0,0.0,0.0,0.0,0.0,0.0,0.0,0.0,0.0,0.0,4.764652841160455e-7,5.750085120825865e-7,0.0,0.0,0.0,0.0,0.0,0.0,0.0,0.25,0.0,0.0,0.0,0.0,4.786769914888467e-7,0.0,0.0,0.0,0.0,0.0,0.0,0.0,0.25,0.0,0.0,0.0,0.0,0.0,4.793072208020277e-7,0.0,0.0,0.0,0.0],"pr_bundling":[0.0,0.06608992645850398,0.0,0.0,0.0,0.25,0.25,0.0,0.0,0.0,0.0,0.0,0.0,0.0,0.0,0.0,0.0,0.0,0.0,0.0,0.0,0.0,0.0,0.0,0.0,0.0,0.0,0.0,0.0,0.06608992645850398,0.0,0.0,0.0,0.25,0.25,0.0,0.0,0.0,0.0,0.0,0.0,0.0,0.0,0.0,0.0,0.0,0.0,0.0,0.0,0.0,0.0,0.0,0.0,0.0,0.0,0.0],