{"modelname":"lbd","policy":"nolearning","smax":[5,1],"alpha":0.9,"beta":0.95,"c":1.0,"gamma":1.0,"sigma":3.0,"p0":1.5,"accuracy":1.0e-8,"cost_entry":[0.0,10.0],"value_exit":[0.0,1.0],"cost_merger":[0.0,1.0],"cost_bundling":[0.0,1.0],"entry":true,"exit":true,"mergers":true,"bundling":true,"filename":"a90g100s30","verbose":true,"firms":[1,2,3,4],"rival":[2,1,4,3],"partner":[3,4,1,2],"merger_pairs":[1,2,1,2,3,4,4,3],"outcomes":[1,0,1,0,1,0,0,0,0,0,1,0,1,0,1,0,0,0,1,0,0,1,0,0,1,0,0,0,1,1,0,0,0,0,1,0,0,0,0,0,1,1,1,1,2],"ownership":[0,3,0,3,0,0,4,4,0,1,0,1,0,0,2,2],"S":[1,1,1,1,1,1,1,1,1,1,1,1,1,1,0,0,0,1,0,1,0,1,0,1,1,1,1,1,1,1,1,1,1,1,1,1,1,1,1,1,1,1,0,0,0,0,1,0,1,0,1,1,1,1,1,1,0,1,1,0,0,1,1,1,1,0,1,3,1,3,0,0,1,0,0,0,0,1,1,0,0,0,1,1],"ms":14,"mc":[0.004765098748902243,0.004765098748902243,0.004765098748902243,0.004765098748902243,0.004765098748902243,0.004765098748902243,0.004765098748902243,0.004765098748902243,0.004765098748902243,0.004765098748902243,0.004765098748902243,0.004765098748902243,0.004765098748902243,0.004765098748902243,0.0,0.0,0.0,0.004765098748902243,0.0,0.004765098748902243,0.0,0.004765098748902243,0.0,0.004765098748902243,0.004765098748902243,0.004765098748902243,0.004765098748902243,0.004765098748902243,1.0,1.0,1.0,1.0,1.0,1.0,1.0,1.0,1.0,1.0,1.0,1.0,1.0,1.0,0.0,0.0,0.0,0.0,1.0,0.0,1.0,0.0,1.0,1.0,1.0,1.0,1.0,1.0],"P":[1.1880053751732291,1.1880053751702415,0.7851310188457159,0.6474597037888944,1.188005375171883,0.6474597037972941,1.1880053751758028,0.7851310188476901,0.7851310188457159,0.647459703785967,0.647459703792391,0.6474597037947208,0.4392571539067606,0.33511139202768797,0.0,0.0,0.0,0.6474596990178054,0.0,0.6474596990246198,0.0,0.009530197497804486,0.0,0.6474596990214881,0.6474596990250788,0.6474596990178396,0.5277034773474305,0.3351113903635294,1.58874953608857,1.5887495360881738,1.7803659200968136,1.5887495360860953,1.5000000010171095,1.5887495360866997,1.5000000010283354,1.7803659200987878,1.7803659200968136,1.5000000010171717,1.5000000010208148,1.5000000010115746,1.4344920551578584,1.3303462932787857,0.0,0.0,0.0,0.0,1.5000000058724374,0.0,1.5000000058715042,0.0,2.0,1.5000000058667868,1.5000000058666676,1.5000000058637057,1.522938395726839,1.3303462916146271],"V":[9.659101032381608,11.911058959479679,9.16713771108665,4.449507442267419,9.857720603846023,8.121312891360464,10.612298445494993,7.825926704219954,7.825926461425663,4.718297688467274,6.45020659562412,6.187208421836725,5.356492424354836,3.2735841969278825,0.0,0.0,0.0,4.449507447190991,0.0,3.017517611747861,0.0,2.438367714294074,0.0,4.7182976912586865,4.222347137211555,6.187208464516461,3.79209013523053,3.273584213123395,6.192707640767696,5.622886729414675,9.16713771108665,7.238809360035687,3.528880429422362,5.890750832108586,4.161504961919612,7.825926704219954,7.825926461425663,4.145574965812188,3.5963218106877273,3.333323636909864,5.356492424354836,3.2735841969278825,0.0,0.0,0.0,0.0,3.528880427567469,0.0,2.7731056255324056,0.0,2.438367474556927,4.145574964752163,3.889747632671508,3.3333236207361443,3.792089806735446,3.273584213123395],"D":[0.718287705405084,0.7182877054068979,0.7864249804233386,0.48135034785075503,0.7182877054059015,0.48135034784920055,0.7182877054035219,0.7864249804213491,0.7864249804233386,0.4813503478555072,0.4813503478531921,0.48135034784641517,0.6164103239739355,0.49547891852546266,0.0,0.0,0.0,0.4813503547404511,0.0,0.4813503547411861,0.0,0.0,0.0,0.48135035473565835,0.48135035473743426,0.4813503547444756,0.36257627287707334,0.4954789234727957,0.4338282870122877,0.43382828701257936,0.7864249804233386,0.43382828701411136,0.3333333346127396,0.4338282870136658,0.3333333346049443,0.7864249804213491,0.7864249804233386,0.3333333346108146,0.3333333346083461,0.333333334613519,0.6164103239739355,0.49547891852546266,0.0,0.0,0.0,0.0,0.3333333297574117,0.0,0.33333332976177593,0.0,0.0,0.33333332976119934,0.3333333297624932,0.3333333297613879,0.36257627287707334,0.4954789234727957],"Q":[0.3116135248178743,0.31161352481887084,0.7864249804233386,0.2088233968617397,0.23942923605428237,0.20882339686085089,0.2394292360478898,0.7864249804213491,0.7864249804233386,0.16045011656675176,0.16045011656479183,0.16045011656502287,0.6164103239739355,0.49547891852546266,0.0,0.0,0.0,0.0,0.0,0.0,0.0,0.0,0.0,0.16045011652577149,0.1604501165269862,0.16045011652880126,0.36257627287707334,0.4954789234727957,0.0,0.0,0.0,0.0,0.23942923256676,0.0,0.23942923256910162,0.0,0.0,0.16045011423238778,0.16045011423223884,0.16045011422944785,0.0,0.0,0.0,0.0,0.0,0.20882339985068477,0.0,0.20882339985078918,0.0,0.0,0.0,0.1604501188601355,0.16045011885953922,0.16045011886437627,0.0,0.0,0.4066741805872098,0.4066741805880271,0.0,0.2725269509890153,0.2394292367848591,0.27252695098834967,0.23942923678653044,0.0,0.0,0.16045011705636764,0.1604501170561614,0.16045011705194448,0.0,0.0,0.0,0.0,0.0,0.27252695488976636,0.0,0.2725269548903969,0.0,0.0,0.0,0.16045011934975137,0.1604501193509088,0.16045011935129805,0.0,0.0,0.1222147621944134,0.12221476219370855,0.0,0.01618149030168691,0.09390409855845726,0.016181490302025786,0.09390409855705453,0.0,0.0,0.012433099183927317,0.012433099184015051,0.012433099184119839,0.0,0.0,0.0,0.0,0.0,0.0,0.09390409719065168,0.0,0.09390409719267433,0.0,0.0,0.012433099003040078,0.012433099003268142,0.012433099003138779,0.0,0.0,0.1594975324005025,0.15949753239939338,0.21357501957666133,0.021117807107106923,0.09390409884498949,0.02111780710758748,0.09390409884674925,0.21357501957865074,0.21357501957666133,0.012433099221867102,0.012433099222090729,0.01243309922185087,0.0210134031489913,0.009042158001741634],"PI":[0.849906943095707,0.8499069430957074,0.6136992534351773,0.3093612716978038,0.8499069430957075,0.309361271700848,0.8499069430957074,0.6136992534351773,0.6136992534351773,0.3093612716994489,0.3093612717010532,0.3093612716978192,0.26782538848395654,0.16367962413266807,0.0,0.0,0.0,0.30936127382920897,0.0,0.3093612738329614,0.0,0.0,0.0,0.30936127382790135,0.3093612738307711,0.3093612738318119,0.18960504825663424,0.1636796249424457,0.25541620272058335,0.25541620272058324,0.6136992534351773,0.25541620272058346,0.1666666676454063,0.25541620272058335,0.16666666764525062,0.6136992534351773,0.6136992534351773,0.16666666764446453,0.16666666764444463,0.16666666764395102,0.26782538848395654,0.16367962413266807,0.0,0.0,0.0,0.0,0.16666666683618497,0.0,0.166666666838056,0.0,0.0,0.16666666683619527,0.16666666683680245,0.16666666683526252,0.18960505446695333,0.1636796249424457],"CS":[0.6119089425733857,0.6119089425757038,0.5145890427608983,1.2858795518969075,0.7884937475164189,1.2858795518893222,0.7884937475101723,0.5145890427577933,0.5145890427608983,1.4624643568393996,1.4624643568334041,1.4624643568398348,1.2875315998868302,1.5686191386865351],"pr_entry":[0.0,0.0,0.0,0.0,0.0,0.0,0.0,0.0,0.0,0.0,0.0,0.0,0.0,0.0,0.11123766747997828,0.07543792083480241,0.06095917330779903,0.0,0.11795742605348873,0.0,0.10555866465992134,0.0,0.09480223913089199,0.0,0.0,0.0,0.0,0.0,0.0,0.0,0.0,0.0,0.0,0.0,0.0,0.0,0.0,0.0,0.0,0.0,0.0,0.0,0.08822199039098289,0.06932762069896314,0.060959166931356334,0.10363935630595537,0.0,0.09724367546155067,0.0,0.09480223032285506,0.0,0.0,0.0,0.0,0.0,0.0],"pr_exit":[0.0,0.0,0.0,0.0,0.0,0.25,0.0,0.25,0.0,0.0,0.0,0.0,0.0,0.0,0.0,0.0,0.0,0.0,0.0,0.0,0.0,0.0,0.0,0.0,0.0,0.0,0.0,0.0,0.0,0.0,0.0,0.0,0.0,0.0,0.25,0.0,0.25,0.0,0.0,0.0,0.0,0.0,0.0,0.0,0.0,0.0,0.0,0.0,0.0,0.0,0.0,0.0,0.0,0.0,0.0,0.0],"pr_merger":[0.25,0.0,0.0,0.25,0.25,0.0,0.0,0.0,0.0,0.25,0.0,0.0,0.0,0.0,0.0,0.0,0.0,0.0,0.0,0.0,0.0,0.0,0.0,0.25,0.25,0.0,0.0,0.0,0.0,0.0,0.0,0.0,0.25,0.0,0.0,0.0,0.0,0.25,0.0,0.0,0.0,0.0,0.0,0.0,0.0,0.25,0.0,0.0,0.0,0.0,0.0,0.25,0.0,0.0,0.0,0.0],"pr_bundling":[0.0,0.2325827094048658,0.0,0.0,0.0,0.25,0.227209652174982,0.0,0.0,0.0,0.1994888585896788,0.0,0.0,0.0,0.0,0.0,0.0,0.0,0.0,0.0,0.0,0.0,0.0,0.0,0.0,0.0,0.0,0.0,0.0,0.2325827094048658,0.0,0.0,0.0,0.25,0.227209652174982,0.0,0.0,0.0,0.1994888585896788,0.0,0.0,0.0,0.0,0.0,0.0,0.0,0.0,0.0,0.0,0.0,0.0,0.0,0.0,0.0,0.0,0.0],