{"modelname":"lbd","policy":"nolearning","smax":[5,1],"alpha":0.9,"beta":0.95,"c":1.0,"gamma":1.0,"sigma":6.0,"p0":1.5,"accuracy":1.0e-8,"cost_entry":[0.0,10.0],"value_exit":[0.0,1.0],"cost_merger":[0.0,1.0],"cost_bundling":[0.0,1.0],"entry":true,"exit":true,"mergers":true,"bundling":true,"filename":"a90g100s60","verbose":true,"firms":[1,2,3,4],"rival":[2,1,4,3],"partner":[3,4,1,2],"merger_pairs":[1,2,1,2,3,4,4,3],"outcomes":[1,0,1,0,1,0,0,0,0,0,1,0,1,0,1,0,0,0,1,0,0,1,0,0,1,0,0,0,1,1,0,0,0,0,1,0,0,0,0,0,1,1,1,1,2],"ownership":[0,3,0,3,0,0,4,4,0,1,0,1,0,0,2,2],"S":[1,1,1,1,1,1,1,1,1,1,1,1,1,1,0,0,0,1,0,1,0,1,0,1,1,1,1,1,1,1,1,1,1,1,1,1,1,1,1,1,1,1,0,0,0,0,1,0,1,0,1,1,1,1,1,1,0,1,1,0,0,1,1,1,1,0,1,3,1,3,0,0,1,0,0,0,0,1,1,0,0,0,1,1],"ms":14,"mc":[0.004765098748902243,0.004765098748902243,0.004765098748902243,0.004765098748902243,0.004765098748902243,0.004765098748902243,0.004765098748902243,0.004765098748902243,0.004765098748902243,0.004765098748902243,0.004765098748902243,0.004765098748902243,0.004765098748902243,0.004765098748902243,0.0,0.0,0.0,0.004765098748902243,0.0,0.004765098748902243,0.0,0.004765098748902243,0.0,0.004765098748902243,0.004765098748902243,0.004765098748902243,0.004765098748902243,0.004765098748902243,1.0,1.0,1.0,1.0,1.0,1.0,1.0,1.0,1.0,1.0,1.0,1.0,1.0,1.0,0.0,0.0,0.0,0.0,1.0,0.0,1.0,0.0,1.0,1.0,1.0,1.0,1.0,1.0],"P":[1.1971424654018783,1.1971424654013518,0.8211816646279497,0.3379423351742802,1.1971424653979237,0.33794233517142697,1.1971424653984142,0.8211816646303458,0.8211816646279497,0.33794233517583955,0.3379423351731991,0.33794233517466743,0.22778170900743983,0.17142787437094337,0.0,0.0,0.0,0.337942333743841,0.0,0.33794233374085514,0.0,0.009530197497804486,0.0,0.3379423337426817,0.3379423337418551,0.33794233373956734,0.27083861344679216,0.1714278735571994,1.4261909331789948,1.426190933184756,1.8164165658790474,1.426190933178265,1.2955415626892437,1.4261909331783225,1.2955415626878635,1.8164165658814435,1.8164165658790474,1.295541562687278,1.2955415626902422,1.2955415626876077,1.2230166102585376,1.1666627756220411,0.0,0.0,0.0,0.0,1.295541560415925,0.0,1.2955415604159364,0.0,2.0,1.2955415604139862,1.2955415604158935,1.2955415604140703,1.2660735205150222,1.1666627748082972],"V":[12.733441960904456,15.900359938722424,12.02637499474724,2.959939739528197,12.585939806073393,7.676732829836801,12.15908534221332,9.128712264398994,9.128712340295031,3.3302103453240566,3.3302106218181415,3.3302106123464585,2.7936649136688425,1.6665885496602366,0.0,0.0,0.0,2.959939742366712,0.0,1.352128112852096,0.0,0.9656240158193425,0.0,3.3302103596350547,3.330210336647659,3.3302106266772986,1.988136496759442,1.666588557797104,7.770376170202023,7.205038592821594,12.02637499474724,9.436154690508603,2.2368310926201866,8.098759504549578,4.75067710426372,9.128712264398994,9.128712340295031,2.5774971966031277,2.57749707895463,2.5774970674978004,2.7936649136688425,1.6665885496602366,0.0,0.0,0.0,0.0,2.2368310959653455,0.0,1.2640544931838724,0.0,0.9656240136927179,2.5774972119330877,2.5774971907812136,2.5774970828298915,1.9881365147357442,1.666588557797104],"D":[0.8602232218594914,0.8602232218598713,0.8979279245384552,0.4997657448881385,0.860223221862344,0.4997657448879438,0.8602232218619907,0.8979279245358197,0.8979279245384552,0.49976574488406217,0.49976574488678427,0.4997657448811531,0.6263357483770844,0.49998831920842074,0.0,0.0,0.0,0.49976574917744554,0.0,0.4997657491776486,0.0,0.0,0.0,0.4997657491815215,0.49976574917880423,0.4997657491844365,0.3736067144191171,0.49998832409077004,0.6089389667766699,0.6089389667684385,0.8979279245384552,0.6089389667777129,0.436063515963205,0.6089389667776306,0.43606351596525444,0.8979279245358197,0.8979279245384552,0.4360635159638936,0.4360635159616959,0.436063515963503,0.6263357483770844,0.49998831920842074,0.0,0.0,0.0,0.0,0.4360635219110731,0.0,0.436063521909482,0.0,0.0,0.4360635219116913,0.4360635219122589,0.43606352191194325,0.3736067144191171,0.49998832409077004],"Q":[0.5238234399164168,0.5238234399095674,0.8979279245384552,0.30432683632307717,0.3751119626384899,0.3043268363229174,0.3751119626400989,0.8979279245358197,0.8979279245384552,0.2179296078724584,0.2179296078725471,0.21792960787099455,0.6263357483770844,0.49998831920842074,0.0,0.0,0.0,0.0,0.0,0.0,0.0,0.0,0.0,0.2179296127189292,0.217929612718028,0.21792961272032618,0.3736067144191171,0.49998832409077004,0.0,0.0,0.0,0.0,0.37511196775498423,0.0,0.37511196775346145,0.0,0.0,0.21792961084496393,0.21792961084643464,0.2179296108438214,0.0,0.0,0.0,0.0,0.0,0.30432683893500334,0.0,0.3043268389350858,0.0,0.0,0.0,0.21792960974642364,0.2179296097441404,0.2179296097474997,0.0,0.0,0.3363997819430746,0.33639978195030396,0.0,0.19543890856506135,0.10999929146886993,0.1954389085650264,0.1099992914684304,0.0,0.0,0.06390652616663985,0.06390652616780254,0.06390652616633716,0.0,0.0,0.0,0.0,0.0,0.19543891024244217,0.0,0.1954389102425628,0.0,0.0,0.0,0.06390652671616871,0.06390652671663585,0.06390652671661061,0.0,0.0,0.0851155268602531,0.08511552685887115,0.0,0.00028529151963242326,0.06095155332471506,0.0002852915196273901,0.06095155332515558,0.0,0.0,0.00020429834501157682,0.0002042983450084228,0.00020429834500876705,0.0,0.0,0.0,0.0,0.0,0.0,0.06095155415608891,0.0,0.06095155415602055,0.0,0.0,0.00020429834779815494,0.0002042983477962965,0.00020429834779564713,0.0,0.0,0.05466125128025546,0.054661251281257504,0.10207207546154486,0.00018321441478344081,0.017873670656851828,0.0001832144147802717,0.01787367065683305,0.10207207546418026,0.10207207546154486,5.990924160669554e-5,5.990924160683633e-5,5.990924160599036e-5,5.753720379867697e-5,2.3356700809276782e-5],"PI":[1.025710700014559,1.0257107000145593,0.733083232558586,0.16651056974190045,1.0257107000145587,0.16651056974040962,1.0257107000145593,0.7330832325585859,0.733083232558586,0.1665105697413216,0.16651056974090894,0.1665105697397666,0.1396832754868017,0.0833294410578745,0.0,0.0,0.0,0.1665105704561154,0.0,0.1665105704546908,0.0,0.0,0.0,0.16651057045689402,0.1665105704555756,0.1665105704563088,0.0994068516202253,0.08332944146471791,0.25952426649960186,0.2595242664996019,0.733083232558586,0.2595242664996019,0.12887489293953155,0.25952426649960186,0.1288748929395354,0.7330832325585859,0.733083232558586,0.12887489293887788,0.128874892939521,0.12887489293890622,0.1396832754868017,0.0833294410578745,0.0,0.0,0.0,0.0,0.12887489370606248,0.0,0.12887489370559718,0.0,0.0,0.1288748937053997,0.12887489370639918,0.12887489370551086,0.09940685379354498,0.08332944146471791],"CS":[0.4844333677799253,0.4844333677768704,0.3803460155109595,1.4341422375839814,0.670737760335836,1.4341422375868644,0.670737760336011,0.38034601550665625,0.3803460155109595,1.620446630137548,1.6204466301371563,1.6204466301395097,1.6271797994673582,1.7774377737430138],"pr_entry":[0.0,0.0,0.0,0.0,0.0,0.0,0.0,0.0,0.0,0.0,0.0,0.0,0.0,0.0,0.0739984948364394,0.03380320167522837,0.02414059931095394,0.0,0.08325525760995159,0.0,0.08325525700505476,0.0,0.0497034117141899,0.0,0.0,0.0,0.0,0.0,0.0,0.0,0.0,0.0,0.0,0.0,0.0,0.0,0.0,0.0,0.0,0.0,0.0,0.0,0.05592077903746625,0.03160136120150283,0.02414059924149867,0.06443742942704439,0.0,0.06443742887038979,0.0,0.04970341213005787,0.0,0.0,0.0,0.0,0.0,0.0],"pr_exit":[0.0,0.0,0.0,0.0,0.0,0.25,0.0,0.25,0.0,0.0,0.0,0.0,0.0,0.0,0.0,0.0,0.0,0.0,0.0,0.0,0.0,0.008594006890460582,0.0,0.0,0.0,0.0,0.0,0.0,0.0,0.0,0.0,0.0,0.0,0.0,0.25,0.0,0.25,0.0,0.0,0.0,0.0,0.0,0.0,0.0,0.0,0.0,0.0,0.0,0.0,0.0,0.008594007585013302,0.0,0.0,0.0,0.0,0.0],"pr_merger":[0.25,0.0,0.0,0.25,0.25,0.0,0.0,0.0,0.0,4.180141144338734e-8,0.0,0.0,0.0,0.0,0.0,0.0,0.0,0.0,0.0,0.0,0.0,0.0,0.0,3.439118334558344e-8,4.7915388989849816e-8,0.0,0.0,0.0,0.0,0.0,0.0,0.0,0.25,0.0,0.0,0.0,0.0,3.796892744656333e-8,0.0,0.0,0.0,0.0,0.0,0.0,0.0,0.25,0.0,0.0,0.0,0.0,0.0,3.822366734240745e-8,0.0,0.0,0.0,0.0],