{"modelname":"lbd","policy":"nolearning","smax":[5,1],"alpha":0.9,"beta":0.95,"c":1.0,"gamma":0.0,"sigma":7.0,"p0":1.5,"accuracy":1.0e-8,"cost_entry":[0.0,10.0],"value_exit":[0.0,1.0],"cost_merger":[0.0,1.0],"cost_bundling":[0.0,1.0],"entry":true,"exit":true,"mergers":true,"bundling":true,"filename":"a90g0s70","verbose":true,"firms":[1,2,3,4],"rival":[2,1,4,3],"partner":[3,4,1,2],"merger_pairs":[1,2,1,2,3,4,4,3],"outcomes":[1,0,1,0,1,0,0,0,0,0,1,0,1,0,1,0,0,0,1,0,0,1,0,0,1,0,0,0,1,1,0,0,0,0,1,0,0,0,0,0,1,1,1,1,2],"ownership":[0,3,0,3,0,0,4,4,0,1,0,1,0,0,2,2],"S":[1,1,1,1,1,1,1,1,1,1,1,1,1,1,0,0,0,1,0,1,0,1,0,1,1,1,1,1,1,1,1,1,1,1,1,1,1,1,1,1,1,1,0,0,0,0,1,0,1,0,1,1,1,1,1,1,0,1,1,0,0,1,1,1,1,0,1,3,1,3,0,0,1,0,0,0,0,1,1,0,0,0,1,1],"ms":14,"mc":[0.004765098748902243,0.004765098748902243,0.004765098748902243,0.004765098748902243,0.004765098748902243,0.004765098748902243,0.004765098748902243,0.004765098748902243,0.004765098748902243,0.004765098748902243,0.004765098748902243,0.004765098748902243,0.004765098748902243,0.004765098748902243,0.0,0.0,0.0,0.004765098748902243,0.0,0.004765098748902243,0.0,0.004765098748902243,0.0,0.004765098748902243,0.004765098748902243,0.004765098748902243,0.004765098748902243,0.004765098748902243,1.0,1.0,1.0,1.0,1.0,1.0,1.0,1.0,1.0,1.0,1.0,1.0,1.0,1.0,0.0,0.0,0.0,0.0,1.0,0.0,1.0,0.0,1.0,1.0,1.0,1.0,1.0,1.0],"P":[0.8851367696735256,0.6626638497190875,0.8337144742339948,0.2657926363277984,1.515278011387691,0.004765127353216726,1.6954410707697913,0.8337144742315872,0.8337144742339948,0.2904760306017804,0.2904737956662086,0.29047267833145507,0.19593415056612512,0.14762178843914725,0.0,0.0,0.0,0.265792637290996,0.0,0.18403354312178422,0.0,0.009530197497804486,0.0,0.2904760293092134,0.2904749118851876,0.29047267698162343,0.23283769934259546,0.14762178896685002,1.8803717018009547,2.0,1.8289493754850925,2.5105129160821016,1.261027542565951,2.690675973593319,1.000000023932088,1.8289493754826849,1.8289493754850925,1.2857109342447555,1.285708699322273,1.2857075820304227,1.1911690518172229,1.142856689690245,0.0,0.0,0.0,0.0,1.2610275414359717,0.0,1.1792684449683888,0.0,2.0,1.2857109353105902,1.2857098179114537,1.285707583095387,1.2280726076764712,1.1428566902179478],"V":[12.411855103518937,11.465865007268404,13.443862235690487,2.112595204852197,16.640239655890085,4.5478518339561225,15.983145308844247,10.93910087487428,10.939100908747012,2.8570752192995563,2.857064064334604,2.857041709842167,2.394809368094835,1.428562242733335,0.0,0.0,0.0,2.112595205269992,0.0,0.920650350131056,0.0,0.7624656893307431,0.0,2.85707523222461,2.857052869605785,2.857041723339691,1.7043089240271216,1.4285622374563582,12.411855233590149,15.046000762135945,13.443862235690487,16.640239633389154,2.1125952229878484,16.446009628296004,5.010716211506528,10.93910087487428,10.939100908747012,2.857075266801273,2.857064185102294,2.8570418324617464,2.394809368094835,1.428562242733335,0.0,0.0,0.0,0.0,2.1125952229235683,0.0,0.9206503586204913,0.0,0.7624656999238271,2.857075256143433,2.8570528936553456,2.8570418218127394,1.7043089769543003,1.4285622374563582],"D":[0.837730878346449,0.9138324081949759,0.9138324081949761,0.4527123745407212,0.9054247457310791,0.7123924655287859,0.9155029477385284,0.9138324081976301,0.9138324081949761,0.49999413060540876,0.4999960863653439,0.49999413078054084,0.6263591269056913,0.49999841370877834,0.0,0.0,0.0,0.4527123714883595,0.0,0.2031104794610966,0.0,0.0,0.0,0.49999413512933955,0.49999217964475895,0.499994135504896,0.3736330474851008,0.49999841001487116,0.837730878346449,0.9138324081949759,0.9138324081949761,0.9054247460290807,0.45271237107509515,0.9155029449898825,0.7123924734955482,0.9138324081976301,0.9138324081949761,0.4999941347325634,0.49999609051314786,0.4999941350063838,0.6263591269056913,0.49999841370877834,0.0,0.0,0.0,0.0,0.45271237465598396,0.0,0.20311047424298018,0.0,0.0,0.499994131002185,0.49999217549695496,0.49999413127905307,0.3736330474851008,0.49999841001487116],"Q":[0.837730878346449,0.9138324081949759,0.9138324081949761,0.4527123745407212,0.45271237107509515,0.7123924655287859,0.7123924734955482,0.9138324081976301,0.9138324081949761,0.24999706623529896,0.2499990219405439,0.24999706632210297,0.6263591269056913,0.49999841370877834,0.0,0.0,0.0,0.0,0.0,0.0,0.0,0.0,0.0,0.2499970666320752,0.249995111072155,0.2499970668206152,0.3736330474851008,0.49999841001487116,0.0,0.0,0.0,0.0,0.45271237465598396,0.0,0.20311047424298018,0.0,0.0,0.2499970643701098,0.24999706442479994,0.24999706445843786,0.0,0.0,0.0,0.0,0.0,0.4527123714883595,0.0,0.2031104794610966,0.0,0.0,0.0,0.24999706849726439,0.24999706857260398,0.2499970686842808,0.0,0.0,0.0,0.0,0.0,0.0,0.0,0.0,0.0,0.0,0.0,0.0,0.0,0.0,0.0,0.0,0.0,0.0,0.0,0.0,0.0,0.0,0.0,0.0,0.0,0.0,0.0,0.0,0.0,0.0,0.0,0.0,0.0,0.0,0.0,0.0,0.0,0.0,0.0,0.0,0.0,0.0,0.0,0.0,0.0,0.0,0.0,0.0,0.0,0.0,0.0,0.0,0.0,0.0,0.0,0.0,0.0,0.0,0.16226912165355112,0.08616759180502409,0.08616759180502381,0.0945752539709193,0.09457525426892097,0.08449705501011746,0.0844970522614716,0.08616759180236981,0.08616759180502381,1.1734265251696753e-5,1.1733989897201789e-5,1.1733714563283958e-5,7.825609207771955e-6,3.176276350502791e-6],"PI":[0.7375145331550157,0.6012091999475512,0.7575208040712637,0.11817039635785943,1.367655769849487,2.0377498119312675e-8,1.5478188360558256,0.7575208040712634,0.7575208040712637,0.14285378897624101,0.1428532302991954,0.1428521129107907,0.11974048038762458,0.0714281182328097,0.0,0.0,0.0,0.11817039599716044,0.0,0.03641129968882098,0.0,0.0,0.0,0.14285378962250156,0.14285267221590808,0.14285211358566688,0.08521546080767381,0.07142811796896088,0.7375145590210719,0.9138324081949759,0.7575208040712637,1.367655773417283,0.11817039771093699,1.5478188328483204,1.7049039429664803e-8,0.7575208040712634,0.7575208040712637,0.14285379135133883,0.14285323268673297,0.14285211534206663,0.11974048038762458,0.0714281182328097,0.0,0.0,0.0,0.0,0.11817039813409201,0.0,0.03641129887433104,0.0,0.0,0.14285379081844005,0.1428526734183866,0.1428521148096159,0.08521546345403372,0.07142811796896088],"CS":[0.25978558247365013,0.3502087338777189,0.35020873387771934,0.33690848901070813,0.3369084885605731,0.3530055138825179,0.3530055185295877,0.3502087338821198,0.35020873387771934,1.6218567631888288,1.6218601154922851,1.6218634676238837,1.6797298529343085,1.8085430008916679],"pr_entry":[0.0,0.0,0.0,0.0,0.0,0.0,0.0,0.0,0.0,0.0,0.0,0.0,0.0,0.0,0.05281488134680952,0.02301625811168858,0.01906164163647487,0.0,0.07142688006847653,0.0,0.07142632098394414,0.0,0.04260772271630127,0.0,0.0,0.0,0.0,0.0,0.0,0.0,0.0,0.0,0.0,0.0,0.0,0.0,0.0,0.0,0.0,0.0,0.0,0.0,0.052814881788148846,0.023016258323924444,0.019061641901301943,0.07142688066644719,0.0,0.07142632158518314,0.0,0.04260772403948071,0.0,0.0,0.0,0.0,0.0,0.0],"pr_exit":[0.0,0.0,0.0,0.0,0.0,0.25,0.0,0.25,0.0,0.0,0.0,0.0,0.0,0.0,0.0,0.0,0.0,0.0,0.0,0.01983741888311419,0.0,0.059383583635251314,0.0,0.0,0.0,0.0,0.0,0.0,0.0,0.0,0.0,0.0,0.0,0.0,0.25,0.0,0.25,0.0,0.0,0.0,0.0,0.0,0.0,0.0,0.0,0.0,0.0,0.0,0.019837416760755566,0.0,0.05938358098698057,0.0,0.0,0.0,0.0,0.0],"pr_merger":[0.25,0.0,0.0,0.25,0.25,0.0,0.0,0.0,0.0,0.0,0.0,0.0,0.0,0.0,0.0,0.0,0.0,0.0,0.0,0.0,0.0,0.0,0.0,0.0,0.0,0.0,0.0,0.0,0.0,0.0,0.0,0.0,0.25,0.0,0.0,0.0,0.0,0.0,0.0,0.0,0.0,0.0,0.0,0.0,0.0,0.25,0.0,0.0,0.0,0.0,0.0,0.0,0.0,0.0,0.0,0.0],"pr_bundling":[0.0,0.11129726619264702,0.0,0.0,0.0,0.25,0.25,0.0,0.0,0.0,0.0,0.0,0.0,0.0,0.0,0.0,0.0,0.0,0.0,0.0,0.0,0.0,0.0,0.0,0.0,0.0,0.0,0.0,0.0,0.11129726619264702,0.0,0.0,0.0,0.25,0.25,0.0,0.0,0.0,0.0,0.0,0.0,0.0,0.0,0.0,0.0,0.0,0.0,0.0,0.0,0.0,0.0,0.0,0.0,0.0,0.0,0.0],"active_firms":[true,true,true,true,true,true,true,true,true,true,true,true,true,true,false,false,false,true,false,true,false,true,false,true,true,true,true,true,true,true,true,true,true,true,true,true,true,true,true,true,true,true,false,false,false,false,true,false,true,false,true,true,true,true,true,true,true,true,true,true,true,true,true,true,true,true,true,true,true,true],