{"modelname":"lbd","policy":"nolearning","smax":[5,1],"alpha":0.9,"beta":0.95,"c":1.0,"gamma":0.0,"sigma":6.0,"p0":1.5,"accuracy":1.0e-8,"cost_entry":[0.0,10.0],"value_exit":[0.0,1.0],"cost_merger":[0.0,1.0],"cost_bundling":[0.0,1.0],"entry":true,"exit":true,"mergers":true,"bundling":true,"filename":"a90g0s60","verbose":true,"firms":[1,2,3,4],"rival":[2,1,4,3],"partner":[3,4,1,2],"merger_pairs":[1,2,1,2,3,4,4,3],"outcomes":[1,0,1,0,1,0,0,0,0,0,1,0,1,0,1,0,0,0,1,0,0,1,0,0,1,0,0,0,1,1,0,0,0,0,1,0,0,0,0,0,1,1,1,1,2],"ownership":[0,3,0,3,0,0,4,4,0,1,0,1,0,0,2,2],"S":[1,1,1,1,1,1,1,1,1,1,1,1,1,1,0,0,0,1,0,1,0,1,0,1,1,1,1,1,1,1,1,1,1,1,1,1,1,1,1,1,1,1,0,0,0,0,1,0,1,0,1,1,1,1,1,1,0,1,1,0,0,1,1,1,1,0,1,3,1,3,0,0,1,0,0,0,0,1,1,0,0,0,1,1],"ms":14,"mc":[0.004765098748902243,0.004765098748902243,0.004765098748902243,0.004765098748902243,0.004765098748902243,0.004765098748902243,0.004765098748902243,0.004765098748902243,0.004765098748902243,0.004765098748902243,0.004765098748902243,0.004765098748902243,0.004765098748902243,0.004765098748902243,0.0,0.0,0.0,0.004765098748902243,0.0,0.004765098748902243,0.0,0.004765098748902243,0.0,0.004765098748902243,0.004765098748902243,0.004765098748902243,0.004765098748902243,0.004765098748902243,1.0,1.0,1.0,1.0,1.0,1.0,1.0,1.0,1.0,1.0,1.0,1.0,1.0,1.0,0.0,0.0,0.0,0.0,1.0,0.0,1.0,0.0,1.0,1.0,1.0,1.0,1.0,1.0],"P":[0.8815913700983491,0.6375982305069972,0.8211816646279497,0.3041286157321562,1.473537326938986,0.004765129790817711,1.6753290849900015,0.8211816646303458,0.8211816646279497,0.3380696793846886,0.33805052126783813,0.3380409527861643,0.22778170900743983,0.17142787437094337,0.0,0.0,0.0,0.3041286131915987,0.0,0.21319944694761653,0.0,0.009530197497804486,0.0,0.3380696777874796,0.33806010250232144,0.33804095094868264,0.27083861344679216,0.1714278735571994,1.8768263011218327,2.0,1.8164165658790474,2.4687722337261495,1.2993635209962069,2.6705639928613483,1.0000000309161734,1.8164165658814435,1.8164165658790474,1.3333045854345615,1.3332854273667902,1.3332758590635196,1.2230166102585376,1.1666627756220411,0.0,0.0,0.0,0.0,1.2993635231278247,0.0,1.2084343482873572,0.0,2.0,1.3333045838531135,1.3332950086742938,1.3332758574894241,1.2660735205150222,1.1666627748082972],"V":[11.061691195284212,10.262878325131036,12.026375740093355,2.1907660308537493,13.831923682205504,2.968160053269261,14.612881006255098,9.128712900339236,9.128712899003844,3.33275720595886,3.3326615091314906,3.332470062484413,2.7936648518939964,1.6665885203294901,0.0,0.0,0.0,2.190766034554576,0.0,1.1627582259507367,0.0,0.9656239698559071,0.0,3.3327572219266415,3.332565700349326,3.332470080851308,1.988136457749424,1.666588528466357,11.06169132875086,13.395885409274749,12.026375740093355,13.831923679234654,2.1907660504650495,14.61288109212438,2.9681601478710293,9.128712900339236,9.128712899003844,3.3327572541000388,3.3326616709304666,3.332470233249097,2.7936648518939964,1.6665885203294901,0.0,0.0,0.0,0.0,2.190766050530559,0.0,1.162758236471186,0.0,0.9656239801095161,3.332757269910251,3.3325657488223444,3.332470248983265,1.9881365012157988,1.666588528466357],"D":[0.8099205436718451,0.8979279245384552,0.8979279245384552,0.44326326689253237,0.8865265400511815,0.6998456205201541,0.9002332991982853,0.8979279245358197,0.8979279245384552,0.4999568671937736,0.4999712476360216,0.49995688169740243,0.6263357483770844,0.49998831920842074,0.0,0.0,0.0,0.44326327364934703,0.0,0.20038767506856864,0.0,0.0,0.0,0.49995687198498734,0.49994250641160726,0.4999568872093727,0.3736067144191171,0.49998832409077004,0.8099205436718451,0.8979279245384552,0.8979279245384552,0.8865265405418794,0.443263272860194,0.9002332955887227,0.6998456235266294,0.8979279245358197,0.8979279245384552,0.49995686721741306,0.4999712477455423,0.4999568820924479,0.6263357483770844,0.49998831920842074,0.0,0.0,0.0,0.0,0.4432632671909874,0.0,0.20038767567165588,0.0,0.0,0.49995687196134786,0.49994250630208653,0.49995688681432726,0.3736067144191171,0.49998832409077004],"Q":[0.8099205436718451,0.8979279245384552,0.8979279245384552,0.44326326689253237,0.443263272860194,0.6998456205201541,0.6998456235266294,0.8979279245358197,0.8979279245384552,0.24997843241090298,0.24999280938540863,0.24997843966823138,0.6263357483770844,0.49998831920842074,0.0,0.0,0.0,0.0,0.0,0.0,0.0,0.0,0.0,0.24997843717847726,0.2499640680514736,0.24997844478515618,0.3736067144191171,0.49998832409077004,0.0,0.0,0.0,0.0,0.4432632671909874,0.0,0.20038767567165588,0.0,0.0,0.2499784347828706,0.24997843825061294,0.24997844202917105,0.0,0.0,0.0,0.0,0.0,0.44326327364934703,0.0,0.20038767506856864,0.0,0.0,0.0,0.24997843480651008,0.24997843836013367,0.2499784424242165,0.0,0.0,0.0,0.0,0.0,0.0,0.0,0.0,0.0,0.0,0.0,0.0,0.0,0.0,0.0,0.0,0.0,0.0,0.0,0.0,0.0,0.0,0.0,0.0,0.0,0.0,0.0,0.0,0.0,0.0,0.0,0.0,0.0,0.0,0.0,0.0,0.0,0.0,0.0,0.0,0.0,0.0,0.0,0.0,0.0,0.0,0.0,0.0,0.0,0.0,0.0,0.0,0.0,0.0,0.0,0.0,0.0,0.0,0.19007945632815496,0.10207207546154486,0.10207207546154486,0.1134734594581206,0.11347345994881856,0.09976670441127738,0.09976670080171471,0.10207207546418026,0.10207207546154486,8.626082123898715e-5,8.624595237115153e-5,8.623109322502207e-5,5.753720379867697e-5,2.3356700809276782e-5],"PI":[0.7101596103971007,0.5682385405787168,0.733083232558586,0.13269685052643526,1.3021055615806192,2.172454859268784e-8,1.5038973288556636,0.7330832325585859,0.733083232558586,0.16663791395600225,0.16663312851569098,0.16662355672950818,0.1396832754868017,0.0833294410578745,0.0,0.0,0.0,0.1326968514230432,0.0,0.041767674439972854,0.0,0.0,0.0,0.16663791475440012,0.16662833955095044,0.16662355764785317,0.0994068516202253,0.08332944146471791,0.7101596345103677,0.8979279245384552,0.733083232558586,1.3021055672092121,0.13269685409173007,1.503897328785427,2.1636548649564767e-8,0.7330832325585859,0.733083232558586,0.166637916363062,0.16663313097598043,0.16662355937407936,0.1396832754868017,0.0833294410578745,0.0,0.0,0.0,0.0,0.13269685333944428,0.0,0.0417676745834399,0.0,0.0,0.16663791715358137,0.16662834197460213,0.1666235601607879,0.09940685379354498,0.08332944146471791],"CS":[0.27671885050640066,0.3803460155109595,0.3803460155109595,0.36269771779638127,0.3626977170756578,0.384153462410465,0.3841534684404708,0.38034601550665625,0.3803460155109595,1.5596891743803798,1.5597179053640222,1.5597466225113097,1.6271797994673582,1.7774377737430138],"pr_entry":[0.0,0.0,0.0,0.0,0.0,0.0,0.0,0.0,0.0,0.0,0.0,0.0,0.0,0.0,0.05476915227578209,0.029068954409591213,0.024140598101389833,0.0,0.08331892913611162,0.0,0.08331414107364148,0.0,0.049703410687610486,0.0,0.0,0.0,0.0,0.0,0.0,0.0,0.0,0.0,0.0,0.0,0.0,0.0,0.0,0.0,0.0,0.0,0.0,0.0,0.05476915267518169,0.02906895467260241,0.02414059835773002,0.08331893033570184,0.0,0.08331414228546692,0.0,0.049703411774269825,0.0,0.0,0.0,0.0,0.0,0.0],"pr_exit":[0.0,0.0,0.0,0.0,0.0,0.25,0.0,0.25,0.0,0.0,0.0,0.0,0.0,0.0,0.0,0.0,0.0,0.0,0.0,0.0,0.0,0.008594018986101709,0.0,0.0,0.0,0.0,0.0,0.0,0.0,0.0,0.0,0.0,0.0,0.0,0.25,0.0,0.25,0.0,0.0,0.0,0.0,0.0,0.0,0.0,0.0,0.0,0.0,0.0,0.0,0.0,0.008594016422699802,0.0,0.0,0.0,0.0,0.0],"pr_merger":[0.25,0.0,0.0,0.25,0.25,0.0,0.0,0.0,0.0,0.0,0.0,0.0,0.0,0.0,0.0,0.0,0.0,0.0,0.0,0.0,0.0,0.0,0.0,0.0,0.0,0.0,0.0,0.0,0.0,0.0,0.0,0.0,0.25,0.0,0.0,0.0,0.0,0.0,0.0,0.0,0.0,0.0,0.0,0.0,0.0,0.25,0.0,0.0,0.0,0.0,0.0,0.0,0.0,0.0,0.0,0.0],"pr_bundling":[0.0,0.11748331504602527,0.0,0.0,0.0,0.25,0.25,0.0,0.0,0.0,0.0,0.0,0.0,0.0,0.0,0.0,0.0,0.0,0.0,0.0,0.0,0.0,0.0,0.0,0.0,0.0,0.0,0.0,0.0,0.11748331504602527,0.0,0.0,0.0,0.25,0.25,0.0,0.0,0.0,0.0,0.0,0.0,0.0,0.0,0.0,0.0,0.0,0.0,0.0,0.0,0.0,0.0,0.0,0.0,0.0,0.0,0.0],"active_firms":[true,true,true,true,true,true,true,true,true,true,true,true,true,true,false,false,false,true,false,true,false,true,false,true,true,true,true,true,true,true,true,true,true,true,true,true,true,true,true,true,true,true,false,false,false,false,true,false,true,false,true,true,true,true,true,true,true,true,true,true,true,true,true,true,true,true,true,true,true,true],