{"modelname":"privacy","policy":"nolearning","smax":[5,1],"alpha":0.0,"beta":0.95,"c":1.0,"gamma":0.0,"sigma":1.0,"p0":1.0,"accuracy":1.0e-8,"cost_entry":[0.0,10.0],"value_exit":[0.0,1.0],"cost_merger":[0.0,1.0],"cost_bundling":[0.0,1.0],"entry":true,"exit":true,"mergers":true,"bundling":true,"filename":"a0g0s10","verbose":true,"firms":[1,2,3,4],"rival":[2,1,4,3],"partner":[3,4,1,2],"merger_pairs":[1,2,1,2,3,4,4,3],"outcomes":[1,0,1,0,1,0,0,0,0,0,1,0,1,0,1,0,0,0,1,0,0,1,0,0,1,0,0,0,1,1,0,0,0,0,1,0,0,0,0,0,1,1,1,1,2],"ownership":[0,3,0,3,0,0,4,4,0,1,0,1,0,0,2,2],"S":[1,1,1,1,1,1,1,1,1,1,1,1,1,1,0,0,0,1,0,1,0,1,0,1,1,1,1,1,1,1,1,1,1,1,1,1,1,1,1,1,1,1,0,0,0,0,1,0,1,0,1,1,1,1,1,1,0,1,1,0,0,1,1,1,1,0,1,3,1,3,0,0,1,0,0,0,0,1,1,0,0,0,1,1],"ms":14,"mc":[1.0,1.0,1.0,1.0,1.0,1.0,1.0,1.0,1.0,1.0,1.0,1.0,1.0,1.0,0.0,0.0,0.0,1.0,0.0,1.0,0.0,1.0,0.0,1.0,1.0,1.0,1.0,1.0,1.0,1.0,1.0,1.0,1.0,1.0,1.0,1.0,1.0,1.0,1.0,1.0,1.0,1.0,0.0,0.0,0.0,0.0,1.0,0.0,1.0,0.0,1.0,1.0,1.0,1.0,1.0,1.0],"db":[0.0,0.0,0.0,0.0,0.0,0.0,0.0,0.0,0.0,0.0,0.0,0.0,0.0,0.0,1.0,1.0,1.0,0.0,1.0,0.0,1.0,0.0,1.0,0.0,0.0,0.0,0.0,0.0,0.0,0.0,0.0,0.0,0.0,0.0,0.0,0.0,0.0,0.0,0.0,0.0,0.0,0.0,1.0,1.0,1.0,1.0,0.0,1.0,0.0,1.0,0.0,0.0,0.0,0.0,0.0,0.0],"P":[1.4263027741036491,1.9999999999877067,0.9999999999938534,1.2684632117420467,1.7339704688048623,8.900963350989061e-8,2.14248881542788,0.9999999999938534,0.9999999999938534,1.448976692287353,1.2359807239163465,1.2577324028558894,0.8909446632394622,0.7994709283298596,0.5,0.5,0.5,1.2684632084378988,0.5,1.1474357938712592,0.5,0.0,0.5,1.4489766866246347,1.435441664104698,1.257732397459017,1.2632524128632074,0.7994709182979657,1.4263027441309073,0.0,0.9999999999938534,1.733970462919545,1.2684631948986564,2.1424887361113383,0.0,0.9999999999938534,0.9999999999938534,1.4489766460613858,1.2359806729044747,1.2577323572170362,0.8909446632394622,0.7994709283298596,0.5,0.5,0.5,0.5,1.2684631974650724,0.5,1.1474357023255657,0.5,0.0,1.448976662632243,1.4354416128976333,1.2577323599835755,1.263252378683962,0.7994709182979657],"V":[9.133945632115049,10.752936912318678,7.941705789186498,8.077208225115584,10.16174145422441,7.264571903314364,11.691526869074707,7.42006986603697,7.4200698485942365,8.871452473349217,9.010232670504202,8.865971056626107,6.465552748355954,5.989408630612333,0.0,0.0,0.0,8.077208226231846,0.0,7.6349785087986906,0.0,4.153506950556279,0.0,8.87145247597354,8.761078969916198,8.865971066431115,5.690222299269992,5.989408675626476,9.133945437691066,8.329641488011674,7.941705789186498,10.161741230182173,8.077207996378434,11.691525803693429,7.264570856842472,7.42006986603697,7.4200698485942365,8.871452194103973,9.010231649522611,8.865970082267976,6.465552748355954,5.989408630612333,0.0,0.0,0.0,0.0,8.077207993915938,0.0,7.634978249436543,0.0,4.153506874655714,8.871452186424406,8.761078660177589,8.865970077241709,5.690222156816263,5.989408675626476],"D":[0.29888657640023225,0.5000000000030733,0.5000000000030733,0.21164445340765684,0.42328890947310505,0.40476162283526573,0.5332531060081074,0.5000000000030733,0.5000000000030733,0.30985776943326504,0.37031321746725965,0.35245914488240493,0.43879792677394075,0.3745863892182287,0.0,0.0,0.0,0.21164445410696137,0.0,0.12849148060819185,0.0,0.0,0.0,0.30985777118790236,0.3033502993002265,0.3524591467845819,0.20839254539010416,0.3745863967338506,0.29888657640023225,0.5000000000030733,0.5000000000030733,0.42328890751461823,0.2116444550081364,0.5332531034434576,0.4047616245346001,0.5000000000030733,0.5000000000030733,0.3098577728778882,0.3703132174347109,0.3524591463210395,0.43879792677394075,0.3745863892182287,0.0,0.0,0.0,0.0,0.21164445446496866,0.0,0.12849148147350725,0.0,0.0,0.3098577677432792,0.30335029933277524,0.35245914534594736,0.20839254539010416,0.3745863967338506],"Q":[0.29888657640023225,0.5000000000030733,0.5000000000030733,0.21164445340765684,0.2116444550081364,0.40476162283526573,0.4047616245346001,0.5000000000030733,0.5000000000030733,0.1549288860002848,0.20356138577448238,0.1762295726849755,0.43879792677394075,0.3745863892182287,0.0,0.0,0.0,0.0,0.0,0.0,0.0,0.0,0.0,0.15492888431029891,0.13659846763999797,0.17622957314851795,0.20839254539010416,0.3745863967338506,0.0,0.0,0.0,0.0,0.21164445446496866,0.0,0.12849148147350725,0.0,0.0,0.15492888343298028,0.1667518316927773,0.17622957219742943,0.0,0.0,0.0,0.0,0.0,0.21164445410696137,0.0,0.12849148060819185,0.0,0.0,0.0,0.15492888687760342,0.16675183166022853,0.17622957363606398,0.0,0.0,0.0,0.0,0.0,0.0,0.0,0.0,0.0,0.0,0.0,0.0,0.0,0.0,0.0,0.0,0.0,0.0,0.0,0.0,0.0,0.0,0.0,0.0,0.0,0.0,0.0,0.0,0.0,0.0,0.0,0.0,0.0,0.0,0.0,0.0,0.0,0.0,0.0,0.0,0.0,0.0,0.0,0.0,0.0,0.0,0.0,0.0,0.0,0.0,0.0,0.0,0.0,0.0,0.0,0.0,0.0,0.0,0.7011134235997677,0.49999999999692674,0.49999999999692674,0.5767110924853818,0.576711090526895,0.4667468965565424,0.4667468939918927,0.49999999999692674,0.49999999999692674,0.38028445937883265,0.3263364832325138,0.2950817083330131,0.35280952783595515,0.2508272140479208],"PI":[0.42630275306199356,1.0,0.5,0.26846320311686633,0.7339704687989789,3.6027683707435576e-8,1.1424888154145478,0.5,0.5,0.44897668583294964,0.45769999860097504,0.4432992872014792,0.3909446710997828,0.29947092832802735,0.0,0.0,0.0,0.2684632033046038,0.0,0.1474357240573541,0.0,0.0,0.0,0.448976686620741,0.43544165843417537,0.4432992876917318,0.26325238578675453,0.29947093057873764,0.42630274410354335,0.0,0.5,0.733970462911831,0.26846320158220566,1.142488767624022,0.0,0.5,0.5,0.44897667650065304,0.457699979670375,0.44329927292506527,0.3909446710997828,0.29947092832802735,0.0,0.0,0.0,0.0,0.2684632014363851,0.0,0.1474357132874062,0.0,0.0,0.4489766741953334,0.43544164294721877,0.4432992726737524,0.2632523786640546,0.29947093057873764],"CS":[0.35508560246874166,0.6931471805660918,0.6931471805660918,0.5504138441337814,0.5504138475297398,0.7619681456310607,0.7619681511257941,0.6931471805660918,0.6931471805660918,0.9668357289932368,1.1198262727684232,1.2205029835934313,1.041826948876424,1.3829909671470415],"pr_entry":[0.0,0.0,0.0,0.0,0.0,0.0,0.0,0.0,0.0,0.0,0.0,0.0,0.0,0.0,0.20193018371888632,0.1908744403990102,0.10383765715959066,0.0,0.22178629212062967,0.0,0.2190269544691962,0.0,0.14225554440813346,0.0,0.0,0.0,0.0,0.0,0.0,0.0,0.0,0.0,0.0,0.0,0.0,0.0,0.0,0.0,0.0,0.0,0.0,0.0,0.20193017791098944,0.19087443391495734,0.10383765526207704,0.22178628488190216,0.0,0.21902694672573167,0.0,0.1422555408467906,0.0,0.0,0.0,0.0,0.0,0.0],"pr_exit":[0.0,0.0,0.0,0.0,0.0,0.25,0.0,0.25,0.0,0.0,0.0,0.0,0.0,0.0,0.0,0.0,0.0,0.0,0.0,0.0,0.0,0.0,0.0,0.0,0.0,0.0,0.0,0.0,0.0,0.0,0.0,0.0,0.0,0.0,0.25,0.0,0.25,0.0,0.0,0.0,0.0,0.0,0.0,0.0,0.0,0.0,0.0,0.0,0.0,0.0,0.0,0.0,0.0,0.0,0.0,0.0],"pr_merger":[0.19452296830739346,0.0,0.0,0.15555882087087802,0.15555882456264136,0.0,0.0,0.0,0.0,0.06938991314340459,0.0,0.0,0.0,0.0,0.0,0.0,0.0,0.0,0.0,0.0,0.0,0.0,0.0,0.06938991440721631,0.05244587839475878,0.0,0.14959322379167395,0.0,0.0,0.0,0.0,0.0,0.15555882546753397,0.0,0.0,0.0,0.0,0.06938991506329595,0.0,0.0,0.0,0.0,0.0,0.0,0.0,0.15555882050819525,0.0,0.0,0.0,0.0,0.0,0.06938991248732496,0.0,0.0,0.0,0.0],"pr_bundling":[0.0,0.0,0.0,0.0,0.0,0.0,0.0,0.0,0.0,0.0,0.0,0.0,0.0,0.0,0.0,0.0,0.0,0.0,0.0,0.0,0.0,0.0,0.0,0.0,0.0,0.0,0.0,0.0,0.0,0.0,0.0,0.0,0.0,0.0,0.0,0.0,0.0,0.0,0.0,0.0,0.0,0.0,0.0,0.0,0.0,0.0,0.0,0.0,0.0,0.0,0.0,0.0,0.0,0.0,0.0,0.0],"active_firms":[true,true,true,true,true,true,true,true,true,true,true,true,true,true,false,false,false,true,false,true,false,true,false,true,true,true,true,true,true,true,true,true,true,true,true,true,true,true,true,true,true,true,false,false,false,false,true,false,true,false,true,true,true,true,true,true,true,true,true,true,true,true,true,true,true,true,true,true,true,true],