{"modelname":"privacy","policy":"nolearning","smax":[5,1],"alpha":0.0,"beta":0.95,"c":1.0,"gamma":0.0,"sigma":8.0,"p0":1.0,"accuracy":1.0e-8,"cost_entry":[0.0,10.0],"value_exit":[0.0,1.0],"cost_merger":[0.0,1.0],"cost_bundling":[0.0,1.0],"entry":true,"exit":true,"mergers":true,"bundling":true,"filename":"a0g0s80","verbose":true,"firms":[1,2,3,4],"rival":[2,1,4,3],"partner":[3,4,1,2],"merger_pairs":[1,2,1,2,3,4,4,3],"outcomes":[1,0,1,0,1,0,0,0,0,0,1,0,1,0,1,0,0,0,1,0,0,1,0,0,1,0,0,0,1,1,0,0,0,0,1,0,0,0,0,0,1,1,1,1,2],"ownership":[0,3,0,3,0,0,4,4,0,1,0,1,0,0,2,2],"S":[1,1,1,1,1,1,1,1,1,1,1,1,1,1,0,0,0,1,0,1,0,1,0,1,1,1,1,1,1,1,1,1,1,1,1,1,1,1,1,1,1,1,0,0,0,0,1,0,1,0,1,1,1,1,1,1,0,1,1,0,0,1,1,1,1,0,1,3,1,3,0,0,1,0,0,0,0,1,1,0,0,0,1,1],"ms":14,"mc":[1.0,1.0,1.0,1.0,1.0,1.0,1.0,1.0,1.0,1.0,1.0,1.0,1.0,1.0,0.0,0.0,0.0,1.0,0.0,1.0,0.0,1.0,0.0,1.0,1.0,1.0,1.0,1.0,1.0,1.0,1.0,1.0,1.0,1.0,1.0,1.0,1.0,1.0,1.0,1.0,1.0,1.0,0.0,0.0,0.0,0.0,1.0,0.0,1.0,0.0,1.0,1.0,1.0,1.0,1.0,1.0],"db":[0.0,0.0,0.0,0.0,0.0,0.0,0.0,0.0,0.0,0.0,0.0,0.0,0.0,0.0,1.0,1.0,1.0,0.0,1.0,0.0,1.0,0.0,1.0,0.0,0.0,0.0,0.0,0.0,0.0,0.0,0.0,0.0,0.0,0.0,0.0,0.0,0.0,0.0,0.0,0.0,0.0,0.0,1.0,1.0,1.0,1.0,0.0,1.0,0.0,1.0,0.0,0.0,0.0,0.0,0.0,0.0],"P":[4.999999431462806,4.999999430578916,2.499999715697451,0.15980806583018636,4.999999706997439,3.287470551096422e-8,4.999999707118491,2.499999715678211,2.4999997157166916,0.2499996149198502,0.24999935891512304,0.24999923091586856,0.1672743517718859,0.1249999474941859,1.0,1.0,1.0,0.20919914164934303,1.0,0.15726352754763334,1.0,0.0,1.0,0.24999961379977526,0.24999948579900105,0.2499992297971062,0.19956468074189723,0.12499994693431005,0.0,0.0,2.499999715697451,4.9999987902734295,0.0,1.713488078484242,0.0,2.499999715678211,2.4999997157166916,0.24999961491960168,0.24999935891536773,0.24999923091628642,0.1672743517718859,0.1249999474941859,1.0,1.0,1.0,1.0,0.0,0.5,0.0,1.0,0.0,0.24999961379999716,0.24999948579830633,0.24999922979683314,0.1995646757293312,0.12499994693431005],"V":[1.6289750531747431,0.7984975734769902,0.18084458829501568,2.9267716068333747,1.3571333446305236,1.3571305225866606,1.357130359567142,0.5211873759042587,0.5211869512426971,2.4999899465165685,2.4999873339048744,2.4999815575074136,2.09547626746513,0.3250975189550426,0.0,0.0,0.0,2.926771607769968,0.0,1.6521120960388638,0.0,0.618354997453157,0.0,2.4999899577123643,2.499986692871885,2.4999815686949054,1.491288919518467,0.3250975195925692,4.725322447614836,5.489913201997937,0.18084458829501568,9.686116547704808,1.3571332306386699,15.880506001262908,1.357135734657611,0.5211873759042587,0.5211869512426971,2.4999898360296644,2.4999927124395787,2.499983453557064,2.09547626746513,0.3250975189550426,0.0,0.0,0.0,0.0,1.3571332367118913,0.0,1.357130184635029,0.0,0.6183586932307017,2.4999898472207565,2.499986582385217,2.499983464751482,1.4912978132936738,0.3250975195925692],"D":[3.7751517146108403e-11,3.775151741305373e-11,3.7751517166616214e-11,1.0512513054251462e-11,7.550286785994295e-11,0.7218935755124511,7.550286778682501e-11,3.775151717823747e-11,3.775151715499442e-11,0.499999229739228,0.4999994857491,0.49999922974657185,0.6263623317022524,0.4999997898785797,0.0,0.0,0.0,7.0811594649181185e-12,0.0,0.20515581596576565,0.0,0.0,0.0,0.4999992342195208,0.4999989782143676,0.4999992342216145,0.37363664393171575,0.4999997943575847,3.7751517146108403e-11,3.775151741305373e-11,3.7751517166616214e-11,1.759367251916958e-11,3.775143392997148e-11,0.9270493914782167,3.7751433893412504e-11,3.775151717823747e-11,3.775151715499442e-11,0.49999922974016886,0.49999948574722125,0.49999922974519007,0.6263623317022524,0.4999997898785797,0.0,0.0,0.0,0.0,3.775143392997148e-11,0.0,3.7751433893412504e-11,0.0,0.0,0.49999923421857995,0.4999989782162464,0.4999992342229963,0.37363664393171575,0.4999997943575847],"Q":[3.7751517146108403e-11,3.775151741305373e-11,3.7751517166616214e-11,1.0512513054251462e-11,3.775143392997148e-11,0.7218935755124511,3.7751433893412504e-11,3.775151717823747e-11,3.775151715499442e-11,0.24999961375001123,0.24999986975735813,0.24999961375383434,0.6263623317022524,0.4999997898785797,0.0,0.0,0.0,0.0,0.0,0.0,0.0,0.0,0.0,0.2499996182293632,0.2499993622245045,0.2499996182302588,0.37363664393171575,0.4999997943575847,0.0,0.0,0.0,0.0,3.775143392997148e-11,0.0,3.7751433893412504e-11,0.0,0.0,0.24999961598921677,0.2499996159917419,0.2499996159927375,0.0,0.0,0.0,0.0,0.0,7.0811594649181185e-12,0.0,0.20515581596576565,0.0,0.0,0.0,0.2499996159901576,0.24999961598986312,0.2499996159913557,0.0,0.0,0.0,0.0,0.0,0.0,0.0,0.0,0.0,0.0,0.0,0.0,0.0,0.0,0.0,0.0,0.0,0.0,0.0,0.0,0.0,0.0,0.0,0.0,0.0,0.0,0.0,0.0,0.0,0.0,0.0,0.0,0.0,0.0,0.0,0.0,0.0,0.0,0.0,0.0,0.0,0.0,0.0,0.0,0.0,0.0,0.0,0.0,0.0,0.0,0.0,0.0,0.0,0.0,0.0,0.0,0.0,0.0,0.9999999999622485,0.9999999999622485,0.9999999999622485,0.9999999999824063,0.9999999999244971,0.07295060852178328,0.9999999999244971,0.9999999999622485,0.9999999999622485,1.5360412511139696e-6,1.5360365323391426e-6,1.5360318136393384e-6,1.0243660317486539e-6,4.1576383554934327e-7],"PI":[1.887575642674004e-10,1.887575655687587e-10,9.437878218368798e-11,1.679984378214511e-12,3.7751431717718116e-10,2.373203870522884e-8,3.775143168207312e-10,9.437878221201478e-11,9.437878215535984e-11,0.12499961489502871,0.1249995508951662,0.12499942289516963,0.10477435300982126,0.06249994748192644,0.0,0.0,0.0,1.4813724819429916e-12,0.0,0.032263527315689385,0.0,0.0,0.0,0.12499961545506358,0.12499948745361783,0.12499942345454654,0.07456467755970679,0.06249994776186402,0.0,0.0,9.437878218368798e-11,8.796834131231477e-11,0.0,1.5884880804639954,0.0,9.437878221201478e-11,9.437878215535984e-11,0.12499961489513967,0.12499955089481886,0.12499942289503312,0.10477435300982126,0.06249994748192644,0.0,0.0,0.0,0.0,0.0,0.0,0.0,0.0,0.0,0.12499961545493932,0.12499948745374016,0.12499942345475545,0.07456467568682844,0.06249994776186402],"CS":[4.718891943866765e-12,4.718891943866765e-12,4.718891943866765e-12,2.19912976717751e-12,9.43778388773353e-12,0.3272465828024813,9.43778388773353e-12,4.718891943866765e-12,4.718891943866765e-12,1.673287758425678,1.6732881424308335,1.6732885264310633,1.7239295802923091,1.8366435551119875],"pr_entry":[0.0,0.0,0.0,0.0,0.0,0.0,0.0,0.0,0.0,0.0,0.0,0.0,0.0,0.0,0.0731692865696578,0.04130279696649951,0.015458872152225269,0.0,0.06249974584889263,0.0,0.06249966330048072,0.0,0.03728221689365159,0.0,0.0,0.0,0.0,0.0,0.0,0.0,0.0,0.0,0.0,0.0,0.0,0.0,0.0,0.0,0.0,0.0,0.0,0.0,0.033928326264192635,0.0339282486108372,0.015458969416912058,0.06249974294122203,0.0,0.06249966039293359,0.0,0.03728245098965384,0.0,0.0,0.0,0.0,0.0,0.0],"pr_exit":[0.0,0.0,0.0,0.0,0.0,0.25,0.0,0.25,0.0,0.0,0.0,0.0,0.0,0.16872579312803182,0.0,0.0,0.0,0.0,0.0,0.0,0.0,0.0954112784777473,0.0,0.0,0.0,0.0,0.0,0.16872579296865026,0.0,0.0,0.0,0.0,0.0,0.0,0.25,0.0,0.25,0.0,0.0,0.0,0.0,0.16872579312803182,0.0,0.0,0.0,0.0,0.0,0.0,0.0,0.0,0.09541030583087942,0.0,0.0,0.0,0.0,0.16872579296865026],"pr_merger":[0.0,0.0,0.0,0.25,0.0,0.0,0.0,0.0,0.0,1.031045281374432e-7,0.0,0.0,0.0,0.0,0.0,0.0,0.0,0.0,0.0,0.0,0.0,0.0,0.0,9.750792417939635e-8,0.0,0.0,0.0,0.0,0.0,0.0,0.0,0.0,0.0,0.0,0.0,0.0,0.0,1.0030681396600016e-7,0.0,0.0,0.0,0.0,0.0,0.0,0.0,0.25,0.0,0.0,0.0,0.0,0.0,1.0030563835083939e-7,0.0,0.0,0.0,0.0],"pr_bundling":[0.0,0.0,0.0,0.0,0.0,0.0,0.0,0.0,0.0,0.0,0.0,0.0,0.0,0.0,0.0,0.0,0.0,0.0,0.0,0.0,0.0,0.0,0.0,0.0,0.0,0.0,0.0,0.0,0.0,0.0,0.0,0.0,0.0,0.0,0.0,0.0,0.0,0.0,0.0,0.0,0.0,0.0,0.0,0.0,0.0,0.0,0.0,0.0,0.0,0.0,0.0,0.0,0.0,0.0,0.0,0.0],"active_firms":[true,true,true,true,true,true,true,true,true,true,true,true,true,true,false,false,false,true,false,true,false,true,false,true,true,true,true,true,true,true,true,true,true,true,true,true,true,true,true,true,true,true,false,false,false,false,true,false,true,false,true,true,true,true,true,true,true,true,true,true,true,true,true,true,true,true,true,true,true,true],