{"modelname":"privacy","policy":"nolearning","smax":[5,1],"alpha":0.0,"beta":0.95,"c":1.0,"gamma":0.0,"sigma":5.0,"p0":1.0,"accuracy":1.0e-8,"cost_entry":[0.0,10.0],"value_exit":[0.0,1.0],"cost_merger":[0.0,1.0],"cost_bundling":[0.0,1.0],"entry":true,"exit":true,"mergers":true,"bundling":true,"filename":"a0g0s50","verbose":true,"firms":[1,2,3,4],"rival":[2,1,4,3],"partner":[3,4,1,2],"merger_pairs":[1,2,1,2,3,4,4,3],"outcomes":[1,0,1,0,1,0,0,0,0,0,1,0,1,0,1,0,0,0,1,0,0,1,0,0,1,0,0,0,1,1,0,0,0,0,1,0,0,0,0,0,1,1,1,1,2],"ownership":[0,3,0,3,0,0,4,4,0,1,0,1,0,0,2,2],"S":[1,1,1,1,1,1,1,1,1,1,1,1,1,1,0,0,0,1,0,1,0,1,0,1,1,1,1,1,1,1,1,1,1,1,1,1,1,1,1,1,1,1,0,0,0,0,1,0,1,0,1,1,1,1,1,1,0,1,1,0,0,1,1,1,1,0,1,3,1,3,0,0,1,0,0,0,0,1,1,0,0,0,1,1],"ms":14,"mc":[1.0,1.0,1.0,1.0,1.0,1.0,1.0,1.0,1.0,1.0,1.0,1.0,1.0,1.0,0.0,0.0,0.0,1.0,0.0,1.0,0.0,1.0,0.0,1.0,1.0,1.0,1.0,1.0,1.0,1.0,1.0,1.0,1.0,1.0,1.0,1.0,1.0,1.0,1.0,1.0,1.0,1.0,0.0,0.0,0.0,0.0,1.0,0.0,1.0,0.0,1.0,1.0,1.0,1.0,1.0,1.0],"db":[0.0,0.0,0.0,0.0,0.0,0.0,0.0,0.0,0.0,0.0,0.0,0.0,0.0,0.0,1.0,1.0,1.0,0.0,1.0,0.0,1.0,0.0,1.0,0.0,0.0,0.0,0.0,0.0,0.0,0.0,0.0,0.0,0.0,0.0,0.0,0.0,0.0,0.0,0.0,0.0,0.0,0.0,1.0,1.0,1.0,1.0,0.0,1.0,0.0,1.0,0.0,0.0,0.0,0.0,0.0,0.0],"P":[0.8779276900524685,1.6094697087975007,0.8047348543987504,0.35077898588408823,1.42532211638962,3.3751003458753924e-8,1.6538874925217912,0.8047348543987504,0.8047348543987504,0.3997530399311726,0.39958897366122403,0.3995075942334744,0.26750040941717135,0.19996647535447443,0.5,0.5,0.5,0.35077898374757366,0.5,0.2489359441916615,0.5,0.0,0.5,0.3997530383256866,0.3996712413152233,0.3995075928370273,0.31919239495675394,0.19996647446951488,0.8779276646548064,0.0,0.8047348543987504,1.42532211847834,0.3507789841868105,1.6538874640271721,0.0,0.8047348543987504,0.8047348543987504,0.3997530398477614,0.3995889735365766,0.3995075940243419,0.26750040941717135,0.19996647535447443,0.5,0.5,0.5,0.5,0.3507789855650039,0.5,0.24893593255134422,0.5,0.0,0.3997530381592589,0.3996712410771645,0.3995075924187725,0.3191923870962962,0.19996647446951488],"V":[10.008718618398468,16.295809321692385,10.9794231458528,2.6771649008986045,12.222391408804732,3.09785957149919,13.13548790894056,8.388957917998455,8.38895785210329,3.995057585764475,3.994242940287399,3.992611372321432,3.350005910357121,1.999328430073649,0.0,0.0,0.0,2.6771649044269985,0.0,1.6241260982708934,0.0,1.265889555221535,0.0,3.995057601789395,3.993421633925181,3.992611386242926,2.3838460554948733,1.9993284389187918,10.008718540079501,5.210355731808451,10.9794231458528,12.222391462953427,2.6771648900913783,13.135486800347781,3.0978583605242997,8.388957917998455,8.38895785210329,3.995057584101727,3.994241945588256,3.992610261846246,3.350005910357121,1.999328430073649,0.0,0.0,0.0,0.0,2.6771648912788537,0.0,1.624126095647177,0.0,1.2658895386673414,3.9950576009552745,3.9934216326790213,3.9926102778525205,2.383845996790097,1.9993284389187918],"D":[0.7721907988069159,0.8757354684062939,0.8757354684062939,0.42984041784223587,0.8596808414998467,0.6824923416224082,0.8790727901067714,0.8757354684062939,0.8757354684062939,0.4996911091644812,0.49979426155303214,0.4996918661836099,0.6261687964534438,0.4999161742974307,0.0,0.0,0.0,0.42984042243403753,0.0,0.19658044831856228,0.0,0.0,0.0,0.49969111317571646,0.49958871932272186,0.49969186967257606,0.3734186444950054,0.49991617872148675,0.7721907988069159,0.8757354684062939,0.8757354684062939,0.8596808402762735,0.4298404222309313,0.8790727899409705,0.6824923586238668,0.8757354684062939,0.8757354684062939,0.49969110906077463,0.4997942614113555,0.4996918659223681,0.6261687964534438,0.4999161742974307,0.0,0.0,0.0,0.0,0.4298404192689155,0.0,0.19658043148290466,0.0,0.0,0.49969111327942306,0.4995887194643984,0.49969186993381787,0.3734186444950054,0.49991617872148675],"Q":[0.7721907988069159,0.8757354684062939,0.8757354684062939,0.42984041784223587,0.4298404222309313,0.6824923416224082,0.6824923586238668,0.8757354684062939,0.8757354684062939,0.24984555352757848,0.24994852683166383,0.2498459320889425,0.6261687964534438,0.4999161742974307,0.0,0.0,0.0,0.0,0.0,0.0,0.0,0.0,0.0,0.24984555764252034,0.24974298474303014,0.24984593583915052,0.3734186444950054,0.49991617872148675,0.0,0.0,0.0,0.0,0.4298404192689155,0.0,0.19658043148290466,0.0,0.0,0.2498455556369027,0.2498457347213683,0.24984593409466738,0.0,0.0,0.0,0.0,0.0,0.42984042243403753,0.0,0.19658044831856228,0.0,0.0,0.0,0.24984555553319612,0.24984573457969173,0.24984593383342557,0.0,0.0,0.0,0.0,0.0,0.0,0.0,0.0,0.0,0.0,0.0,0.0,0.0,0.0,0.0,0.0,0.0,0.0,0.0,0.0,0.0,0.0,0.0,0.0,0.0,0.0,0.0,0.0,0.0,0.0,0.0,0.0,0.0,0.0,0.0,0.0,0.0,0.0,0.0,0.0,0.0,0.0,0.0,0.0,0.0,0.0,0.0,0.0,0.0,0.0,0.0,0.0,0.0,0.0,0.0,0.0,0.0,0.0,0.22780920119308404,0.12426453159370612,0.12426453159370612,0.14031915972372658,0.14031915850015322,0.1209272100590296,0.12092720989322858,0.12426453159370612,0.12426453159370612,0.0006177776598023884,0.0006170191242458352,0.0006162641438139868,0.0004125590515508199,0.00016764698108265343],"PI":[0.6779276842763261,1.4094697093195208,0.7047348546597604,0.15077898586269226,1.225322116426171,2.3034801382670967e-8,1.453887492573823,0.7047348546597604,0.7047348546597604,0.19975303991508078,0.19971227601574548,0.1996306953170492,0.16750040941555364,0.09996647534695031,0.0,0.0,0.0,0.15077898655503943,0.0,0.04893593951180142,0.0,0.0,0.0,0.19975304071633718,0.19967124359879493,0.19963069601312444,0.11919239145786545,0.09996647578920762,0.6779276646644852,0.0,0.7047348546597604,1.2253221164778174,0.1507789866725958,1.4538874672507627,0.0,0.7047348546597604,0.7047348546597604,0.19975303983194392,0.199712275896835,0.1996306951081793,0.16750040941555364,0.09996647534695031,0.0,0.0,0.0,0.0,0.15077898622598612,0.0,0.0489359330325425,0.0,0.0,0.19975304067463176,0.1996712435364875,0.19963069590849397,0.11919238852262398,0.09996647578920762],"CS":[0.2958493674487155,0.41706853327350646,0.41706853327350646,0.39276714773241284,0.3927671494763991,0.4225132968322338,0.42251329710645,0.41706853327350646,0.41706853327350646,1.4778763878046481,1.4781221078006077,1.4783669762896927,1.5586262414321124,1.7387300184950814],"pr_entry":[0.0,0.0,0.0,0.0,0.0,0.0,0.0,0.0,0.0,0.0,0.0,0.0,0.0,0.0,0.06692911818620609,0.04060314814199447,0.03164723545229393,0.0,0.09987643581771204,0.0,0.0998355365875365,0.0,0.05959614905360546,0.0,0.0,0.0,0.0,0.0,0.0,0.0,0.0,0.0,0.0,0.0,0.0,0.0,0.0,0.0,0.0,0.0,0.0,0.0,0.06692911785750247,0.04060314807640157,0.03164723503843919,0.09987643579685902,0.0,0.09983553655638248,0.0,0.05959614758598616,0.0,0.0,0.0,0.0,0.0,0.0],"pr_exit":[0.0,0.0,0.0,0.0,0.0,0.25,0.0,0.25,0.0,0.0,0.0,0.0,0.0,0.0,0.0,0.0,0.0,0.0,0.0,0.0,0.0,0.0,0.0,0.0,0.0,0.0,0.0,0.0,0.0,0.0,0.0,0.0,0.0,0.0,0.25,0.0,0.25,0.0,0.0,0.0,0.0,0.0,0.0,0.0,0.0,0.0,0.0,0.0,0.0,0.0,0.0,0.0,0.0,0.0,0.0,0.0],"pr_merger":[0.25,0.0,0.0,0.25,0.25,0.0,0.0,0.0,0.0,0.0,0.0,0.0,0.0,0.0,0.0,0.0,0.0,0.0,0.0,0.0,0.0,0.0,0.0,0.0,0.0,0.0,0.0,0.0,0.0,0.0,0.0,0.0,0.25,0.0,0.0,0.0,0.0,0.0,0.0,0.0,0.0,0.0,0.0,0.0,0.0,0.25,0.0,0.0,0.0,0.0,0.0,0.0,0.0,0.0,0.0,0.0],"pr_bundling":[0.0,0.13823576964109963,0.0,0.0,0.0,0.19177385485909104,0.19177384328182523,0.0,0.0,0.0,0.0,0.0,0.0,0.0,0.0,0.0,0.0,0.0,0.0,0.0,0.0,0.0,0.0,0.0,0.0,0.0,0.0,0.0,0.0,0.13823576964109963,0.0,0.0,0.0,0.19177385485909104,0.19177384328182523,0.0,0.0,0.0,0.0,0.0,0.0,0.0,0.0,0.0,0.0,0.0,0.0,0.0,0.0,0.0,0.0,0.0,0.0,0.0,0.0,0.0],"active_firms":[true,true,true,true,true,true,true,true,true,true,true,true,true,true,false,false,false,true,false,true,false,true,false,true,true,true,true,true,true,true,true,true,true,true,true,true,true,true,true,true,true,true,false,false,false,false,true,false,true,false,true,true,true,true,true,true,true,true,true,true,true,true,true,true,true,true,true,true,true,true],