{"modelname":"privacy","policy":"nolearning","smax":[5,1],"alpha":0.0,"beta":0.95,"c":1.0,"gamma":0.0,"sigma":7.0,"p0":1.0,"accuracy":1.0e-8,"cost_entry":[0.0,10.0],"value_exit":[0.0,1.0],"cost_merger":[0.0,1.0],"cost_bundling":[0.0,1.0],"entry":true,"exit":true,"mergers":true,"bundling":true,"filename":"a0g0s70","verbose":true,"firms":[1,2,3,4],"rival":[2,1,4,3],"partner":[3,4,1,2],"merger_pairs":[1,2,1,2,3,4,4,3],"outcomes":[1,0,1,0,1,0,0,0,0,0,1,0,1,0,1,0,0,0,1,0,0,1,0,0,1,0,0,0,1,1,0,0,0,0,1,0,0,0,0,0,1,1,1,1,2],"ownership":[0,3,0,3,0,0,4,4,0,1,0,1,0,0,2,2],"S":[1,1,1,1,1,1,1,1,1,1,1,1,1,1,0,0,0,1,0,1,0,1,0,1,1,1,1,1,1,1,1,1,1,1,1,1,1,1,1,1,1,1,0,0,0,0,1,0,1,0,1,1,1,1,1,1,0,1,1,0,0,1,1,1,1,0,1,3,1,3,0,0,1,0,0,0,0,1,1,0,0,0,1,1],"ms":14,"mc":[1.0,1.0,1.0,1.0,1.0,1.0,1.0,1.0,1.0,1.0,1.0,1.0,1.0,1.0,0.0,0.0,0.0,1.0,0.0,1.0,0.0,1.0,0.0,1.0,1.0,1.0,1.0,1.0,1.0,1.0,1.0,1.0,1.0,1.0,1.0,1.0,1.0,1.0,1.0,1.0,1.0,1.0,0.0,0.0,0.0,0.0,1.0,0.0,1.0,0.0,1.0,1.0,1.0,1.0,1.0,1.0],"db":[0.0,0.0,0.0,0.0,0.0,0.0,0.0,0.0,0.0,0.0,0.0,0.0,0.0,0.0,1.0,1.0,1.0,0.0,1.0,0.0,1.0,0.0,1.0,0.0,0.0,0.0,0.0,0.0,0.0,0.0,0.0,0.0,0.0,0.0,0.0,0.0,0.0,0.0,0.0,0.0,0.0,0.0,1.0,1.0,1.0,1.0,0.0,1.0,0.0,1.0,0.0,0.0,0.0,0.0,0.0,0.0],"P":[0.8825441632077686,1.6622537907747603,0.8311268953873802,0.2610909459648557,1.514770569483822,2.7990886900160163e-8,1.6950372130660536,0.8311268953873802,0.8311268953873802,0.28571104184808616,0.28570888023487157,0.28570779958768805,0.19116911328347377,0.14285670337163195,0.5,0.5,0.5,0.2610909469396928,0.5,0.17927713233422007,0.5,0.0,0.5,0.28571104057170943,0.2857099598226431,0.2857077983135809,0.2280726583174372,0.14285670273252254,0.8825441265188684,0.0,0.8311268953873802,1.5147705684787343,0.2610909445542309,1.6950371897663168,0.0,0.8311268953873802,0.8311268953873802,0.2857110418478581,0.2857088802337095,0.28570779958538234,0.19116911328347377,0.14285670337163195,0.5,0.5,0.5,0.5,0.2610909461215999,0.5,0.17927712486002595,0.5,0.0,0.2857110405695212,0.28570995982050007,0.2857077983078453,0.22807265258938172,0.14285670273252254],"V":[12.446594720177451,21.993148468455473,13.481578899385473,2.114871257640414,16.688286177547567,5.915761543824853,17.383582122727734,10.968264548566374,10.968264521079051,2.8570776264499216,2.8570669659271215,2.857045349585107,2.394810714759114,1.4285625618547022,0.0,0.0,0.0,2.1148712580325246,0.0,0.9206669853129835,0.0,0.7624665424850481,0.0,2.8570776392131534,2.857056015091817,2.8570453623254575,1.7043100527370756,1.4285625682457364,12.44659453807197,4.593518016287198,13.481578899385473,16.688286167449807,2.1148712451775107,15.134454384041273,3.6666337783776353,10.968264548566374,10.968264521079051,2.8570776264280395,2.857066742719782,2.8570451233550607,2.394810714759114,1.4285625618547022,0.0,0.0,0.0,0.0,2.114871245076496,0.0,0.9206669676557138,0.0,0.7624665339180884,2.857077639210867,2.857056015080198,2.8570451361297127,1.7043100099332529,1.4285625682457364],"D":[0.8381303115132619,0.9140581640193692,0.9140581640193692,0.4528452885605357,0.9056905740962531,0.712571252517833,0.9157203501703521,0.9140581640193692,0.9140581640193692,0.49999432309731995,0.4999962147169049,0.49999432335886546,0.6263592544539199,0.4999984617242123,0.0,0.0,0.0,0.45284528547038344,0.0,0.20314909757710242,0.0,0.0,0.0,0.4999943275645877,0.4999924362025878,0.49999432781818987,0.3736331766520301,0.49999846619796445,0.8381303115132619,0.9140581640193692,0.9140581640193692,0.9056905740309191,0.4528452895323417,0.9157203500949355,0.7125712752796471,0.9140581640193692,0.9140581640193692,0.4999943230938896,0.4999962147151883,0.4999943233528632,0.6263592544539199,0.4999984617242123,0.0,0.0,0.0,0.0,0.4528452845639113,0.0,0.20314907489070502,0.0,0.0,0.4999943275680181,0.49999243620430445,0.4999943278241922,0.3736331766520301,0.49999846619796445],"Q":[0.8381303115132619,0.9140581640193692,0.9140581640193692,0.4528452885605357,0.4528452895323417,0.712571252517833,0.7125712752796471,0.9140581640193692,0.9140581640193692,0.24999716043012785,0.2499990519897427,0.24999716056160048,0.6263592544539199,0.4999984617242123,0.0,0.0,0.0,0.0,0.0,0.0,0.0,0.0,0.0,0.249997164900826,0.2499952734771422,0.24999716502692718,0.3736331766520301,0.49999846619796445,0.0,0.0,0.0,0.0,0.4528452845639113,0.0,0.20314907489070502,0.0,0.0,0.24999716266719207,0.24999716272716224,0.24999716279726497,0.0,0.0,0.0,0.0,0.0,0.45284528547038344,0.0,0.20314909757710242,0.0,0.0,0.0,0.2499971626637617,0.24999716272544562,0.2499971627912627,0.0,0.0,0.0,0.0,0.0,0.0,0.0,0.0,0.0,0.0,0.0,0.0,0.0,0.0,0.0,0.0,0.0,0.0,0.0,0.0,0.0,0.0,0.0,0.0,0.0,0.0,0.0,0.0,0.0,0.0,0.0,0.0,0.0,0.0,0.0,0.0,0.0,0.0,0.0,0.0,0.0,0.0,0.0,0.0,0.0,0.0,0.0,0.0,0.0,0.0,0.0,0.0,0.0,0.0,0.0,0.0,0.0,0.0,0.1618696884867381,0.08594183598063077,0.08594183598063077,0.0943094259690809,0.09430942590374707,0.08427964990506452,0.08427964982964789,0.08594183598063077,0.08594183598063077,1.134933809234733e-5,1.1349080507336355e-5,1.1348822944710326e-5,7.568894050005208e-6,3.0720778232411743e-6],"PI":[0.7396870144335381,1.5193966481298142,0.7596983240649071,0.11823380476599832,1.3719134266999111,1.9945501337532133e-8,1.5521800703006243,0.7596983240649071,0.7596983240649071,0.1428538989702639,0.1428533586284413,0.14285227793319644,0.1197405432708536,0.07142813193280807,0.0,0.0,0.0,0.11823380440063792,0.0,0.03641998764990758,0.0,0.0,0.0,0.1428538996084305,0.1428528188590668,0.14285227857021385,0.08521551183461712,0.07142813225235983,0.7396869836834588,0.0,0.7596983240649071,1.3719134256906464,0.11823380438093326,1.5521800488367472,0.0,0.7596983240649071,0.7596983240649071,0.14285389896916978,0.14285335862736984,0.1428522779303287,0.1197405432708536,0.07142813193280807,0.0,0.0,0.0,0.0,0.11823380379349674,0.0,0.036419982064379686,0.0,0.0,0.1428538996083165,0.14285281885848577,0.142852278569061,0.08521550969442555,0.07142813225235983],"CS":[0.260137665643402,0.35058350533524574,0.35058350533524574,0.3373105910119736,0.3373105911109391,0.3533735491435894,0.3533735492714236,0.35058350533524574,0.35058350533524574,1.6266215905131822,1.626624832841149,1.6266280749609279,1.6844947996600916,1.813308058559058],"pr_entry":[0.0,0.0,0.0,0.0,0.0,0.0,0.0,0.0,0.0,0.0,0.0,0.0,0.0,0.0,0.052871782225882805,0.023016674228782362,0.019061663186318654,0.0,0.07142694051591376,0.0,0.07142639990086184,0.0,0.042607751076380485,0.0,0.0,0.0,0.0,0.0,0.0,0.0,0.0,0.0,0.0,0.0,0.0,0.0,0.0,0.0,0.0,0.0,0.0,0.0,0.052871781901982086,0.02301667378735062,0.01906166297214468,0.0714269405158566,0.0,0.07142639990057136,0.0,0.04260775000628493,0.0,0.0,0.0,0.0,0.0,0.0],"pr_exit":[0.0,0.0,0.0,0.0,0.0,0.25,0.0,0.25,0.0,0.0,0.0,0.0,0.0,0.0,0.0,0.0,0.0,0.0,0.0,0.019833257712176394,0.0,0.05938336813681344,0.0,0.0,0.0,0.0,0.0,0.0,0.0,0.0,0.0,0.0,0.0,0.0,0.25,0.0,0.25,0.0,0.0,0.0,0.0,0.0,0.0,0.0,0.0,0.0,0.0,0.0,0.019833262126493806,0.0,0.0593833702785532,0.0,0.0,0.0,0.0,0.0],"pr_merger":[0.25,0.0,0.0,0.25,0.25,0.0,0.0,0.0,0.0,0.0,0.0,0.0,0.0,0.0,0.0,0.0,0.0,0.0,0.0,0.0,0.0,0.0,0.0,0.0,0.0,0.0,0.0,0.0,0.0,0.0,0.0,0.0,0.25,0.0,0.0,0.0,0.0,0.0,0.0,0.0,0.0,0.0,0.0,0.0,0.0,0.25,0.0,0.0,0.0,0.0,0.0,0.0,0.0,0.0,0.0,0.0],"pr_bundling":[0.0,0.11151146939245216,0.0,0.0,0.0,0.25,0.25,0.0,0.0,0.0,0.0,0.0,0.0,0.0,0.0,0.0,0.0,0.0,0.0,0.0,0.0,0.0,0.0,0.0,0.0,0.0,0.0,0.0,0.0,0.11151146939245216,0.0,0.0,0.0,0.25,0.25,0.0,0.0,0.0,0.0,0.0,0.0,0.0,0.0,0.0,0.0,0.0,0.0,0.0,0.0,0.0,0.0,0.0,0.0,0.0,0.0,0.0],"active_firms":[true,true,true,true,true,true,true,true,true,true,true,true,true,true,false,false,false,true,false,true,false,true,false,true,true,true,true,true,true,true,true,true,true,true,true,true,true,true,true,true,true,true,false,false,false,false,true,false,true,false,true,true,true,true,true,true,true,true,true,true,true,true,true,true,true,true,true,true,true,true],