{"modelname":"privacy","policy":"nolearning","smax":[5,1],"alpha":0.0,"beta":0.95,"c":1.0,"gamma":0.0,"sigma":4.0,"p0":1.0,"accuracy":1.0e-8,"cost_entry":[0.0,10.0],"value_exit":[0.0,1.0],"cost_merger":[0.0,1.0],"cost_bundling":[0.0,1.0],"entry":true,"exit":true,"mergers":true,"bundling":true,"filename":"a0g0s40","verbose":true,"firms":[1,2,3,4],"rival":[2,1,4,3],"partner":[3,4,1,2],"merger_pairs":[1,2,1,2,3,4,4,3],"outcomes":[1,0,1,0,1,0,0,0,0,0,1,0,1,0,1,0,0,0,1,0,0,1,0,0,1,0,0,0,1,1,0,0,0,0,1,0,0,0,0,0,1,1,1,1,2],"ownership":[0,3,0,3,0,0,4,4,0,1,0,1,0,0,2,2],"S":[1,1,1,1,1,1,1,1,1,1,1,1,1,1,0,0,0,1,0,1,0,1,0,1,1,1,1,1,1,1,1,1,1,1,1,1,1,1,1,1,1,1,0,0,0,0,1,0,1,0,1,1,1,1,1,1,0,1,1,0,0,1,1,1,1,0,1,3,1,3,0,0,1,0,0,0,0,1,1,0,0,0,1,1],"ms":14,"mc":[1.0,1.0,1.0,1.0,1.0,1.0,1.0,1.0,1.0,1.0,1.0,1.0,1.0,1.0,0.0,0.0,0.0,1.0,0.0,1.0,0.0,1.0,0.0,1.0,1.0,1.0,1.0,1.0,1.0,1.0,1.0,1.0,1.0,1.0,1.0,1.0,1.0,1.0,1.0,1.0,1.0,1.0,0.0,0.0,0.0,0.0,1.0,0.0,1.0,0.0,1.0,1.0,1.0,1.0,1.0,1.0],"db":[0.0,0.0,0.0,0.0,0.0,0.0,0.0,0.0,0.0,0.0,0.0,0.0,0.0,0.0,1.0,1.0,1.0,0.0,1.0,0.0,1.0,0.0,1.0,0.0,0.0,0.0,0.0,0.0,0.0,0.0,0.0,0.0,0.0,0.0,0.0,0.0,0.0,0.0,0.0,0.0,0.0,0.0,1.0,1.0,1.0,1.0,0.0,1.0,0.0,1.0,0.0,0.0,0.0,0.0,0.0,0.0],"P":[0.8837297924350296,1.5817945753091718,0.7908972876545859,0.42304672728371395,1.3743624419598235,2.2342668369798786e-8,1.6356628481857036,0.7908972876545859,0.7908972876545859,0.49777105564040197,0.4963211155825011,0.4956360769920892,0.3332828753468712,0.24969168063902933,0.5,0.5,0.5,0.42304672863628395,0.5,0.30893285522512,0.5,0.0,0.5,0.49777105757354206,0.49706101474604875,0.4956360752449498,0.3981150409468423,0.24969167961588631,0.8837297762397136,0.0,0.7908972876545859,1.374362438463943,0.4230467284981579,1.6356628295682705,0.0,0.7908972876545859,0.7908972876545859,0.49777105338642863,0.49632111260204637,0.4956360729726339,0.3332828753468712,0.24969168063902933,0.5,0.5,0.5,0.5,0.42304672540276295,0.5,0.30893284837212515,0.5,0.0,0.497771056390552,0.49706101697369315,0.4956360752959212,0.39811503229750533,0.24969167961588631],"V":[9.04065772174122,13.71576668199116,9.990542347350253,3.536416782855108,10.89417404747492,3.6471925899045665,11.927034319618253,7.967873885064927,7.967873836776697,4.955415210582684,4.948483722554093,4.934536017620118,4.165652943371553,2.493831314034182,0.0,0.0,0.0,3.536416779132938,0.0,2.4683264417584447,0.0,1.7316409675027435,0.0,4.955415191509562,4.941214419607098,4.934536034710937,2.962297346764482,2.4938313242277705,9.040657684605593,5.752646580270996,9.990542347350253,10.894174086302996,3.536416778079649,11.927033306227816,3.6471915077975883,7.967873885064927,7.967873836776697,4.955415198758159,4.948482755569215,4.934534737822628,4.165652943371553,2.493831314034182,0.0,0.0,0.0,0.0,3.5364167753623255,0.0,2.4683264575182595,0.0,1.731640945510954,4.955415169118298,4.941214390206968,4.934534715095826,2.96229728240645,2.4938313242277705],"D":[0.7171080948985186,0.8419516643508943,0.8419516643508943,0.40904873782155593,0.8180974719500336,0.6563941040645361,0.8471567656868868,0.8419516643508943,0.8419516643508943,0.4977610804066336,0.498516872460433,0.4977988255380761,0.6249432261677328,0.49938259982908834,0.0,0.0,0.0,0.40904873560848765,0.0,0.19076266149946067,0.0,0.0,0.0,0.497761076557666,0.4970436447479053,0.49779882901697176,0.37204079687409336,0.4993826039166069,0.7171080948985186,0.8419516643508943,0.8419516643508943,0.8180974734300436,0.4090487334426821,0.8471567655639968,0.6563941133176667,0.8419516643508943,0.8419516643508943,0.49776108147282117,0.4985168776453994,0.4977988295905833,0.6249432261677328,0.49938259982908834,0.0,0.0,0.0,0.0,0.4090487385073515,0.0,0.19076265236922013,0.0,0.0,0.49776107549147836,0.49704363956293884,0.49779882496446454,0.37204079687409336,0.4993826039166069],"Q":[0.7171080948985186,0.8419516643508943,0.8419516643508943,0.40904873782155593,0.4090487334426821,0.6563941040645361,0.6563941133176667,0.8419516643508943,0.8419516643508943,0.24888054169865248,0.24962729077424628,0.2488994139255677,0.6249432261677328,0.49938259982908834,0.0,0.0,0.0,0.0,0.0,0.0,0.0,0.0,0.0,0.24888053678349728,0.24815405787675213,0.24889941335195617,0.37204079687409336,0.4993826039166069,0.0,0.0,0.0,0.0,0.4090487385073515,0.0,0.19076265236922013,0.0,0.0,0.24888053870798107,0.24888958168618674,0.24889941161250836,0.0,0.0,0.0,0.0,0.0,0.40904873560848765,0.0,0.19076266149946067,0.0,0.0,0.0,0.24888053977416869,0.24888958687115315,0.24889941566501558,0.0,0.0,0.0,0.0,0.0,0.0,0.0,0.0,0.0,0.0,0.0,0.0,0.0,0.0,0.0,0.0,0.0,0.0,0.0,0.0,0.0,0.0,0.0,0.0,0.0,0.0,0.0,0.0,0.0,0.0,0.0,0.0,0.0,0.0,0.0,0.0,0.0,0.0,0.0,0.0,0.0,0.0,0.0,0.0,0.0,0.0,0.0,0.0,0.0,0.0,0.0,0.0,0.0,0.0,0.0,0.0,0.0,0.0,0.2828919051014814,0.1580483356491056,0.1580483356491056,0.18190252656995648,0.1819025280499664,0.1528432344360032,0.15284323431311297,0.1580483356491056,0.1580483356491056,0.004477843035700531,0.004439482791661636,0.004402345444952097,0.003015976958173749,0.0012347962543048715],"PI":[0.6337297878581473,1.3317945753427731,0.6658972876713866,0.17304672983494318,1.1243624393104064,1.4665595787005124e-8,1.385662848223202,0.6658972876713866,0.6658972876713866,0.247771058450717,0.24742445027626153,0.24672705702096148,0.208282875345732,0.12469168063321291,0.0,0.0,0.0,0.17304672945197894,0.0,0.05893285368737145,0.0,0.0,0.0,0.24777105749705425,0.24706101843146838,0.2467270578755037,0.1481150370814255,0.12469168114289246,0.6337297762443551,0.0,0.6658972876713866,1.1243624384845055,0.17304672847924168,1.3856628322503108,0.0,0.6658972876713866,0.6658972876713866,0.2477710578594941,0.24742445136386285,0.24672705702865008,0.208282875345732,0.12469168063321291,0.0,0.0,0.0,0.0,0.17304672935566612,0.0,0.0589328495594447,0.0,0.0,0.2477710563774905,0.24706101696146016,0.24672705589230842,0.1481150338635193,0.12469168114289246],"CS":[0.3156726037691615,0.4612135927274825,0.4612135927274825,0.4260710759175528,0.42607107388348275,0.4695856235980793,0.4695856237990863,0.4612135927274825,0.4612135927274825,1.3521534534355668,1.354304349421949,1.356404456102674,1.4509578671821066,1.6742123246959095],"pr_entry":[0.0,0.0,0.0,0.0,0.0,0.0,0.0,0.0,0.0,0.0,0.0,0.0,0.0,0.0,0.0884104096500437,0.06170815041629637,0.04329101786489388,0.0,0.12388537194769758,0.0,0.12353035266251658,0.0,0.0740574292021857,0.0,0.0,0.0,0.0,0.0,0.0,0.0,0.0,0.0,0.0,0.0,0.0,0.0,0.0,0.0,0.0,0.0,0.0,0.0,0.08841040955577817,0.06170815081029144,0.0432910173150993,0.123885371387916,0.0,0.12353035192751335,0.0,0.07405742759323503,0.0,0.0,0.0,0.0,0.0,0.0],"pr_exit":[0.0,0.0,0.0,0.0,0.0,0.25,0.0,0.25,0.0,0.0,0.0,0.0,0.0,0.0,0.0,0.0,0.0,0.0,0.0,0.0,0.0,0.0,0.0,0.0,0.0,0.0,0.0,0.0,0.0,0.0,0.0,0.0,0.0,0.0,0.25,0.0,0.25,0.0,0.0,0.0,0.0,0.0,0.0,0.0,0.0,0.0,0.0,0.0,0.0,0.0,0.0,0.0,0.0,0.0,0.0,0.0],"pr_merger":[0.25,0.0,0.0,0.25,0.25,0.0,0.0,0.0,0.0,0.0,0.0,0.0,0.0,0.0,0.0,0.0,0.0,0.0,0.0,0.0,0.0,0.0,0.0,0.0,0.0,0.0,0.0,0.0,0.0,0.0,0.0,0.0,0.25,0.0,0.0,0.0,0.0,0.0,0.0,0.0,0.0,0.0,0.0,0.0,0.0,0.25,0.0,0.0,0.0,0.0,0.0,0.0,0.0,0.0,0.0,0.0],"pr_bundling":[0.0,0.1607560388926519,0.0,0.0,0.0,0.1249176039891915,0.12491759467452768,0.0,0.0,0.0,0.0,0.0,0.0,0.0,0.0,0.0,0.0,0.0,0.0,0.0,0.0,0.0,0.0,0.0,0.0,0.0,0.0,0.0,0.0,0.1607560388926519,0.0,0.0,0.0,0.1249176039891915,0.12491759467452768,0.0,0.0,0.0,0.0,0.0,0.0,0.0,0.0,0.0,0.0,0.0,0.0,0.0,0.0,0.0,0.0,0.0,0.0,0.0,0.0,0.0],"active_firms":[true,true,true,true,true,true,true,true,true,true,true,true,true,true,false,false,false,true,false,true,false,true,false,true,true,true,true,true,true,true,true,true,true,true,true,true,true,true,true,true,true,true,false,false,false,false,true,false,true,false,true,true,true,true,true,true,true,true,true,true,true,true,true,true,true,true,true,true,true,true],