{"modelname":"privacy","policy":"nolearning","smax":[5,1],"alpha":0.0,"beta":0.95,"c":1.0,"gamma":0.0,"sigma":3.0,"p0":1.0,"accuracy":1.0e-8,"cost_entry":[0.0,10.0],"value_exit":[0.0,1.0],"cost_merger":[0.0,1.0],"cost_bundling":[0.0,1.0],"entry":true,"exit":true,"mergers":true,"bundling":true,"filename":"a0g0s30","verbose":true,"firms":[1,2,3,4],"rival":[2,1,4,3],"partner":[3,4,1,2],"merger_pairs":[1,2,1,2,3,4,4,3],"outcomes":[1,0,1,0,1,0,0,0,0,0,1,0,1,0,1,0,0,0,1,0,0,1,0,0,1,0,0,0,1,1,0,0,0,0,1,0,0,0,0,0,1,1,1,1,2],"ownership":[0,3,0,3,0,0,4,4,0,1,0,1,0,0,2,2],"S":[1,1,1,1,1,1,1,1,1,1,1,1,1,1,0,0,0,1,0,1,0,1,0,1,1,1,1,1,1,1,1,1,1,1,1,1,1,1,1,1,1,1,0,0,0,0,1,0,1,0,1,1,1,1,1,1,0,1,1,0,0,1,1,1,1,0,1,3,1,3,0,0,1,0,0,0,0,1,1,0,0,0,1,1],"ms":14,"mc":[1.0,1.0,1.0,1.0,1.0,1.0,1.0,1.0,1.0,1.0,1.0,1.0,1.0,1.0,0.0,0.0,0.0,1.0,0.0,1.0,0.0,1.0,0.0,1.0,1.0,1.0,1.0,1.0,1.0,1.0,1.0,1.0,1.0,1.0,1.0,1.0,1.0,1.0,1.0,1.0,1.0,1.0,0.0,0.0,0.0,0.0,1.0,0.0,1.0,0.0,1.0,1.0,1.0,1.0,1.0,1.0],"db":[0.0,0.0,0.0,0.0,0.0,0.0,0.0,0.0,0.0,0.0,0.0,0.0,0.0,0.0,1.0,1.0,1.0,0.0,1.0,0.0,1.0,0.0,1.0,0.0,0.0,0.0,0.0,0.0,0.0,0.0,0.0,0.0,0.0,0.0,0.0,0.0,0.0,0.0,0.0,0.0,0.0,0.0,1.0,1.0,1.0,1.0,0.0,1.0,0.0,1.0,0.0,0.0,0.0,0.0,0.0,0.0],"P":[0.9089501435512102,1.5644804529636394,0.7822402264818197,0.5332301476506541,1.332044653007522,3.1067027440833256e-8,1.6326464803814376,0.7822402264818197,0.7822402264818197,0.6476849784945562,0.6366419166533492,0.6326878606218375,0.4346408772606287,0.3303872238200719,0.5,0.5,0.5,0.5332301517861805,0.5,0.4071069618973355,0.5,0.0,0.5,0.6476849820028658,0.6428556419408896,0.6326878565872252,0.5230565508489962,0.330387225422945,0.908950132940562,0.0,0.7822402264818197,1.3320446517738618,0.5332301555604205,1.6326464520420303,0.0,0.7822402264818197,0.7822402264818197,0.6476849666061001,0.6366419045050387,0.6326878474506067,0.4346408772606287,0.3303872238200719,0.5,0.5,0.5,0.5,0.5332301505315451,0.5,0.40710693789695807,0.5,0.0,0.6476849709931282,0.6428556300159038,0.6326878495070786,0.5230565343925119,0.330387225422945],"V":[8.44498280937174,11.05848984086488,9.18763432470774,5.522373499933107,9.845413455117523,4.660861723392973,11.255602596562397,7.840229968450061,7.840229918251521,6.28701779042237,6.245949671994866,6.156970924612055,5.359471786513386,3.2744044424569134,0.0,0.0,0.0,5.522373489815189,0.0,4.993874728652752,0.0,2.44043255500798,0.0,6.28701775830689,6.190431202584611,6.156970959872387,3.794455243198915,3.274404426851958,8.444982766573892,6.771897296214243,9.18763432470774,9.845413424898094,5.522373415834639,11.255601553213648,4.660860653850539,7.840229968450061,7.840229918251521,6.287017683309015,6.245948647305182,6.156968958787591,5.359471786513386,3.2744044424569134,0.0,0.0,0.0,0.0,5.522373408520913,0.0,4.993874630316723,0.0,2.4404325056256377,6.287017643149638,6.190431085658951,6.15696894081513,3.7944551238172424,3.274404426851958],"D":[0.6332765448250753,0.7869367222334759,0.7869367222334759,0.37487907155195827,0.7497581358856062,0.6146181851168236,0.7958325103961057,0.7869367222334759,0.7869367222334759,0.48534651194074374,0.4905397977233975,0.48657362296502793,0.616541666029833,0.49554143661105626,0.0,0.0,0.0,0.37487906690099154,0.0,0.18121432473406243,0.0,0.0,0.0,0.48534650683250624,0.4814802616317722,0.4865736288544357,0.36272026340797825,0.49554143184531596,0.6332765448250753,0.7869367222334759,0.7869367222334759,0.7497581384529498,0.3748790651149728,0.795832509850886,0.6146181885048504,0.7869367222334759,0.7869367222334759,0.4853465125804681,0.4905397978861905,0.48657362741066923,0.616541666029833,0.49554143661105626,0.0,0.0,0.0,0.0,0.3748790707706335,0.0,0.18121432189125525,0.0,0.0,0.48534650619278186,0.48148026146897926,0.48657362440879437,0.36272026340797825,0.49554143184531596],"Q":[0.6332765448250753,0.7869367222334759,0.7869367222334759,0.37487907155195827,0.3748790651149728,0.6146181851168236,0.6146181885048504,0.7869367222334759,0.7869367222334759,0.24267325756729338,0.24755589240617085,0.24328681223298268,0.616541666029833,0.49554143661105626,0.0,0.0,0.0,0.0,0.0,0.0,0.0,0.0,0.0,0.2426732518193315,0.23849635615175255,0.24328681367674918,0.36272026340797825,0.49554143184531596,0.0,0.0,0.0,0.0,0.3748790707706335,0.0,0.18121432189125525,0.0,0.0,0.24267325437345033,0.2429839053172267,0.24328681073204522,0.0,0.0,0.0,0.0,0.0,0.37487906690099154,0.0,0.18121432473406243,0.0,0.0,0.0,0.24267325501317472,0.24298390548001966,0.24328681517768655,0.0,0.0,0.0,0.0,0.0,0.0,0.0,0.0,0.0,0.0,0.0,0.0,0.0,0.0,0.0,0.0,0.0,0.0,0.0,0.0,0.0,0.0,0.0,0.0,0.0,0.0,0.0,0.0,0.0,0.0,0.0,0.0,0.0,0.0,0.0,0.0,0.0,0.0,0.0,0.0,0.0,0.0,0.0,0.0,0.0,0.0,0.0,0.0,0.0,0.0,0.0,0.0,0.0,0.0,0.0,0.0,0.0,0.0,0.36672345517492466,0.21306327776652415,0.21306327776652415,0.2502418615470502,0.2502418641143937,0.20416749014911384,0.20416748960389441,0.21306327776652415,0.21306327776652415,0.029306981226749997,0.02797994064483018,0.026852748180536356,0.02073807056218871,0.008917131543627697],"PI":[0.5756168063263666,1.23114711965355,0.615573559826775,0.19989682267479084,0.9987113159553089,1.9094360022659496e-8,1.2993131470713257,0.615573559826775,0.615573559826775,0.31435164514874847,0.31229819701737005,0.30784922454876007,0.2679742105909362,0.16372055952973702,0.0,0.0,0.0,0.19989682174507742,0.0,0.07377361319476133,0.0,0.0,0.0,0.31435164354296563,0.3095223026731604,0.30784922631178097,0.18972320990121647,0.16372055874948735,0.575616799606892,0.0,0.615573559826775,0.9987113184501784,0.19989682220760197,1.2993131236277533,0.0,0.615573559826775,0.615573559826775,0.3143516397930676,0.31229819116178104,0.30784922095268985,0.2679742105909362,0.16372055952973702,0.0,0.0,0.0,0.0,0.19989682333815065,0.0,0.07377360768822262,0.0,0.0,0.314351637785088,0.3095222968268628,0.30784922005406506,0.18972320393211614,0.16372055874948735],"CS":[0.33438241436877014,0.5153886928919267,0.5153886928919267,0.4617757942020482,0.46177579078223197,0.5296048639520281,0.5296048648421785,0.5153886928919267,0.5153886928919267,1.1766431747385484,1.1920891436965966,1.2057957033907942,1.291928036765563,1.573260319977768],"pr_entry":[0.0,0.0,0.0,0.0,0.0,0.0,0.0,0.0,0.0,0.0,0.0,0.0,0.0,0.0,0.1380593139323132,0.1248468448986461,0.061010797887956304,0.0,0.15717542407273488,0.0,0.15476076052398552,0.0,0.09486136929730787,0.0,0.0,0.0,0.0,0.0,0.0,0.0,0.0,0.0,0.0,0.0,0.0,0.0,0.0,0.0,0.0,0.0,0.0,0.0,0.13805931189995674,0.12484684244024583,0.06101079665339838,0.15717542119380395,0.0,0.15476075760084446,0.0,0.0948613663127665,0.0,0.0,0.0,0.0,0.0,0.0],"pr_exit":[0.0,0.0,0.0,0.0,0.0,0.25,0.0,0.25,0.0,0.0,0.0,0.0,0.0,0.0,0.0,0.0,0.0,0.0,0.0,0.0,0.0,0.0,0.0,0.0,0.0,0.0,0.0,0.0,0.0,0.0,0.0,0.0,0.0,0.0,0.25,0.0,0.25,0.0,0.0,0.0,0.0,0.0,0.0,0.0,0.0,0.0,0.0,0.0,0.0,0.0,0.0,0.0,0.0,0.0,0.0,0.0],"pr_merger":[0.22070727250115407,0.0,0.0,0.11444930742134396,0.11444931274713843,0.0,0.0,0.0,0.0,0.0,0.0,0.0,0.0,0.0,0.0,0.0,0.0,0.0,0.0,0.0,0.0,0.0,0.0,0.0,0.0,0.0,0.0,0.0,0.0,0.0,0.0,0.0,0.11444931586620077,0.0,0.0,0.0,0.0,0.0,0.0,0.0,0.0,0.0,0.0,0.0,0.0,0.11444931081519116,0.0,0.0,0.0,0.0,0.0,0.0,0.0,0.0,0.0,0.0],"pr_bundling":[0.0,0.17348793539512686,0.0,0.0,0.0,0.0,0.0,0.0,0.0,0.0,0.0,0.0,0.0,0.0,0.0,0.0,0.0,0.0,0.0,0.0,0.0,0.0,0.0,0.0,0.0,0.0,0.0,0.0,0.0,0.17348793539512686,0.0,0.0,0.0,0.0,0.0,0.0,0.0,0.0,0.0,0.0,0.0,0.0,0.0,0.0,0.0,0.0,0.0,0.0,0.0,0.0,0.0,0.0,0.0,0.0,0.0,0.0],"active_firms":[true,true,true,true,true,true,true,true,true,true,true,true,true,true,false,false,false,true,false,true,false,true,false,true,true,true,true,true,true,true,true,true,true,true,true,true,true,true,true,true,true,true,false,false,false,false,true,false,true,false,true,true,true,true,true,true,true,true,true,true,true,true,true,true,true,true,true,true,true,true],