{"modelname":"privacy","policy":"nolearning","smax":[5,1],"alpha":1.0,"beta":0.95,"c":1.0,"gamma":0.0,"sigma":6.0,"p0":1.0,"accuracy":1.0e-8,"cost_entry":[0.0,10.0],"value_exit":[0.0,1.0],"cost_merger":[0.0,1.0],"cost_bundling":[0.0,1.0],"entry":true,"exit":true,"mergers":true,"bundling":true,"filename":"a100g0s60","verbose":true,"firms":[1,2,3,4],"rival":[2,1,4,3],"partner":[3,4,1,2],"merger_pairs":[1,2,1,2,3,4,4,3],"outcomes":[1,0,1,0,1,0,0,0,0,0,1,0,1,0,1,0,0,0,1,0,0,1,0,0,1,0,0,0,1,1,0,0,0,0,1,0,0,0,0,0,1,1,1,1,2],"ownership":[0,3,0,3,0,0,4,4,0,1,0,1,0,0,2,2],"S":[1,1,1,1,1,1,1,1,1,1,1,1,1,1,0,0,0,1,0,1,0,1,0,1,1,1,1,1,1,1,1,1,1,1,1,1,1,1,1,1,1,1,0,0,0,0,1,0,1,0,1,1,1,1,1,1,0,1,1,0,0,1,1,1,1,0,1,3,1,3,0,0,1,0,0,0,0,1,1,0,0,0,1,1],"ms":14,"mc":[0.0,0.0,0.0,0.0,0.0,0.0,0.0,0.0,0.0,0.0,0.0,0.0,0.0,0.0,0.0,0.0,0.0,0.0,0.0,0.0,0.0,0.0,0.0,0.0,0.0,0.0,0.0,0.0,1.0,1.0,1.0,1.0,1.0,1.0,1.0,1.0,1.0,1.0,1.0,1.0,1.0,1.0,0.0,0.0,0.0,0.0,1.0,0.0,1.0,0.0,1.0,1.0,1.0,1.0,1.0,1.0],"db":[1.0,1.0,1.0,1.0,1.0,1.0,1.0,1.0,1.0,1.0,1.0,1.0,1.0,1.0,1.0,1.0,1.0,1.0,1.0,1.0,1.0,1.0,1.0,1.0,1.0,1.0,1.0,1.0,0.0,0.0,0.0,0.0,0.0,0.0,0.0,0.0,0.0,0.0,0.0,0.0,0.0,0.0,1.0,1.0,1.0,1.0,0.0,1.0,0.0,1.0,0.0,0.0,0.0,0.0,0.0,0.0],"P":[1.3375408574789742,2.556191032266574,1.278095516133287,0.3114625758273212,2.373508318449344,2.982347106716686e-8,2.5950974967082354,1.2780955161331073,1.278095516133287,0.3333332656653214,0.3333332194678341,0.3333331963692982,0.22303271793123106,0.16666665810187486,0.5,0.5,0.5,0.3114625776618929,0.5,0.21009127142588202,0.5,0.5,0.5,0.33333326725412454,0.33333324415893006,0.3333331979558977,0.2660864390097578,0.16666665889700616,1.337540799015135,0.0,1.278095516133287,2.3735083126494296,0.3114625695111149,2.5950974707932537,0.0,1.2780955161331073,1.278095516133287,0.33333326258240764,0.33333321638701136,0.33333319329031547,0.22303271793123106,0.16666665810187486,0.5,0.5,0.5,0.5,0.311462571506912,0.5,0.210091258465493,0.5,0.0,0.3333332610904579,0.33333323799266,0.33333319179364135,0.2660864306681551,0.16666665889700616],"V":[17.63401292347774,30.285105643154246,19.20770683081724,2.489846744056602,22.242733672081624,4.162549815344574,22.963313970193397,14.054751882237515,14.054751885738606,3.3333314331671535,3.333331374508483,3.3333309227450245,2.793987369252697,1.6666663428668451,0.0,0.0,0.0,2.4898467407057696,0.0,1.1659502791036727,0.0,0.9658144434387471,0.0,3.3333314172793056,3.333330945905234,3.3333309068790493,1.9883951431377604,1.6666663349155304,17.63401267572257,7.610356888217213,19.20770683081724,22.242733668669892,2.489846716755265,22.96331352440944,4.162549367249101,14.054751882237515,14.054751885738606,3.3333313715307726,3.3333310291572222,3.3333305458786726,2.793987369252697,1.6666663428668451,0.0,0.0,0.0,0.0,2.4898467166063196,0.0,1.1659502545213454,0.0,0.9658144287321813,3.3333313864500993,3.3333309150970094,3.333330560845402,1.9883950808031252,1.6666663349155304],"D":[0.8753932091288258,0.9347988220093437,0.9347988220093437,0.46489023158943704,0.9297804582322975,0.729082372165522,0.9357763372362363,0.9347988220094752,0.9347988220093437,0.49999989844222226,0.4999999330956975,0.4999998984390034,0.6263627412689932,0.49999997425160464,0.0,0.0,0.0,0.4648902264721906,0.0,0.20669396500444523,0.0,0.0,0.0,0.49999989367581377,0.49999985902242494,0.4999998936792056,0.37363712009763506,0.4999999694808167,0.8753932091288258,0.9347988220093437,0.9347988220093437,0.9297804580616276,0.4648902318996283,0.9357763371699672,0.7290823885108841,0.9347988220094752,0.9347988220093437,0.49999989382109394,0.4999999284675275,0.4999998938140938,0.6263627412689932,0.49999997425160464,0.0,0.0,0.0,0.0,0.46489022633266913,0.0,0.20669394872535218,0.0,0.0,0.499999898296942,0.49999986365059496,0.4999998983041152,0.37363712009763506,0.4999999694808167],"Q":[0.8753932091288258,0.9347988220093437,0.9347988220093437,0.46489023158943704,0.4648902318996283,0.729082372165522,0.7290823885108841,0.9347988220094752,0.9347988220093437,0.2499999481021491,0.2499999827520831,0.24999994809699633,0.6263627412689932,0.49999997425160464,0.0,0.0,0.0,0.0,0.0,0.0,0.0,0.0,0.0,0.2499999479568689,0.24999991330698054,0.24999994796210817,0.37363712009763506,0.4999999694808167,0.0,0.0,0.0,0.0,0.46489022633266913,0.0,0.20669394872535218,0.0,0.0,0.24999995034007313,0.2499999503436144,0.24999995034200703,0.0,0.0,0.0,0.0,0.0,0.4648902264721906,0.0,0.20669396500444523,0.0,0.0,0.0,0.24999994571894485,0.24999994571544443,0.24999994571709747,0.0,0.0,0.0,0.0,0.0,0.0,0.0,0.0,0.0,0.0,0.0,0.0,0.0,0.0,0.0,0.0,0.0,0.0,0.0,0.0,0.0,0.0,0.0,0.0,0.0,0.0,0.0,0.0,0.0,0.0,0.0,0.0,0.0,0.0,0.0,0.0,0.0,0.0,0.0,0.0,0.0,0.0,0.0,0.0,0.0,0.0,0.0,0.0,0.0,0.0,0.0,0.0,0.0,0.0,0.0,0.0,0.0,0.0,0.12460679087117423,0.06520117799065618,0.06520117799065618,0.07021954193837238,0.07021954176770252,0.06422366283003272,0.0642236627637637,0.06520117799052474,0.06520117799065618,2.0788196397246313e-7,2.0788187754398588e-7,2.0788179110843283e-7,1.3863337176708272e-7,5.6267578678987906e-8],"PI":[1.1708741835694407,2.389524365793642,1.194762182896821,0.14479590900780592,2.206841651946001,2.1743767031859822e-8,2.428430830240558,1.194762182896821,1.194762182896821,0.166666598980075,0.16666658743249052,0.16666656433099747,0.13969938459608,0.08333332475953843,0.0,0.0,0.0,0.14479590826684963,0.0,0.043424597903840664,0.0,0.0,0.0,0.1666665981856739,0.1666665750869526,0.16666656353769846,0.09941977076864092,0.08333332436197277,1.1708741323905927,0.0,1.194762182896821,2.2068416461482676,0.1447959061680763,2.428430805817957,0.0,1.194762182896821,1.194762182896821,0.16666659589824265,0.16666658434935655,0.16666656124987053,0.13969938459608,0.08333332475953843,0.0,0.0,0.0,0.0,0.14479590536200346,0.0,0.043424591804911324,0.0,0.0,0.16666659664421699,0.16666657354654132,0.16666656199820679,0.09941976765190852,0.08333332436197277],"CS":[0.34709869545669014,0.45504629047856504,0.45504629047856504,0.44268810524984414,0.44268810565493055,0.45756392604800955,0.457563926219984,0.455046290478901,0.45504629047856504,2.5643825665374904,2.5643826358304147,2.5643827051290407,2.631905500272098,2.782191222472373],"pr_entry":[0.0,0.0,0.0,0.0,0.0,0.0,0.0,0.0,0.0,0.0,0.0,0.0,0.0,0.0,0.062246170169392476,0.02914875638405811,0.024145360543548943,0.0,0.08333328471299031,0.0,0.08333327291627056,0.0,0.04970987822023999,0.0,0.0,0.0,0.0,0.0,0.0,0.0,0.0,0.0,0.0,0.0,0.0,0.0,0.0,0.0,0.0,0.0,0.0,0.0,0.062246169566906276,0.029148755769499945,0.024145360175884818,0.08333328394226008,0.0,0.08333327214606497,0.0,0.04970987666187413,0.0,0.0,0.0,0.0,0.0,0.0],"pr_exit":[0.0,0.0,0.0,0.0,0.0,0.25,0.0,0.25,0.0,0.0,0.0,0.0,0.0,0.0,0.0,0.0,0.0,0.0,0.0,0.0,0.0,0.008546394564510562,0.0,0.0,0.0,0.0,0.0,0.0,0.0,0.0,0.0,0.0,0.0,0.0,0.25,0.0,0.25,0.0,0.0,0.0,0.0,0.0,0.0,0.0,0.0,0.0,0.0,0.0,0.0,0.0,0.008546398241151804,0.0,0.0,0.0,0.0,0.0],"pr_merger":[0.25,0.0,0.0,0.25,0.25,0.0,0.0,0.0,0.0,0.0,0.0,0.0,0.0,0.0,0.0,0.0,0.0,0.0,0.0,0.0,0.0,0.0,0.0,0.0,0.0,0.0,0.0,0.0,0.0,0.0,0.0,0.0,0.25,0.0,0.0,0.0,0.0,0.0,0.0,0.0,0.0,0.0,0.0,0.0,0.0,0.25,0.0,0.0,0.0,0.0,0.0,0.0,0.0,0.0,0.0,0.0],"pr_bundling":[0.0,0.16359138656398686,0.0,0.0,0.0,0.25,0.25,0.0,0.0,0.0,0.0,0.0,0.0,0.0,0.0,0.0,0.0,0.0,0.0,0.0,0.0,0.0,0.0,0.0,0.0,0.0,0.0,0.0,0.0,0.16359138656398686,0.0,0.0,0.0,0.25,0.25,0.0,0.0,0.0,0.0,0.0,0.0,0.0,0.0,0.0,0.0,0.0,0.0,0.0,0.0,0.0,0.0,0.0,0.0,0.0,0.0,0.0],"active_firms":[true,true,true,true,true,true,true,true,true,true,true,true,true,true,false,false,false,true,false,true,false,true,false,true,true,true,true,true,true,true,true,true,true,true,true,true,true,true,true,true,true,true,false,false,false,false,true,false,true,false,true,true,true,true,true,true,true,true,true,true,true,true,true,true,true,true,true,true,true,true],