{"modelname":"privacy","policy":"nolearning","smax":[5,1],"alpha":1.0,"beta":0.95,"c":1.0,"gamma":0.0,"sigma":3.0,"p0":1.0,"accuracy":1.0e-8,"cost_entry":[0.0,10.0],"value_exit":[0.0,1.0],"cost_merger":[0.0,1.0],"cost_bundling":[0.0,1.0],"entry":true,"exit":true,"mergers":true,"bundling":true,"filename":"a100g0s30","verbose":true,"firms":[1,2,3,4],"rival":[2,1,4,3],"partner":[3,4,1,2],"merger_pairs":[1,2,1,2,3,4,4,3],"outcomes":[1,0,1,0,1,0,0,0,0,0,1,0,1,0,1,0,0,0,1,0,0,1,0,0,1,0,0,0,1,1,0,0,0,0,1,0,0,0,0,0,1,1,1,1,2],"ownership":[0,3,0,3,0,0,4,4,0,1,0,1,0,0,2,2],"S":[1,1,1,1,1,1,1,1,1,1,1,1,1,1,0,0,0,1,0,1,0,1,0,1,1,1,1,1,1,1,1,1,1,1,1,1,1,1,1,1,1,1,0,0,0,0,1,0,1,0,1,1,1,1,1,1,0,1,1,0,0,1,1,1,1,0,1,3,1,3,0,0,1,0,0,0,0,1,1,0,0,0,1,1],"ms":14,"mc":[0.0,0.0,0.0,0.0,0.0,0.0,0.0,0.0,0.0,0.0,0.0,0.0,0.0,0.0,0.0,0.0,0.0,0.0,0.0,0.0,0.0,0.0,0.0,0.0,0.0,0.0,0.0,0.0,1.0,1.0,1.0,1.0,1.0,1.0,1.0,1.0,1.0,1.0,1.0,1.0,1.0,1.0,0.0,0.0,0.0,0.0,1.0,0.0,1.0,0.0,1.0,1.0,1.0,1.0,1.0,1.0],"db":[1.0,1.0,1.0,1.0,1.0,1.0,1.0,1.0,1.0,1.0,1.0,1.0,1.0,1.0,1.0,1.0,1.0,1.0,1.0,1.0,1.0,1.0,1.0,1.0,1.0,1.0,1.0,1.0,0.0,0.0,0.0,0.0,0.0,0.0,0.0,0.0,0.0,0.0,0.0,0.0,0.0,0.0,1.0,1.0,1.0,1.0,0.0,1.0,0.0,1.0,0.0,0.0,0.0,0.0,0.0,0.0],"P":[1.3192601517300058,2.3929551153270596,1.1964775576635298,0.575336482974011,2.099840427017699,2.89545444711147e-8,2.466007226657358,1.1964775576640672,1.1964775576635298,0.6655548605766308,0.6648205501344043,0.6644612072784052,0.445438461609682,0.33318162738615203,0.5,0.5,0.5,0.5753364803224875,0.5,0.41356249914339704,0.5,0.5,0.5,0.6655548584222377,0.6651905531309128,0.6644612030006305,0.5316702553144309,0.33318162526355277,1.319260134644301,0.0,1.1964775576635298,2.0998404164339197,0.5753364719263367,2.466007200065957,0.0,1.1964775576640672,1.1964775576635298,0.6655548600196834,0.6648205531424511,0.664461205458405,0.445438461609682,0.33318162738615203,0.5,0.5,0.5,0.5,0.5753364742730046,0.5,0.4135624777995747,0.5,0.0,0.6655548573960599,0.6651905506781659,0.6644612030609016,0.5316702375857227,0.33318162526355277],"V":[12.261003592718362,18.233800969341196,13.617969503246306,5.04508281091489,14.451306353953523,5.386849603857599,15.658263521889698,10.783388882907305,10.783388769457478,6.644423696960803,6.640813425134781,6.633578500441936,5.5754305206763215,3.330296317680679,0.0,0.0,0.0,5.045082816706236,0.0,3.34997041419075,0.0,2.5913993213199022,0.0,6.644423718396893,6.637137531650614,6.633578542866095,3.9667343681637766,3.3302963388776696,12.261003571722801,8.38496891642141,13.617969503246306,14.451306408410204,5.045082813899524,15.658262818621685,5.386848744165018,10.783388882907305,10.783388769457478,6.6444236867240765,6.640812758896147,6.633577462662476,5.5754305206763215,3.330296317680679,0.0,0.0,0.0,0.0,5.045082817579721,0.0,3.3499704865824302,0.0,2.591399264869121,6.644423712828993,6.637137561573818,6.633577486439337,3.9667342358918183,3.3302963388776696],"D":[0.747333129946166,0.8607022208275763,0.8607022208275763,0.42062888738906407,0.8412577773086891,0.670833500273503,0.8648287281330628,0.8607022208271898,0.8607022208275763,0.4991647523953774,0.4994445381741108,0.4991702046189904,0.6258368303838086,0.4997723374448757,0.0,0.0,0.0,0.42062889073498616,0.0,0.19399522762952373,0.0,0.0,0.0,0.4991647556215687,0.49889045782094565,0.49917021102500336,0.3730449693893841,0.4997723438097741,0.747333129946166,0.8607022208275763,0.8607022208275763,0.8412577781240502,0.42062889013495913,0.8648287279030267,0.670833503887698,0.8607022208271898,0.8607022208275763,0.4991647520440425,0.49944453408533585,0.4991702060268535,0.6258368303838086,0.4997723374448757,0.0,0.0,0.0,0.0,0.42062888717373,0.0,0.19399522424536472,0.0,0.0,0.49916475597290366,0.49889046190972053,0.49917020961714026,0.3730449693893841,0.4997723438097741],"Q":[0.747333129946166,0.8607022208275763,0.8607022208275763,0.42062888738906407,0.42062889013495913,0.670833500273503,0.670833503887698,0.8607022208271898,0.8607022208275763,0.2495823752154734,0.2498608640090883,0.24958510141192353,0.6258368303838086,0.4997723374448757,0.0,0.0,0.0,0.0,0.0,0.0,0.0,0.0,0.0,0.24958237879299966,0.24930678774469806,0.2495851064100734,0.3730449693893841,0.4997723438097741,0.0,0.0,0.0,0.0,0.42062888717373,0.0,0.19399522424536472,0.0,0.0,0.24958237717990397,0.24958367416502247,0.24958510320706687,0.0,0.0,0.0,0.0,0.0,0.42062889073498616,0.0,0.19399522762952373,0.0,0.0,0.0,0.24958237682856907,0.24958367007624757,0.24958510461493,0.0,0.0,0.0,0.0,0.0,0.0,0.0,0.0,0.0,0.0,0.0,0.0,0.0,0.0,0.0,0.0,0.0,0.0,0.0,0.0,0.0,0.0,0.0,0.0,0.0,0.0,0.0,0.0,0.0,0.0,0.0,0.0,0.0,0.0,0.0,0.0,0.0,0.0,0.0,0.0,0.0,0.0,0.0,0.0,0.0,0.0,0.0,0.0,0.0,0.0,0.0,0.0,0.0,0.0,0.0,0.0,0.0,0.0,0.2526668700538341,0.13929777917242364,0.13929777917242364,0.1587422218759497,0.1587422226913109,0.13517127209697327,0.13517127186693723,0.1392977791728102,0.13929777917242364,0.0016704919830540196,0.0016650040049436714,0.0016595843560062553,0.0011182002268074053,0.00045531874535017635],"PI":[0.985926818405639,2.059621782102709,1.0298108910513546,0.24200314470769543,1.766507090335838,1.942367841638268e-8,2.1326738933970244,1.0298108910513546,1.0298108910513546,0.33222152718527387,0.3320409926305358,0.33167923679854294,0.27877179494484317,0.16651496071246483,0.0,0.0,0.0,0.2420031455174191,0.0,0.08022915116035802,0.0,0.0,0.0,0.33222152825708406,0.33185721958964914,0.3316792389197523,0.1983369141190179,0.16651496177231562,0.9859268056369257,0.0,1.0298108910513546,1.7665070831442797,0.2420031416405381,2.1326738698327463,0.0,1.0298108910513546,1.0298108910513546,0.3322215266734327,0.33204099141458676,0.33167923682552347,0.27877179494484317,0.16651496071246483,0.0,0.0,0.0,0.0,0.24200314092391126,0.0,0.08022914562019717,0.0,0.0,0.3322215279786849,0.33185722108581156,0.33167923801436744,0.1983369075054125,0.16651496177231562],"CS":[0.45856112568193175,0.6570471136971403,0.6570471136971403,0.6134912128222307,0.6134912111101023,0.6670708741470479,0.6670708747143184,0.6570471136962153,0.6570471136971403,2.13154569843619,2.132642583393683,2.1337293653046734,2.265344942179719,2.5648376150150787],"pr_entry":[0.0,0.0,0.0,0.0,0.0,0.0,0.0,0.0,0.0,0.0,0.0,0.0,0.0,0.0,0.1261270600145304,0.08374924940794817,0.06478497609701642,0.0,0.16611058395104758,0.0,0.16592842926476226,0.0,0.09916835405380943,0.0,0.0,0.0,0.0,0.0,0.0,0.0,0.0,0.0,0.0,0.0,0.0,0.0,0.0,0.0,0.0,0.0,0.0,0.0,0.12612706003636703,0.08374925121773942,0.06478497468574715,0.16611058381185018,0.0,0.16592843001284227,0.0,0.09916835074701066,0.0,0.0,0.0,0.0,0.0,0.0],"pr_exit":[0.0,0.0,0.0,0.0,0.0,0.25,0.0,0.25,0.0,0.0,0.0,0.0,0.0,0.0,0.0,0.0,0.0,0.0,0.0,0.0,0.0,0.0,0.0,0.0,0.0,0.0,0.0,0.0,0.0,0.0,0.0,0.0,0.0,0.0,0.25,0.0,0.25,0.0,0.0,0.0,0.0,0.0,0.0,0.0,0.0,0.0,0.0,0.0,0.0,0.0,0.0,0.0,0.0,0.0,0.0,0.0],"pr_merger":[0.25,0.0,0.0,0.25,0.25,0.0,0.0,0.0,0.0,0.0,0.0,0.0,0.0,0.0,0.0,0.0,0.0,0.0,0.0,0.0,0.0,0.0,0.0,0.0,0.0,0.0,0.0,0.0,0.0,0.0,0.0,0.0,0.25,0.0,0.0,0.0,0.0,0.0,0.0,0.0,0.0,0.0,0.0,0.0,0.0,0.25,0.0,0.0,0.0,0.0,0.0,0.0,0.0,0.0,0.0,0.0],"pr_bundling":[0.0,0.20404886637807307,0.0,0.0,0.0,0.19422981216926716,0.19422978362423082,0.0,0.0,0.0,0.0,0.0,0.0,0.0,0.0,0.0,0.0,0.0,0.0,0.0,0.0,0.0,0.0,0.0,0.0,0.0,0.0,0.0,0.0,0.20404886637807307,0.0,0.0,0.0,0.19422981216926716,0.19422978362423082,0.0,0.0,0.0,0.0,0.0,0.0,0.0,0.0,0.0,0.0,0.0,0.0,0.0,0.0,0.0,0.0,0.0,0.0,0.0,0.0,0.0],"active_firms":[true,true,true,true,true,true,true,true,true,true,true,true,true,true,false,false,false,true,false,true,false,true,false,true,true,true,true,true,true,true,true,true,true,true,true,true,true,true,true,true,true,true,false,false,false,false,true,false,true,false,true,true,true,true,true,true,true,true,true,true,true,true,true,true,true,true,true,true,true,true],