{"modelname":"privacy","policy":"nolearning","smax":[5,1],"alpha":0.1,"beta":0.95,"c":1.0,"gamma":0.0,"sigma":8.0,"p0":1.0,"accuracy":1.0e-8,"cost_entry":[0.0,10.0],"value_exit":[0.0,1.0],"cost_merger":[0.0,1.0],"cost_bundling":[0.0,1.0],"entry":true,"exit":true,"mergers":true,"bundling":true,"filename":"a10g0s80","verbose":true,"firms":[1,2,3,4],"rival":[2,1,4,3],"partner":[3,4,1,2],"merger_pairs":[1,2,1,2,3,4,4,3],"outcomes":[1,0,1,0,1,0,0,0,0,0,1,0,1,0,1,0,0,0,1,0,0,1,0,0,1,0,0,0,1,1,0,0,0,0,1,0,0,0,0,0,1,1,1,1,2],"ownership":[0,3,0,3,0,0,4,4,0,1,0,1,0,0,2,2],"S":[1,1,1,1,1,1,1,1,1,1,1,1,1,1,0,0,0,1,0,1,0,1,0,1,1,1,1,1,1,1,1,1,1,1,1,1,1,1,1,1,1,1,0,0,0,0,1,0,1,0,1,1,1,1,1,1,0,1,1,0,0,1,1,1,1,0,1,3,1,3,0,0,1,0,0,0,0,1,1,0,0,0,1,1],"ms":14,"mc":[0.7829867216803844,0.7829867216803844,0.7829867216803844,0.7829867216803844,0.7829867216803844,0.7829867216803844,0.7829867216803844,0.7829867216803844,0.7829867216803844,0.7829867216803844,0.7829867216803844,0.7829867216803844,0.7829867216803844,0.7829867216803844,0.0,0.0,0.0,0.7829867216803844,0.0,0.7829867216803844,0.0,0.7829867216803844,0.0,0.7829867216803844,0.7829867216803844,0.7829867216803844,0.7829867216803844,0.7829867216803844,1.0,1.0,1.0,1.0,1.0,1.0,1.0,1.0,1.0,1.0,1.0,1.0,1.0,1.0,0.0,0.0,0.0,0.0,1.0,0.0,1.0,0.0,1.0,1.0,1.0,1.0,1.0,1.0],"db":[0.2170132783196156,0.2170132783196156,0.2170132783196156,0.2170132783196156,0.2170132783196156,0.2170132783196156,0.2170132783196156,0.2170132783196156,0.2170132783196156,0.2170132783196156,0.2170132783196156,0.2170132783196156,0.2170132783196156,0.2170132783196156,1.0,1.0,1.0,0.2170132783196156,1.0,0.2170132783196156,1.0,0.2170132783196156,1.0,0.2170132783196156,0.2170132783196156,0.2170132783196156,0.2170132783196156,0.2170132783196156,0.0,0.0,0.0,0.0,0.0,0.0,0.0,0.0,0.0,0.0,0.0,0.0,0.0,0.0,1.0,1.0,1.0,1.0,0.0,1.0,0.0,1.0,0.0,0.0,0.0,0.0,0.0,0.0],"P":[0.9877672217619339,1.8863248035633084,0.9431624017816542,0.23406242657454138,1.7497280169131213,2.8958184084116803e-8,1.9154793618510921,0.943162401781342,0.9431624017816542,0.24999992922105546,0.2499998841117963,0.2499998615558539,0.16727452925908812,0.12499998928549816,0.5,0.5,0.5,0.24215954638792897,0.5,0.15753232696029684,0.5,0.1085066391598078,0.5,0.24999993080227695,0.2499999082479244,0.24999986313703418,0.1995648237952581,0.12499999007605259,0.9877671663125744,0.0,0.9431624017816542,4.9999996579092185,0.2333309119481508,1.9154793372530945,0.0,0.943162401781342,0.9431624017816542,0.24999993126383763,0.24999988615483856,0.24999986359977697,0.16727452925908812,0.12499998928549816,0.5,0.5,0.5,1.0,0.23333091344305876,0.5,0.1575323170857331,0.5,0.0,0.24999993014439437,0.24999990759006302,0.24999986247850878,0.19956481783406058,0.12499999007605259],"V":[14.612732592293062,28.31407910323704,16.273954901098726,3.3441342361439133,21.58065985195263,11.975956881943201,22.822530838913288,13.753599439457586,13.753599392111918,2.4999983715223753,2.499998298756353,2.499997845534763,2.095490636878089,1.2499997732292325,0.0,0.0,0.0,3.344134234819926,0.0,0.7498462722210573,0.0,0.6183587856428049,0.0,2.4999983557104635,2.4999978927173685,2.4999978297229775,1.4912962751623078,1.2499997653236903,14.614147347698589,3.8932184842804327,16.273954901098726,15.893592797567539,2.160445127932051,14.582544509825706,3.7359705027996353,13.753599439457586,13.753599392111918,2.4999983649314697,2.4999980921987066,2.4999976388828213,2.095490636878089,1.2499997732292325,0.0,0.0,0.0,0.0,2.160445127512317,0.0,0.749846254992681,0.0,0.6183587779790146,2.4999983761256868,2.499997913135301,2.4999976500954872,1.4912962306040323,1.2499997653236903],"D":[0.8734519588901166,0.9337335756673866,0.9337335756673866,3.2938120556580164e-11,0.9285603255617486,0.7282301390261033,0.934742183943753,0.9337335756676957,0.9337335756673866,0.49999986783238204,0.4999999129422563,0.4999998678324461,0.6263627295549576,0.4999999665323115,0.0,0.0,0.0,3.087212607561391e-11,0.0,0.20651204484735244,0.0,0.0,0.0,0.49999986150749787,0.49999981639777,0.4999998615077267,0.3736370899458247,0.4999999602078765,0.8734519588901166,0.9337335756673866,0.9337335756673866,6.381024663219407e-11,0.4642801655570988,0.9347421838734558,0.7282301636433904,0.9337335756676957,0.9337335756673866,0.499999862431054,0.49999990754045043,0.4999998624275506,0.6263627295549576,0.4999999665323115,0.0,0.0,0.0,0.0,0.46428016000464983,0.0,0.20651202030036253,0.0,0.0,0.49999986690882586,0.4999998217995759,0.4999998669126222,0.3736370899458247,0.4999999602078765],"Q":[0.8734519588901166,0.9337335756673866,0.9337335756673866,3.2938120556580164e-11,0.4642801655570988,0.7282301390261033,0.7282301636433904,0.9337335756676957,0.9337335756673866,0.24999993279674804,0.24999997790634884,0.24999993279495517,0.6263627295549576,0.4999999665323115,0.0,0.0,0.0,0.0,0.0,0.0,0.0,0.0,0.0,0.24999993187319186,0.24999988676366847,0.24999993187513123,0.3736370899458247,0.4999999602078765,0.0,0.0,0.0,0.0,0.46428016000464983,0.0,0.20651202030036253,0.0,0.0,0.249999935035634,0.24999993503590745,0.24999993503749096,0.0,0.0,0.0,0.0,0.0,3.087212607561391e-11,0.0,0.20651204484735244,0.0,0.0,0.0,0.24999992963430598,0.24999992963410156,0.24999992963259546,0.0,0.0,0.0,0.0,0.0,0.0,0.0,0.0,0.0,0.0,0.0,0.0,0.0,0.0,0.0,0.0,0.0,0.0,0.0,0.0,0.0,0.0,0.0,0.0,0.0,0.0,0.0,0.0,0.0,0.0,0.0,0.0,0.0,0.0,0.0,0.0,0.0,0.0,0.0,0.0,0.0,0.0,0.0,0.0,0.0,0.0,0.0,0.0,0.0,0.0,0.0,0.0,0.0,0.0,0.0,0.0,0.0,0.0,0.12654804110988346,0.06626642433261341,0.06626642433261341,0.9999999999361898,0.07143967443825136,0.06525781612654424,0.06525781605624699,0.06626642433230434,0.06626642433261341,2.706601200884413e-7,2.7065997357809276e-7,2.706598270607839e-7,1.8049921757984757e-7,7.325981202324702e-8],"PI":[0.8627672147754094,1.7613248037012486,0.8806624018506243,7.709576424277936e-12,1.6247280170293608,2.1088222421519873e-8,1.790479361995876,0.8806624018506243,0.8806624018506243,0.1249999315686326,0.12499992029147232,0.12499989773605677,0.10477453073174306,0.062499990459288376,0.0,0.0,0.0,7.475980046501618e-12,0.0,0.03253232297013261,0.0,0.0,0.0,0.12499993077802253,0.12499990822342155,0.12499989694546772,0.07456482001841151,0.06249999006401125,0.8627671663430577,0.0,0.8806624018506243,3.190512113320732e-10,0.1083309144288763,1.7904793388684372,0.0,0.8806624018506243,0.8806624018506243,0.12499993123969176,0.12499991996254241,0.1249998974067949,0.10477453073174306,0.062499990459288376,0.0,0.0,0.0,0.0,0.10833091382737442,0.0,0.03253231706397206,0.0,0.0,0.12499993179941295,0.12499990924494196,0.12499989796742825,0.074564817791087,0.06249999006401125],"CS":[0.25839165891123983,0.33925899129837167,0.33925899129837167,7.976286298116975e-12,0.3298627374449521,0.3411761815716601,0.34117618170631303,0.33925899129895476,0.33925899129837167,1.8903002465763392,1.8903003142397932,1.890300381906498,1.9409424242400697,2.053656705685535],"pr_entry":[0.0,0.0,0.0,0.0,0.0,0.0,0.0,0.0,0.0,0.0,0.0,0.0,0.0,0.0,0.08360335661818412,0.018746156523944853,0.015458969379883248,0.0,0.062499958550853704,0.0,0.06249994696036704,0.0,0.037282406714313064,0.0,0.0,0.0,0.0,0.0,0.0,0.0,0.0,0.0,0.0,0.0,0.0,0.0,0.0,0.0,0.0,0.0,0.0,0.0,0.05401112884906478,0.018746156093229112,0.015458969188282068,0.06249995906121773,0.0,0.062499947470798935,0.0,0.03728240560034067,0.0,0.0,0.0,0.0,0.0,0.0],"pr_exit":[0.0,0.0,0.0,0.0,0.0,0.25,0.0,0.25,0.0,0.0,0.0,0.0,0.0,0.0,0.0,0.0,0.0,0.0,0.0,0.06253843476055146,0.0,0.09541030620116753,0.0,0.0,0.0,0.0,0.0,0.0,0.0,0.0,0.0,0.0,0.0,0.0,0.25,0.0,0.25,0.0,0.0,0.0,0.0,0.0,0.0,0.0,0.0,0.0,0.0,0.0,0.06253843906770887,0.0,0.0954103081171793,0.0,0.0,0.0,0.0,0.0],"pr_merger":[0.25,0.0,0.0,0.25,0.25,0.0,0.0,0.0,0.0,0.0,0.0,0.0,0.0,0.0,0.0,0.0,0.0,0.0,0.0,0.0,0.0,0.0,0.0,0.0,0.0,0.0,0.0,0.0,0.0,0.0,0.0,0.0,0.25,0.0,0.0,0.0,0.0,0.0,0.0,0.0,0.0,0.0,0.0,0.0,0.0,0.25,0.0,0.0,0.0,0.0,0.0,0.0,0.0,0.0,0.0,0.0],