{"modelname":"privacy","policy":"nolearning","smax":[5,1],"alpha":0.1,"beta":0.95,"c":1.0,"gamma":0.0,"sigma":2.0,"p0":1.0,"accuracy":1.0e-8,"cost_entry":[0.0,10.0],"value_exit":[0.0,1.0],"cost_merger":[0.0,1.0],"cost_bundling":[0.0,1.0],"entry":true,"exit":true,"mergers":true,"bundling":true,"filename":"a10g0s20","verbose":true,"firms":[1,2,3,4],"rival":[2,1,4,3],"partner":[3,4,1,2],"merger_pairs":[1,2,1,2,3,4,4,3],"outcomes":[1,0,1,0,1,0,0,0,0,0,1,0,1,0,1,0,0,0,1,0,0,1,0,0,1,0,0,0,1,1,0,0,0,0,1,0,0,0,0,0,1,1,1,1,2],"ownership":[0,3,0,3,0,0,4,4,0,1,0,1,0,0,2,2],"S":[1,1,1,1,1,1,1,1,1,1,1,1,1,1,0,0,0,1,0,1,0,1,0,1,1,1,1,1,1,1,1,1,1,1,1,1,1,1,1,1,1,1,0,0,0,0,1,0,1,0,1,1,1,1,1,1,0,1,1,0,0,1,1,1,1,0,1,3,1,3,0,0,1,0,0,0,0,1,1,0,0,0,1,1],"ms":14,"mc":[0.7829867216803844,0.7829867216803844,0.7829867216803844,0.7829867216803844,0.7829867216803844,0.7829867216803844,0.7829867216803844,0.7829867216803844,0.7829867216803844,0.7829867216803844,0.7829867216803844,0.7829867216803844,0.7829867216803844,0.7829867216803844,0.0,0.0,0.0,0.7829867216803844,0.0,0.7829867216803844,0.0,0.7829867216803844,0.0,0.7829867216803844,0.7829867216803844,0.7829867216803844,0.7829867216803844,0.7829867216803844,1.0,1.0,1.0,1.0,1.0,1.0,1.0,1.0,1.0,1.0,1.0,1.0,1.0,1.0,0.0,0.0,0.0,0.0,1.0,0.0,1.0,0.0,1.0,1.0,1.0,1.0,1.0,1.0],"db":[0.2170132783196156,0.2170132783196156,0.2170132783196156,0.2170132783196156,0.2170132783196156,0.2170132783196156,0.2170132783196156,0.2170132783196156,0.2170132783196156,0.2170132783196156,0.2170132783196156,0.2170132783196156,0.2170132783196156,0.2170132783196156,1.0,1.0,1.0,0.2170132783196156,1.0,0.2170132783196156,1.0,0.2170132783196156,1.0,0.2170132783196156,0.2170132783196156,0.2170132783196156,0.2170132783196156,0.2170132783196156,0.0,0.0,0.0,0.0,0.0,0.0,0.0,0.0,0.0,0.0,0.0,0.0,0.0,0.0,1.0,1.0,1.0,1.0,0.0,1.0,0.0,1.0,0.0,0.0,0.0,0.0,0.0,0.0],"P":[1.074000919867524,1.75633879970856,0.87816939985428,0.7474467162641223,1.479780130487999,3.59360155808357e-8,1.851245658904776,0.8781693998512891,0.87816939985428,0.9083284657195875,0.8642992389452966,0.8566663831563311,0.6069820590963784,0.4811967509299364,0.5,0.5,0.5,0.7474467109381394,0.5,0.6013918432192998,0.5,0.1085066391598078,0.5,0.9083284619905209,0.8943578328307228,0.856666390373968,0.7493594773531287,0.4811967479405277,1.0740009082429336,0.0,0.87816939985428,1.4797801164550455,0.7474466902506183,1.8512456249632392,0.0,0.8781693998512891,0.87816939985428,0.9083284547620973,0.8642992228989419,0.8566663664829118,0.6069820590963784,0.4811967509299364,0.5,0.5,0.5,0.5,0.7474466945426541,0.5,0.6013918059423085,0.5,0.0,0.908328450050884,0.8943578162569605,0.8566663707950138,0.7493594505901933,0.4811967479405277],"V":[9.34071170351608,11.406735801283851,9.63005608640747,7.305041631411298,10.601596877832508,6.388963611448657,12.082745648864364,8.749569545658025,8.749569505227159,8.166553818830975,8.09433261305893,7.849981753967045,7.139627705326123,4.6239269560152,0.0,0.0,0.0,7.305041640901986,0.0,6.652662617967246,0.0,3.506822402687526,0.0,8.166553846211091,7.88714182086891,7.849981706788555,4.9871799755546515,4.623926982580531,9.340711615895653,7.974128163859836,9.63005608640747,10.601596766980101,7.305041532260998,12.082745024454702,6.388962981105665,8.749569545658025,8.749569505227159,8.166553712294172,8.094332010965786,7.849980459672416,7.139627705326123,4.6239269560152,0.0,0.0,0.0,0.0,7.305041540475127,0.0,6.6526624984413685,0.0,3.506822314620034,8.166553746885544,7.887141678993335,7.849980431486131,4.987179797440473,4.623926982580531],"D":[0.5344510504973531,0.715316885282611,0.715316885282611,0.3310559793094362,0.6621119653540997,0.5613163189345688,0.7299115881258322,0.7153168852850472,0.715316885282611,0.44953832835182916,0.46826070922393814,0.45817111097309227,0.5881262118891296,0.4804619949813482,0.0,0.0,0.0,0.3310559828358333,0.0,0.16859526828275354,0.0,0.0,0.0,0.44953833170454605,0.4409396526553118,0.4581711043592669,0.3327634747042461,0.4804620007265373,0.5344510504973531,0.715316885282611,0.715316885282611,0.6621119621452696,0.33105598409795406,0.7299115872173223,0.5613163192855075,0.7153168852850472,0.715316885282611,0.4495383279103166,0.468260708984395,0.4581711096418601,0.5881262118891296,0.4804619949813482,0.0,0.0,0.0,0.0,0.33105598125614566,0.0,0.1685952688403247,0.0,0.0,0.4495383321460586,0.4409396528948549,0.45817110569049907,0.3327634747042461,0.4804620007265373],"Q":[0.5344510504973531,0.715316885282611,0.715316885282611,0.3310559793094362,0.33105598409795406,0.5613163189345688,0.5613163192855075,0.7153168852850472,0.715316885282611,0.22476916311697911,0.24116586495580133,0.22908555647438636,0.5881262118891296,0.4804619949813482,0.0,0.0,0.0,0.0,0.0,0.0,0.0,0.0,0.0,0.22476916691120855,0.21384480862671815,0.2290855511917932,0.3327634747042461,0.4804620007265373,0.0,0.0,0.0,0.0,0.33105598125614566,0.0,0.1685952688403247,0.0,0.0,0.22476916523485005,0.22709484426813678,0.22908555449870588,0.0,0.0,0.0,0.0,0.0,0.3310559828358333,0.0,0.16859526828275354,0.0,0.0,0.0,0.2247691647933375,0.22709484402859367,0.22908555316747373,0.0,0.0,0.0,0.0,0.0,0.0,0.0,0.0,0.0,0.0,0.0,0.0,0.0,0.0,0.0,0.0,0.0,0.0,0.0,0.0,0.0,0.0,0.0,0.0,0.0,0.0,0.0,0.0,0.0,0.0,0.0,0.0,0.0,0.0,0.0,0.0,0.0,0.0,0.0,0.0,0.0,0.0,0.0,0.0,0.0,0.0,0.0,0.0,0.0,0.0,0.0,0.0,0.0,0.0,0.0,0.0,0.0,0.0,0.4655489495026469,0.2846831147173891,0.2846831147173891,0.3378880378547305,0.3378880346459003,0.27008841278267776,0.27008841187416777,0.28468311471495283,0.2846831147173891,0.10092333994362493,0.09079963812075013,0.08365778466764077,0.07911031340662421,0.03907600429211458],"PI":[0.5740009198583217,1.2563387997085267,0.6281693998542633,0.2474467046344413,0.9797801304893551,2.0171471983010005e-8,1.351245658902238,0.6281693998542633,0.6281693998542633,0.4083284600739651,0.40471737461023455,0.392499788504037,0.3569820591010168,0.23119675093034014,0.0,0.0,0.0,0.24744670550703676,0.0,0.10139181915061751,0.0,0.0,0.0,0.4083284614429749,0.39435783215793635,0.3924997861451077,0.24935946348658491,0.2311967522586092,0.5740009136455472,0.0,0.6281693998542633,0.9797801164496057,0.2474466996016771,1.3512456324460418,0.0,0.6281693998542633,0.6281693998542633,0.4083284547471149,0.40471736688932014,0.3924997797243361,0.3569820591010168,0.23119675093034014,0.0,0.0,0.0,0.0,0.24744669889848092,0.0,0.10139181320121186,0.0,0.0,0.4083284564766889,0.39435782506414463,0.39249977831501853,0.24935945458085754,0.2311967522586092],"CS":[0.38226901655764967,0.6281892977466061,0.6281892977466061,0.5425203436623358,0.5425203484106991,0.6545029594173548,0.6545029610992301,0.6281892977508852,0.6281892977466061,1.1466970303971564,1.1995499894185624,1.2405103967523363,1.2684560141502255,1.6211233506756373],"pr_entry":[0.0,0.0,0.0,0.0,0.0,0.0,0.0,0.0,0.0,0.0,0.0,0.0,0.0,0.0,0.18262601789908958,0.1663165428935925,0.08767054420797886,0.0,0.2041638259149504,0.0,0.19717852601870983,0.0,0.12467948715968598,0.0,0.0,0.0,0.0,0.0,0.0,0.0,0.0,0.0,0.0,0.0,0.0,0.0,0.0,0.0,0.0,0.0,0.0,0.0,0.18262601538841836,0.16631653990544593,0.08767054200629228,0.204163823431812,0.0,0.19717852247182083,0.0,0.124679482706832,0.0,0.0,0.0,0.0,0.0,0.0],"pr_exit":[0.0,0.0,0.0,0.0,0.0,0.25,0.0,0.25,0.0,0.0,0.0,0.0,0.0,0.0,0.0,0.0,0.0,0.0,0.0,0.0,0.0,0.0,0.0,0.0,0.0,0.0,0.0,0.0,0.0,0.0,0.0,0.0,0.0,0.0,0.25,0.0,0.25,0.0,0.0,0.0,0.0,0.0,0.0,0.0,0.0,0.0,0.0,0.0,0.0,0.0,0.0,0.0,0.0,0.0,0.0,0.0],"pr_merger":[0.17000433721085528,0.0,0.0,0.1090402860860471,0.10904028151935408,0.0,0.0,0.0,0.0,0.0,0.0,0.0,0.0,0.0,0.0,0.0,0.0,0.0,0.0,0.0,0.0,0.0,0.0,0.0,0.0,0.0,0.0,0.0,0.0,0.0,0.0,0.0,0.10904027811950301,0.0,0.0,0.0,0.0,0.0,0.0,0.0,0.0,0.0,0.0,0.0,0.0,0.10904028280028233,0.0,0.0,0.0,0.0,0.0,0.0,0.0,0.0,0.0,0.0],"pr_bundling":[0.0,0.0,0.0,0.0,0.0,0.0,0.0,0.0,0.0,0.0,0.0,0.0,0.0,0.0,0.0,0.0,0.0,0.0,0.0,0.0,0.0,0.0,0.0,0.0,0.0,0.0,0.0,0.0,0.0,0.0,0.0,0.0,0.0,0.0,0.0,0.0,0.0,0.0,0.0,0.0,0.0,0.0,0.0,0.0,0.0,0.0,0.0,0.0,0.0,0.0,0.0,0.0,0.0,0.0,0.0,0.0],