{"modelname":"privacy","policy":"nolearning","smax":[5,1],"alpha":0.1,"beta":0.95,"c":1.0,"gamma":0.0,"sigma":7.0,"p0":1.0,"accuracy":1.0e-8,"cost_entry":[0.0,10.0],"value_exit":[0.0,1.0],"cost_merger":[0.0,1.0],"cost_bundling":[0.0,1.0],"entry":true,"exit":true,"mergers":true,"bundling":true,"filename":"a10g0s70","verbose":true,"firms":[1,2,3,4],"rival":[2,1,4,3],"partner":[3,4,1,2],"merger_pairs":[1,2,1,2,3,4,4,3],"outcomes":[1,0,1,0,1,0,0,0,0,0,1,0,1,0,1,0,0,0,1,0,0,1,0,0,1,0,0,0,1,1,0,0,0,0,1,0,0,0,0,0,1,1,1,1,2],"ownership":[0,3,0,3,0,0,4,4,0,1,0,1,0,0,2,2],"S":[1,1,1,1,1,1,1,1,1,1,1,1,1,1,0,0,0,1,0,1,0,1,0,1,1,1,1,1,1,1,1,1,1,1,1,1,1,1,1,1,1,1,0,0,0,0,1,0,1,0,1,1,1,1,1,1,0,1,1,0,0,1,1,1,1,0,1,3,1,3,0,0,1,0,0,0,0,1,1,0,0,0,1,1],"ms":14,"mc":[0.7829867216803844,0.7829867216803844,0.7829867216803844,0.7829867216803844,0.7829867216803844,0.7829867216803844,0.7829867216803844,0.7829867216803844,0.7829867216803844,0.7829867216803844,0.7829867216803844,0.7829867216803844,0.7829867216803844,0.7829867216803844,0.0,0.0,0.0,0.7829867216803844,0.0,0.7829867216803844,0.0,0.7829867216803844,0.0,0.7829867216803844,0.7829867216803844,0.7829867216803844,0.7829867216803844,0.7829867216803844,1.0,1.0,1.0,1.0,1.0,1.0,1.0,1.0,1.0,1.0,1.0,1.0,1.0,1.0,0.0,0.0,0.0,0.0,1.0,0.0,1.0,0.0,1.0,1.0,1.0,1.0,1.0,1.0],"db":[0.2170132783196156,0.2170132783196156,0.2170132783196156,0.2170132783196156,0.2170132783196156,0.2170132783196156,0.2170132783196156,0.2170132783196156,0.2170132783196156,0.2170132783196156,0.2170132783196156,0.2170132783196156,0.2170132783196156,0.2170132783196156,1.0,1.0,1.0,0.2170132783196156,1.0,0.2170132783196156,1.0,0.2170132783196156,1.0,0.2170132783196156,0.2170132783196156,0.2170132783196156,0.2170132783196156,0.2170132783196156,0.0,0.0,0.0,0.0,0.0,0.0,0.0,0.0,0.0,0.0,0.0,0.0,0.0,0.0,1.0,1.0,1.0,1.0,0.0,1.0,0.0,1.0,0.0,0.0,0.0,0.0,0.0,0.0],"P":[0.9820366951784099,1.8616513955954994,0.9308256977977497,0.26368739401520225,1.7101655008669516,3.127547696478592e-8,1.8946861445764216,0.9308256977980678,0.9308256977977497,0.2857135749110396,0.2857131016633459,0.28571286504686655,0.19117053704511303,0.142857046323485,0.5,0.5,0.5,0.2636873924620944,0.5,0.1796319564939612,0.5,0.1085066391598078,0.5,0.2857135739478781,0.28571333732822635,0.28571286408467855,0.22807379938804143,0.1428570458417301,0.9820366529841272,0.0,0.9308256977977497,1.7101655000651894,0.26368739153286197,1.8946861185126238,0.0,0.9308256977980678,0.9308256977977497,0.2857135745935683,0.28571310134344857,0.28571286472837637,0.19117053704511303,0.142857046323485,0.5,0.5,0.5,0.5,0.2636873931924343,0.5,0.17963194814372985,0.5,0.0,0.28571357331371117,0.28571333669265486,0.2857128634498246,0.22807379274436654,0.1428570458417301],"V":[14.033797810072162,24.839883524712185,15.208698112568326,2.217823650576094,18.890669313680924,6.5990587180609905,19.555623182861876,12.30378550904658,12.303785472200433,2.8571283257723006,2.8571260948875796,2.857121360224997,2.3948391914454668,1.4285694290168365,0.0,0.0,0.0,2.217823652828189,0.0,0.9213229171799261,0.0,0.762482436925768,0.0,2.8571283354037575,2.857123594553257,2.857121369846757,1.7043329098634572,1.4285694338343788,14.03379761065608,5.173233693647408,15.208698112568326,18.89066930795351,2.2178236377627565,17.03181009451493,4.075245591680906,12.30378550904658,12.303785472200433,2.8571283194306734,2.857125881887455,2.8571211447294917,2.3948391914454668,1.4285694290168365,0.0,0.0,0.0,0.0,2.217823637538911,0.0,0.9213228969537953,0.0,0.7624824269891632,2.857128332229042,2.857123591354285,2.8571211575148454,1.704332860217104,1.4285694338343788],"D":[0.854529724121368,0.9232632150782281,0.923263215078228,0.4582329455022699,0.9164658960261198,0.7198780536920693,0.9246011572166735,0.9232632150779125,0.923263215078228,0.49999875601556243,0.49999917011978,0.4999987560296121,0.6263620297610585,0.4999996620566061,0.0,0.0,0.0,0.45823295048406626,0.0,0.20472310345842065,0.0,0.0,0.0,0.4999987593866193,0.49999834529474796,0.4999987593972617,0.37363631328925184,0.4999996654288883,0.854529724121368,0.9232632150782281,0.923263215078228,0.9164658959863361,0.4582329506747078,0.92460115715049,0.7198780793225877,0.9232632150779125,0.923263215078228,0.4999987554613465,0.4999991695673517,0.4999987554759769,0.6263620297610585,0.4999996620566061,0.0,0.0,0.0,0.0,0.45823294535141207,0.0,0.20472307789408578,0.0,0.0,0.49999875994083526,0.4999983458471763,0.4999987599508968,0.37363631328925184,0.4999996654288883],"Q":[0.854529724121368,0.9232632150782281,0.923263215078228,0.4582329455022699,0.4582329506747078,0.7198780536920693,0.7198780793225877,0.9232632150779125,0.923263215078228,0.24999937688790902,0.24999979099010372,0.24999937689607607,0.6263620297610585,0.4999996620566061,0.0,0.0,0.0,0.0,0.0,0.0,0.0,0.0,0.0,0.24999938081318185,0.24999896671749997,0.24999938081736084,0.37363631328925184,0.4999996654288883,0.0,0.0,0.0,0.0,0.45823294535141207,0.0,0.20472307789408578,0.0,0.0,0.2499993791276534,0.24999937912967632,0.249999379133536,0.0,0.0,0.0,0.0,0.0,0.45823295048406626,0.0,0.20472310345842065,0.0,0.0,0.0,0.24999937857343746,0.24999937857724797,0.24999937857990082,0.0,0.0,0.0,0.0,0.0,0.0,0.0,0.0,0.0,0.0,0.0,0.0,0.0,0.0,0.0,0.0,0.0,0.0,0.0,0.0,0.0,0.0,0.0,0.0,0.0,0.0,0.0,0.0,0.0,0.0,0.0,0.0,0.0,0.0,0.0,0.0,0.0,0.0,0.0,0.0,0.0,0.0,0.0,0.0,0.0,0.0,0.0,0.0,0.0,0.0,0.0,0.0,0.0,0.0,0.0,0.0,0.0,0.0,0.14547027587863204,0.07673678492177197,0.07673678492177209,0.08353410401366379,0.08353410397388016,0.07539884284951015,0.07539884278332651,0.07673678492208748,0.07673678492177209,2.4845978182498957e-6,2.4845854721322423e-6,2.484573126258379e-6,1.6569496895548048e-6,6.725145055207313e-7],"PI":[0.8391795462078665,1.718794252852371,0.8593971264261854,0.12083025125140374,1.567308358104989,2.2514529485701234e-8,1.751829001837757,0.8593971264261855,0.8593971264261854,0.14285643203227902,0.1428563137240213,0.1428560771050897,0.11974196561408862,0.07142847488414743,0.0,0.0,0.0,0.12083025185335544,0.0,0.036774811613751734,0.0,0.0,0.0,0.14285643251385616,0.1428561958927533,0.14285607758617772,0.08521665356122023,0.0714284751250244,0.8391795101515979,0.0,0.8593971264261854,1.5673083573021644,0.12083025147782031,1.7518289776137423,0.0,0.8593971264261855,0.8593971264261854,0.1428564317151967,0.1428563134062369,0.14285607678766432,0.11974196561408862,0.07142847488414743,0.0,0.0,0.0,0.0,0.12083025083460505,0.0,0.036774805312095184,0.0,0.0,0.1428564323551205,0.14285619573280478,0.1428560774269322,0.08521665107890203,0.0714284751250244],"CS":[0.2753976432477814,0.3667677272528258,0.3667677272528256,0.35464289988704634,0.354642899955083,0.36928047870135194,0.36928047882674897,0.3667677272522383,0.3667677272528256,1.8436285364680591,1.8436292463356532,1.8436299561927574,1.9015045974785216,2.0303203080222114],"pr_entry":[0.0,0.0,0.0,0.0,0.0,0.0,0.0,0.0,0.0,0.0,0.0,0.0,0.0,0.0,0.05544559216396751,0.02303307257425208,0.019062060593495998,0.0,0.07142820797078689,0.0,0.07142808943843432,0.0,0.042608322534269404,0.0,0.0,0.0,0.0,0.0,0.0,0.0,0.0,0.0,0.0,0.0,0.0,0.0,0.0,0.0,0.0,0.0,0.0,0.0,0.05544559178173554,0.023033072068598826,0.01906206034508089,0.07142820789141899,0.0,0.07142808935846001,0.0,0.04260832129311058,0.0,0.0,0.0,0.0,0.0,0.0],"pr_exit":[0.0,0.0,0.0,0.0,0.0,0.25,0.0,0.25,0.0,0.0,0.0,0.0,0.0,0.0,0.0,0.0,0.0,0.0,0.0,0.01966927425747919,0.0,0.05937939406504003,0.0,0.0,0.0,0.0,0.0,0.0,0.0,0.0,0.0,0.0,0.0,0.0,0.25,0.0,0.25,0.0,0.0,0.0,0.0,0.0,0.0,0.0,0.0,0.0,0.0,0.0,0.019669279314011717,0.0,0.05937939654919111,0.0,0.0,0.0,0.0,0.0],"pr_merger":[0.25,0.0,0.0,0.25,0.25,0.0,0.0,0.0,0.0,0.0,0.0,0.0,0.0,0.0,0.0,0.0,0.0,0.0,0.0,0.0,0.0,0.0,0.0,0.0,0.0,0.0,0.0,0.0,0.0,0.0,0.0,0.0,0.25,0.0,0.0,0.0,0.0,0.0,0.0,0.0,0.0,0.0,0.0,0.0,0.0,0.25,0.0,0.0,0.0,0.0,0.0,0.0,0.0,0.0,0.0,0.0],