{"modelname":"privacy","policy":"nolearning","smax":[5,1],"alpha":0.1,"beta":0.95,"c":1.0,"gamma":0.0,"sigma":9.0,"p0":1.0,"accuracy":1.0e-8,"cost_entry":[0.0,10.0],"value_exit":[0.0,1.0],"cost_merger":[0.0,1.0],"cost_bundling":[0.0,1.0],"entry":true,"exit":true,"mergers":true,"bundling":true,"filename":"a10g0s90","verbose":true,"firms":[1,2,3,4],"rival":[2,1,4,3],"partner":[3,4,1,2],"merger_pairs":[1,2,1,2,3,4,4,3],"outcomes":[1,0,1,0,1,0,0,0,0,0,1,0,1,0,1,0,0,0,1,0,0,1,0,0,1,0,0,0,1,1,0,0,0,0,1,0,0,0,0,0,1,1,1,1,2],"ownership":[0,3,0,3,0,0,4,4,0,1,0,1,0,0,2,2],"S":[1,1,1,1,1,1,1,1,1,1,1,1,1,1,0,0,0,1,0,1,0,1,0,1,1,1,1,1,1,1,1,1,1,1,1,1,1,1,1,1,1,1,0,0,0,0,1,0,1,0,1,1,1,1,1,1,0,1,1,0,0,1,1,1,1,0,1,3,1,3,0,0,1,0,0,0,0,1,1,0,0,0,1,1],"ms":14,"mc":[0.7829867216803844,0.7829867216803844,0.7829867216803844,0.7829867216803844,0.7829867216803844,0.7829867216803844,0.7829867216803844,0.7829867216803844,0.7829867216803844,0.7829867216803844,0.7829867216803844,0.7829867216803844,0.7829867216803844,0.7829867216803844,0.0,0.0,0.0,0.7829867216803844,0.0,0.7829867216803844,0.0,0.7829867216803844,0.0,0.7829867216803844,0.7829867216803844,0.7829867216803844,0.7829867216803844,0.7829867216803844,1.0,1.0,1.0,1.0,1.0,1.0,1.0,1.0,1.0,1.0,1.0,1.0,1.0,1.0,0.0,0.0,0.0,0.0,1.0,0.0,1.0,0.0,1.0,1.0,1.0,1.0,1.0,1.0],"db":[0.2170132783196156,0.2170132783196156,0.2170132783196156,0.2170132783196156,0.2170132783196156,0.2170132783196156,0.2170132783196156,0.2170132783196156,0.2170132783196156,0.2170132783196156,0.2170132783196156,0.2170132783196156,0.2170132783196156,0.2170132783196156,1.0,1.0,1.0,0.2170132783196156,1.0,0.2170132783196156,1.0,0.2170132783196156,1.0,0.2170132783196156,0.2170132783196156,0.2170132783196156,0.2170132783196156,0.2170132783196156,0.0,0.0,0.0,0.0,0.0,0.0,0.0,0.0,0.0,0.0,0.0,0.0,0.0,0.0,1.0,1.0,1.0,1.0,0.0,1.0,0.0,1.0,0.0,0.0,0.0,0.0,0.0,0.0],"P":[0.9933964131410439,1.907773783643659,0.9538868918218295,0.21963307146232255,1.7835601236141991,3.442233102181815e-8,1.9338580672161836,0.9538868918212036,0.9538868918218295,0.2222222131112058,0.22222220874398937,0.2222222065591954,0.14868850053324606,0.11111110894500928,0.5,0.5,0.5,0.2209314255512589,0.5,0.14027096989542648,0.5,0.1085066391598078,0.5,0.22222221441887866,0.2222222122349615,0.22222220786632585,0.17739097871870294,0.11111110959853693,0.9933963434926041,0.0,0.9538868918218295,4.999999960046103,0.2091902179438578,1.933858037938321,0.0,0.9538868918212036,0.9538868918218295,0.22222221472933082,0.22222221036212247,0.2222222081774236,0.14868850053324606,0.11111110894500928,0.5,0.5,0.5,1.0,0.2091902192689925,0.5,0.14027095812761753,0.5,0.0,0.2222222137341111,0.2222222115506294,0.22222220718219093,0.17739097327979828,0.11111110959853693],"V":[15.160937823942364,30.749536146444076,17.017913872413146,3.3834150525020954,23.68454570355227,15.730120498064373,25.4676181867448,14.797278887176976,14.797278837289891,2.2222218143851675,2.2222220062913474,2.2222219591271823,1.8626592802063526,1.1111110743360415,0.0,0.0,0.0,3.3834150515200974,0.0,0.6236800641635896,0.0,0.5121769113019877,0.0,2.2222218013090758,2.2222217296996405,2.2222219460558796,1.3255971710565244,1.111111067800763,15.633642428286564,2.9956209333853887,17.017913872413146,17.671564376687098,2.07137931385127,12.95227523763965,3.2147774943724166,14.797278887176976,14.797278837289891,2.222221807537301,2.2222218293256595,2.222221782163524,1.8626592802063526,1.1111110743360415,0.0,0.0,0.0,0.0,2.0713793133500493,0.0,0.6236800460414591,0.0,0.5121769052341012,2.2222218174890154,2.222221745879865,2.222221792115856,1.3255971304119305,1.111111067800763],"D":[0.8881502717395449,0.9417587599228596,0.9417587599228596,1.8357320462252064e-12,0.9377026266181734,0.7346620142373204,0.9425443299971468,0.9417587599234775,0.9417587599228596,0.4999999882002041,0.4999999931126283,0.4999999881989855,0.626362805372393,0.4999999989506322,0.0,0.0,0.0,1.8144060163315485e-12,0.0,0.20788231568773466,0.0,0.0,0.0,0.49999998231567655,0.4999999774032541,0.49999998231689863,0.373637174965096,0.49999999306888343,0.8881502717395449,0.9417587599228596,0.9417587599228596,3.650138062556755e-12,0.46885131610489655,0.942544329925055,0.7346620473305219,0.9417587599234775,0.9417587599228596,0.4999999830186961,0.49999998793208167,0.49999998301866855,0.626362805372393,0.4999999989506322,0.0,0.0,0.0,0.0,0.4688513105132768,0.0,0.20788228266662487,0.0,0.0,0.49999998749718455,0.4999999825838007,0.4999999874972155,0.373637174965096,0.49999999306888343],"Q":[0.8881502717395449,0.9417587599228596,0.9417587599228596,1.8357320462252064e-12,0.46885131610489655,0.7346620142373204,0.7346620473305219,0.9417587599234775,0.9417587599228596,0.24999999298047992,0.24999999789338442,0.249999992979856,0.626362805372393,0.4999999989506322,0.0,0.0,0.0,0.0,0.0,0.0,0.0,0.0,0.0,0.2499999922774604,0.2499999873645568,0.24999999227808606,0.373637174965096,0.49999999306888343,0.0,0.0,0.0,0.0,0.4688513105132768,0.0,0.20788228266662487,0.0,0.0,0.24999999521972419,0.24999999521924388,0.2499999952191295,0.0,0.0,0.0,0.0,0.0,1.8144060163315485e-12,0.0,0.20788231568773466,0.0,0.0,0.0,0.24999999003821613,0.24999999003869725,0.24999999003881257,0.0,0.0,0.0,0.0,0.0,0.0,0.0,0.0,0.0,0.0,0.0,0.0,0.0,0.0,0.0,0.0,0.0,0.0,0.0,0.0,0.0,0.0,0.0,0.0,0.0,0.0,0.0,0.0,0.0,0.0,0.0,0.0,0.0,0.0,0.0,0.0,0.0,0.0,0.0,0.0,0.0,0.0,0.0,0.0,0.0,0.0,0.0,0.0,0.0,0.0,0.0,0.0,0.0,0.0,0.0,0.0,0.0,0.0,0.11184972826045517,0.058241240077140426,0.058241240077140426,0.9999999999963498,0.0622973733818267,0.05745567007494492,0.0574556700028532,0.0582412400765225,0.058241240077140426,2.9484119413675826e-8,2.948411767534513e-8,2.9484115936385207e-8,1.9662510987778322e-8,7.980484392398834e-9],"PI":[0.8822852942763073,1.7966626726975943,0.8983313363487971,4.0318746769425634e-13,1.6724490126444684,2.5288779043232722e-8,1.822746956273855,0.8983313363487969,0.8983313363487971,0.11111110393342613,0.11111110284146775,0.11111110065715021,0.09313294632061855,0.05555555435590822,0.0,0.0,0.0,4.008593077169097e-13,0.0,0.029159854045625773,0.0,0.0,0.0,0.11111110327958981,0.11111110109598188,0.1111111000035851,0.06627986415274963,0.05555555402914441,0.8822852324180266,0.0,0.8983313363487971,1.8250690166946534e-11,0.09807910899924788,1.8227469285387563,0.0,0.8983313363487969,0.8983313363487971,0.11111110359104244,0.11111110249930176,0.11111110031508283,0.09313294632061855,0.05555555435590822,0.0,0.0,0.0,0.0,0.09807910845082686,0.0,0.029159846967403688,0.0,0.0,0.11111110408865223,0.11111110190504837,0.1111111008126991,0.06627986212057266,0.05555555402914441],"CS":[0.2433998911720756,0.31590684253189694,0.31590684253189694,4.0545344859310717e-13,0.3084262238758746,0.31741573152622093,0.3174157316656361,0.31590684253307555,0.31590684253189694,1.9266015603899647,1.9266015669408763,1.9266015734941595,1.971616889971465,2.0718074140583393],"pr_entry":[0.0,0.0,0.0,0.0,0.0,0.0,0.0,0.0,0.0,0.0,0.0,0.0,0.0,0.0,0.08458537687672621,0.015592001344022971,0.012804422544761713,0.0,0.05555554468498649,0.0,0.05555554285799089,0.0,0.03313992912904671,0.0,0.0,0.0,0.0,0.0,0.0,0.0,0.0,0.0,0.0,0.0,0.0,0.0,0.0,0.0,0.0,0.0,0.0,0.0,0.051784483324796036,0.015592000890969186,0.012804422393064018,0.055555545089483294,0.0,0.05555554326249505,0.0,0.03313992811293047,0.0,0.0,0.0,0.0,0.0,0.0],"pr_exit":[0.0,0.0,0.0,0.0,0.0,0.25,0.0,0.25,0.0,0.0,0.0,0.0,0.0,0.0,0.0,0.0,0.0,0.0,0.0,0.09407998655977029,0.0,0.12195577455238288,0.0,0.0,0.0,0.0,0.0,0.0,0.0,0.0,0.0,0.0,0.0,0.0,0.25,0.0,0.25,0.0,0.0,0.0,0.0,0.0,0.0,0.0,0.0,0.0,0.0,0.0,0.09407999109030815,0.0,0.12195577606935981,0.0,0.0,0.0,0.0,0.0],"pr_merger":[0.25,0.0,0.0,0.25,0.25,0.0,0.0,0.0,0.0,5.681006343127848e-8,0.0,0.0,0.0,0.0,0.0,0.0,0.0,0.0,0.0,0.0,0.0,0.0,0.0,5.75911558442499e-8,6.967815391334398e-8,0.0,0.0,0.0,0.0,0.0,0.0,0.0,0.25,0.0,0.0,0.0,0.0,5.4322140674578634e-8,0.0,0.0,0.0,0.0,0.0,0.0,0.0,0.25,0.0,0.0,0.0,0.0,0.0,6.007907860094974e-8,0.0,0.0,0.0,0.0],