{"modelname":"privacy","policy":"nolearning","smax":[5,1],"alpha":0.1,"beta":0.95,"c":1.0,"gamma":0.0,"sigma":3.0,"p0":1.0,"accuracy":1.0e-8,"cost_entry":[0.0,10.0],"value_exit":[0.0,1.0],"cost_merger":[0.0,1.0],"cost_bundling":[0.0,1.0],"entry":true,"exit":true,"mergers":true,"bundling":true,"filename":"a10g0s30","verbose":true,"firms":[1,2,3,4],"rival":[2,1,4,3],"partner":[3,4,1,2],"merger_pairs":[1,2,1,2,3,4,4,3],"outcomes":[1,0,1,0,1,0,0,0,0,0,1,0,1,0,1,0,0,0,1,0,0,1,0,0,1,0,0,0,1,1,0,0,0,0,1,0,0,0,0,0,1,1,1,1,2],"ownership":[0,3,0,3,0,0,4,4,0,1,0,1,0,0,2,2],"S":[1,1,1,1,1,1,1,1,1,1,1,1,1,1,0,0,0,1,0,1,0,1,0,1,1,1,1,1,1,1,1,1,1,1,1,1,1,1,1,1,1,1,0,0,0,0,1,0,1,0,1,1,1,1,1,1,0,1,1,0,0,1,1,1,1,0,1,3,1,3,0,0,1,0,0,0,0,1,1,0,0,0,1,1],"ms":14,"mc":[0.7829867216803844,0.7829867216803844,0.7829867216803844,0.7829867216803844,0.7829867216803844,0.7829867216803844,0.7829867216803844,0.7829867216803844,0.7829867216803844,0.7829867216803844,0.7829867216803844,0.7829867216803844,0.7829867216803844,0.7829867216803844,0.0,0.0,0.0,0.7829867216803844,0.0,0.7829867216803844,0.0,0.7829867216803844,0.0,0.7829867216803844,0.7829867216803844,0.7829867216803844,0.7829867216803844,0.7829867216803844,1.0,1.0,1.0,1.0,1.0,1.0,1.0,1.0,1.0,1.0,1.0,1.0,1.0,1.0,0.0,0.0,0.0,0.0,1.0,0.0,1.0,0.0,1.0,1.0,1.0,1.0,1.0,1.0],"db":[0.2170132783196156,0.2170132783196156,0.2170132783196156,0.2170132783196156,0.2170132783196156,0.2170132783196156,0.2170132783196156,0.2170132783196156,0.2170132783196156,0.2170132783196156,0.2170132783196156,0.2170132783196156,0.2170132783196156,0.2170132783196156,1.0,1.0,1.0,0.2170132783196156,1.0,0.2170132783196156,1.0,0.2170132783196156,1.0,0.2170132783196156,0.2170132783196156,0.2170132783196156,0.2170132783196156,0.2170132783196156,0.0,0.0,0.0,0.0,0.0,0.0,0.0,0.0,0.0,0.0,0.0,0.0,0.0,0.0,1.0,1.0,1.0,1.0,0.0,1.0,0.0,1.0,0.0,0.0,0.0,0.0,0.0,0.0],"P":[0.9943904384108896,1.7376302591214632,0.8688151295607316,0.5447184068614889,1.4889332807348132,2.6859749227419565e-8,1.8072181866899149,0.8688151295599021,0.8688151295607316,0.6559872667989689,0.6494292747473833,0.6467295322620501,0.43982119209328535,0.3317710217198548,0.5,0.5,0.5,0.544718411056993,0.5,0.4089536774174727,0.5,0.1085066391598078,0.5,0.6559872694067412,0.6529451247598791,0.6467295284732172,0.527179048587214,0.33177102367137173,0.994390427329751,0.0,0.8688151295607316,1.4889332842586684,0.5447184124829605,1.8072181620821184,0.0,0.8688151295599021,0.8688151295607316,0.6559872605178619,0.6494292675512526,0.646729519980964,0.43982119209328535,0.3317710217198548,0.5,0.5,0.5,0.5,0.5447184145131937,0.5,0.4089536566528778,0.5,0.0,0.6559872567305041,0.6529451105097862,0.6467295154722374,0.5271790337400295,0.33177102367137173],"V":[9.203454218940614,12.320561283501652,10.124282374550388,5.574782072059126,10.732359164741032,4.835789999425326,12.138921073909232,8.482541975667223,8.482541920555851,6.453074607200192,6.425226500740445,6.3676058984284944,5.46308721876313,3.3020853913856487,0.0,0.0,0.0,5.5747820651874775,0.0,4.817255422592627,0.0,2.5125374443620685,0.0,6.45307458236893,6.392231684873875,6.367605933501575,3.8769118743535995,3.302085372144464,9.203454206569122,7.283978981365969,10.124282374550388,10.732359193816295,5.574782192722147,12.138920651313295,4.835789548354023,8.482541975667223,8.482541920555851,6.453074483509366,6.425226092227688,6.367605240957988,5.46308721876313,3.3020853913856487,0.0,0.0,0.0,0.0,5.574782198693444,0.0,4.817255788868312,0.0,2.5125373985030404,6.453074519572678,6.392231613360208,6.3676052826950995,3.876911765166373,3.302085372144464],"D":[0.6647862645684682,0.8081678587476384,0.8081678587476385,0.38806304165170064,0.7761260778899689,0.6306427332964912,0.8155544605740723,0.8081678587484099,0.8081678587476385,0.4918600553557989,0.4946828388936549,0.49229308819105344,0.6210581262048561,0.49764550594561924,0.0,0.0,0.0,0.38806303676734044,0.0,0.18491172688497517,0.0,0.0,0.0,0.49186005150782164,0.48949256734059915,0.4922930937867023,0.3677037490140145,0.4976455001186375,0.6647862645684682,0.8081678587476384,0.8081678587476385,0.7761260784190411,0.3880630401267721,0.8155544601814664,0.6306427362146546,0.8081678587484099,0.8081678587476385,0.49186005063753524,0.49468283368704763,0.49229308765945545,0.6210581262048561,0.49764550594561924,0.0,0.0,0.0,0.0,0.3880630377631968,0.0,0.18491172435941775,0.0,0.0,0.4918600562260853,0.4894925725472064,0.49229309431830026,0.3677037490140145,0.4976455001186375],"Q":[0.6647862645684682,0.8081678587476384,0.8081678587476385,0.38806304165170064,0.3880630401267721,0.6306427332964912,0.6306427362146546,0.8081678587484099,0.8081678587476385,0.2459300262807619,0.24864582773573207,0.24614654243081552,0.6210581262048561,0.49764550594561924,0.0,0.0,0.0,0.0,0.0,0.0,0.0,0.0,0.0,0.24593002715104834,0.2434555613892836,0.24614654855806228,0.3677037490140145,0.4976455001186375,0.0,0.0,0.0,0.0,0.3880630377631968,0.0,0.18491172435941775,0.0,0.0,0.24593002907503697,0.2460370111579228,0.24614654576023795,0.0,0.0,0.0,0.0,0.0,0.38806303676734044,0.0,0.18491172688497517,0.0,0.0,0.0,0.2459300243567733,0.24603700595131556,0.24614654522863996,0.0,0.0,0.0,0.0,0.0,0.0,0.0,0.0,0.0,0.0,0.0,0.0,0.0,0.0,0.0,0.0,0.0,0.0,0.0,0.0,0.0,0.0,0.0,0.0,0.0,0.0,0.0,0.0,0.0,0.0,0.0,0.0,0.0,0.0,0.0,0.0,0.0,0.0,0.0,0.0,0.0,0.0,0.0,0.0,0.0,0.0,0.0,0.0,0.0,0.0,0.0,0.0,0.0,0.0,0.0,0.0,0.0,0.0,0.33521373543153177,0.19183214125236167,0.19183214125236153,0.223873921580959,0.22387392211003113,0.18444553981853354,0.1844455394259275,0.19183214125158998,0.19183214125236153,0.01627989313637963,0.015824593765745992,0.015413818022244338,0.01123812478112948,0.004708993935743363],"PI":[0.6610571050737768,1.404296925809297,0.7021484629046486,0.21138508181033797,1.1555999474165546,1.6938905668438194e-8,1.4738848533855466,0.7021484629046485,0.7021484629046486,0.32265393336044007,0.321261517292683,0.31838047866164015,0.27315452542664187,0.16510435796187217,0.0,0.0,0.0,0.21138508077785714,0.0,0.07562033070722594,0.0,0.0,0.0,0.322653932118875,0.319611785451241,0.31838048041529526,0.19384571256715988,0.1651043569998121,0.661057097707188,0.0,0.7021484629046486,1.1555999509392638,0.2113850831611667,1.473884832607024,0.0,0.7021484629046485,0.7021484629046486,0.3226539271758936,0.3212615103515575,0.3183804722719462,0.27315452542664187,0.16510435796187217,0.0,0.0,0.0,0.0,0.21138508266154216,0.0,0.0756203258347729,0.0,0.0,0.3226539289790612,0.3196117818755552,0.31838047435880285,0.19384570710779447,0.1651043569998121],"CS":[0.3643289781297858,0.5503781845523017,0.5503781845523019,0.4988907452238909,0.4988907444361379,0.5634670120700733,0.5634670127795982,0.5503781845536426,0.5503781845523019,1.3726081608445773,1.3820633272307945,1.3908302992335586,1.4961477609513625,1.7860936651743053],"pr_entry":[0.0,0.0,0.0,0.0,0.0,0.0,0.0,0.0,0.0,0.0,0.0,0.0,0.0,0.0,0.139369536037986,0.12043136120192229,0.06281343188075164,0.0,0.1613268592171067,0.0,0.15980578682691143,0.0,0.0969227937312221,0.0,0.0,0.0,0.0,0.0,0.0,0.0,0.0,0.0,0.0,0.0,0.0,0.0,0.0,0.0,0.0,0.0,0.0,0.0,0.13936953937563235,0.12043137035880502,0.06281343073427612,0.16132685764720042,0.0,0.1598057850390698,0.0,0.09692279100154154,0.0,0.0,0.0,0.0,0.0,0.0],"pr_exit":[0.0,0.0,0.0,0.0,0.0,0.25,0.0,0.25,0.0,0.0,0.0,0.0,0.0,0.0,0.0,0.0,0.0,0.0,0.0,0.0,0.0,0.0,0.0,0.0,0.0,0.0,0.0,0.0,0.0,0.0,0.0,0.0,0.0,0.0,0.25,0.0,0.25,0.0,0.0,0.0,0.0,0.0,0.0,0.0,0.0,0.0,0.0,0.0,0.0,0.0,0.0,0.0,0.0,0.0,0.0,0.0],"pr_merger":[0.25,0.0,0.0,0.13929017003347832,0.13929014434066533,0.0,0.0,0.0,0.0,0.0,0.0,0.0,0.0,0.0,0.0,0.0,0.0,0.0,0.0,0.0,0.0,0.0,0.0,0.0,0.0,0.0,0.0,0.0,0.0,0.0,0.0,0.0,0.1392901416341794,0.0,0.0,0.0,0.0,0.0,0.0,0.0,0.0,0.0,0.0,0.0,0.0,0.1392901724757314,0.0,0.0,0.0,0.0,0.0,0.0,0.0,0.0,0.0,0.0],