{"modelname":"privacy","policy":"nolearning","smax":[5,1],"alpha":0.1,"beta":0.95,"c":1.0,"gamma":0.0,"sigma":1.0,"p0":1.0,"accuracy":1.0e-8,"cost_entry":[0.0,10.0],"value_exit":[0.0,1.0],"cost_merger":[0.0,1.0],"cost_bundling":[0.0,1.0],"entry":true,"exit":true,"mergers":true,"bundling":true,"filename":"a10g0s10","verbose":true,"firms":[1,2,3,4],"rival":[2,1,4,3],"partner":[3,4,1,2],"merger_pairs":[1,2,1,2,3,4,4,3],"outcomes":[1,0,1,0,1,0,0,0,0,0,1,0,1,0,1,0,0,0,1,0,0,1,0,0,1,0,0,0,1,1,0,0,0,0,1,0,0,0,0,0,1,1,1,1,2],"ownership":[0,3,0,3,0,0,4,4,0,1,0,1,0,0,2,2],"S":[1,1,1,1,1,1,1,1,1,1,1,1,1,1,0,0,0,1,0,1,0,1,0,1,1,1,1,1,1,1,1,1,1,1,1,1,1,1,1,1,1,1,0,0,0,0,1,0,1,0,1,1,1,1,1,1,0,1,1,0,0,1,1,1,1,0,1,3,1,3,0,0,1,0,0,0,0,1,1,0,0,0,1,1],"ms":14,"mc":[0.7829867216803844,0.7829867216803844,0.7829867216803844,0.7829867216803844,0.7829867216803844,0.7829867216803844,0.7829867216803844,0.7829867216803844,0.7829867216803844,0.7829867216803844,0.7829867216803844,0.7829867216803844,0.7829867216803844,0.7829867216803844,0.0,0.0,0.0,0.7829867216803844,0.0,0.7829867216803844,0.0,0.7829867216803844,0.0,0.7829867216803844,0.7829867216803844,0.7829867216803844,0.7829867216803844,0.7829867216803844,1.0,1.0,1.0,1.0,1.0,1.0,1.0,1.0,1.0,1.0,1.0,1.0,1.0,1.0,0.0,0.0,0.0,0.0,1.0,0.0,1.0,0.0,1.0,1.0,1.0,1.0,1.0,1.0],"db":[0.2170132783196156,0.2170132783196156,0.2170132783196156,0.2170132783196156,0.2170132783196156,0.2170132783196156,0.2170132783196156,0.2170132783196156,0.2170132783196156,0.2170132783196156,0.2170132783196156,0.2170132783196156,0.2170132783196156,0.2170132783196156,1.0,1.0,1.0,0.2170132783196156,1.0,0.2170132783196156,1.0,0.2170132783196156,1.0,0.2170132783196156,0.2170132783196156,0.2170132783196156,0.2170132783196156,0.2170132783196156,0.0,0.0,0.0,0.0,0.0,0.0,0.0,0.0,0.0,0.0,0.0,0.0,0.0,0.0,1.0,1.0,1.0,1.0,0.0,1.0,0.0,1.0,0.0,0.0,0.0,0.0,0.0,0.0],"P":[1.4777942229989036,2.1113962081998228,1.0556981040999114,1.290559427772049,1.8191225905491473,7.562070323928629e-8,2.259977392476444,1.055698104105241,1.0556981040999114,1.485029752015238,1.283972973752029,1.3009544016480972,0.9246924326928889,0.8201543706274211,0.5,0.5,0.5,1.2905594201896764,0.5,1.154259513103986,0.5,0.1085066391598078,0.5,1.485029739887497,1.468376999221761,1.3009543946835533,1.2865490187155513,0.8201543789029817,1.4777941903849128,0.0,1.0556981040999114,1.819122575921938,1.290559388375354,2.2599773238875103,0.0,1.055698104105241,1.0556981040999114,1.485029718025125,1.283972945387381,1.3009543499356264,0.9246924326928889,0.8201543706274211,0.5,0.5,0.5,0.5,1.2905593946470018,0.5,1.1542594300868516,0.5,0.0,1.4850297223549542,1.468376970257887,1.3009543535021202,1.2865489892422253,0.8201543789029817],"V":[9.898047795251124,11.576736382570221,8.607919724672259,8.737599625612594,10.955079835763884,7.916440455382925,12.521648212680535,8.028339914780336,8.028339897826847,9.543843352070894,9.686680272099618,9.514300660820366,6.966503405138726,6.403077517888734,0.0,0.0,0.0,8.737599628310655,0.0,8.257958506743135,0.0,4.551456372630845,0.0,9.54384335817203,9.41467193068049,9.514300676149162,6.117730152758899,6.4030774765192575,9.89804764474223,9.063702499476324,8.607919724672259,10.955079661577548,8.737599473745911,12.5216472931989,7.916439559657789,8.028339914780336,8.028339897826847,9.543843178116479,9.68667941577089,9.514299749099541,6.966503405138726,6.403077517888734,0.0,0.0,0.0,0.0,8.737599472336218,0.0,8.257958341301748,0.0,4.551456299961549,9.543843175938264,9.4146717489699,9.514299741249767,6.117730021469102,6.4030774765192575],"D":[0.3233158010376886,0.5263797499877048,0.5263797499877048,0.22514221516401717,0.45028443645166544,0.4238740472855883,0.5575176975909004,0.5263797499850476,0.5263797499877048,0.326612803197449,0.3835691073417122,0.36566676277378407,0.4592796595722147,0.39035868420107783,0.0,0.0,0.0,0.22514221687112942,0.0,0.1336436481332453,0.0,0.0,0.0,0.3266128071585247,0.318975973184227,0.36566676532048614,0.22272685652302732,0.39035867774020394,0.3233158010376886,0.5263797499877048,0.5263797499877048,0.45028443203514656,0.22514221893183906,0.5575176954188337,0.42387404818545066,0.5263797499850476,0.5263797499877048,0.3266128058850757,0.38356910723735593,0.3656667646992092,0.4592796595722147,0.39035868420107783,0.0,0.0,0.0,0.0,0.22514221751982638,0.0,0.13364364940544976,0.0,0.0,0.326612804470898,0.3189759732885833,0.365666763395061,0.22272685652302732,0.39035867774020394],"Q":[0.3233158010376886,0.5263797499877048,0.5263797499877048,0.22514221516401717,0.22514221893183906,0.4238740472855883,0.42387404818545066,0.5263797499850476,0.5263797499877048,0.16330640195226895,0.20941753653267234,0.1828333817129291,0.4592796595722147,0.39035868420107783,0.0,0.0,0.0,0.0,0.0,0.0,0.0,0.0,0.0,0.16330640322571793,0.14482440247954342,0.182833382334206,0.22272685652302732,0.39035867774020394,0.0,0.0,0.0,0.0,0.22514221751982638,0.0,0.13364364940544976,0.0,0.0,0.1633064012451801,0.17415157080903984,0.18283338106085498,0.0,0.0,0.0,0.0,0.0,0.22514221687112942,0.0,0.1336436481332453,0.0,0.0,0.0,0.16330640393280674,0.17415157070468357,0.18283338298628016,0.0,0.0,0.0,0.0,0.0,0.0,0.0,0.0,0.0,0.0,0.0,0.0,0.0,0.0,0.0,0.0,0.0,0.0,0.0,0.0,0.0,0.0,0.0,0.0,0.0,0.0,0.0,0.0,0.0,0.0,0.0,0.0,0.0,0.0,0.0,0.0,0.0,0.0,0.0,0.0,0.0,0.0,0.0,0.0,0.0,0.0,0.0,0.0,0.0,0.0,0.0,0.0,0.0,0.0,0.0,0.0,0.0,0.0,0.6766841989623115,0.47362025001229513,0.47362025001229513,0.5497155679648533,0.5497155635483346,0.4424823045811665,0.44248230240909964,0.47362025001495256,0.47362025001229513,0.34677438964402624,0.29745491947406094,0.26866647190572973,0.3179934839047579,0.21928263805871828],"PI":[0.47779422297775914,1.1113962081972106,0.5556981040986053,0.2905594083694055,0.8191225905219165,3.2053653540618675e-8,1.2599773924609536,0.5556981040986054,0.5556981040986053,0.48502973013730943,0.4924923673929494,0.47571578456696495,0.4246924256961931,0.32015438095988324,0.0,0.0,0.0,0.2905594088654232,0.0,0.15425945222372014,0.0,0.0,0.0,0.48502973205854916,0.46837698232809616,0.475715785333406,0.2865490187013002,0.32015437889140613,0.4777942124331406,0.0,0.5556981040986053,0.8191225759013226,0.2905594043621443,1.2599773493125879,0.0,0.5556981040986054,0.5556981040986053,0.48502972302690883,0.49249235637915606,0.4757157681623234,0.4246924256961931,0.32015438095988324,0.0,0.0,0.0,0.0,0.29055940395187074,0.0,0.15425944259746144,0.0,0.0,0.4850297223409906,0.4683769732425506,0.4757157677698343,0.2865490121367989,0.32015437889140613],"CS":[0.39055058615354743,0.7473494386991102,0.7473494386991102,0.5983542836781772,0.5983542917123663,0.8153548049808415,0.8153548098896635,0.7473494386934993,0.7473494386991102,1.0590808844265354,1.2124925966580888,1.31428455006052,1.145724387277442,1.5173937965112763],"pr_entry":[0.0,0.0,0.0,0.0,0.0,0.0,0.0,0.0,0.0,0.0,0.0,0.0,0.0,0.0,0.21843996845250163,0.20644894003057787,0.11378639262173004,0.0,0.23859606379333637,0.0,0.23536677810604772,0.0,0.15294324052777647,0.0,0.0,0.0,0.0,0.0,0.0,0.0,0.0,0.0,0.0,0.0,0.0,0.0,0.0,0.0,0.0,0.0,0.0,0.0,0.21843996455314113,0.20644893589454355,0.11378639080499806,0.23859605923749258,0.0,0.23536677356328345,0.0,0.15294323724553185,0.0,0.0,0.0,0.0,0.0,0.0],"pr_exit":[0.0,0.0,0.0,0.0,0.0,0.25,0.0,0.25,0.0,0.0,0.0,0.0,0.0,0.0,0.0,0.0,0.0,0.0,0.0,0.0,0.0,0.0,0.0,0.0,0.0,0.0,0.0,0.0,0.0,0.0,0.0,0.0,0.0,0.0,0.25,0.0,0.25,0.0,0.0,0.0,0.0,0.0,0.0,0.0,0.0,0.0,0.0,0.0,0.0,0.0,0.0,0.0,0.0,0.0,0.0,0.0],"pr_merger":[0.20149339035358738,0.0,0.0,0.15978894146854206,0.15978894124108667,0.0,0.0,0.0,0.0,0.07141828942079176,0.0,0.0,0.0,0.0,0.0,0.0,0.0,0.0,0.0,0.0,0.0,0.0,0.0,0.07141828844006115,0.0498141844371327,0.0,0.14267369470262836,0.0,0.0,0.0,0.0,0.0,0.15978894163935164,0.0,0.0,0.0,0.0,0.0714182899653455,0.0,0.0,0.0,0.0,0.0,0.0,0.0,0.15978894059103688,0.0,0.0,0.0,0.0,0.0,0.07141828789550742,0.0,0.0,0.0,0.0],