{"modelname":"privacy","policy":"nolearning","smax":[5,1],"alpha":0.2,"beta":0.95,"c":1.0,"gamma":0.0,"sigma":5.0,"p0":1.0,"accuracy":1.0e-8,"cost_entry":[0.0,10.0],"value_exit":[0.0,1.0],"cost_merger":[0.0,1.0],"cost_bundling":[0.0,1.0],"entry":true,"exit":true,"mergers":true,"bundling":true,"filename":"a20g0s50","verbose":true,"firms":[1,2,3,4],"rival":[2,1,4,3],"partner":[3,4,1,2],"merger_pairs":[1,2,1,2,3,4,4,3],"outcomes":[1,0,1,0,1,0,0,0,0,0,1,0,1,0,1,0,0,0,1,0,0,1,0,0,1,0,0,0,1,1,0,0,0,0,1,0,0,0,0,0,1,1,1,1,2],"ownership":[0,3,0,3,0,0,4,4,0,1,0,1,0,0,2,2],"S":[1,1,1,1,1,1,1,1,1,1,1,1,1,1,0,0,0,1,0,1,0,1,0,1,1,1,1,1,1,1,1,1,1,1,1,1,1,1,1,1,1,1,0,0,0,0,1,0,1,0,1,1,1,1,1,1,0,1,1,0,0,1,1,1,1,0,1,3,1,3,0,0,1,0,0,0,0,1,1,0,0,0,1,1],"ms":14,"mc":[0.5956373436127806,0.5956373436127806,0.5956373436127806,0.5956373436127806,0.5956373436127806,0.5956373436127806,0.5956373436127806,0.5956373436127806,0.5956373436127806,0.5956373436127806,0.5956373436127806,0.5956373436127806,0.5956373436127806,0.5956373436127806,0.0,0.0,0.0,0.5956373436127806,0.0,0.5956373436127806,0.0,0.5956373436127806,0.0,0.5956373436127806,0.5956373436127806,0.5956373436127806,0.5956373436127806,0.5956373436127806,1.0,1.0,1.0,1.0,1.0,1.0,1.0,1.0,1.0,1.0,1.0,1.0,1.0,1.0,0.0,0.0,0.0,0.0,1.0,0.0,1.0,0.0,1.0,1.0,1.0,1.0,1.0,1.0],"db":[0.40436265638721935,0.40436265638721935,0.40436265638721935,0.40436265638721935,0.40436265638721935,0.40436265638721935,0.40436265638721935,0.40436265638721935,0.40436265638721935,0.40436265638721935,0.40436265638721935,0.40436265638721935,0.40436265638721935,0.40436265638721935,1.0,1.0,1.0,0.40436265638721935,1.0,0.40436265638721935,1.0,0.40436265638721935,1.0,0.40436265638721935,0.40436265638721935,0.40436265638721935,0.40436265638721935,0.40436265638721935,0.0,0.0,0.0,0.0,0.0,0.0,0.0,0.0,0.0,0.0,0.0,0.0,0.0,0.0,1.0,1.0,1.0,1.0,0.0,1.0,0.0,1.0,0.0,0.0,0.0,0.0,0.0,0.0],"P":[1.0567038540619857,1.9684539371526095,0.9842269685763048,0.35941775234687207,1.7713054100061687,3.1722421665200996e-8,2.0137490980554187,0.984226968576341,0.9842269685763048,0.3999671892447669,0.3999453285807339,0.3999344099501485,0.2676208843059826,0.1999955560861822,0.5,0.5,0.5,0.3594177497917828,0.5,0.2501463767589611,0.5,0.20218132819360968,0.5,0.399967191498577,0.39995626534899725,0.39993441214957043,0.3192889919691372,0.19999555723194973,1.0567038232689772,0.0,0.9842269685763048,1.7713054098509162,0.35941774994137504,2.013749071209271,0.0,0.984226968576341,0.9842269685763048,0.39996719196882224,0.3999453312789211,0.3999344125738165,0.2676208843059826,0.1999955560861822,0.5,0.5,0.5,0.5,0.3594177518378411,0.5,0.2501463658830054,0.5,0.0,0.3999671901908387,0.3999562640336457,0.3999344108090652,0.31928898211961343,0.19999555723194973],"V":[12.358354595390246,20.511455099797974,13.52531331958413,2.7391353722022918,15.073311583075071,3.4766251701640347,15.98703986668992,10.070878977223254,10.070878867124055,3.9993412757926596,3.9992325827014517,3.999014165141185,3.3524159098948054,1.999910308304017,0.0,0.0,0.0,2.739135371269575,0.0,1.5262489706937408,0.0,1.26739731546561,0.0,3.9993412532604884,3.9991226995322107,3.999014143156004,2.385778354939493,1.9999102968471132,12.358354528745116,6.074712746423017,13.52531331958413,15.073311643989175,2.7391353304524477,15.9870389345722,3.476624055953547,10.070878977223254,10.070878867124055,3.9993412627201668,3.9992317433766287,3.999013233761934,3.3524159098948054,1.999910308304017,0.0,0.0,0.0,0.0,2.739135331278751,0.0,1.5262489425120136,0.0,1.2673972946961036,3.999341280495325,3.999122726507807,3.9990132514022014,2.3857782813422923,1.9999102968471132],"D":[0.8107322074715084,0.8983974193654006,0.8983974193654006,0.44354445911339985,0.8870889239055313,0.7002146471666725,0.9006827612695001,0.8983974193653677,0.8983974193654006,0.49995899159998425,0.49997266534420404,0.49995900497191187,0.6263370840390615,0.4999888985215828,0.0,0.0,0.0,0.44354446477987836,0.0,0.20046811399709208,0.0,0.0,0.0,0.49995898596592114,0.4999453256658358,0.4999589994738079,0.37360820634220504,0.4999888927928724,0.8107322074715084,0.8983974193654006,0.8983974193654006,0.8870889238932782,0.44354446405568304,0.9006827611637646,0.7002146634934017,0.8983974193653677,0.8983974193654006,0.4999589865606555,0.499972660327692,0.49995900001710164,0.6263370840390615,0.4999888985215828,0.0,0.0,0.0,0.0,0.44354445984984825,0.0,0.20046809777609848,0.0,0.0,0.4999589910052498,0.4999453306823479,0.4999590044286181,0.37360820634220504,0.4999888927928724],"Q":[0.8107322074715084,0.8983974193654006,0.8983974193654006,0.44354445911339985,0.44354446405568304,0.7002146471666725,0.7002146634934017,0.8983974193653677,0.8983974193654006,0.24997949468884353,0.24999316527024928,0.2499795013830768,0.6263370840390615,0.4999888985215828,0.0,0.0,0.0,0.0,0.0,0.0,0.0,0.0,0.0,0.24997949409410913,0.24996583060839314,0.24997950083978307,0.37360820634220504,0.4999888927928724,0.0,0.0,0.0,0.0,0.44354445984984825,0.0,0.20046809777609848,0.0,0.0,0.2499794969111407,0.24997950007395475,0.24997950358883506,0.0,0.0,0.0,0.0,0.0,0.44354446477987836,0.0,0.20046811399709208,0.0,0.0,0.0,0.24997949187181198,0.2499794950574427,0.24997949863402483,0.0,0.0,0.0,0.0,0.0,0.0,0.0,0.0,0.0,0.0,0.0,0.0,0.0,0.0,0.0,0.0,0.0,0.0,0.0,0.0,0.0,0.0,0.0,0.0,0.0,0.0,0.0,0.0,0.0,0.0,0.0,0.0,0.0,0.0,0.0,0.0,0.0,0.0,0.0,0.0,0.0,0.0,0.0,0.0,0.0,0.0,0.0,0.0,0.0,0.0,0.0,0.0,0.0,0.0,0.0,0.0,0.0,0.0,0.18926779252849152,0.10160258063459944,0.10160258063459944,0.11291107610672194,0.11291107609446867,0.0993172388362355,0.0993172387304999,0.10160258063463244,0.10160258063459944,8.20224340947544e-5,8.200898996003156e-5,8.199555428014288e-5,5.4709618733442344e-5,2.2208685544943202e-5],"PI":[0.8567038482473244,1.768453937277567,0.8842269686387835,0.15941775256044727,1.571305410070418,2.2212504293571123e-8,1.8137490981405198,0.8842269686387835,0.8842269686387835,0.19996719260789372,0.199961731922473,0.19995080965270493,0.16762088430416416,0.09999555779674167,0.0,0.0,0.0,0.15941775346378453,0.0,0.05014637237207496,0.0,0.0,0.0,0.19996719148126596,0.19995626533199587,0.19995080855344474,0.11928898759440006,0.0999955572238961,0.8567038232824405,0.0,0.8842269686387835,1.5713054099109913,0.1594177532698467,1.8137490737477326,0.0,0.8842269686387835,0.8842269686387835,0.19996719195424353,0.19996173126516228,0.19995080898283227,0.16762088430416416,0.09999555779674167,0.0,0.0,0.0,0.0,0.15941775259936203,0.0,0.05014636613417003,0.0,0.0,0.19996719284301656,0.19995626668077746,0.19995080986484623,0.11928898391453716,0.0999955572238961],"CS":[0.33291847501624194,0.4573372688426969,0.4573372688426969,0.43623094143519925,0.43623094145690366,0.4618872238821805,0.4618872240951055,0.4573372688426318,0.4573372688426969,1.8817035523193186,1.881736336610086,1.881769105653117,1.9626942037553945,2.143005420967509],"pr_entry":[0.0,0.0,0.0,0.0,0.0,0.0,0.0,0.0,0.0,0.0,0.0,0.0,0.0,0.0,0.06847838108286802,0.03815622130839764,0.03168493018690411,0.0,0.09998352794155849,0.0,0.0999780640579004,0.0,0.05964445703539719,0.0,0.0,0.0,0.0,0.0,0.0,0.0,0.0,0.0,0.0,0.0,0.0,0.0,0.0,0.0,0.0,0.0,0.0,0.0,0.06847838008309762,0.038156220603854554,0.031684929667666575,0.09998352862242917,0.0,0.09997806473229028,0.0,0.05964445519546725,0.0,0.0,0.0,0.0,0.0,0.0],"pr_exit":[0.0,0.0,0.0,0.0,0.0,0.25,0.0,0.25,0.0,0.0,0.0,0.0,0.0,0.0,0.0,0.0,0.0,0.0,0.0,0.0,0.0,0.0,0.0,0.0,0.0,0.0,0.0,0.0,0.0,0.0,0.0,0.0,0.0,0.0,0.25,0.0,0.25,0.0,0.0,0.0,0.0,0.0,0.0,0.0,0.0,0.0,0.0,0.0,0.0,0.0,0.0,0.0,0.0,0.0,0.0,0.0],"pr_merger":[0.25,0.0,0.0,0.25,0.25,0.0,0.0,0.0,0.0,0.0,0.0,0.0,0.0,0.0,0.0,0.0,0.0,0.0,0.0,0.0,0.0,0.0,0.0,0.0,0.0,0.0,0.0,0.0,0.0,0.0,0.0,0.0,0.25,0.0,0.0,0.0,0.0,0.0,0.0,0.0,0.0,0.0,0.0,0.0,0.0,0.25,0.0,0.0,0.0,0.0,0.0,0.0,0.0,0.0,0.0,0.0],"pr_bundling":[0.0,0.1425451051447455,0.0,0.0,0.0,0.25,0.25,0.0,0.0,0.0,0.0,0.0,0.0,0.0,0.0,0.0,0.0,0.0,0.0,0.0,0.0,0.0,0.0,0.0,0.0,0.0,0.0,0.0,0.0,0.1425451051447455,0.0,0.0,0.0,0.25,0.25,0.0,0.0,0.0,0.0,0.0,0.0,0.0,0.0,0.0,0.0,0.0,0.0,0.0,0.0,0.0,0.0,0.0,0.0,0.0,0.0,0.0],