{"modelname":"privacy","policy":"nolearning","smax":[5,1],"alpha":0.2,"beta":0.95,"c":1.0,"gamma":0.0,"sigma":8.0,"p0":1.0,"accuracy":1.0e-8,"cost_entry":[0.0,10.0],"value_exit":[0.0,1.0],"cost_merger":[0.0,1.0],"cost_bundling":[0.0,1.0],"entry":true,"exit":true,"mergers":true,"bundling":true,"filename":"a20g0s80","verbose":true,"firms":[1,2,3,4],"rival":[2,1,4,3],"partner":[3,4,1,2],"merger_pairs":[1,2,1,2,3,4,4,3],"outcomes":[1,0,1,0,1,0,0,0,0,0,1,0,1,0,1,0,0,0,1,0,0,1,0,0,1,0,0,0,1,1,0,0,0,0,1,0,0,0,0,0,1,1,1,1,2],"ownership":[0,3,0,3,0,0,4,4,0,1,0,1,0,0,2,2],"S":[1,1,1,1,1,1,1,1,1,1,1,1,1,1,0,0,0,1,0,1,0,1,0,1,1,1,1,1,1,1,1,1,1,1,1,1,1,1,1,1,1,1,0,0,0,0,1,0,1,0,1,1,1,1,1,1,0,1,1,0,0,1,1,1,1,0,1,3,1,3,0,0,1,0,0,0,0,1,1,0,0,0,1,1],"ms":14,"mc":[0.5956373436127806,0.5956373436127806,0.5956373436127806,0.5956373436127806,0.5956373436127806,0.5956373436127806,0.5956373436127806,0.5956373436127806,0.5956373436127806,0.5956373436127806,0.5956373436127806,0.5956373436127806,0.5956373436127806,0.5956373436127806,0.0,0.0,0.0,0.5956373436127806,0.0,0.5956373436127806,0.0,0.5956373436127806,0.0,0.5956373436127806,0.5956373436127806,0.5956373436127806,0.5956373436127806,0.5956373436127806,1.0,1.0,1.0,1.0,1.0,1.0,1.0,1.0,1.0,1.0,1.0,1.0,1.0,1.0,0.0,0.0,0.0,0.0,1.0,0.0,1.0,0.0,1.0,1.0,1.0,1.0,1.0,1.0],"db":[0.40436265638721935,0.40436265638721935,0.40436265638721935,0.40436265638721935,0.40436265638721935,0.40436265638721935,0.40436265638721935,0.40436265638721935,0.40436265638721935,0.40436265638721935,0.40436265638721935,0.40436265638721935,0.40436265638721935,0.40436265638721935,1.0,1.0,1.0,0.40436265638721935,1.0,0.40436265638721935,1.0,0.40436265638721935,1.0,0.40436265638721935,0.40436265638721935,0.40436265638721935,0.40436265638721935,0.40436265638721935,0.0,0.0,0.0,0.0,0.0,0.0,0.0,0.0,0.0,0.0,0.0,0.0,0.0,0.0,1.0,1.0,1.0,1.0,0.0,1.0,0.0,1.0,0.0,0.0,0.0,0.0,0.0,0.0],"P":[1.0753960468697075,2.0618026515384122,1.0309013257692061,0.23474121555985458,1.92300026535106,3.22073224225356e-8,2.0910909833671703,1.0309013257681705,1.0309013257692061,0.24999998363884912,0.249999973561085,0.24999996852159143,0.1672745603576618,0.12499999733191632,0.5,0.5,0.5,0.2347412144292104,0.5,0.15772375309119263,0.5,0.20218132819360968,0.5,0.2499999823452424,0.24999997730636073,0.24999996722800805,0.19956484829142287,0.12499999668481203,1.075395985999454,0.0,1.0309013257692061,1.9230002609488115,0.23474120953987068,2.0910909568659934,0.0,1.0309013257681705,1.0309013257692061,0.2499999838125029,0.2499999737362436,0.24999996869694727,0.1672745603576618,0.12499999733191632,0.5,0.5,0.5,0.5,0.23474121103656242,0.5,0.15772374633156402,0.5,0.0,0.2499999826933048,0.24999997765465146,0.24999996757778406,0.19956484103014094,0.12499999668481203],"V":[16.618198302350535,31.120395774032595,17.8772814220947,2.2659392773126177,23.778162929101534,13.129115762790784,25.04508192900618,15.07191805309038,15.07191798890317,2.499999424591471,2.499999522760484,2.4999994199918776,2.0954912403976818,1.2499999127780446,0.0,0.0,0.0,2.2659392794420175,0.0,0.7501918235376982,0.0,0.6183591272161025,0.0,2.4999994375272743,2.4999993249256227,2.4999994329277073,1.4912967850642003,1.2499999192490856,16.61819804294146,4.274924199464347,17.8772814220947,23.77816292622155,2.265939251625703,15.995290312009063,4.079324063174124,15.07191805309038,15.07191798890317,2.499999428072061,2.499999334760072,2.4999992319428084,2.0954912403976818,1.2499999127780446,0.0,0.0,0.0,0.0,2.2659392511769214,0.0,0.75019180327054,0.0,0.6183591178868577,2.4999994392638043,2.4999993266772003,2.4999992431344396,1.4912967308025138,1.2499999192490856],"D":[0.8837637469447398,0.9393734411303966,0.9393734411303966,0.4674987022820381,0.9349974089405162,0.7327474823474432,0.9402225915478979,0.9393734411313402,0.9393734411303966,0.49999996718012923,0.4999999772578972,0.49999996718018325,0.6263627901989399,0.49999998922849026,0.0,0.0,0.0,0.467498706510635,0.0,0.2074751091596699,0.0,0.0,0.0,0.4999999723545558,0.49999996227679516,0.49999997235451643,0.37363716947765746,0.4999999944053242,0.8837637469447398,0.9393734411303966,0.9393734411303966,0.9349974087926731,0.4674987072690642,0.9402225915071132,0.7327475152968193,0.9393734411313402,0.9393734411303966,0.4999999675289465,0.49999997760416137,0.49999996752902354,0.6263627901989399,0.49999998922849026,0.0,0.0,0.0,0.0,0.467498701671452,0.0,0.20747507625107858,0.0,0.0,0.49999997200573854,0.499999961930531,0.4999999720056761,0.37363716947765746,0.4999999944053242],"Q":[0.8837637469447398,0.9393734411303966,0.9393734411303966,0.4674987022820381,0.4674987072690642,0.7327474823474432,0.7327475152968193,0.9393734411313402,0.9393734411303966,0.2499999824708666,0.24999999254735628,0.24999998247092847,0.6263627901989399,0.49999998922849026,0.0,0.0,0.0,0.0,0.0,0.0,0.0,0.0,0.0,0.24999998729647593,0.24999997721999004,0.24999998729642134,0.37363716947765746,0.4999999944053242,0.0,0.0,0.0,0.0,0.467498701671452,0.0,0.20747507625107858,0.0,0.0,0.24999998470926263,0.2499999847105409,0.24999998470925475,0.0,0.0,0.0,0.0,0.0,0.467498706510635,0.0,0.2074751091596699,0.0,0.0,0.0,0.24999998505807985,0.24999998505680512,0.24999998505809506,0.0,0.0,0.0,0.0,0.0,0.0,0.0,0.0,0.0,0.0,0.0,0.0,0.0,0.0,0.0,0.0,0.0,0.0,0.0,0.0,0.0,0.0,0.0,0.0,0.0,0.0,0.0,0.0,0.0,0.0,0.0,0.0,0.0,0.0,0.0,0.0,0.0,0.0,0.0,0.0,0.0,0.0,0.0,0.0,0.0,0.0,0.0,0.0,0.0,0.0,0.0,0.0,0.0,0.0,0.0,0.0,0.0,0.0,0.11623625305526022,0.060626558869603435,0.060626558869603435,0.06500259120732675,0.06500259105948374,0.059777408492886736,0.059777408452102124,0.060626558868659766,0.060626558869603435,6.046531496214714e-8,6.04653076503052e-8,6.046530033787123e-8,4.032340271282602e-8,1.636618541066497e-8],"PI":[0.9503960398311337,1.9368026517074142,0.9684013258537071,0.1097412136463402,1.7980002654951663,2.3599834418265316e-8,1.966090983543923,0.9684013258537071,0.9684013258537071,0.12499998361445741,0.12499998109501739,0.12499997605584255,0.10477456035492604,0.06249999731951947,0.0,0.0,0.0,0.10974121411039148,0.0,0.032723752889668015,0.0,0.0,0.0,0.12499998426126063,0.12499997922238001,0.12499997670263403,0.07456484504284537,0.06249999764307156,0.9503959860362103,0.0,0.9684013258537071,1.798000261094773,0.10974121200266605,1.9660909585416333,0.0,0.9684013258537071,0.9684013258537071,0.1249999837884886,0.12499998126916273,0.12499997623073053,0.10477456035492604,0.06249999731951947,0.0,0.0,0.0,0.0,0.10974121138837725,0.0,0.03272374629674702,0.0,0.0,0.12499998434808753,0.12499997930995932,0.12499997679031195,0.07456484232976054,0.06249999764307156],"CS":[0.26901631184940333,0.3503777770927532,0.3503777770927532,0.34166601814412156,0.3416660184284237,0.35214093422549286,0.3521409343107771,0.35037777709469875,0.3503777770927532,2.0776494928404206,2.077649507956199,2.077649523073203,2.1282917280081177,2.2410060619862575],"pr_entry":[0.0,0.0,0.0,0.0,0.0,0.0,0.0,0.0,0.0,0.0,0.0,0.0,0.0,0.0,0.05664848269138162,0.018754795326962736,0.015458977938860552,0.0,0.06249998561226352,0.0,0.062499982781664284,0.0,0.03728241947424619,0.0,0.0,0.0,0.0,0.0,0.0,0.0,0.0,0.0,0.0,0.0,0.0,0.0,0.0,0.0,0.0,0.0,0.0,0.0,0.056648481984754195,0.018754794820283797,0.015458977705629443,0.06249998565567675,0.0,0.062499982825453715,0.0,0.03728241811770403,0.0,0.0,0.0,0.0,0.0,0.0],"pr_exit":[0.0,0.0,0.0,0.0,0.0,0.25,0.0,0.25,0.0,0.0,0.0,0.0,0.0,0.0,0.0,0.0,0.0,0.0,0.0,0.06245204673037261,0.0,0.09541022061139448,0.0,0.0,0.0,0.0,0.0,0.0,0.0,0.0,0.0,0.0,0.0,0.0,0.25,0.0,0.25,0.0,0.0,0.0,0.0,0.0,0.0,0.0,0.0,0.0,0.0,0.0,0.06245205179716201,0.0,0.09541022294370557,0.0,0.0,0.0,0.0,0.0],"pr_merger":[0.25,0.0,0.0,0.25,0.25,0.0,0.0,0.0,0.0,2.6041557799061366e-9,0.0,0.0,0.0,0.0,0.0,0.0,0.0,0.0,0.0,0.0,0.0,0.0,0.0,0.0,7.76282027548092e-9,0.0,0.0,0.0,0.0,0.0,0.0,0.0,0.25,0.0,0.0,0.0,0.0,0.0,0.0,0.0,0.0,0.0,0.0,0.0,0.0,0.25,0.0,0.0,0.0,0.0,0.0,0.0,0.0,0.0,0.0,0.0],