{"modelname":"privacy","policy":"nolearning","smax":[5,1],"alpha":0.2,"beta":0.95,"c":1.0,"gamma":0.0,"sigma":6.0,"p0":1.0,"accuracy":1.0e-8,"cost_entry":[0.0,10.0],"value_exit":[0.0,1.0],"cost_merger":[0.0,1.0],"cost_bundling":[0.0,1.0],"entry":true,"exit":true,"mergers":true,"bundling":true,"filename":"a20g0s60","verbose":true,"firms":[1,2,3,4],"rival":[2,1,4,3],"partner":[3,4,1,2],"merger_pairs":[1,2,1,2,3,4,4,3],"outcomes":[1,0,1,0,1,0,0,0,0,0,1,0,1,0,1,0,0,0,1,0,0,1,0,0,1,0,0,0,1,1,0,0,0,0,1,0,0,0,0,0,1,1,1,1,2],"ownership":[0,3,0,3,0,0,4,4,0,1,0,1,0,0,2,2],"S":[1,1,1,1,1,1,1,1,1,1,1,1,1,1,0,0,0,1,0,1,0,1,0,1,1,1,1,1,1,1,1,1,1,1,1,1,1,1,1,1,1,1,0,0,0,0,1,0,1,0,1,1,1,1,1,1,0,1,1,0,0,1,1,1,1,0,1,3,1,3,0,0,1,0,0,0,0,1,1,0,0,0,1,1],"ms":14,"mc":[0.5956373436127806,0.5956373436127806,0.5956373436127806,0.5956373436127806,0.5956373436127806,0.5956373436127806,0.5956373436127806,0.5956373436127806,0.5956373436127806,0.5956373436127806,0.5956373436127806,0.5956373436127806,0.5956373436127806,0.5956373436127806,0.0,0.0,0.0,0.5956373436127806,0.0,0.5956373436127806,0.0,0.5956373436127806,0.0,0.5956373436127806,0.5956373436127806,0.5956373436127806,0.5956373436127806,0.5956373436127806,1.0,1.0,1.0,1.0,1.0,1.0,1.0,1.0,1.0,1.0,1.0,1.0,1.0,1.0,0.0,0.0,0.0,0.0,1.0,0.0,1.0,0.0,1.0,1.0,1.0,1.0,1.0,1.0],"db":[0.40436265638721935,0.40436265638721935,0.40436265638721935,0.40436265638721935,0.40436265638721935,0.40436265638721935,0.40436265638721935,0.40436265638721935,0.40436265638721935,0.40436265638721935,0.40436265638721935,0.40436265638721935,0.40436265638721935,0.40436265638721935,1.0,1.0,1.0,0.40436265638721935,1.0,0.40436265638721935,1.0,0.40436265638721935,1.0,0.40436265638721935,0.40436265638721935,0.40436265638721935,0.40436265638721935,0.40436265638721935,0.0,0.0,0.0,0.0,0.0,0.0,0.0,0.0,0.0,0.0,0.0,0.0,0.0,0.0,1.0,1.0,1.0,1.0,0.0,1.0,0.0,1.0,0.0,0.0,0.0,0.0,0.0,0.0],"P":[1.062074403783236,2.00432108081432,1.00216054040716,0.30552102673415676,1.830850452648023,2.9182074550115487e-8,2.0426573344469015,1.0021605404069016,1.00216054040716,0.33333085976420757,0.33332921289913675,0.33332838954818766,0.2230313711189545,0.16666633073837644,0.5,0.5,0.5,0.3055210250372221,0.5,0.20928190397458396,0.5,0.20218132819360968,0.5,0.3333308613631285,0.33333003795814714,0.3333283911455046,0.26608536038453184,0.1666663315391142,1.062074363847896,0.0,1.00216054040716,1.8308504516237696,0.30552102382936097,2.0426573097082192,0.0,1.0021605404069016,1.00216054040716,0.33333086146950147,0.33332921460201886,0.333328391244086,0.2230313711189545,0.16666633073837644,0.5,0.5,0.5,0.5,0.3055210256960591,0.5,0.20928189402294695,0.5,0.0,0.3333308599779746,0.33333003657061655,0.3333283897523249,0.26608535172449904,0.1666663315391142],"V":[13.716519566622168,23.414705875949725,14.915078927583915,2.316245245209302,17.20618917433665,3.4480402879207794,17.972017934495483,11.109847659066759,11.109847661744602,3.3332832102903582,3.3332751939803837,3.333258726873769,2.7939603536266477,1.6666597791218503,0.0,0.0,0.0,2.3162452448833135,0.0,1.1644950701291517,0.0,0.96579839849888,0.0,3.3332831943016794,3.333266713277583,3.333258710901199,1.988373430078676,1.6666597711145246,13.716519377626772,5.965331966631919,14.915078927583915,17.2061891315029,2.316245225382289,17.97201738372643,3.4480397507681313,11.109847659066759,11.109847661744602,3.3332831964394147,3.3332748367200673,3.3332583551647637,2.7939603536266477,1.6666597791218503,0.0,0.0,0.0,0.0,2.3162452254506354,0.0,1.1644950466642108,0.0,0.9657983832311916,3.3332832113541855,3.3332667303059966,3.3332583700818117,1.9883733653649438,1.6666597711145246],"D":[0.8430743907231405,0.9168463235999206,0.9168463235999206,0.4544838097238331,0.9089676241240571,0.7147809555732177,0.9184069379919517,0.916846323600157,0.9168463235999206,0.4999962967583228,0.49999753199422564,0.49999629686575947,0.6263604849952186,0.49999899936337444,0.0,0.0,0.0,0.4544838143512093,0.0,0.20362598233794418,0.0,0.0,0.0,0.49999629196159556,0.49999505683553847,0.49999629207384416,0.37363457245249937,0.4999989945589575,0.8430743907231405,0.9168463235999206,0.9168463235999206,0.9089676240750424,0.4544838146071809,0.9184069379111619,0.7147809739217874,0.916846323600157,0.9168463235999206,0.4999962921226854,0.4999975273586409,0.4999962922321768,0.6263604849952186,0.49999899936337444,0.0,0.0,0.0,0.0,0.45448380951687617,0.0,0.2036259640701643,0.0,0.0,0.4999962965972329,0.49999506147112316,0.49999629670742685,0.37363457245249937,0.4999989945589575],"Q":[0.8430743907231405,0.9168463235999206,0.9168463235999206,0.4544838097238331,0.4544838146071809,0.7147809555732177,0.7147809739217874,0.916846323600157,0.9168463235999206,0.2499981472605245,0.24999938247051812,0.24999814731406722,0.6263604849952186,0.49999899936337444,0.0,0.0,0.0,0.0,0.0,0.0,0.0,0.0,0.0,0.2499981470994346,0.24999691194741563,0.24999814715573457,0.37363457245249937,0.4999989945589575,0.0,0.0,0.0,0.0,0.45448380951687617,0.0,0.2036259640701643,0.0,0.0,0.24999814949779828,0.24999814952370752,0.24999814955169225,0.0,0.0,0.0,0.0,0.0,0.4544838143512093,0.0,0.20362598233794418,0.0,0.0,0.0,0.24999814486216093,0.2499981448881228,0.2499981449181096,0.0,0.0,0.0,0.0,0.0,0.0,0.0,0.0,0.0,0.0,0.0,0.0,0.0,0.0,0.0,0.0,0.0,0.0,0.0,0.0,0.0,0.0,0.0,0.0,0.0,0.0,0.0,0.0,0.0,0.0,0.0,0.0,0.0,0.0,0.0,0.0,0.0,0.0,0.0,0.0,0.0,0.0,0.0,0.0,0.0,0.0,0.0,0.0,0.0,0.0,0.0,0.0,0.0,0.0,0.0,0.0,0.0,0.0,0.15692560927685953,0.08315367640007937,0.08315367640007937,0.09103237592495761,0.09103237587594279,0.08159306208883804,0.08159306200804828,0.08315367639984293,0.08315367640007937,7.411280081572691e-6,7.4111702358697334e-6,7.411060396444774e-6,4.9425522820812536e-6,2.0060776680593567e-6],"PI":[0.8954077308721944,1.8376544142584288,0.9188272071292144,0.13885436018087663,1.6641837860699278,2.0858791132540425e-8,1.8759906678961809,0.9188272071292144,0.9188272071292144,0.1666641954773716,0.1666637837911462,0.16666296041432116,0.1396980377832169,0.08333299859675344,0.0,0.0,0.0,0.13885436082340802,0.0,0.04261523328237996,0.0,0.0,0.0,0.16666419467792892,0.16666337127387598,0.1666629596156923,0.09941868986314377,0.08333299819638697,0.8954076972037319,0.0,0.9188272071292144,1.664183785049176,0.13885436035265938,1.8759906450109776,0.0,0.9188272071292144,0.9188272071292144,0.16666419478481126,0.1666637830974072,0.16666295971775938,0.1396980377832169,0.08333299859675344,0.0,0.0,0.0,0.0,0.13885435964584836,0.0,0.04261522743285253,0.0,0.0,0.1666641955305581,0.16666337212529717,0.1666629604636123,0.09941868662745612,0.08333299819638697],"CS":[0.30866390203116745,0.4145108100414505,0.4145108100414505,0.39942334272410496,0.39942334281384384,0.4176685073413122,0.4176685075063382,0.41451081004192436,0.4145108100414505,1.968751230504386,1.968753700759542,1.968756170910126,2.0362714506489334,2.186554858549666],"pr_entry":[0.0,0.0,0.0,0.0,0.0,0.0,0.0,0.0,0.0,0.0,0.0,0.0,0.0,0.0,0.05790613257251156,0.02911237595891598,0.024144959230867548,0.0,0.08333207893746712,0.0,0.0833316668948344,0.0,0.0497093352688298,0.0,0.0,0.0,0.0,0.0,0.0,0.0,0.0,0.0,0.0,0.0,0.0,0.0,0.0,0.0,0.0,0.0,0.0,0.0,0.05790613208669455,0.0291123753722925,0.024144958849175367,0.08333207936377966,0.0,0.08333166732054474,0.0,0.04970933365098652,0.0,0.0,0.0,0.0,0.0,0.0],"pr_exit":[0.0,0.0,0.0,0.0,0.0,0.25,0.0,0.25,0.0,0.0,0.0,0.0,0.0,0.0,0.0,0.0,0.0,0.0,0.0,0.0,0.0,0.008550407691324535,0.0,0.0,0.0,0.0,0.0,0.0,0.0,0.0,0.0,0.0,0.0,0.0,0.25,0.0,0.25,0.0,0.0,0.0,0.0,0.0,0.0,0.0,0.0,0.0,0.0,0.0,0.0,0.0,0.008550411508246342,0.0,0.0,0.0,0.0,0.0],"pr_merger":[0.25,0.0,0.0,0.25,0.25,0.0,0.0,0.0,0.0,0.0,0.0,0.0,0.0,0.0,0.0,0.0,0.0,0.0,0.0,0.0,0.0,0.0,0.0,0.0,0.0,0.0,0.0,0.0,0.0,0.0,0.0,0.0,0.25,0.0,0.0,0.0,0.0,0.0,0.0,0.0,0.0,0.0,0.0,0.0,0.0,0.25,0.0,0.0,0.0,0.0,0.0,0.0,0.0,0.0,0.0,0.0],