{"modelname":"privacy","policy":"nolearning","smax":[5,1],"alpha":0.2,"beta":0.95,"c":1.0,"gamma":0.0,"sigma":4.0,"p0":1.0,"accuracy":1.0e-8,"cost_entry":[0.0,10.0],"value_exit":[0.0,1.0],"cost_merger":[0.0,1.0],"cost_bundling":[0.0,1.0],"entry":true,"exit":true,"mergers":true,"bundling":true,"filename":"a20g0s40","verbose":true,"firms":[1,2,3,4],"rival":[2,1,4,3],"partner":[3,4,1,2],"merger_pairs":[1,2,1,2,3,4,4,3],"outcomes":[1,0,1,0,1,0,0,0,0,0,1,0,1,0,1,0,0,0,1,0,0,1,0,0,1,0,0,0,1,1,0,0,0,0,1,0,0,0,0,0,1,1,1,1,2],"ownership":[0,3,0,3,0,0,4,4,0,1,0,1,0,0,2,2],"S":[1,1,1,1,1,1,1,1,1,1,1,1,1,1,0,0,0,1,0,1,0,1,0,1,1,1,1,1,1,1,1,1,1,1,1,1,1,1,1,1,1,1,0,0,0,0,1,0,1,0,1,1,1,1,1,1,0,1,1,0,0,1,1,1,1,0,1,3,1,3,0,0,1,0,0,0,0,1,1,0,0,0,1,1],"ms":14,"mc":[0.5956373436127806,0.5956373436127806,0.5956373436127806,0.5956373436127806,0.5956373436127806,0.5956373436127806,0.5956373436127806,0.5956373436127806,0.5956373436127806,0.5956373436127806,0.5956373436127806,0.5956373436127806,0.5956373436127806,0.5956373436127806,0.0,0.0,0.0,0.5956373436127806,0.0,0.5956373436127806,0.0,0.5956373436127806,0.0,0.5956373436127806,0.5956373436127806,0.5956373436127806,0.5956373436127806,0.5956373436127806,1.0,1.0,1.0,1.0,1.0,1.0,1.0,1.0,1.0,1.0,1.0,1.0,1.0,1.0,0.0,0.0,0.0,0.0,1.0,0.0,1.0,0.0,1.0,1.0,1.0,1.0,1.0,1.0],"db":[0.40436265638721935,0.40436265638721935,0.40436265638721935,0.40436265638721935,0.40436265638721935,0.40436265638721935,0.40436265638721935,0.40436265638721935,0.40436265638721935,0.40436265638721935,0.40436265638721935,0.40436265638721935,0.40436265638721935,0.40436265638721935,1.0,1.0,1.0,0.40436265638721935,1.0,0.40436265638721935,1.0,0.40436265638721935,1.0,0.40436265638721935,0.40436265638721935,0.40436265638721935,0.40436265638721935,0.40436265638721935,0.0,0.0,0.0,0.0,0.0,0.0,0.0,0.0,0.0,0.0,0.0,0.0,0.0,0.0,1.0,1.0,1.0,1.0,0.0,1.0,0.0,1.0,0.0,0.0,0.0,0.0,0.0,0.0],"P":[1.0558731627814295,1.92833805355868,0.96416902677934,0.435959766467564,1.701898148948187,3.47508413656096e-8,1.9835983894888751,0.9641690267787338,0.96416902677934,0.4995482146223441,0.4992485574422515,0.4991004707264148,0.33429484485459343,0.24993858292426643,0.5,0.5,0.5,0.4359597691750928,0.5,0.310812202362617,0.5,0.20218132819360968,0.5,0.49954821734086347,0.499399019210084,0.49910047280838626,0.39892582490112366,0.24993858453646486,1.0558731393662788,0.0,0.96416902677934,1.7018981508974296,0.4359597693176462,1.9835983595073314,0.0,0.9641690267787338,0.96416902677934,0.49954821794974,0.49924856037061893,0.49910047284891157,0.33429484485459343,0.24993858292426643,0.5,0.5,0.5,0.5,0.4359597708855949,0.5,0.3108121869722466,0.5,0.0,0.4995482158837027,0.4993990176415097,0.499100470914642,0.39892581348855827,0.24993858453646486],"V":[11.029607976015761,17.331889484085607,12.17966937696239,3.535645523612902,13.236436301476775,3.9767833267310633,14.267376229116016,9.402689562824994,9.402689475385404,4.990959823374611,4.989475569642739,4.986503196242671,4.185893458985171,2.4987699831171852,0.0,0.0,0.0,3.5356455176429247,0.0,2.211729082046205,0.0,1.7450680864806736,0.0,4.990959796263338,4.987975811999667,4.986503175516586,2.9785138426998583,2.498769967007099,11.029607912598808,6.5078831093903675,12.17966937696239,13.236436353388248,3.535645512960627,14.267375263907608,3.976782233685089,9.402689562824994,9.402689475385404,4.990959808859662,4.989474705932939,4.98650210209022,4.185893458985171,2.4987699831171852,0.0,0.0,0.0,0.0,3.535645515102805,0.0,2.2117291000373673,0.0,1.7450680572313577,4.99095982946386,4.987975841207564,4.9865021213459455,2.9785137574898437,2.498769967007099],"D":[0.7632291317264206,0.8703546821135797,0.8703546821135797,0.4265525989415574,0.8531051930975568,0.6783106737958494,0.8739664232127273,0.8703546821141269,0.8703546821135797,0.49954781412216387,0.4996989477887455,0.4995494288518787,0.6260785892320045,0.49987714531228217,0.0,0.0,0.0,0.42655259432194387,0.0,0.19565574922519668,0.0,0.0,0.0,0.4995478086900422,0.49939829592276985,0.49954942469168806,0.37331706933937675,0.49987713886507307,0.7632291317264206,0.8703546821135797,0.8703546821135797,0.8531051932635012,0.4265525978864036,0.8739664230210461,0.6783106857044859,0.8703546821141269,0.8703546821135797,0.4995478093419342,0.49969894329586373,0.4995494248392569,0.6260785892320045,0.49987714531228217,0.0,0.0,0.0,0.0,0.4265525952111533,0.0,0.19565573750824136,0.0,0.0,0.4995478134702719,0.4993983004156516,0.4995494287043098,0.37331706933937675,0.49987713886507307],"Q":[0.7632291317264206,0.8703546821135797,0.8703546821135797,0.4265525989415574,0.4265525978864036,0.6783106737958494,0.6783106857044859,0.8703546821141269,0.8703546821135797,0.24977390602899752,0.24992465723205473,0.2497747134596761,0.6260785892320045,0.49987714531228217,0.0,0.0,0.0,0.0,0.0,0.0,0.0,0.0,0.0,0.24977390537710553,0.24962400985896083,0.24977471331210724,0.37331706933937675,0.49987713886507307,0.0,0.0,0.0,0.0,0.4265525952111533,0.0,0.19565573750824136,0.0,0.0,0.24977390809316638,0.2497742905566908,0.24977471539220256,0.0,0.0,0.0,0.0,0.0,0.42655259432194387,0.0,0.19565574922519668,0.0,0.0,0.0,0.2497739033129367,0.249774286063809,0.2497747113795808,0.0,0.0,0.0,0.0,0.0,0.0,0.0,0.0,0.0,0.0,0.0,0.0,0.0,0.0,0.0,0.0,0.0,0.0,0.0,0.0,0.0,0.0,0.0,0.0,0.0,0.0,0.0,0.0,0.0,0.0,0.0,0.0,0.0,0.0,0.0,0.0,0.0,0.0,0.0,0.0,0.0,0.0,0.0,0.0,0.0,0.0,0.0,0.0,0.0,0.0,0.0,0.0,0.0,0.0,0.0,0.0,0.0,0.0,0.23677086827357943,0.1296453178864202,0.1296453178864202,0.14689480673649877,0.14689480690244297,0.12603357697895387,0.1260335767872726,0.129645317885873,0.1296453178864202,0.000904377187793831,0.000902756288484744,0.00090114645643321,0.0006043414286185662,0.0002457158226448644],"PI":[0.8058731572429,1.678338053612584,0.839169026806292,0.18595977142069386,1.4518981489908176,2.3571866621679323e-8,1.7335983895521185,0.839169026806292,0.839169026806292,0.24954821866322158,0.24947397883894215,0.2493253550910843,0.2092948448540957,0.12493858533557942,0.0,0.0,0.0,0.18595977056163165,0.0,0.060812194321591274,0.0,0.0,0.0,0.2495482173076453,0.24939901917901855,0.24932535405477885,0.14892581983588085,0.12493858453007425,0.8058731393717748,0.0,0.839169026806292,1.451898150936147,0.1859597721763992,1.7335983629690375,0.0,0.839169026806292,0.839169026806292,0.24954821793745974,0.2494739780591795,0.24932535414867493,0.2092948448540957,0.12493858533557942,0.0,0.0,0.0,0.0,0.18595977167891029,0.0,0.060812187668604314,0.0,0.0,0.249548218967679,0.24939902063941594,0.2493253551114614,0.14892581557537538,0.12493858453007425],"CS":[0.36016560150837607,0.510738220284124,0.510738220284124,0.4795096371998966,0.4795096369174763,0.5178017308928129,0.5178017312730314,0.5107382202851791,0.510738220284124,1.75206601036476,1.7525144829776138,1.7529606912012636,1.8528428101424332,2.077833720570405],"pr_entry":[0.0,0.0,0.0,0.0,0.0,0.0,0.0,0.0,0.0,0.0,0.0,0.0,0.0,0.0,0.0883911315245445,0.05529322073410524,0.0436266974098098,0.0,0.12477398891988663,0.0,0.12469938928475388,0.0,0.07446284270694678,0.0,0.0,0.0,0.0,0.0,0.0,0.0,0.0,0.0,0.0,0.0,0.0,0.0,0.0,0.0,0.0,0.0,0.0,0.0,0.08839113146104147,0.055293221183884154,0.043626696678577076,0.12477398974989953,0.0,0.12469939001495126,0.0,0.07446284057669654,0.0,0.0,0.0,0.0,0.0,0.0],"pr_exit":[0.0,0.0,0.0,0.0,0.0,0.25,0.0,0.25,0.0,0.0,0.0,0.0,0.0,0.0,0.0,0.0,0.0,0.0,0.0,0.0,0.0,0.0,0.0,0.0,0.0,0.0,0.0,0.0,0.0,0.0,0.0,0.0,0.0,0.0,0.25,0.0,0.25,0.0,0.0,0.0,0.0,0.0,0.0,0.0,0.0,0.0,0.0,0.0,0.0,0.0,0.0,0.0,0.0,0.0,0.0,0.0],"pr_merger":[0.25,0.0,0.0,0.25,0.25,0.0,0.0,0.0,0.0,0.0,0.0,0.0,0.0,0.0,0.0,0.0,0.0,0.0,0.0,0.0,0.0,0.0,0.0,0.0,0.0,0.0,0.0,0.0,0.0,0.0,0.0,0.0,0.25,0.0,0.0,0.0,0.0,0.0,0.0,0.0,0.0,0.0,0.0,0.0,0.0,0.25,0.0,0.0,0.0,0.0,0.0,0.0,0.0,0.0,0.0,0.0],