{"modelname":"privacy","policy":"nolearning","smax":[5,1],"alpha":0.2,"beta":0.95,"c":1.0,"gamma":0.0,"sigma":10.0,"p0":1.0,"accuracy":1.0e-8,"cost_entry":[0.0,10.0],"value_exit":[0.0,1.0],"cost_merger":[0.0,1.0],"cost_bundling":[0.0,1.0],"entry":true,"exit":true,"mergers":true,"bundling":true,"filename":"a20g0s100","verbose":true,"firms":[1,2,3,4],"rival":[2,1,4,3],"partner":[3,4,1,2],"merger_pairs":[1,2,1,2,3,4,4,3],"outcomes":[1,0,1,0,1,0,0,0,0,0,1,0,1,0,1,0,0,0,1,0,0,1,0,0,1,0,0,0,1,1,0,0,0,0,1,0,0,0,0,0,1,1,1,1,2],"ownership":[0,3,0,3,0,0,4,4,0,1,0,1,0,0,2,2],"S":[1,1,1,1,1,1,1,1,1,1,1,1,1,1,0,0,0,1,0,1,0,1,0,1,1,1,1,1,1,1,1,1,1,1,1,1,1,1,1,1,1,1,0,0,0,0,1,0,1,0,1,1,1,1,1,1,0,1,1,0,0,1,1,1,1,0,1,3,1,3,0,0,1,0,0,0,0,1,1,0,0,0,1,1],"ms":14,"mc":[0.5956373436127806,0.5956373436127806,0.5956373436127806,0.5956373436127806,0.5956373436127806,0.5956373436127806,0.5956373436127806,0.5956373436127806,0.5956373436127806,0.5956373436127806,0.5956373436127806,0.5956373436127806,0.5956373436127806,0.5956373436127806,0.0,0.0,0.0,0.5956373436127806,0.0,0.5956373436127806,0.0,0.5956373436127806,0.0,0.5956373436127806,0.5956373436127806,0.5956373436127806,0.5956373436127806,0.5956373436127806,1.0,1.0,1.0,1.0,1.0,1.0,1.0,1.0,1.0,1.0,1.0,1.0,1.0,1.0,0.0,0.0,0.0,0.0,1.0,0.0,1.0,0.0,1.0,1.0,1.0,1.0,1.0,1.0],"db":[0.40436265638721935,0.40436265638721935,0.40436265638721935,0.40436265638721935,0.40436265638721935,0.40436265638721935,0.40436265638721935,0.40436265638721935,0.40436265638721935,0.40436265638721935,0.40436265638721935,0.40436265638721935,0.40436265638721935,0.40436265638721935,1.0,1.0,1.0,0.40436265638721935,1.0,0.40436265638721935,1.0,0.40436265638721935,1.0,0.40436265638721935,0.40436265638721935,0.40436265638721935,0.40436265638721935,0.40436265638721935,0.0,0.0,0.0,0.0,0.0,0.0,0.0,0.0,0.0,0.0,0.0,0.0,0.0,0.0,1.0,1.0,1.0,1.0,0.0,1.0,0.0,1.0,0.0,0.0,0.0,0.0,0.0,0.0],"P":[1.0876723333549347,2.1045616080940186,1.0522808040470093,0.32380303781138425,1.9893669610003006,2.866797815280499e-8,2.128240124522726,1.052280804046307,1.0522808040470093,0.20000000100884327,0.20000000094346118,0.2000000009098367,0.13381965419678718,0.10000000054051311,0.5,0.5,0.5,0.2704662968557073,0.5,0.12653624350150264,0.5,0.20218132819360968,0.5,0.2000000020556648,0.20000000202353027,0.2000000019564267,0.1596518816404731,0.1000000010639381,1.0876722503446903,0.0,1.0522808040470093,4.9999999986510275,0.1904277201825491,2.128240099637617,0.0,1.052280804046307,1.0522808040470093,0.19999999906727006,0.19999999900182308,0.19999999896802323,0.13381965419678718,0.10000000054051311,0.5,0.5,0.5,1.0,0.1904277213280192,0.5,0.1265362314413504,0.5,0.0,0.19999999817178427,0.19999999813826608,0.19999999807156338,0.15965187798054217,0.1000000010639381],"V":[16.87550041266629,35.686249690929124,19.272811247854378,3.679401245319887,27.92920635619068,20.273696263431358,30.217589100134536,17.075446266146823,17.075446226046797,1.9999996419063852,2.0000000293334703,2.000000017983241,1.6763944441281888,1.0000000105066622,0.0,0.0,0.0,3.6794012446071678,0.0,0.5281178033029895,0.0,0.4315368530888081,0.0,1.9999996314395414,1.9999995468208505,2.0000000075173374,1.1930375441431917,1.0000000052724114,18.109732743310584,2.594913414196886,19.272811247854378,20.96923536820018,2.0857231663537172,12.94440667666065,3.000513779743754,17.075446266146823,17.075446226046797,1.9999996030696685,1.9999999860725868,1.9999999747263641,1.6763944441281888,1.0000000105066622,0.0,0.0,0.0,0.0,2.085723165835136,0.0,0.5281177889507352,0.0,0.4315368495104806,1.9999996120233547,1.999999527404458,1.9999999836909623,1.1930375167934777,1.0000000052724114],"D":[0.908060539453463,0.9524841661155212,0.9524841661155213,2.0942644799423592e-13,0.9497327533065436,0.7433002440271647,0.9530128209656057,0.9524841661161572,0.9524841661155213,0.5000000023704081,0.5000000024535269,0.5000000023698293,0.6263628066901097,0.5000000025503653,0.0,0.0,0.0,3.570015072340931e-13,0.0,0.20971257688099756,0.0,0.0,0.0,0.4999999971363005,0.49999999705318143,0.49999999713687926,0.3736371929809217,0.49999999731611533,0.908060539453463,0.9524841661155212,0.9524841661155213,5.66427955228329e-13,0.4748663793729974,0.9530128209081622,0.7433002712365336,0.9524841661161572,0.9524841661155213,0.49999999751463975,0.4999999975944617,0.4999999975122047,0.6263628066901097,0.5000000025503653,0.0,0.0,0.0,0.0,0.47486637393354625,0.0,0.2097125497290721,0.0,0.0,0.5000000019920687,0.5000000019122467,0.5000000019945039,0.3736371929809217,0.49999999731611533],"Q":[0.908060539453463,0.9524841661155212,0.9524841661155213,2.0942644799423592e-13,0.4748663793729974,0.7433002440271647,0.7433002712365336,0.9524841661161572,0.9524841661155213,0.2500000000658468,0.2500000001473172,0.25000000006433987,0.6263628066901097,0.5000000025503653,0.0,0.0,0.0,0.0,0.0,0.0,0.0,0.0,0.0,0.2499999996875075,0.24999999960603697,0.24999999968901443,0.3736371929809217,0.49999999731611533,0.0,0.0,0.0,0.0,0.47486637393354625,0.0,0.2097125497290721,0.0,0.0,0.25000000230456126,0.2500000023062097,0.25000000230548947,0.0,0.0,0.0,0.0,0.0,3.570015072340931e-13,0.0,0.20971257688099756,0.0,0.0,0.0,0.249999997448793,0.24999999744714446,0.24999999744786483,0.0,0.0,0.0,0.0,0.0,0.0,0.0,0.0,0.0,0.0,0.0,0.0,0.0,0.0,0.0,0.0,0.0,0.0,0.0,0.0,0.0,0.0,0.0,0.0,0.0,0.0,0.0,0.0,0.0,0.0,0.0,0.0,0.0,0.0,0.0,0.0,0.0,0.0,0.0,0.0,0.0,0.0,0.0,0.0,0.0,0.0,0.0,0.0,0.0,0.0,0.0,0.0,0.0,0.0,0.0,0.0,0.0,0.0,0.09193946054653705,0.047515833884478845,0.047515833884478685,0.9999999999994336,0.05026724669345642,0.04698717909183784,0.04698717903439442,0.04751583388384292,0.047515833884478685,4.932914579536717e-10,4.932914574690577e-10,4.932914569727313e-10,3.289685401769511e-10,1.3351948034835758e-10],"PI":[0.9876723257748888,2.0045616083241717,1.0022808041620859,6.781292005858147e-14,1.889366961207887,2.1308915156745374e-8,2.028240124763595,1.002280804162086,1.0022808041620859,0.10000000097850326,0.10000000096243598,0.10000000092888421,0.08381965419299954,0.05000000052529308,0.0,0.0,0.0,9.655687563351115e-14,0.0,0.0265362416935415,0.0,0.0,0.0,0.10000000045509248,0.10000000042240141,0.10000000040558919,0.05965188091026871,0.05000000026358058,0.9876722503965615,0.0,1.0022808041620859,2.8321397753775493e-12,0.09042772201534136,2.0282401009255135,0.0,1.002280804162086,1.0022808041620859,0.09999999903656298,0.09999999901980387,0.09999999898645255,0.08381965419299954,0.05000000052529308,0.0,0.0,0.0,0.0,0.0904277215234643,0.0,0.026536235728673575,0.0,0.0,0.09999999948430588,0.09999999945158237,0.09999999943468246,0.0596518795427824,0.05000000026358058],"CS":[0.23866249560724628,0.30466922785522255,0.30466922785522277,5.639932965095795e-14,0.29904015731484757,0.30578804997647957,0.3057880500987331,0.3046692278565608,0.30466922785522277,2.1429920923967565,2.1429920924949974,2.1429920925956125,2.1835058992297762,2.2736773728521147],"pr_entry":[0.0,0.0,0.0,0.0,0.0,0.0,0.0,0.0,0.0,0.0,0.0,0.0,0.0,0.0,0.09198503147354765,0.01320294488033541,0.010788421167589357,0.0,0.049999990289063254,0.0,0.04999998806311563,0.0,0.029825938506129558,0.0,0.0,0.0,0.0,0.0,0.0,0.0,0.0,0.0,0.0,0.0,0.0,0.0,0.0,0.0,0.0,0.0,0.0,0.0,0.05214307933546101,0.013202944521529064,0.010788421078131178,0.04999998980365806,0.0,0.04999998757770581,0.0,0.029825937822386718,0.0,0.0,0.0,0.0,0.0,0.0],"pr_exit":[0.0,0.0,0.0,0.0,0.0,0.25,0.0,0.25,0.0,0.0,0.0,0.0,0.0,0.0,0.0,0.0,0.0,0.0,0.0,0.1179705511966459,0.0,0.14211578832410643,0.0,0.0,0.0,0.0,0.0,0.0,0.0,0.0,0.0,0.0,0.0,0.0,0.25,0.0,0.25,0.0,0.0,0.0,0.0,0.0,0.0,0.0,0.0,0.0,0.0,0.0,0.11797055478470936,0.0,0.14211578921868823,0.0,0.0,0.0,0.0,0.0],"pr_merger":[0.25,0.0,0.0,0.25,0.25,0.0,0.0,0.0,0.0,2.0275340067987813e-7,0.0,0.0,0.0,0.0,0.0,0.0,0.0,0.0,0.0,0.0,0.0,0.0,0.0,2.0313168769270362e-7,2.4132021392286873e-7,0.0,0.0,0.0,0.0,0.0,0.0,0.0,0.25,0.0,0.0,0.0,0.0,2.0051499305395737e-7,0.0,0.0,0.0,0.0,0.0,0.0,0.0,0.25,0.0,0.0,0.0,0.0,0.0,2.0537009531862438e-7,0.0,0.0,0.0,0.0],