{"modelname":"privacy","policy":"nolearning","smax":[5,1],"alpha":0.2,"beta":0.95,"c":1.0,"gamma":0.0,"sigma":2.0,"p0":1.0,"accuracy":1.0e-8,"cost_entry":[0.0,10.0],"value_exit":[0.0,1.0],"cost_merger":[0.0,1.0],"cost_bundling":[0.0,1.0],"entry":true,"exit":true,"mergers":true,"bundling":true,"filename":"a20g0s20","verbose":true,"firms":[1,2,3,4],"rival":[2,1,4,3],"partner":[3,4,1,2],"merger_pairs":[1,2,1,2,3,4,4,3],"outcomes":[1,0,1,0,1,0,0,0,0,0,1,0,1,0,1,0,0,0,1,0,0,1,0,0,1,0,0,0,1,1,0,0,0,0,1,0,0,0,0,0,1,1,1,1,2],"ownership":[0,3,0,3,0,0,4,4,0,1,0,1,0,0,2,2],"S":[1,1,1,1,1,1,1,1,1,1,1,1,1,1,0,0,0,1,0,1,0,1,0,1,1,1,1,1,1,1,1,1,1,1,1,1,1,1,1,1,1,1,0,0,0,0,1,0,1,0,1,1,1,1,1,1,0,1,1,0,0,1,1,1,1,0,1,3,1,3,0,0,1,0,0,0,0,1,1,0,0,0,1,1],"ms":14,"mc":[0.5956373436127806,0.5956373436127806,0.5956373436127806,0.5956373436127806,0.5956373436127806,0.5956373436127806,0.5956373436127806,0.5956373436127806,0.5956373436127806,0.5956373436127806,0.5956373436127806,0.5956373436127806,0.5956373436127806,0.5956373436127806,0.0,0.0,0.0,0.5956373436127806,0.0,0.5956373436127806,0.0,0.5956373436127806,0.0,0.5956373436127806,0.5956373436127806,0.5956373436127806,0.5956373436127806,0.5956373436127806,1.0,1.0,1.0,1.0,1.0,1.0,1.0,1.0,1.0,1.0,1.0,1.0,1.0,1.0,0.0,0.0,0.0,0.0,1.0,0.0,1.0,0.0,1.0,1.0,1.0,1.0,1.0,1.0],"db":[0.40436265638721935,0.40436265638721935,0.40436265638721935,0.40436265638721935,0.40436265638721935,0.40436265638721935,0.40436265638721935,0.40436265638721935,0.40436265638721935,0.40436265638721935,0.40436265638721935,0.40436265638721935,0.40436265638721935,0.40436265638721935,1.0,1.0,1.0,0.40436265638721935,1.0,0.40436265638721935,1.0,0.40436265638721935,1.0,0.40436265638721935,0.40436265638721935,0.40436265638721935,0.40436265638721935,0.40436265638721935,0.0,0.0,0.0,0.0,0.0,0.0,0.0,0.0,0.0,0.0,0.0,0.0,0.0,0.0,1.0,1.0,1.0,1.0,0.0,1.0,0.0,1.0,0.0,0.0,0.0,0.0,0.0,0.0],"P":[1.1403353539771917,1.892307753660022,0.946153876830011,0.7615285651694134,1.5966871413264516,3.0482863846955346e-8,1.9893355195850175,0.9461538768310391,0.946153876830011,0.9283660289546448,0.8922207616747078,0.8841985629575552,0.6221352151534787,0.48649351511407374,0.5,0.5,0.5,0.7615285618304661,0.5,0.6040291049362038,0.5,0.20218132819360968,0.5,0.9283660229791308,0.9156044222632413,0.8841985695226602,0.7611156566744718,0.48649351772208055,1.1403353367853144,0.0,0.946153876830011,1.5966871214973783,0.7615285551566794,1.9893354929083928,0.0,0.9461538768310391,0.946153876830011,0.9283660113606467,0.8922207509709034,0.8841985469828118,0.6221352151534787,0.48649351511407374,0.5,0.5,0.5,0.5,0.7615285461212041,0.5,0.6040290863082874,0.5,0.0,0.9283660042436559,0.9156044112785641,0.8841985513371203,0.7611156400297765,0.48649351772208055],"V":[9.966476688434215,12.12810252380801,10.32278770014079,7.7192985987595515,11.286951482246554,6.772313769744139,12.79197964701245,9.304550409074267,9.304550380055794,8.567305112711576,8.4875945286945,8.262964410375842,7.442691166153368,4.729862555449433,0.0,0.0,0.0,7.719298613914475,0.0,7.052733800492165,0.0,3.721894532393079,0.0,8.567305159955403,8.312073501189966,8.262964363233255,5.222303739874832,4.72986253146334,9.966476579010479,8.51176275266913,10.32278770014079,11.286951355505316,7.719298474034352,12.791979155959222,6.772313267467199,9.304550409074267,9.304550380055794,8.567304940568338,8.487594060363552,8.26296320759392,7.442691166153368,4.729862555449433,0.0,0.0,0.0,0.0,7.719298493974379,0.0,7.052733714181546,0.0,3.7218944743846825,8.567304996836931,8.312073403857692,8.262963176326581,5.2223036256692685,4.72986253146334],"D":[0.5615324928177217,0.7357723662940492,0.7357723662940492,0.3434258059169712,0.6868516111298262,0.5764344862716793,0.7486597936519169,0.7357723662932496,0.7357723662940492,0.4614193180248727,0.4756451381653225,0.4672580805684383,0.5981580950357044,0.4861185433575707,0.0,0.0,0.0,0.3434258082103325,0.0,0.172225306974144,0.0,0.0,0.0,0.4614193235393078,0.45391263562010176,0.46725807443324163,0.3430696058842615,0.48611853828636886,0.5615324928177217,0.7357723662940492,0.7357723662940492,0.6868516141273037,0.3434258024618978,0.7486597932458232,0.5764344897284219,0.7357723662932496,0.7357723662940492,0.4614193174981733,0.47564513803485,0.46725807953542575,0.5981580950357044,0.4861185433575707,0.0,0.0,0.0,0.0,0.3434258086679284,0.0,0.17222530392349497,0.0,0.0,0.4614193240660072,0.4539126357505743,0.4672580754662542,0.3430696058842615,0.48611853828636886],"Q":[0.5615324928177217,0.7357723662940492,0.7357723662940492,0.3434258059169712,0.3434258024618978,0.5764344862716793,0.5764344897284219,0.7357723662932496,0.7357723662940492,0.23070965737047788,0.24338271786695226,0.23362904130151205,0.5981580950357044,0.4861185433575707,0.0,0.0,0.0,0.0,0.0,0.0,0.0,0.0,0.0,0.23070966341161245,0.22165021545220398,0.23362903619932793,0.3430696058842615,0.48611853828636886,0.0,0.0,0.0,0.0,0.3434258086679284,0.0,0.17222530392349497,0.0,0.0,0.23070966065439477,0.23226242029837027,0.23362903926692624,0.0,0.0,0.0,0.0,0.0,0.3434258082103325,0.0,0.172225306974144,0.0,0.0,0.0,0.2307096601276954,0.23226242016789775,0.23362903823391373,0.0,0.0,0.0,0.0,0.0,0.0,0.0,0.0,0.0,0.0,0.0,0.0,0.0,0.0,0.0,0.0,0.0,0.0,0.0,0.0,0.0,0.0,0.0,0.0,0.0,0.0,0.0,0.0,0.0,0.0,0.0,0.0,0.0,0.0,0.0,0.0,0.0,0.0,0.0,0.0,0.0,0.0,0.0,0.0,0.0,0.0,0.0,0.0,0.0,0.0,0.0,0.0,0.0,0.0,0.0,0.0,0.0,0.0,0.4384675071822784,0.26422763370595076,0.26422763370595076,0.31314838587269633,0.3131483888701738,0.2513402067541767,0.25134020634808324,0.26422763370675034,0.26422763370595076,0.07716135843581959,0.07044222621457566,0.06548384499832016,0.05877229908003417,0.027762918356060377],"PI":[0.6403353539669915,1.392307753667011,0.6961538768335055,0.2615285612221005,1.0966871354903498,1.757137396170925e-8,1.4893355195969482,0.6961538768335055,0.6961538768335055,0.4283660199577114,0.42438046746073566,0.4131489233689187,0.3721352151508329,0.23649351892015782,0.0,0.0,0.0,0.26152856182188,0.0,0.10402909801895514,0.0,0.0,0.0,0.42836602231990806,0.41560441649492846,0.4131489210117849,0.26111564836765194,0.23649351772085148,0.6403353443131937,0.0,0.6961538768335055,1.0966871266567526,0.2615285551523322,1.4893354988173753,0.0,0.6961538768335055,0.6961538768335055,0.428366011350531,0.4243804622531128,0.41314891499120254,0.3721352151508329,0.23649351892015782,0.0,0.0,0.0,0.0,0.26152855677538633,0.0,0.10402909296807578,0.0,0.0,0.4283660141639677,0.41560441162830586,0.41314891342783283,0.26111564265736287,0.23649351772085148],"CS":[0.4122347849209118,0.6654721492363331,0.6654721492363331,0.5805390622550202,0.5805390574689864,0.6904739260939732,0.6904739269018294,0.6654721492348201,0.6654721492363331,1.280928242829343,1.3264811957222298,1.3629759040044527,1.4170423195814998,1.7920270103844735],"pr_entry":[0.0,0.0,0.0,0.0,0.0,0.0,0.0,0.0,0.0,0.0,0.0,0.0,0.0,0.0,0.19298244240962603,0.1763183225447136,0.09304734768007439,0.0,0.21418260888514462,0.0,0.2078018180182905,0.0,0.1305575813554521,0.0,0.0,0.0,0.0,0.0,0.0,0.0,0.0,0.0,0.0,0.0,0.0,0.0,0.0,0.0,0.0,0.0,0.0,0.0,0.19298243941112408,0.17631832038694834,0.09304734622986488,0.21418260480718324,0.0,0.20780181558498384,0.0,0.1305575785003133,0.0,0.0,0.0,0.0,0.0,0.0],"pr_exit":[0.0,0.0,0.0,0.0,0.0,0.25,0.0,0.25,0.0,0.0,0.0,0.0,0.0,0.0,0.0,0.0,0.0,0.0,0.0,0.0,0.0,0.0,0.0,0.0,0.0,0.0,0.0,0.0,0.0,0.0,0.0,0.0,0.0,0.0,0.25,0.0,0.25,0.0,0.0,0.0,0.0,0.0,0.0,0.0,0.0,0.0,0.0,0.0,0.0,0.0,0.0,0.0,0.0,0.0,0.0,0.0],"pr_merger":[0.17132520103450366,0.0,0.0,0.10522379374238522,0.10522379145657323,0.0,0.0,0.0,0.0,0.0,0.0,0.0,0.0,0.0,0.0,0.0,0.0,0.0,0.0,0.0,0.0,0.0,0.0,0.0,0.0,0.0,0.0,0.0,0.0,0.0,0.0,0.0,0.10522378452633152,0.0,0.0,0.0,0.0,0.0,0.0,0.0,0.0,0.0,0.0,0.0,0.0,0.10522378823543432,0.0,0.0,0.0,0.0,0.0,0.0,0.0,0.0,0.0,0.0],