{"modelname":"privacy","policy":"nolearning","smax":[5,1],"alpha":0.3,"beta":0.95,"c":1.0,"gamma":0.0,"sigma":8.0,"p0":1.0,"accuracy":1.0e-8,"cost_entry":[0.0,10.0],"value_exit":[0.0,1.0],"cost_merger":[0.0,1.0],"cost_bundling":[0.0,1.0],"entry":true,"exit":true,"mergers":true,"bundling":true,"filename":"a30g0s80","verbose":true,"firms":[1,2,3,4],"rival":[2,1,4,3],"partner":[3,4,1,2],"merger_pairs":[1,2,1,2,3,4,4,3],"outcomes":[1,0,1,0,1,0,0,0,0,0,1,0,1,0,1,0,0,0,1,0,0,1,0,0,1,0,0,0,1,1,0,0,0,0,1,0,0,0,0,0,1,1,1,1,2],"ownership":[0,3,0,3,0,0,4,4,0,1,0,1,0,0,2,2],"S":[1,1,1,1,1,1,1,1,1,1,1,1,1,1,0,0,0,1,0,1,0,1,0,1,1,1,1,1,1,1,1,1,1,1,1,1,1,1,1,1,1,1,0,0,0,0,1,0,1,0,1,1,1,1,1,1,0,1,1,0,0,1,1,1,1,0,1,3,1,3,0,0,1,0,0,0,0,1,1,0,0,0,1,1],"ms":14,"mc":[0.43684642621654957,0.43684642621654957,0.43684642621654957,0.43684642621654957,0.43684642621654957,0.43684642621654957,0.43684642621654957,0.43684642621654957,0.43684642621654957,0.43684642621654957,0.43684642621654957,0.43684642621654957,0.43684642621654957,0.43684642621654957,0.0,0.0,0.0,0.43684642621654957,0.0,0.43684642621654957,0.0,0.43684642621654957,0.0,0.43684642621654957,0.43684642621654957,0.43684642621654957,0.43684642621654957,0.43684642621654957,1.0,1.0,1.0,1.0,1.0,1.0,1.0,1.0,1.0,1.0,1.0,1.0,1.0,1.0,0.0,0.0,0.0,0.0,1.0,0.0,1.0,0.0,1.0,1.0,1.0,1.0,1.0,1.0],"db":[0.5631535737834504,0.5631535737834504,0.5631535737834504,0.5631535737834504,0.5631535737834504,0.5631535737834504,0.5631535737834504,0.5631535737834504,0.5631535737834504,0.5631535737834504,0.5631535737834504,0.5631535737834504,0.5631535737834504,0.5631535737834504,1.0,1.0,1.0,0.5631535737834504,1.0,0.5631535737834504,1.0,0.5631535737834504,1.0,0.5631535737834504,0.5631535737834504,0.5631535737834504,0.5631535737834504,0.5631535737834504,0.0,0.0,0.0,0.0,0.0,0.0,0.0,0.0,0.0,0.0,0.0,0.0,0.0,0.0,1.0,1.0,1.0,1.0,0.0,1.0,0.0,1.0,0.0,0.0,0.0,0.0,0.0,0.0],"P":[1.1500645067089623,2.211299396733126,1.105649698366563,0.23576882757583256,2.0708834444462103,3.512944518851987e-8,2.240684757617848,1.105649698367537,1.105649698366563,0.2499999968079181,0.24999999397933811,0.24999999256340955,0.16727456538314495,0.12499999995132133,0.5,0.5,0.5,0.23576882678153835,0.5,0.1578631206755032,0.5,0.2815767868917252,0.5,0.24999999780932217,0.24999999639603987,0.24999999356618222,0.19956485028964477,0.1250000004528938,1.1500644395126711,0.0,1.105649698366563,2.0708834406465106,0.23576882239309482,2.2406847287000646,0.0,1.105649698367537,1.105649698366563,0.24999999468537812,0.2499999918572223,0.2499999904411514,0.16727456538314495,0.12499999995132133,0.5,0.5,0.5,0.5,0.23576882388006196,0.5,0.15786311329420655,0.5,0.0,0.2499999935661506,0.24999999215262303,0.24999998932172715,0.1995648453741741,0.1250000004528938],"V":[17.872833231865673,33.51156899449412,19.243221542441404,2.3550786560640247,25.65162591962547,14.111520480229961,26.93848588427119,16.19504895656569,16.195048909353886,2.4999996999009486,2.4999998275550634,2.4999997973482917,2.0954913447425603,1.249999968163913,0.0,0.0,0.0,2.3550786559717363,0.0,0.7504431734440419,0.0,0.6183592007850087,0.0,2.4999996898871113,2.499999650126842,2.4999997873205713,1.4912968790669328,1.2499999631481906,17.872832928963014,4.600548005270808,19.243221542441404,25.651625944275022,2.3550786374032437,17.198887086401445,4.371921617147162,16.19504895656569,16.195048909353886,2.4999996574695946,2.4999996041845667,2.4999995739139713,2.0954913447425603,1.249999968163913,0.0,0.0,0.0,0.0,2.3550786369437033,0.0,0.7504431543905128,0.0,0.6183591944696458,2.499999668661638,2.4999996289056843,2.499999585108215,1.4912968423348867,1.2499999631481906],"D":[0.8913104382131184,0.9434721503649937,0.9434721503649937,0.4698196422945843,0.939639287684559,0.7360387019281851,0.9442134823427465,0.9434721503641623,0.9434721503649937,0.49999999351529856,0.499999996345894,0.49999999351803626,0.6263628014216841,0.4999999997089708,0.0,0.0,0.0,0.4698196452799852,0.0,0.20817478037498846,0.0,0.0,0.0,0.4999999895096823,0.4999999866790873,0.4999999895069457,0.3736371872579345,0.4999999956963907,0.8913104382131184,0.9434721503649937,0.9434721503649937,0.9396392875745695,0.4698196466367051,0.9442134823031736,0.7360387379822538,0.9434721503641623,0.9434721503649937,0.49999998927403544,0.49999999210329216,0.49999998927364253,0.6263628014216841,0.4999999997089708,0.0,0.0,0.0,0.0,0.46981964104785384,0.0,0.2081747443604927,0.0,0.0,0.4999999937509454,0.49999999092168923,0.4999999937513394,0.3736371872579345,0.4999999956963907],"Q":[0.8913104382131184,0.9434721503649937,0.9434721503649937,0.4698196422945843,0.4698196466367051,0.7360387019281851,0.7360387379822538,0.9434721503641623,0.9434721503649937,0.24999999563842176,0.24999999846834775,0.24999999563959388,0.6263628014216841,0.4999999997089708,0.0,0.0,0.0,0.0,0.0,0.0,0.0,0.0,0.0,0.24999999587406863,0.24999999304414294,0.2499999958728971,0.3736371872579345,0.4999999956963907,0.0,0.0,0.0,0.0,0.46981964104785384,0.0,0.2081747443604927,0.0,0.0,0.24999999787687677,0.24999999787754626,0.24999999787844235,0.0,0.0,0.0,0.0,0.0,0.4698196452799852,0.0,0.20817478037498846,0.0,0.0,0.0,0.24999999363561365,0.24999999363494438,0.24999999363404862,0.0,0.0,0.0,0.0,0.0,0.0,0.0,0.0,0.0,0.0,0.0,0.0,0.0,0.0,0.0,0.0,0.0,0.0,0.0,0.0,0.0,0.0,0.0,0.0,0.0,0.0,0.0,0.0,0.0,0.0,0.0,0.0,0.0,0.0,0.0,0.0,0.0,0.0,0.0,0.0,0.0,0.0,0.0,0.0,0.0,0.0,0.0,0.0,0.0,0.0,0.0,0.0,0.0,0.0,0.0,0.0,0.0,0.0,0.10868956178688158,0.05652784963500643,0.05652784963500643,0.060360712425430514,0.06036071231544101,0.05578651769682652,0.05578651765725351,0.05652784963583765,0.05652784963500643,1.6975019124287048e-8,1.6975018548253673e-8,1.697501797159513e-8,1.1320381482069511e-8,4.5946384288529975e-9],"PI":[1.025064499448119,2.0862993969366155,1.0431496984683077,0.11076882623589117,1.9458834446171829,2.5856631236015493e-8,2.115684757822661,1.0431496984683075,1.0431496984683077,0.1249999967827837,0.12499999607614258,0.12499999466121388,0.10477456537998134,0.062499999939282014,0.0,0.0,0.0,0.11076882656658063,0.0,0.03286312047593318,0.0,0.0,0.0,0.12499999628208168,0.1249999948677918,0.1249999941598276,0.07456484933777366,0.06249999968849574,1.0250644395553632,0.0,1.0431496984683077,1.9458834408190606,0.1107688248246759,2.1156847304294297,0.0,1.0431496984683075,1.0431496984683077,0.12499999466119797,0.12499999395443426,0.12499999253898643,0.10477456537998134,0.062499999939282014,0.0,0.0,0.0,0.0,0.11076882420560538,0.0,0.03286311325397294,0.0,0.0,0.12499999522081169,0.12499999380673389,0.1249999930986985,0.07456484750117102,0.06249999968849574],"CS":[0.2774074396481889,0.35912773104724627,0.35912773104724627,0.35092710527657567,0.350927105504351,0.36077788214071593,0.36077788222938656,0.3591277310454082,0.35912773104724627,2.23644037961093,2.2364403838527025,2.236440388099079,2.2870826331137173,2.3997969715235583],"pr_entry":[0.0,0.0,0.0,0.0,0.0,0.0,0.0,0.0,0.0,0.0,0.0,0.0,0.0,0.0,0.05887696712913174,0.018761079092151377,0.015458979794988328,0.0,0.062499991936974496,0.0,0.06249999092786972,0.0,0.03728242183497787,0.0,0.0,0.0,0.0,0.0,0.0,0.0,0.0,0.0,0.0,0.0,0.0,0.0,0.0,0.0,0.0,0.0,0.0,0.0,0.05887696665343099,0.018761078615813158,0.015458979637104261,0.06249999140633755,0.0,0.06249999039734079,0.0,0.037282420916676724,0.0,0.0,0.0,0.0,0.0,0.0],"pr_exit":[0.0,0.0,0.0,0.0,0.0,0.25,0.0,0.25,0.0,0.0,0.0,0.0,0.0,0.0,0.0,0.0,0.0,0.0,0.0,0.06238920907848619,0.0,0.09541020205011672,0.0,0.0,0.0,0.0,0.0,0.0,0.0,0.0,0.0,0.0,0.0,0.0,0.25,0.0,0.25,0.0,0.0,0.0,0.0,0.0,0.0,0.0,0.0,0.0,0.0,0.0,0.062389213841868435,0.0,0.09541020362895739,0.0,0.0,0.0,0.0,0.0],"pr_merger":[0.25,0.0,0.0,0.25,0.25,0.0,0.0,0.0,0.0,1.9942761220193006e-8,0.0,0.0,0.0,0.0,0.0,0.0,0.0,0.0,0.0,0.0,0.0,0.0,0.0,1.964820994793115e-8,2.495059514551201e-8,0.0,0.0,0.0,0.0,0.0,0.0,0.0,0.25,0.0,0.0,0.0,0.0,1.7144753283737657e-8,0.0,0.0,0.0,0.0,0.0,0.0,0.0,0.25,0.0,0.0,0.0,0.0,0.0,2.24462178843865e-8,0.0,0.0,0.0,0.0],