{"modelname":"privacy","policy":"nolearning","smax":[5,1],"alpha":0.3,"beta":0.95,"c":1.0,"gamma":0.0,"sigma":5.0,"p0":1.0,"accuracy":1.0e-8,"cost_entry":[0.0,10.0],"value_exit":[0.0,1.0],"cost_merger":[0.0,1.0],"cost_bundling":[0.0,1.0],"entry":true,"exit":true,"mergers":true,"bundling":true,"filename":"a30g0s50","verbose":true,"firms":[1,2,3,4],"rival":[2,1,4,3],"partner":[3,4,1,2],"merger_pairs":[1,2,1,2,3,4,4,3],"outcomes":[1,0,1,0,1,0,0,0,0,0,1,0,1,0,1,0,0,0,1,0,0,1,0,0,1,0,0,0,1,1,0,0,0,0,1,0,0,0,0,0,1,1,1,1,2],"ownership":[0,3,0,3,0,0,4,4,0,1,0,1,0,0,2,2],"S":[1,1,1,1,1,1,1,1,1,1,1,1,1,1,0,0,0,1,0,1,0,1,0,1,1,1,1,1,1,1,1,1,1,1,1,1,1,1,1,1,1,1,0,0,0,0,1,0,1,0,1,1,1,1,1,1,0,1,1,0,0,1,1,1,1,0,1,3,1,3,0,0,1,0,0,0,0,1,1,0,0,0,1,1],"ms":14,"mc":[0.43684642621654957,0.43684642621654957,0.43684642621654957,0.43684642621654957,0.43684642621654957,0.43684642621654957,0.43684642621654957,0.43684642621654957,0.43684642621654957,0.43684642621654957,0.43684642621654957,0.43684642621654957,0.43684642621654957,0.43684642621654957,0.0,0.0,0.0,0.43684642621654957,0.0,0.43684642621654957,0.0,0.43684642621654957,0.0,0.43684642621654957,0.43684642621654957,0.43684642621654957,0.43684642621654957,0.43684642621654957,1.0,1.0,1.0,1.0,1.0,1.0,1.0,1.0,1.0,1.0,1.0,1.0,1.0,1.0,0.0,0.0,0.0,0.0,1.0,0.0,1.0,0.0,1.0,1.0,1.0,1.0,1.0,1.0],"db":[0.5631535737834504,0.5631535737834504,0.5631535737834504,0.5631535737834504,0.5631535737834504,0.5631535737834504,0.5631535737834504,0.5631535737834504,0.5631535737834504,0.5631535737834504,0.5631535737834504,0.5631535737834504,0.5631535737834504,0.5631535737834504,1.0,1.0,1.0,0.5631535737834504,1.0,0.5631535737834504,1.0,0.5631535737834504,1.0,0.5631535737834504,0.5631535737834504,0.5631535737834504,0.5631535737834504,0.5631535737834504,0.0,0.0,0.0,0.0,0.0,0.0,0.0,0.0,0.0,0.0,0.0,0.0,0.0,0.0,1.0,1.0,1.0,1.0,0.0,1.0,0.0,1.0,0.0,0.0,0.0,0.0,0.0,0.0],"P":[1.1280951221246487,2.111670497974245,1.0558352489871226,0.3620934097902066,1.910450652092828,3.4067074600450976e-8,2.1572308489330934,1.055835248986993,1.0558352489871226,0.3999851628309485,0.3999752754612422,0.39997033418055716,0.26763097941924474,0.199997990541573,0.5,0.5,0.5,0.3620934074262518,0.5,0.2505161556383149,0.5,0.2815767868917252,0.5,0.3999851643336347,0.3999802215037568,0.3999703356583816,0.3192970875263117,0.19999799130026363,1.1280950866316326,0.0,1.0558352489871226,1.9104506445859566,0.3620933992030987,2.157230820090745,0.0,1.055835248986993,1.0558352489871226,0.3999851640475558,0.399975276666458,0.3999703353566507,0.26763097941924474,0.199997990541573,0.5,0.5,0.5,0.5,0.3620934012433034,0.5,0.2505161439966124,0.5,0.0,0.39998516226392977,0.3999802194291519,0.3999703335769196,0.31929707658263295,0.19999799130026363],"V":[13.28085850540594,22.098665485448947,14.541565389240468,2.7827486826680046,16.20833539433615,3.631271872003875,17.13029784067017,10.74207526351766,10.74207512896953,3.999701000829533,3.9996520548868464,3.999553247008977,3.352618009029121,1.9999590789604573,0.0,0.0,0.0,2.7827486825941916,0.0,1.5270697864533713,0.0,1.2675238774237227,0.0,3.999700985804596,3.99960210115707,3.999553232233483,2.3859404186002786,1.9999590713737823,13.280858452502288,6.4977440176254095,14.541565389240468,16.208335458004512,2.78274862096585,17.130296993166585,3.631270796770279,10.74207526351766,10.74207512896953,3.9997009801348904,3.9996512735809664,3.999552365969821,3.352618009029121,1.9999590789604573,0.0,0.0,0.0,0.0,2.7827486216501045,0.0,1.5270697548927765,0.0,1.2675238543445342,3.9997009979688642,3.9996021132073905,3.999552383763826,2.3859403368239036,1.9999590713737823],"D":[0.8227099804325392,0.9052882539695377,0.9052882539695377,0.4476563263756286,0.8953126584539925,0.7056402737885682,0.9072885500422772,0.9052882539696487,0.9052882539695377,0.4999814584455977,0.4999876402660937,0.4999814611639614,0.6263511787063464,0.4999949819556244,0.0,0.0,0.0,0.44765633166682506,0.0,0.201648276152516,0.0,0.0,0.0,0.49998145468902155,0.49997527561835686,0.49998145746953737,0.3736240865617368,0.4999949781622094,0.8227099804325392,0.9052882539695377,0.9052882539695377,0.8953126580424536,0.4476563315102728,0.9072885499410842,0.7056402914522591,0.9052882539696487,0.9052882539695377,0.4999814543378598,0.4999876361664699,0.499981457092168,0.6263511787063464,0.4999949819556244,0.0,0.0,0.0,0.0,0.4476563269437198,0.0,0.201648258590018,0.0,0.0,0.4999814587967595,0.4999752797179806,0.49998146154133083,0.3736240865617368,0.4999949781622094],"Q":[0.8227099804325392,0.9052882539695377,0.9052882539695377,0.4476563263756286,0.4476563315102728,0.7056402737885682,0.7056402914522591,0.9052882539696487,0.9052882539695377,0.24999072810807396,0.24999690928336638,0.24999072946969,0.6263511787063464,0.4999949819556244,0.0,0.0,0.0,0.0,0.0,0.0,0.0,0.0,0.0,0.24999072845923567,0.2499845487352533,0.2499907298470594,0.3736240865617368,0.4999949781622094,0.0,0.0,0.0,0.0,0.4476563269437198,0.0,0.201648258590018,0.0,0.0,0.24999073033752378,0.24999073098272734,0.2499907316942714,0.0,0.0,0.0,0.0,0.0,0.44765633166682506,0.0,0.201648276152516,0.0,0.0,0.0,0.24999072622978585,0.24999072688310353,0.24999072762247798,0.0,0.0,0.0,0.0,0.0,0.0,0.0,0.0,0.0,0.0,0.0,0.0,0.0,0.0,0.0,0.0,0.0,0.0,0.0,0.0,0.0,0.0,0.0,0.0,0.0,0.0,0.0,0.0,0.0,0.0,0.0,0.0,0.0,0.0,0.0,0.0,0.0,0.0,0.0,0.0,0.0,0.0,0.0,0.0,0.0,0.0,0.0,0.0,0.0,0.0,0.0,0.0,0.0,0.0,0.0,0.0,0.0,0.0,0.17729001956746085,0.09471174603046235,0.09471174603046235,0.10468734195754638,0.10468734154600744,0.09271145005891586,0.09271144995772283,0.09471174603035133,0.09471174603046235,3.7086865380716966e-5,3.708411554939758e-5,3.7081366501296156e-5,2.4734731916879352e-5,1.0039882166232589e-5],"PI":[0.9280951158492127,1.9116704980700885,0.9558352490350442,0.16209340563150895,1.7104506521703935,2.4039099848237805e-8,1.9572308490349768,0.9558352490350444,0.9558352490350442,0.1999851650688175,0.1999826941426473,0.1999777521058329,0.16763097941757787,0.09999799167199493,0.0,0.0,0.0,0.162093406489177,0.0,0.0505161509328216,0.0,0.0,0.0,0.199985164317558,0.19998022148823222,0.1999777513670577,0.11929708266884113,0.09999799129266106,0.9280950866487541,0.0,0.9558352490350442,1.7104506446631718,0.1620934027513439,1.957230822648348,0.0,0.9558352490350444,0.9558352490350442,0.19998516403406438,0.19998269310549213,0.1999777510652613,0.16763097941757787,0.09999799167199493,0.0,0.0,0.0,0.0,0.16209340201113576,0.0,0.05051614418560308,0.0,0.0,0.19998516492577817,0.19998022209074948,0.19997775195496187,0.11929707858001916,0.09999799129266106],"CS":[0.34599367174041196,0.4713834504738217,0.4713834504738217,0.4513554133246298,0.4513554141108549,0.47565265933636214,0.47565265955465863,0.47138345047405616,0.4713834504738217,2.0404495367800175,2.0404643664683193,2.0404791930319806,2.1214604303106372,2.301789036040116],"pr_entry":[0.0,0.0,0.0,0.0,0.0,0.0,0.0,0.0,0.0,0.0,0.0,0.0,0.0,0.0,0.06956871422934907,0.038176742041261404,0.03168809454929774,0.0,0.09999252161807996,0.0,0.09999004946496944,0.0,0.059648508840300984,0.0,0.0,0.0,0.0,0.0,0.0,0.0,0.0,0.0,0.0,0.0,0.0,0.0,0.0,0.0,0.0,0.0,0.0,0.0,0.06956871270574702,0.03817674125224661,0.03168809397231813,0.09999252192218648,0.0,0.09999004976622741,0.0,0.0596485067958917,0.0,0.0,0.0,0.0,0.0,0.0],"pr_exit":[0.0,0.0,0.0,0.0,0.0,0.25,0.0,0.25,0.0,0.0,0.0,0.0,0.0,0.0,0.0,0.0,0.0,0.0,0.0,0.0,0.0,0.0,0.0,0.0,0.0,0.0,0.0,0.0,0.0,0.0,0.0,0.0,0.0,0.0,0.25,0.0,0.25,0.0,0.0,0.0,0.0,0.0,0.0,0.0,0.0,0.0,0.0,0.0,0.0,0.0,0.0,0.0,0.0,0.0,0.0,0.0],"pr_merger":[0.25,0.0,0.0,0.25,0.25,0.0,0.0,0.0,0.0,0.0,0.0,0.0,0.0,0.0,0.0,0.0,0.0,0.0,0.0,0.0,0.0,0.0,0.0,0.0,0.0,0.0,0.0,0.0,0.0,0.0,0.0,0.0,0.25,0.0,0.0,0.0,0.0,0.0,0.0,0.0,0.0,0.0,0.0,0.0,0.0,0.25,0.0,0.0,0.0,0.0,0.0,0.0,0.0,0.0,0.0,0.0],"pr_bundling":[0.0,0.15083606451929676,0.0,0.0,0.0,0.25,0.25,0.0,0.0,0.0,0.0,0.0,0.0,0.0,0.0,0.0,0.0,0.0,0.0,0.0,0.0,0.0,0.0,0.0,0.0,0.0,0.0,0.0,0.0,0.15083606451929676,0.0,0.0,0.0,0.25,0.25,0.0,0.0,0.0,0.0,0.0,0.0,0.0,0.0,0.0,0.0,0.0,0.0,0.0,0.0,0.0,0.0,0.0,0.0,0.0,0.0,0.0],