{"modelname":"privacy","policy":"nolearning","smax":[5,1],"alpha":0.3,"beta":0.95,"c":1.0,"gamma":0.0,"sigma":2.0,"p0":1.0,"accuracy":1.0e-8,"cost_entry":[0.0,10.0],"value_exit":[0.0,1.0],"cost_merger":[0.0,1.0],"cost_bundling":[0.0,1.0],"entry":true,"exit":true,"mergers":true,"bundling":true,"filename":"a30g0s20","verbose":true,"firms":[1,2,3,4],"rival":[2,1,4,3],"partner":[3,4,1,2],"merger_pairs":[1,2,1,2,3,4,4,3],"outcomes":[1,0,1,0,1,0,0,0,0,0,1,0,1,0,1,0,0,0,1,0,0,1,0,0,1,0,0,0,1,1,0,0,0,0,1,0,0,0,0,0,1,1,1,1,2],"ownership":[0,3,0,3,0,0,4,4,0,1,0,1,0,0,2,2],"S":[1,1,1,1,1,1,1,1,1,1,1,1,1,1,0,0,0,1,0,1,0,1,0,1,1,1,1,1,1,1,1,1,1,1,1,1,1,1,1,1,1,1,0,0,0,0,1,0,1,0,1,1,1,1,1,1,0,1,1,0,0,1,1,1,1,0,1,3,1,3,0,0,1,0,0,0,0,1,1,0,0,0,1,1],"ms":14,"mc":[0.43684642621654957,0.43684642621654957,0.43684642621654957,0.43684642621654957,0.43684642621654957,0.43684642621654957,0.43684642621654957,0.43684642621654957,0.43684642621654957,0.43684642621654957,0.43684642621654957,0.43684642621654957,0.43684642621654957,0.43684642621654957,0.0,0.0,0.0,0.43684642621654957,0.0,0.43684642621654957,0.0,0.43684642621654957,0.0,0.43684642621654957,0.43684642621654957,0.43684642621654957,0.43684642621654957,0.43684642621654957,1.0,1.0,1.0,1.0,1.0,1.0,1.0,1.0,1.0,1.0,1.0,1.0,1.0,1.0,0.0,0.0,0.0,0.0,1.0,0.0,1.0,0.0,1.0,1.0,1.0,1.0,1.0,1.0],"db":[0.5631535737834504,0.5631535737834504,0.5631535737834504,0.5631535737834504,0.5631535737834504,0.5631535737834504,0.5631535737834504,0.5631535737834504,0.5631535737834504,0.5631535737834504,0.5631535737834504,0.5631535737834504,0.5631535737834504,0.5631535737834504,1.0,1.0,1.0,0.5631535737834504,1.0,0.5631535737834504,1.0,0.5631535737834504,1.0,0.5631535737834504,0.5631535737834504,0.5631535737834504,0.5631535737834504,0.5631535737834504,0.0,0.0,0.0,0.0,0.0,0.0,0.0,0.0,0.0,0.0,0.0,0.0,0.0,0.0,1.0,1.0,1.0,1.0,0.0,1.0,0.0,1.0,0.0,0.0,0.0,0.0,0.0,0.0],"P":[1.198128150762296,2.0103945345491745,1.0051972672745872,0.7726773559108484,1.6995168203814213,3.296687298873533e-8,2.109018560533047,1.0051972672794012,1.0051972672745872,0.9428711580325552,0.9128227649035785,0.9049576069520943,0.6326196364588271,0.4898908546739229,0.5,0.5,0.5,0.7726773522363424,0.5,0.6060348908315032,0.5,0.2815767868917252,0.5,0.9428711625425669,0.9314470860816397,0.9049576129949229,0.7693164699633559,0.48989085285027834,1.198128130722896,0.0,1.0051972672745872,1.6995168107175693,0.7726773390614321,2.109018529155561,0.0,1.0051972672794012,1.0051972672745872,0.9428711463623055,0.912822751003217,0.9049575916885003,0.6326196364588271,0.4898908546739229,0.5,0.5,0.5,0.5,0.7726773416994316,0.5,0.6060348566394419,0.5,0.0,0.9428711503148159,0.9314470719065325,0.9049575960238901,0.7693164535076703,0.48989085285027834],"V":[10.46740551320906,12.721228728334701,10.891405030578703,8.023333586475427,11.842114606835645,7.055847847615221,13.367286077292807,9.746394344364232,9.746394312160254,8.857407382746725,8.777319829723337,8.574349502296865,7.652379336613865,4.797809163692437,0.0,0.0,0.0,8.023333576505797,0.0,7.352484042232212,0.0,3.872668242050139,0.0,8.8574073452201,8.628926189752077,8.574349455925189,5.386319834576982,4.7978091808303285,10.467405421124017,8.938081130598432,10.891405030578703,11.84211451087967,8.02333348796307,13.367285602350298,7.055847361692152,9.746394344364232,9.746394312160254,8.857407268177424,8.77731937248025,8.574348341350225,7.652379336613865,4.797809163692437,0.0,0.0,0.0,0.0,8.023333476890507,0.0,7.352483931626793,0.0,3.872668182492273,8.857407235289676,8.628926060848771,8.574348308081156,5.3863197193635655,4.7978091808303285],"D":[0.5826823702674462,0.7512925988466083,0.7512925988466083,0.35289936491082696,0.7057987340884636,0.5879579445573025,0.7629229019876094,0.7512925988430104,0.7512925988466083,0.46970485230085335,0.4807798129888133,0.473743966640624,0.604817831126627,0.48968224735240645,0.0,0.0,0.0,0.35289936750428863,0.0,0.17496495675371512,0.0,0.0,0.0,0.4697048480641045,0.4632008464656523,0.4737439609151166,0.35007240552153834,0.4896822509244319,0.5826823702674462,0.7512925988466083,0.7512925988466083,0.7057987324151156,0.3528993679751802,0.7629229013110177,0.5879579447483209,0.7512925988430104,0.7512925988466083,0.46970485203899226,0.4807798128591809,0.47374396583173506,0.604817831126627,0.48968224735240645,0.0,0.0,0.0,0.0,0.35289936611328343,0.0,0.17496495723928857,0.0,0.0,0.4697048483259656,0.4632008465952847,0.47374396172400557,0.35007240552153834,0.4896822509244319],"Q":[0.5826823702674462,0.7512925988466083,0.7512925988466083,0.35289936491082696,0.3528993679751802,0.5879579445573025,0.5879579447483209,0.7512925988430104,0.7512925988466083,0.23485242707868334,0.24486648767657673,0.2368719843472444,0.604817831126627,0.48968224735240645,0.0,0.0,0.0,0.0,0.0,0.0,0.0,0.0,0.0,0.23485242310379562,0.22728752128304813,0.23687197943062596,0.35007240552153834,0.4896822509244319,0.0,0.0,0.0,0.0,0.35289936611328343,0.0,0.17496495723928857,0.0,0.0,0.23485242522216998,0.23591332531223655,0.23687198229337963,0.0,0.0,0.0,0.0,0.0,0.35289936750428863,0.0,0.17496495675371512,0.0,0.0,0.0,0.2348524249603089,0.2359133251826042,0.23687198148449068,0.0,0.0,0.0,0.0,0.0,0.0,0.0,0.0,0.0,0.0,0.0,0.0,0.0,0.0,0.0,0.0,0.0,0.0,0.0,0.0,0.0,0.0,0.0,0.0,0.0,0.0,0.0,0.0,0.0,0.0,0.0,0.0,0.0,0.0,0.0,0.0,0.0,0.0,0.0,0.0,0.0,0.0,0.0,0.0,0.0,0.0,0.0,0.0,0.0,0.0,0.0,0.0,0.0,0.0,0.0,0.0,0.0,0.0,0.4173176297325538,0.24870740115339177,0.24870740115339177,0.29420126758488446,0.2942012659115364,0.23707709868898236,0.23707709801239055,0.24870740115698978,0.24870740115339177,0.06059029963504219,0.056019340545534396,0.05251207244425941,0.04510976335183463,0.020635501723161566],"PI":[0.6981281507703267,1.5103945345684666,0.7551972672842333,0.2726773481819154,1.199516820387258,1.9383134880938484e-8,1.6090185605476028,0.7551972672842334,0.7551972672842333,0.4428711580224159,0.43886675820227394,0.42871820635909186,0.3826196364511431,0.23989085467411772,0.0,0.0,0.0,0.2726773488890937,0.0,0.10603486846557642,0.0,0.0,0.0,0.44287115614608197,0.4314470787109808,0.428718204040504,0.2693164672474103,0.23989085553101394,0.6981281390937216,0.0,0.7551972672842333,1.1995168107226404,0.2726773446035234,1.6090185351820558,0.0,0.7551972672842334,0.7551972672842333,0.44287115229394175,0.43886675140092934,0.42871819839604614,0.3826196364511431,0.23989085467411772,0.0,0.0,0.0,0.0,0.27267734409582634,0.0,0.10603486277743833,0.0,0.0,0.44287115064954935,0.4314470722658049,0.42871819673258993,0.2693164614867289,0.23989085553101394],"CS":[0.43695382256727133,0.695739084626664,0.695739084626664,0.6117455811209389,0.611745583964822,0.7196849399125778,0.7196849413395223,0.6957390846194307,0.695739084626664,1.4018102353743846,1.4410291404939297,1.4733560922500422,1.5493282868000484,1.9403711509452009],"pr_entry":[0.0,0.0,0.0,0.0,0.0,0.0,0.0,0.0,0.0,0.0,0.0,0.0,0.0,0.0,0.20058331581350625,0.1838120778186575,0.09681669002104229,0.0,0.22143516287036893,0.0,0.2157231345010815,0.0,0.13465798335077822,0.0,0.0,0.0,0.0,0.0,0.0,0.0,0.0,0.0,0.0,0.0,0.0,0.0,0.0,0.0,0.0,0.0,0.0,0.0,0.20058331332312423,0.1838120750535224,0.09681668853209603,0.2214351601221086,0.0,0.21572313127849915,0.0,0.13465798047044308,0.0,0.0,0.0,0.0,0.0,0.0],"pr_exit":[0.0,0.0,0.0,0.0,0.0,0.25,0.0,0.25,0.0,0.0,0.0,0.0,0.0,0.0,0.0,0.0,0.0,0.0,0.0,0.0,0.0,0.0,0.0,0.0,0.0,0.0,0.0,0.0,0.0,0.0,0.0,0.0,0.0,0.0,0.25,0.0,0.25,0.0,0.0,0.0,0.0,0.0,0.0,0.0,0.0,0.0,0.0,0.0,0.0,0.0,0.0,0.0,0.0,0.0,0.0,0.0],"pr_merger":[0.17476085934841157,0.0,0.0,0.1037776827626371,0.10377768027390033,0.0,0.0,0.0,0.0,0.0,0.0,0.0,0.0,0.0,0.0,0.0,0.0,0.0,0.0,0.0,0.0,0.0,0.0,0.0,0.0,0.0,0.0,0.0,0.0,0.0,0.0,0.0,0.10377768424970224,0.0,0.0,0.0,0.0,0.0,0.0,0.0,0.0,0.0,0.0,0.0,0.0,0.10377768678056531,0.0,0.0,0.0,0.0,0.0,0.0,0.0,0.0,0.0,0.0],