{"modelname":"privacy","policy":"nolearning","smax":[5,1],"alpha":0.3,"beta":0.95,"c":1.0,"gamma":0.0,"sigma":7.0,"p0":1.0,"accuracy":1.0e-8,"cost_entry":[0.0,10.0],"value_exit":[0.0,1.0],"cost_merger":[0.0,1.0],"cost_bundling":[0.0,1.0],"entry":true,"exit":true,"mergers":true,"bundling":true,"filename":"a30g0s70","verbose":true,"firms":[1,2,3,4],"rival":[2,1,4,3],"partner":[3,4,1,2],"merger_pairs":[1,2,1,2,3,4,4,3],"outcomes":[1,0,1,0,1,0,0,0,0,0,1,0,1,0,1,0,0,0,1,0,0,1,0,0,1,0,0,0,1,1,0,0,0,0,1,0,0,0,0,0,1,1,1,1,2],"ownership":[0,3,0,3,0,0,4,4,0,1,0,1,0,0,2,2],"S":[1,1,1,1,1,1,1,1,1,1,1,1,1,1,0,0,0,1,0,1,0,1,0,1,1,1,1,1,1,1,1,1,1,1,1,1,1,1,1,1,1,1,0,0,0,0,1,0,1,0,1,1,1,1,1,1,0,1,1,0,0,1,1,1,1,0,1,3,1,3,0,0,1,0,0,0,0,1,1,0,0,0,1,1],"ms":14,"mc":[0.43684642621654957,0.43684642621654957,0.43684642621654957,0.43684642621654957,0.43684642621654957,0.43684642621654957,0.43684642621654957,0.43684642621654957,0.43684642621654957,0.43684642621654957,0.43684642621654957,0.43684642621654957,0.43684642621654957,0.43684642621654957,0.0,0.0,0.0,0.43684642621654957,0.0,0.43684642621654957,0.0,0.43684642621654957,0.0,0.43684642621654957,0.43684642621654957,0.43684642621654957,0.43684642621654957,0.43684642621654957,1.0,1.0,1.0,1.0,1.0,1.0,1.0,1.0,1.0,1.0,1.0,1.0,1.0,1.0,0.0,0.0,0.0,0.0,1.0,0.0,1.0,0.0,1.0,1.0,1.0,1.0,1.0,1.0],"db":[0.5631535737834504,0.5631535737834504,0.5631535737834504,0.5631535737834504,0.5631535737834504,0.5631535737834504,0.5631535737834504,0.5631535737834504,0.5631535737834504,0.5631535737834504,0.5631535737834504,0.5631535737834504,0.5631535737834504,0.5631535737834504,1.0,1.0,1.0,0.5631535737834504,1.0,0.5631535737834504,1.0,0.5631535737834504,1.0,0.5631535737834504,0.5631535737834504,0.5631535737834504,0.5631535737834504,0.5631535737834504,0.0,0.0,0.0,0.0,0.0,0.0,0.0,0.0,0.0,0.0,0.0,0.0,0.0,0.0,1.0,1.0,1.0,1.0,0.0,1.0,0.0,1.0,0.0,0.0,0.0,0.0,0.0,0.0],"P":[1.1426014945254654,2.183286380640827,1.0916431903204136,0.26690198382022556,2.0268041624138866,2.9332711138031198e-8,2.2166285133574872,1.0916431903205888,1.0916431903204136,0.28571422086501524,0.2857141789061529,0.28571415792987087,0.1911708992814706,0.14285713338191228,0.5,0.5,0.5,0.26690198527896364,0.5,0.18006927546402715,0.5,0.2815767868917252,0.5,0.28571422184241246,0.2857142008623357,0.28571415890866547,0.228074088279754,0.142857133871321,1.1426014476287836,0.0,1.0916431903204136,2.026804157592856,0.2669019785093967,2.2166284888886185,0.0,1.0916431903205888,1.0916431903204136,0.28571422154140264,0.28571417958183754,0.2857141586043511,0.1911708992814706,0.14285713338191228,0.5,0.5,0.5,0.5,0.2669019802193568,0.5,0.1800692676239812,0.5,0.0,0.2857142202613172,0.2857141992809198,0.285714157325477,0.2280740831313008,0.142857133871321],"V":[16.579476553566565,29.433967354806953,17.994688463025568,2.37986694857452,22.450267135918203,7.701615708082258,23.058962543288963,14.458167585794214,14.458167551032892,2.857141321473145,2.857141228188675,2.857140806602347,2.394846462140669,1.4285711975339945,0.0,0.0,0.0,2.3798669463385367,0.0,0.9221107621194893,0.0,0.7624865256031202,0.0,2.857141311699275,2.8571408847111748,2.85714079681441,1.7043387563256363,1.4285711926399103,16.57947634599361,6.110535683606722,17.994688463025568,22.450267089892918,2.379866923105722,20.092046778105676,4.734699913932527,14.458167585794214,14.458167551032892,2.857141305662377,2.8571410348437873,2.8571406110152235,2.394846462140669,1.4285711975339945,0.0,0.0,0.0,0.0,2.3798669227776834,0.0,0.9221107446641997,0.0,0.7624865179027939,2.8571413184630963,2.857140891468005,2.857140623803944,1.704338717852577,1.4285711926399103],"D":[0.8749720271057939,0.9345678408245238,0.9345678408245238,0.46475803235246266,0.9295160601262238,0.728897533553251,0.9355520594341306,0.9345678408243739,0.9345678408245238,0.4999998915708995,0.4999999282838147,0.49999989157344205,0.6263627377391052,0.4999999719013695,0.0,0.0,0.0,0.4647580276067408,0.0,0.20665452583178617,0.0,0.0,0.0,0.49999988815001006,0.49999985143719194,0.49999988814766166,0.3736371153600568,0.49999996847550854,0.8749720271057939,0.9345678408245238,0.9345678408245238,0.9295160599592034,0.4647580328446239,0.9355520593850373,0.7288975578147125,0.9345678408243739,0.9345678408245238,0.4999998876203058,0.4999999243338896,0.49999988762252257,0.6263627377391052,0.4999999719013695,0.0,0.0,0.0,0.0,0.4647580272815998,0.0,0.20665450161941798,0.0,0.0,0.4999998921006038,0.499999855387117,0.4999998920985811,0.3736371153600568,0.49999996847550854],"Q":[0.8749720271057939,0.9345678408245238,0.9345678408245238,0.46475803235246266,0.4647580328446239,0.728897533553251,0.7288975578147125,0.9345678408243739,0.9345678408245238,0.24999994466537526,0.24999998137860183,0.24999994466770636,0.6263627377391052,0.4999999719013695,0.0,0.0,0.0,0.0,0.0,0.0,0.0,0.0,0.0,0.2499999451950795,0.24999990848190415,0.24999994519284546,0.3736371153600568,0.49999996847550854,0.0,0.0,0.0,0.0,0.4647580272815998,0.0,0.20665450161941798,0.0,0.0,0.24999994690552427,0.24999994690521285,0.24999994690573565,0.0,0.0,0.0,0.0,0.0,0.4647580276067408,0.0,0.20665452583178617,0.0,0.0,0.0,0.24999994295493053,0.24999994295528782,0.2499999429548162,0.0,0.0,0.0,0.0,0.0,0.0,0.0,0.0,0.0,0.0,0.0,0.0,0.0,0.0,0.0,0.0,0.0,0.0,0.0,0.0,0.0,0.0,0.0,0.0,0.0,0.0,0.0,0.0,0.0,0.0,0.0,0.0,0.0,0.0,0.0,0.0,0.0,0.0,0.0,0.0,0.0,0.0,0.0,0.0,0.0,0.0,0.0,0.0,0.0,0.0,0.0,0.0,0.0,0.0,0.0,0.0,0.0,0.0,0.12502797289420614,0.06543215917547615,0.06543215917547615,0.07048394004079665,0.07048393987377628,0.0644479406149628,0.06444794056586954,0.06543215917562606,0.06543215917547615,2.2027909034559293e-7,2.2027899329591973e-7,2.2027889625864278e-7,1.469008380345899e-7,5.962312195198546e-8],"PI":[0.9997443458390561,2.0404292386570875,1.0202146193285437,0.12404484083125686,1.8839470196943868,2.1380540800940915e-8,2.0737713706720124,1.0202146193285437,1.0202146193285437,0.14285707945277165,0.14285706896274544,0.14285704798593274,0.11974232784998867,0.07142856267686634,0.0,0.0,0.0,0.1240448402425745,0.0,0.03721213073789182,0.0,0.0,0.0,0.1428570789640734,0.14285705798466386,0.14285704749653597,0.08521694443322222,0.07142856243216202,0.9997443048057714,0.0,1.0202146193285437,1.8839470148746438,0.12404483849436529,2.0737713476712902,0.0,1.0202146193285437,1.0202146193285437,0.14285707866222447,0.1428570681720381,0.14285704719433914,0.11974232784998867,0.07142856267686634,0.0,0.0,0.0,0.0,0.12404483780430084,0.0,0.037212124757807434,0.0,0.0,0.14285707930226677,0.1428570583225058,0.14285704783377554,0.08521694250956902,0.07142856243216202],"CS":[0.2970311119374145,0.3895344872667066,0.3895344872667066,0.3789100565648902,0.3789100569034076,0.3916996433325117,0.39169964344133334,0.3895344872663793,0.3895344872667066,2.1897672145853773,2.189767277524815,2.189767340456241,2.247644006998066,2.376460340842084],"pr_entry":[0.0,0.0,0.0,0.0,0.0,0.0,0.0,0.0,0.0,0.0,0.0,0.0,0.0,0.0,0.0594966745608273,0.02305276876019549,0.01906216286972,0.0,0.07142853244040007,0.0,0.07142852175596082,0.0,0.0426084687340109,0.0,0.0,0.0,0.0,0.0,0.0,0.0,0.0,0.0,0.0,0.0,0.0,0.0,0.0,0.0,0.0,0.0,0.0,0.0,0.059496673971806024,0.023052768323813266,0.019062162677211853,0.07142853260949553,0.0,0.07142852192488157,0.0,0.042608467772184425,0.0,0.0,0.0,0.0,0.0,0.0],"pr_exit":[0.0,0.0,0.0,0.0,0.0,0.25,0.0,0.25,0.0,0.0,0.0,0.0,0.0,0.0,0.0,0.0,0.0,0.0,0.0,0.01947231239804509,0.0,0.05937837130280002,0.0,0.0,0.0,0.0,0.0,0.0,0.0,0.0,0.0,0.0,0.0,0.0,0.25,0.0,0.25,0.0,0.0,0.0,0.0,0.0,0.0,0.0,0.0,0.0,0.0,0.0,0.019472316761867364,0.0,0.059378373227881476,0.0,0.0,0.0,0.0,0.0],"pr_merger":[0.25,0.0,0.0,0.25,0.25,0.0,0.0,0.0,0.0,0.0,0.0,0.0,0.0,0.0,0.0,0.0,0.0,0.0,0.0,0.0,0.0,0.0,0.0,0.0,0.0,0.0,0.0,0.0,0.0,0.0,0.0,0.0,0.25,0.0,0.0,0.0,0.0,0.0,0.0,0.0,0.0,0.0,0.0,0.0,0.0,0.25,0.0,0.0,0.0,0.0,0.0,0.0,0.0,0.0,0.0,0.0],