{"modelname":"privacy","policy":"nolearning","smax":[5,1],"alpha":0.3,"beta":0.95,"c":1.0,"gamma":0.0,"sigma":10.0,"p0":1.0,"accuracy":1.0e-8,"cost_entry":[0.0,10.0],"value_exit":[0.0,1.0],"cost_merger":[0.0,1.0],"cost_bundling":[0.0,1.0],"entry":true,"exit":true,"mergers":true,"bundling":true,"filename":"a30g0s100","verbose":true,"firms":[1,2,3,4],"rival":[2,1,4,3],"partner":[3,4,1,2],"merger_pairs":[1,2,1,2,3,4,4,3],"outcomes":[1,0,1,0,1,0,0,0,0,0,1,0,1,0,1,0,0,0,1,0,0,1,0,0,1,0,0,0,1,1,0,0,0,0,1,0,0,0,0,0,1,1,1,1,2],"ownership":[0,3,0,3,0,0,4,4,0,1,0,1,0,0,2,2],"S":[1,1,1,1,1,1,1,1,1,1,1,1,1,1,0,0,0,1,0,1,0,1,0,1,1,1,1,1,1,1,1,1,1,1,1,1,1,1,1,1,1,1,0,0,0,0,1,0,1,0,1,1,1,1,1,1,0,1,1,0,0,1,1,1,1,0,1,3,1,3,0,0,1,0,0,0,0,1,1,0,0,0,1,1],"ms":14,"mc":[0.43684642621654957,0.43684642621654957,0.43684642621654957,0.43684642621654957,0.43684642621654957,0.43684642621654957,0.43684642621654957,0.43684642621654957,0.43684642621654957,0.43684642621654957,0.43684642621654957,0.43684642621654957,0.43684642621654957,0.43684642621654957,0.0,0.0,0.0,0.43684642621654957,0.0,0.43684642621654957,0.0,0.43684642621654957,0.0,0.43684642621654957,0.43684642621654957,0.43684642621654957,0.43684642621654957,0.43684642621654957,1.0,1.0,1.0,1.0,1.0,1.0,1.0,1.0,1.0,1.0,1.0,1.0,1.0,1.0,0.0,0.0,0.0,0.0,1.0,0.0,1.0,0.0,1.0,1.0,1.0,1.0,1.0,1.0],"db":[0.5631535737834504,0.5631535737834504,0.5631535737834504,0.5631535737834504,0.5631535737834504,0.5631535737834504,0.5631535737834504,0.5631535737834504,0.5631535737834504,0.5631535737834504,0.5631535737834504,0.5631535737834504,0.5631535737834504,0.5631535737834504,1.0,1.0,1.0,0.5631535737834504,1.0,0.5631535737834504,1.0,0.5631535737834504,1.0,0.5631535737834504,0.5631535737834504,0.5631535737834504,0.5631535737834504,0.5631535737834504,0.0,0.0,0.0,0.0,0.0,0.0,0.0,0.0,0.0,0.0,0.0,0.0,0.0,0.0,1.0,1.0,1.0,1.0,0.0,1.0,0.0,1.0,0.0,0.0,0.0,0.0,0.0,0.0],"P":[1.1633751850221146,2.25606651380112,1.12803325690056,0.4405997792240457,2.139851259178669,3.1623341926420334e-8,2.2798051558265007,1.1280332569004434,1.12803325690056,0.20000000078511354,0.20000000077069272,0.20000000076480773,0.1338196541473079,0.10000000039969666,0.5,0.5,0.5,0.34926509918991183,0.5,0.1266234590135669,0.5,0.2815767868917252,0.5,0.20000000152884614,0.20000000152213154,0.20000000150824382,0.15965188205294073,0.10000000077163357,1.1633750897256947,0.0,1.12803325690056,4.99999999988308,0.1910708332448064,2.279805128121187,0.0,1.1280332569004434,1.12803325690056,0.19999999914542493,0.19999999913191416,0.1999999991253167,0.1338196541473079,0.10000000039969666,0.5,0.5,0.5,1.0,0.19107083436531733,0.5,0.12662344456297858,0.5,0.0,0.19999999824908826,0.199999998242775,0.19999999822901648,0.15965187734115202,0.10000000077163357],"V":[18.010620311297316,38.38101072110824,20.72412091330951,3.921420786151142,30.099797341881935,21.797282981902804,32.48613596191554,18.345522595780107,18.345522539897537,1.9999996322224758,2.000000025198586,2.000000014192758,1.6763944607296115,1.0000000077156488,0.0,0.0,0.0,3.9214207856450467,0.0,0.5282767412609309,0.0,0.4315368616420465,0.0,1.9999996247861356,1.9999995395620909,2.000000006758394,1.193037553249388,1.0000000039962817,19.498142792578548,2.791872942438959,20.72412091330951,22.57265518166997,2.182444610486174,13.912130198179739,3.2232771367319173,18.345522595780107,18.345522539897537,1.9999995994266557,1.999999987286338,1.9999999762818008,1.6763944607296115,1.0000000077156488,0.0,0.0,0.0,0.0,2.1824446099807697,0.0,0.5282767248428127,0.0,0.4315368570353137,1.9999996083888367,1.9999995231742655,1.9999999852448,1.1930375180394073,1.0000000039962817],"D":[0.9140431999774759,0.9556750658570813,0.9556750658570814,3.1872043577869115e-13,0.9532677800245956,0.7458797122781748,0.9561366025222096,0.9556750658571801,0.9556750658570814,0.5000000018089288,0.5000000018281946,0.5000000018081876,0.6263628065545788,0.500000001846042,0.0,0.0,0.0,7.944588110394109e-13,0.0,0.2102568901846084,0.0,0.0,0.0,0.49999999809026585,0.49999999807100026,0.49999999809100704,0.3736371933781958,0.499999998126673,0.9140431999774759,0.9556750658570813,0.9556750658570814,1.113179246818102e-12,0.47663389268266526,0.9561366024627833,0.7458797404914299,0.9556750658571801,0.9556750658570814,0.4999999977087557,0.4999999977267496,0.4999999977088468,0.6263628065545788,0.500000001846042,0.0,0.0,0.0,0.0,0.4766338873419303,0.0,0.2102568620307796,0.0,0.0,0.5000000021904389,0.5000000021724453,0.5000000021903479,0.3736371933781958,0.499999998126673],"Q":[0.9140431999774759,0.9556750658570813,0.9556750658570814,3.1872043577869115e-13,0.47663389268266526,0.7458797122781748,0.7458797404914299,0.9556750658571801,0.9556750658570814,0.24999999978404358,0.24999999980267337,0.24999999978371854,0.6263628065545788,0.500000001846042,0.0,0.0,0.0,0.0,0.0,0.0,0.0,0.0,0.0,0.25000000016555374,0.25000000014692403,0.2500000001658788,0.3736371933781958,0.499999998126673,0.0,0.0,0.0,0.0,0.4766338873419303,0.0,0.2102568620307796,0.0,0.0,0.2500000020248852,0.25000000202552125,0.2500000020244691,0.0,0.0,0.0,0.0,0.0,7.944588110394109e-13,0.0,0.2102568901846084,0.0,0.0,0.0,0.24999999792471211,0.2499999979240762,0.24999999792512825,0.0,0.0,0.0,0.0,0.0,0.0,0.0,0.0,0.0,0.0,0.0,0.0,0.0,0.0,0.0,0.0,0.0,0.0,0.0,0.0,0.0,0.0,0.0,0.0,0.0,0.0,0.0,0.0,0.0,0.0,0.0,0.0,0.0,0.0,0.0,0.0,0.0,0.0,0.0,0.0,0.0,0.0,0.0,0.0,0.0,0.0,0.0,0.0,0.0,0.0,0.0,0.0,0.0,0.0,0.0,0.0,0.0,0.0,0.08595680002252411,0.044324934142918805,0.04432493414291865,0.9999999999988868,0.04673221997540456,0.043863397537216776,0.04386339747779051,0.044324934142819926,0.04432493414291865,1.0080530824543145e-10,1.008053082247868e-10,1.0080530820456088e-10,6.72255207475441e-11,2.7285030247674455e-11],"PI":[1.0633751768920017,2.156066514154841,1.0780332570774207,1.4042815363828295e-13,2.039851259420085,2.3587209177352743e-8,2.179805156104567,1.0780332570774207,1.0780332570774207,0.10000000075434252,0.10000000075098528,0.10000000074404139,0.08381965414387085,0.05000000038445253,0.0,0.0,0.0,2.7747673543997926e-13,0.0,0.0266234547166108,0.0,0.0,0.0,0.10000000038247624,0.10000000037526582,0.10000000037232332,0.05965188112780752,0.050000000198484086,1.0633750897869572,0.0,1.0780332570774207,5.5658962339603574e-12,0.09107083502759249,2.179805129479022,0.0,1.0780332570774207,1.0780332570774207,0.09999999911446361,0.099999999111307,0.09999999910442772,0.08381965414387085,0.05000000038445253,0.0,0.0,0.0,0.0,0.09107083454120728,0.0,0.026623448113340255,0.0,0.0,0.09999999956263192,0.09999999955587657,0.09999999955257782,0.059651879367308015,0.050000000198484086],"CS":[0.2453910434255746,0.3116207912800324,0.3116207912800326,1.1124434706744069e-13,0.3063321416969682,0.31266750757636785,0.31266750771184815,0.31162079128025555,0.3116207912800326,2.3017830100512837,2.3017830100717633,2.3017830100918277,2.342296816746604,2.4324682906708435],"pr_entry":[0.0,0.0,0.0,0.0,0.0,0.0,0.0,0.0,0.0,0.0,0.0,0.0,0.0,0.0,0.0980355199984221,0.013206918338360093,0.010788421391669219,0.0,0.049999990115884574,0.0,0.049999987873335996,0.0,0.02982593874004159,0.0,0.0,0.0,0.0,0.0,0.0,0.0,0.0,0.0,0.0,0.0,0.0,0.0,0.0,0.0,0.0,0.0,0.0,0.0,0.0545611154213016,0.013206917927907147,0.010788421276500907,0.0499999897059516,0.0,0.049999987463640316,0.0,0.02982593785979209,0.0,0.0,0.0,0.0,0.0,0.0],"pr_exit":[0.0,0.0,0.0,0.0,0.0,0.25,0.0,0.25,0.0,0.0,0.0,0.0,0.0,0.0,0.0,0.0,0.0,0.0,0.0,0.11793081661639906,0.0,0.14211578608330783,0.0,0.0,0.0,0.0,0.0,0.0,0.0,0.0,0.0,0.0,0.0,0.0,0.25,0.0,0.25,0.0,0.0,0.0,0.0,0.0,0.0,0.0,0.0,0.0,0.0,0.0,0.11793082072092856,0.0,0.1421157872349909,0.0,0.0,0.0,0.0,0.0],"pr_merger":[0.25,0.0,0.0,0.25,0.25,0.0,0.0,0.0,0.0,2.0548484253035681e-7,0.0,0.0,0.0,0.0,0.0,0.0,0.0,0.0,0.0,0.0,0.0,0.0,0.0,2.05103384720573e-7,2.445455771216132e-7,0.0,0.0,0.0,0.0,0.0,0.0,0.0,0.25,0.0,0.0,0.0,0.0,2.0324431149187916e-7,0.0,0.0,0.0,0.0,0.0,0.0,0.0,0.25,0.0,0.0,0.0,0.0,0.0,2.0734391575905065e-7,0.0,0.0,0.0,0.0],