{"modelname":"privacy","policy":"nolearning","smax":[5,1],"alpha":0.3,"beta":0.95,"c":1.0,"gamma":0.0,"sigma":6.0,"p0":1.0,"accuracy":1.0e-8,"cost_entry":[0.0,10.0],"value_exit":[0.0,1.0],"cost_merger":[0.0,1.0],"cost_bundling":[0.0,1.0],"entry":true,"exit":true,"mergers":true,"bundling":true,"filename":"a30g0s60","verbose":true,"firms":[1,2,3,4],"rival":[2,1,4,3],"partner":[3,4,1,2],"merger_pairs":[1,2,1,2,3,4,4,3],"outcomes":[1,0,1,0,1,0,0,0,0,0,1,0,1,0,1,0,0,0,1,0,0,1,0,0,1,0,0,0,1,1,0,0,0,0,1,0,0,0,0,0,1,1,1,1,2],"ownership":[0,3,0,3,0,0,4,4,0,1,0,1,0,0,2,2],"S":[1,1,1,1,1,1,1,1,1,1,1,1,1,1,0,0,0,1,0,1,0,1,0,1,1,1,1,1,1,1,1,1,1,1,1,1,1,1,1,1,1,1,0,0,0,0,1,0,1,0,1,1,1,1,1,1,0,1,1,0,0,1,1,1,1,0,1,3,1,3,0,0,1,0,0,0,0,1,1,0,0,0,1,1],"ms":14,"mc":[0.43684642621654957,0.43684642621654957,0.43684642621654957,0.43684642621654957,0.43684642621654957,0.43684642621654957,0.43684642621654957,0.43684642621654957,0.43684642621654957,0.43684642621654957,0.43684642621654957,0.43684642621654957,0.43684642621654957,0.43684642621654957,0.0,0.0,0.0,0.43684642621654957,0.0,0.43684642621654957,0.0,0.43684642621654957,0.0,0.43684642621654957,0.43684642621654957,0.43684642621654957,0.43684642621654957,0.43684642621654957,1.0,1.0,1.0,1.0,1.0,1.0,1.0,1.0,1.0,1.0,1.0,1.0,1.0,1.0,0.0,0.0,0.0,0.0,1.0,0.0,1.0,0.0,1.0,1.0,1.0,1.0,1.0,1.0],"db":[0.5631535737834504,0.5631535737834504,0.5631535737834504,0.5631535737834504,0.5631535737834504,0.5631535737834504,0.5631535737834504,0.5631535737834504,0.5631535737834504,0.5631535737834504,0.5631535737834504,0.5631535737834504,0.5631535737834504,0.5631535737834504,1.0,1.0,1.0,0.5631535737834504,1.0,0.5631535737834504,1.0,0.5631535737834504,1.0,0.5631535737834504,0.5631535737834504,0.5631535737834504,0.5631535737834504,0.5631535737834504,0.0,0.0,0.0,0.0,0.0,0.0,0.0,0.0,0.0,0.0,0.0,0.0,0.0,0.0,1.0,1.0,1.0,1.0,0.0,1.0,0.0,1.0,0.0,0.0,0.0,0.0,0.0,0.0],"P":[1.1349494471425534,2.1503663872022676,1.0751831936011338,0.3073811951617557,1.9740258741099883,3.145989605290404e-8,2.188882461828467,1.075183193599747,1.0751831936011338,0.3333323791315731,0.33333174393243686,0.33333142634558194,0.22303222342264778,0.16666653702068052,0.5,0.5,0.5,0.3073811937904778,0.5,0.2095359693371277,0.5,0.2815767868917252,0.5,0.3333323777068366,0.33333206011204913,0.3333314249264208,0.26608604453016726,0.16666653630713302,1.134949406383959,0.0,1.0751831936011338,1.9740258685125285,0.3073811874022436,2.18888243453416,0.0,1.075183193599747,1.0751831936011338,0.3333323790627352,0.33333174386279874,0.33333142627733353,0.22303222342264778,0.16666653702068052,0.5,0.5,0.5,0.5,0.3073811893290414,0.5,0.20953595564751742,0.5,0.0,0.33333237756836953,0.33333205997377385,0.33333142478323285,0.2660860346438193,0.16666653630713302],"V":[14.756412561528984,25.23213790137406,16.05102857155041,2.363326753986187,18.53704009621561,3.637017471253834,19.292957696566646,11.889123004758517,11.889123008107003,3.333313621623493,3.3333106371173287,3.333304287234602,2.7939774406728515,1.6666639027879793,0.0,0.0,0.0,2.36332675669598,0.0,1.1649587294153914,0.0,0.9658085197266244,0.0,3.333313635870586,3.3333072722034185,3.3333043014260024,1.9883871466834633,1.6666639099234362,14.756412389345414,6.39993556857998,16.05102857155041,18.537040057787443,2.3633267297586307,19.292957201650434,3.63701698699106,11.889123004758517,11.889123008107003,3.3333136202388247,3.3333103320176494,3.3333039647312286,2.7939774406728515,1.6666639027879793,0.0,0.0,0.0,0.0,2.363326729746933,0.0,1.1649587027064325,0.0,0.9658085022967344,3.333313635182197,3.3333072715070275,3.3333039796720207,1.9883870728055393,1.6666639099234362],"D":[0.8531505759612501,0.9224938284295433,0.9224938284295433,0.4577850836071218,0.9155701712186876,0.71926606271463,0.9238576445114492,0.9224938284307332,0.9224938284295433,0.499998568636592,0.49999904504992376,0.4999985686612958,0.6263619128372832,0.4999996110052283,0.0,0.0,0.0,0.45778508737362517,0.0,0.2045915816996188,0.0,0.0,0.0,0.49999857291078914,0.49999809651379834,0.49999857291876704,0.3736361808919472,0.4999996152865099,0.8531505759612501,0.9224938284295433,0.9224938284295433,0.9155701709807469,0.4577850882555215,0.9238576444142488,0.7192660797734424,0.9224938284307332,0.9224938284295433,0.4999985685321484,0.49999904494696834,0.4999985685488868,0.6263619128372832,0.4999996110052283,0.0,0.0,0.0,0.0,0.45778508296316606,0.0,0.20459156473800694,0.0,0.0,0.4999985730152327,0.49999809661675376,0.499998573031176,0.3736361808919472,0.4999996152865099],"Q":[0.8531505759612501,0.9224938284295433,0.9224938284295433,0.4577850836071218,0.4577850882555215,0.71926606271463,0.7192660797734424,0.9224938284307332,0.9224938284295433,0.2499992831975249,0.2499997596077404,0.24999928321007556,0.6263619128372832,0.4999996110052283,0.0,0.0,0.0,0.0,0.0,0.0,0.0,0.0,0.0,0.24999928757616566,0.2499988111745704,0.24999928757995585,0.3736361808919472,0.4999996152865099,0.0,0.0,0.0,0.0,0.45778508296316606,0.0,0.20459156473800694,0.0,0.0,0.24999928543906705,0.24999928544218336,0.2499992854512202,0.0,0.0,0.0,0.0,0.0,0.45778508737362517,0.0,0.2045915816996188,0.0,0.0,0.0,0.24999928533462348,0.2499992853392279,0.24999928533881122,0.0,0.0,0.0,0.0,0.0,0.0,0.0,0.0,0.0,0.0,0.0,0.0,0.0,0.0,0.0,0.0,0.0,0.0,0.0,0.0,0.0,0.0,0.0,0.0,0.0,0.0,0.0,0.0,0.0,0.0,0.0,0.0,0.0,0.0,0.0,0.0,0.0,0.0,0.0,0.0,0.0,0.0,0.0,0.0,0.0,0.0,0.0,0.0,0.0,0.0,0.0,0.0,0.0,0.0,0.0,0.0,0.0,0.0,0.14684942403874993,0.07750617157045661,0.07750617157045661,0.08442982901925299,0.08442982878131239,0.07614235558575115,0.0761423554885506,0.07750617156926667,0.07750617157045661,2.8584526189647105e-6,2.8584362779526205e-6,2.8584199373818135e-6,1.9062707697488186e-6,7.737082619134293e-7],"PI":[0.9682827745165719,1.9836997210564256,0.9918498605282128,0.14071452612638136,1.8073592075490013,2.262803556738382e-8,2.02221579529727,0.9918498605282128,0.9918498605282128,0.16666571244601636,0.16666555365104416,0.1666652360626191,0.13969889008736197,0.08333320367792874,0.0,0.0,0.0,0.1407145266563831,0.0,0.04286929538964578,0.0,0.0,0.0,0.16666571315837844,0.16666539556304757,0.16666523677218953,0.0994193734668963,0.08333320403470164,0.9682827397433534,0.0,0.9918498605282128,1.8073592019544331,0.1407145240030231,2.0222157698684553,0.0,0.9918498605282128,0.9918498605282128,0.1666657123767831,0.16666555358190685,0.16666523599102556,0.13969889008736197,0.08333320367792874,0.0,0.0,0.0,0.0,0.14071452325831188,0.0,0.04286928903479921,0.0,0.0,0.16666571312395953,0.16666539552822854,0.16666523673806521,0.099419369772999,0.08333320403470164],"CS":[0.31972459057518177,0.42623295210436773,0.42623295210436773,0.4119724192368641,0.41197241970656506,0.42919176515787094,0.4291917653706314,0.42623295210692635,0.42623295210436773,2.1275383536447925,2.1275393064364465,2.127540259207818,2.1950602835073516,2.345345159500388],"pr_entry":[0.0,0.0,0.0,0.0,0.0,0.0,0.0,0.0,0.0,0.0,0.0,0.0,0.0,0.0,0.05908317036988349,0.029123967535199913,0.024145212350286265,0.0,0.08333284007137388,0.0,0.08333268096422028,0.0,0.04970967824254123,0.0,0.0,0.0,0.0,0.0,0.0,0.0,0.0,0.0,0.0,0.0,0.0,0.0,0.0,0.0,0.0,0.0,0.0,0.0,0.05908316969615722,0.02912396686747597,0.02414521191453905,0.08333284005416414,0.0,0.08333268094681048,0.0,0.049709676395593164,0.0,0.0,0.0,0.0,0.0,0.0],"pr_exit":[0.0,0.0,0.0,0.0,0.0,0.25,0.0,0.25,0.0,0.0,0.0,0.0,0.0,0.0,0.0,0.0,0.0,0.0,0.0,0.0,0.0,0.008547876497137341,0.0,0.0,0.0,0.0,0.0,0.0,0.0,0.0,0.0,0.0,0.0,0.0,0.25,0.0,0.25,0.0,0.0,0.0,0.0,0.0,0.0,0.0,0.0,0.0,0.0,0.0,0.0,0.0,0.00854788085460953,0.0,0.0,0.0,0.0,0.0],"pr_merger":[0.25,0.0,0.0,0.25,0.25,0.0,0.0,0.0,0.0,0.0,0.0,0.0,0.0,0.0,0.0,0.0,0.0,0.0,0.0,0.0,0.0,0.0,0.0,0.0,0.0,0.0,0.0,0.0,0.0,0.0,0.0,0.0,0.25,0.0,0.0,0.0,0.0,0.0,0.0,0.0,0.0,0.0,0.0,0.0,0.0,0.25,0.0,0.0,0.0,0.0,0.0,0.0,0.0,0.0,0.0,0.0],