{"modelname":"privacy","policy":"nolearning","smax":[5,1],"alpha":0.4,"beta":0.95,"c":1.0,"gamma":0.0,"sigma":6.0,"p0":1.0,"accuracy":1.0e-8,"cost_entry":[0.0,10.0],"value_exit":[0.0,1.0],"cost_merger":[0.0,1.0],"cost_bundling":[0.0,1.0],"entry":true,"exit":true,"mergers":true,"bundling":true,"filename":"a40g0s60","verbose":true,"firms":[1,2,3,4],"rival":[2,1,4,3],"partner":[3,4,1,2],"merger_pairs":[1,2,1,2,3,4,4,3],"outcomes":[1,0,1,0,1,0,0,0,0,0,1,0,1,0,1,0,0,0,1,0,0,1,0,0,1,0,0,0,1,1,0,0,0,0,1,0,0,0,0,0,1,1,1,1,2],"ownership":[0,3,0,3,0,0,4,4,0,1,0,1,0,0,2,2],"S":[1,1,1,1,1,1,1,1,1,1,1,1,1,1,0,0,0,1,0,1,0,1,0,1,1,1,1,1,1,1,1,1,1,1,1,1,1,1,1,1,1,1,0,0,0,0,1,0,1,0,1,1,1,1,1,1,0,1,1,0,0,1,1,1,1,0,1,3,1,3,0,0,1,0,0,0,0,1,1,0,0,0,1,1],"ms":14,"mc":[0.3054099313990243,0.3054099313990243,0.3054099313990243,0.3054099313990243,0.3054099313990243,0.3054099313990243,0.3054099313990243,0.3054099313990243,0.3054099313990243,0.3054099313990243,0.3054099313990243,0.3054099313990243,0.3054099313990243,0.3054099313990243,0.0,0.0,0.0,0.3054099313990243,0.0,0.3054099313990243,0.0,0.3054099313990243,0.0,0.3054099313990243,0.3054099313990243,0.3054099313990243,0.3054099313990243,0.3054099313990243,1.0,1.0,1.0,1.0,1.0,1.0,1.0,1.0,1.0,1.0,1.0,1.0,1.0,1.0,0.0,0.0,0.0,0.0,1.0,0.0,1.0,0.0,1.0,1.0,1.0,1.0,1.0,1.0],"db":[0.6945900686009757,0.6945900686009757,0.6945900686009757,0.6945900686009757,0.6945900686009757,0.6945900686009757,0.6945900686009757,0.6945900686009757,0.6945900686009757,0.6945900686009757,0.6945900686009757,0.6945900686009757,0.6945900686009757,0.6945900686009757,1.0,1.0,1.0,0.6945900686009757,1.0,0.6945900686009757,1.0,0.6945900686009757,1.0,0.6945900686009757,0.6945900686009757,0.6945900686009757,0.6945900686009757,0.6945900686009757,0.0,0.0,0.0,0.0,0.0,0.0,0.0,0.0,0.0,0.0,0.0,0.0,0.0,0.0,1.0,1.0,1.0,1.0,0.0,1.0,0.0,1.0,0.0,0.0,0.0,0.0,0.0,0.0],"P":[1.1956045170483296,2.271892993553266,1.135946496776633,0.3087522710149797,2.0934289208777312,3.3422483783989143e-8,2.310540816977165,1.1359464967766646,1.135946496776633,0.33333290204094457,0.3333326133567796,0.33333246901968494,0.2230325138700607,0.16666660893035884,0.5,0.5,0.5,0.3087522734328496,0.5,0.2097227921500849,0.5,0.34729503430048786,0.5,0.3333329037453494,0.3333327594069543,0.3333324707252522,0.26608627446489364,0.1666666097810294,1.1956044712393123,0.0,1.135946496776633,2.093428914411169,0.3087522642135474,2.3105407891151235,0.0,1.1359464967766646,1.135946496776633,0.33333289884514894,0.3333326101580097,0.3333324658197342,0.2230325138700607,0.16666660893035884,0.5,0.5,0.5,0.5,0.3087522661733337,0.5,0.209722783228265,0.5,0.0,0.3333328973523738,0.33333275300931064,0.33333246432657365,0.2660862682475714,0.1666666097810294],"V":[15.619988975454811,26.74489325650819,16.996302234578977,2.4018035852441826,19.645707177297258,3.7943396890493144,20.392113075793006,12.537615811724082,12.537615813981187,3.333324117969115,3.3333228567552258,3.333319973933325,2.7939832693123585,1.6666653510368659,0.0,0.0,0.0,2.401803581312262,0.0,1.1652943291018862,0.0,0.9658119910355363,0.0,3.333324100925312,3.3333212032229893,3.333319956877761,1.9883918326050967,1.6666653425301698,15.619988785464631,6.76200567132587,16.996302234578977,19.64570716739137,2.401803555749919,20.392112601002975,3.7943392097139457,12.537615811724082,12.537615813981187,3.333324054039756,3.3333225001748015,3.333319596444951,2.7939832693123585,1.6666653510368659,0.0,0.0,0.0,0.0,2.4018035556835082,0.0,1.1652943066404693,0.0,0.9658119800741897,3.333324068967294,3.3333211712353115,3.3333196113764525,1.9883917861447094,1.6666653425301698],"D":[0.8606004990408717,0.9266397374408466,0.9266397374408466,0.46019290375162925,0.9203858010750658,0.722566652958979,0.9278668157299482,0.926639737440821,0.9266397374408466,0.4999993530081789,0.4999995695282402,0.4999993530132979,0.6263623994140726,0.49999982673741183,0.0,0.0,0.0,0.46019289707551025,0.0,0.20530016271498222,0.0,0.0,0.0,0.4999993478949713,0.49999913137828533,0.4999993478966029,0.3736367342355417,0.49999982163339024,0.8606004990408717,0.9266397374408466,0.9266397374408466,0.9203858008271395,0.4601929032431719,0.9278668156739612,0.7225666765048936,0.926639737440821,0.9266397374408466,0.4999993482124153,0.4999995647299358,0.4999993482152125,0.6263623994140726,0.49999982673741183,0.0,0.0,0.0,0.0,0.46019289783189393,0.0,0.20530013922505463,0.0,0.0,0.4999993526907349,0.49999913617658975,0.49999935269468826,0.3736367342355417,0.49999982163339024],"Q":[0.8606004990408717,0.9266397374408466,0.9266397374408466,0.46019290375162925,0.4601929032431719,0.722566652958979,0.7225666765048936,0.926639737440821,0.9266397374408466,0.24999967538450954,0.24999989190250357,0.24999967538678003,0.6263623994140726,0.49999982673741183,0.0,0.0,0.0,0.0,0.0,0.0,0.0,0.0,0.0,0.24999967506706555,0.24999945855085312,0.24999967506817036,0.3736367342355417,0.49999982163339024,0.0,0.0,0.0,0.0,0.46019289783189393,0.0,0.20530013922505463,0.0,0.0,0.24999967762366937,0.24999967762573666,0.2499996776265179,0.0,0.0,0.0,0.0,0.0,0.46019289707551025,0.0,0.20530016271498222,0.0,0.0,0.0,0.24999967282790575,0.24999967282743224,0.24999967282843252,0.0,0.0,0.0,0.0,0.0,0.0,0.0,0.0,0.0,0.0,0.0,0.0,0.0,0.0,0.0,0.0,0.0,0.0,0.0,0.0,0.0,0.0,0.0,0.0,0.0,0.0,0.0,0.0,0.0,0.0,0.0,0.0,0.0,0.0,0.0,0.0,0.0,0.0,0.0,0.0,0.0,0.0,0.0,0.0,0.0,0.0,0.0,0.0,0.0,0.0,0.0,0.0,0.0,0.0,0.0,0.0,0.0,0.0,0.1393995009591284,0.07336026255915333,0.07336026255915333,0.07961419917286056,0.07961419892493399,0.07213318432603859,0.07213318427005165,0.07336026255917905,0.07336026255915333,1.2990968497808103e-6,1.2990934745300895e-6,1.2990900993391081e-6,8.663503857329386e-7,3.516291979386807e-7],"PI":[1.0289378440273127,2.1052263270398974,1.0526131635199487,0.1420856041382935,1.9267622543357612,2.4149972241372787e-8,2.143874150462675,1.052613163519949,1.0526131635199487,0.16666623535681097,0.16666616318811314,0.16666601884816765,0.13969918053500363,0.0833332755880914,0.0,0.0,0.0,0.14208560318971317,0.0,0.043056123353452824,0.0,0.0,0.0,0.16666623450461193,0.1666660901634041,0.16666601799538958,0.09941960661596487,0.08333327516275656,1.0289378046040496,0.0,1.0526131635199487,1.9267622478650128,0.14208560085133526,2.143874124481051,0.0,1.052613163519949,1.0526131635199487,0.16666623216032944,0.1666661599892982,0.1666660156488367,0.13969918053500363,0.0833332755880914,0.0,0.0,0.0,0.0,0.14208560008247068,0.0,0.04305611659542875,0.0,0.0,0.1666662329067141,0.16666608856401988,0.1666660163954121,0.09941960429294491,0.08333327516275656],"CS":[0.32840189343038184,0.43539547866495254,0.43539547866495254,0.42176047007855,0.42176047059756683,0.4382068477334009,0.4382068478627612,0.4353954786648939,0.43539547866495254,2.2589735443119983,2.258973977337848,2.2589744103571587,2.3264960679584172,2.476781438587788],"pr_entry":[0.0,0.0,0.0,0.0,0.0,0.0,0.0,0.0,0.0,0.0,0.0,0.0,0.0,0.0,0.06004509102221237,0.0291323575760774,0.024145299178717126,0.0,0.08333310174791317,0.0,0.08333302929104171,0.0,0.04970979542076663,0.0,0.0,0.0,0.0,0.0,0.0,0.0,0.0,0.0,0.0,0.0,0.0,0.0,0.0,0.0,0.0,0.0,0.0,0.0,0.06004509038149351,0.029132357014541997,0.024145298904683477,0.08333310094896262,0.0,0.08333302849134977,0.0,0.049709794259256965,0.0,0.0,0.0,0.0,0.0,0.0],"pr_exit":[0.0,0.0,0.0,0.0,0.0,0.25,0.0,0.25,0.0,0.0,0.0,0.0,0.0,0.0,0.0,0.0,0.0,0.0,0.0,0.0,0.0,0.008547008212828694,0.0,0.0,0.0,0.0,0.0,0.0,0.0,0.0,0.0,0.0,0.0,0.0,0.25,0.0,0.25,0.0,0.0,0.0,0.0,0.0,0.0,0.0,0.0,0.0,0.0,0.0,0.0,0.0,0.008547010953165235,0.0,0.0,0.0,0.0,0.0],"pr_merger":[0.25,0.0,0.0,0.25,0.25,0.0,0.0,0.0,0.0,0.0,0.0,0.0,0.0,0.0,0.0,0.0,0.0,0.0,0.0,0.0,0.0,0.0,0.0,0.0,0.0,0.0,0.0,0.0,0.0,0.0,0.0,0.0,0.25,0.0,0.0,0.0,0.0,0.0,0.0,0.0,0.0,0.0,0.0,0.0,0.0,0.25,0.0,0.0,0.0,0.0,0.0,0.0,0.0,0.0,0.0,0.0],