{"modelname":"privacy","policy":"nolearning","smax":[5,1],"alpha":0.4,"beta":0.95,"c":1.0,"gamma":0.0,"sigma":1.0,"p0":1.0,"accuracy":1.0e-8,"cost_entry":[0.0,10.0],"value_exit":[0.0,1.0],"cost_merger":[0.0,1.0],"cost_bundling":[0.0,1.0],"entry":true,"exit":true,"mergers":true,"bundling":true,"filename":"a40g0s10","verbose":true,"firms":[1,2,3,4],"rival":[2,1,4,3],"partner":[3,4,1,2],"merger_pairs":[1,2,1,2,3,4,4,3],"outcomes":[1,0,1,0,1,0,0,0,0,0,1,0,1,0,1,0,0,0,1,0,0,1,0,0,1,0,0,0,1,1,0,0,0,0,1,0,0,0,0,0,1,1,1,1,2],"ownership":[0,3,0,3,0,0,4,4,0,1,0,1,0,0,2,2],"S":[1,1,1,1,1,1,1,1,1,1,1,1,1,1,0,0,0,1,0,1,0,1,0,1,1,1,1,1,1,1,1,1,1,1,1,1,1,1,1,1,1,1,0,0,0,0,1,0,1,0,1,1,1,1,1,1,0,1,1,0,0,1,1,1,1,0,1,3,1,3,0,0,1,0,0,0,0,1,1,0,0,0,1,1],"ms":14,"mc":[0.3054099313990243,0.3054099313990243,0.3054099313990243,0.3054099313990243,0.3054099313990243,0.3054099313990243,0.3054099313990243,0.3054099313990243,0.3054099313990243,0.3054099313990243,0.3054099313990243,0.3054099313990243,0.3054099313990243,0.3054099313990243,0.0,0.0,0.0,0.3054099313990243,0.0,0.3054099313990243,0.0,0.3054099313990243,0.0,0.3054099313990243,0.3054099313990243,0.3054099313990243,0.3054099313990243,0.3054099313990243,1.0,1.0,1.0,1.0,1.0,1.0,1.0,1.0,1.0,1.0,1.0,1.0,1.0,1.0,0.0,0.0,0.0,0.0,1.0,0.0,1.0,0.0,1.0,1.0,1.0,1.0,1.0,1.0],"db":[0.6945900686009757,0.6945900686009757,0.6945900686009757,0.6945900686009757,0.6945900686009757,0.6945900686009757,0.6945900686009757,0.6945900686009757,0.6945900686009757,0.6945900686009757,0.6945900686009757,0.6945900686009757,0.6945900686009757,0.6945900686009757,1.0,1.0,1.0,0.6945900686009757,1.0,0.6945900686009757,1.0,0.6945900686009757,1.0,0.6945900686009757,0.6945900686009757,0.6945900686009757,0.6945900686009757,0.6945900686009757,0.0,0.0,0.0,0.0,0.0,0.0,0.0,0.0,0.0,0.0,0.0,0.0,0.0,0.0,1.0,1.0,1.0,1.0,0.0,1.0,0.0,1.0,0.0,0.0,0.0,0.0,0.0,0.0],"P":[1.6014778479352834,2.3756579466927947,1.1878289733463974,1.3387634620167819,2.0246361931476358,7.237179751310796e-8,2.5361410689421016,1.1878289733343477,1.1878289733463974,1.564383273625312,1.3894745372613455,1.3963412691184507,0.9980876662701059,0.8625157395138802,0.5,0.5,0.5,1.3387634575043235,0.5,1.1678180072070872,0.5,0.34729503430048786,0.5,1.56438326612667,1.5417069985270668,1.3963412898342331,1.338236490375198,0.8625157474943417,1.6014778272869687,0.0,1.1878289733463974,2.0246361831248154,1.3387634379846471,2.5361410013555385,0.0,1.1878289733343477,1.1878289733463974,1.564383252354226,1.3894745134953652,1.396341234946365,0.9980876662701059,0.8625157395138802,0.5,0.5,0.5,0.5,1.3387634420662842,0.5,1.1678179210803956,0.5,0.0,1.5643832380547829,1.541706973705411,1.3963412406511364,1.3382364572053702,0.8625157474943417],"V":[11.63731243404017,13.459741876384546,10.11392101008366,10.122894438151697,12.876202834778908,9.240633060132952,14.58373231402562,9.40377919053286,9.403779166540856,11.029764745021204,11.186032650734768,10.945103396856064,8.098203975018672,7.250304675189129,0.0,0.0,0.0,10.122894440002527,0.0,9.558960197004211,0.0,5.399442889488959,0.0,11.029764749370479,10.864774338864894,10.945103332498611,7.018954141359099,7.250304626551322,11.637312263398064,10.730534651392244,10.11392101008366,12.876202649893576,10.12289427848086,14.583731458089643,9.240632247245982,9.40377919053286,9.403779166540856,11.029764572318218,11.186031908067468,10.945102569109679,8.098203975018672,7.250304675189129,0.0,0.0,0.0,0.0,10.122894280055862,0.0,9.558960022919937,0.0,5.3994427902657876,11.029764580612008,10.864774170587417,10.945102551386718,7.0189539736872595,7.250304626551322],"D":[0.3755767435773226,0.5790639800520416,0.5790639800520416,0.2530420500596199,0.5060841036887886,0.46199802545274377,0.6057001669747575,0.5790639800579158,0.5790639800520416,0.3607704527652328,0.40914412431429564,0.39192134841457016,0.49904199287043527,0.4203004459234153,0.0,0.0,0.0,0.2530420512014616,0.0,0.14370213959979214,0.0,0.0,0.0,0.36077045547052133,0.35136831890152465,0.3919213402956129,0.25274792071487867,0.42030043921503235,0.3755767435773226,0.5790639800520416,0.5790639800520416,0.5060841012610815,0.2530420523608072,0.6057001650525359,0.4619980254112607,0.5790639800579158,0.5790639800520416,0.3607704515384687,0.40914412411474044,0.3919213454730023,0.49904199287043527,0.4203004459234153,0.0,0.0,0.0,0.0,0.25304205132798147,0.0,0.14370214156349678,0.0,0.0,0.3607704566972854,0.35136831910107985,0.39192134323718064,0.25274792071487867,0.42030043921503235],"Q":[0.3755767435773226,0.5790639800520416,0.5790639800520416,0.2530420500596199,0.2530420523608072,0.46199802545274377,0.4619980254112607,0.5790639800579158,0.5790639800520416,0.18038522509291222,0.22011331421668803,0.1959606747662405,0.49904199287043527,0.4203004459234153,0.0,0.0,0.0,0.0,0.0,0.0,0.0,0.0,0.0,0.18038522902496484,0.16233750900347224,0.19596066958885103,0.25274792071487867,0.42030043921503235,0.0,0.0,0.0,0.0,0.25304205132798147,0.0,0.14370214156349678,0.0,0.0,0.18038522767232057,0.1890308100976076,0.19596067364832964,0.0,0.0,0.0,0.0,0.0,0.2530420512014616,0.0,0.14370213959979214,0.0,0.0,0.0,0.1803852264455565,0.1890308098980524,0.19596067070676182,0.0,0.0,0.0,0.0,0.0,0.0,0.0,0.0,0.0,0.0,0.0,0.0,0.0,0.0,0.0,0.0,0.0,0.0,0.0,0.0,0.0,0.0,0.0,0.0,0.0,0.0,0.0,0.0,0.0,0.0,0.0,0.0,0.0,0.0,0.0,0.0,0.0,0.0,0.0,0.0,0.0,0.0,0.0,0.0,0.0,0.0,0.0,0.0,0.0,0.0,0.0,0.0,0.0,0.0,0.0,0.0,0.0,0.0,0.6244232564226773,0.4209360199479584,0.4209360199479584,0.49391589873891856,0.49391589631121147,0.394299834947464,0.3942998330252424,0.4209360199420842,0.4209360199479584,0.2784590917642458,0.23948755678417966,0.21615731128981694,0.24821008641468612,0.15939911486155234],"PI":[0.6014778350387524,1.3756579458541907,0.6878289729270953,0.3387634509736405,1.0246361931050023,3.343562754952167e-8,1.5361410689297708,0.6878289729270953,0.6878289729270953,0.5643832619241609,0.5684953428048044,0.5472559530398153,0.49808765803483557,0.36251574993364816,0.0,0.0,0.0,0.3387634513604548,0.0,0.1678179462988239,0.0,0.0,0.0,0.5643832634509804,0.5417069963111708,0.5472559498219375,0.338236490367108,0.36251574750175375,0.6014778272837257,0.0,0.6878289729270953,1.0246361831173887,0.3387634479732453,1.5361410231175534,0.0,0.6878289729270953,0.6878289729270953,0.5643832523310524,0.5684953328038163,0.547255935539613,0.49808765803483557,0.36251574993364816,0.0,0.0,0.0,0.0,0.3387634476233618,0.0,0.16781793621548352,0.0,0.0,0.5643832552426021,0.541706987897283,0.5472559346534647,0.33823648198350303,0.36251574750175375],"CS":[0.47092684500200144,0.8652744284686638,0.8652744284686638,0.7053900217553954,0.705390026670619,0.930643656694981,0.9306436615700062,0.8652744284826188,0.8652744284686638,1.2784841181444486,1.4292538184529835,1.531748843366219,1.3934797687831673,1.8363440655802585],"pr_entry":[0.0,0.0,0.0,0.0,0.0,0.0,0.0,0.0,0.0,0.0,0.0,0.0,0.0,0.0,0.25,0.23897398400035472,0.1349860555195062,0.0,0.25,0.0,0.25,0.0,0.17547383995044605,0.0,0.0,0.0,0.0,0.0,0.0,0.0,0.0,0.0,0.0,0.0,0.0,0.0,0.0,0.0,0.0,0.0,0.0,0.0,0.25,0.23897397964824818,0.1349860530389274,0.25,0.0,0.25,0.0,0.1754738357586504,0.0,0.0,0.0,0.0,0.0,0.0],"pr_exit":[0.0,0.0,0.0,0.0,0.0,0.25,0.0,0.25,0.0,0.0,0.0,0.0,0.0,0.0,0.0,0.0,0.0,0.0,0.0,0.0,0.0,0.0,0.0,0.0,0.0,0.0,0.0,0.0,0.0,0.0,0.0,0.0,0.0,0.0,0.25,0.0,0.25,0.0,0.0,0.0,0.0,0.0,0.0,0.0,0.0,0.0,0.0,0.0,0.0,0.0,0.0,0.0,0.0,0.0,0.0,0.0],"pr_merger":[0.21963218753382607,0.0,0.0,0.17427109574990896,0.1742710990938776,0.0,0.0,0.0,0.0,0.0781338103660314,0.0,0.0,0.0,0.0,0.0,0.0,0.0,0.0,0.0,0.0,0.0,0.0,0.0,0.07813380720526597,0.04016434360823151,0.0,0.11567528451407183,0.0,0.0,0.0,0.0,0.0,0.17427109828020404,0.0,0.0,0.0,0.0,0.07813380829258465,0.0,0.0,0.0,0.0,0.0,0.0,0.0,0.174271095131048,0.0,0.0,0.0,0.0,0.0,0.07813380927871272,0.0,0.0,0.0,0.0],"pr_bundling":[0.0,0.0,0.0,0.0,0.0,0.0,0.0,0.0,0.0,0.0,0.0,0.0,0.0,0.0,0.0,0.0,0.0,0.0,0.0,0.0,0.0,0.0,0.0,0.0,0.0,0.0,0.0,0.0,0.0,0.0,0.0,0.0,0.0,0.0,0.0,0.0,0.0,0.0,0.0,0.0,0.0,0.0,0.0,0.0,0.0,0.0,0.0,0.0,0.0,0.0,0.0,0.0,0.0,0.0,0.0,0.0],