{"modelname":"privacy","policy":"nolearning","smax":[5,1],"alpha":0.4,"beta":0.95,"c":1.0,"gamma":0.0,"sigma":10.0,"p0":1.0,"accuracy":1.0e-8,"cost_entry":[0.0,10.0],"value_exit":[0.0,1.0],"cost_merger":[0.0,1.0],"cost_bundling":[0.0,1.0],"entry":true,"exit":true,"mergers":true,"bundling":true,"filename":"a40g0s100","verbose":true,"firms":[1,2,3,4],"rival":[2,1,4,3],"partner":[3,4,1,2],"merger_pairs":[1,2,1,2,3,4,4,3],"outcomes":[1,0,1,0,1,0,0,0,0,0,1,0,1,0,1,0,0,0,1,0,0,1,0,0,1,0,0,0,1,1,0,0,0,0,1,0,0,0,0,0,1,1,1,1,2],"ownership":[0,3,0,3,0,0,4,4,0,1,0,1,0,0,2,2],"S":[1,1,1,1,1,1,1,1,1,1,1,1,1,1,0,0,0,1,0,1,0,1,0,1,1,1,1,1,1,1,1,1,1,1,1,1,1,1,1,1,1,1,0,0,0,0,1,0,1,0,1,1,1,1,1,1,0,1,1,0,0,1,1,1,1,0,1,3,1,3,0,0,1,0,0,0,0,1,1,0,0,0,1,1],"ms":14,"mc":[0.3054099313990243,0.3054099313990243,0.3054099313990243,0.3054099313990243,0.3054099313990243,0.3054099313990243,0.3054099313990243,0.3054099313990243,0.3054099313990243,0.3054099313990243,0.3054099313990243,0.3054099313990243,0.3054099313990243,0.3054099313990243,0.0,0.0,0.0,0.3054099313990243,0.0,0.3054099313990243,0.0,0.3054099313990243,0.0,0.3054099313990243,0.3054099313990243,0.3054099313990243,0.3054099313990243,0.3054099313990243,1.0,1.0,1.0,1.0,1.0,1.0,1.0,1.0,1.0,1.0,1.0,1.0,1.0,1.0,0.0,0.0,0.0,0.0,1.0,0.0,1.0,0.0,1.0,1.0,1.0,1.0,1.0,1.0],"db":[0.6945900686009757,0.6945900686009757,0.6945900686009757,0.6945900686009757,0.6945900686009757,0.6945900686009757,0.6945900686009757,0.6945900686009757,0.6945900686009757,0.6945900686009757,0.6945900686009757,0.6945900686009757,0.6945900686009757,0.6945900686009757,1.0,1.0,1.0,0.6945900686009757,1.0,0.6945900686009757,1.0,0.6945900686009757,1.0,0.6945900686009757,0.6945900686009757,0.6945900686009757,0.6945900686009757,0.6945900686009757,0.0,0.0,0.0,0.0,0.0,0.0,0.0,0.0,0.0,0.0,0.0,0.0,0.0,0.0,1.0,1.0,1.0,1.0,0.0,1.0,0.0,1.0,0.0,0.0,0.0,0.0,0.0,0.0],"P":[1.2262223778325492,2.3818336248661915,1.1909168124330958,0.5452446878141349,2.2648674966113616,3.408120533373755e-8,2.40561631921762,1.1909168124324472,1.1909168124330958,0.20000000163067008,0.2000000016271926,0.2000000016240964,0.13381965405522378,0.10000000081722538,0.5,0.5,0.5,0.4268205738668941,0.5,0.12668749660795459,0.5,0.34729503430048786,0.5,0.20000000084294964,0.2000000008412875,0.20000000083701805,0.15965188246931458,0.10000000042384115,1.226222288903459,0.0,1.1909168124330958,4.999999998181659,0.19154286420136188,2.4056162895123667,0.0,1.1909168124324472,1.1909168124330958,0.1999999991600529,0.19999999915522162,0.19999999915543995,0.13381965405522378,0.10000000081722538,0.5,0.5,0.5,1.0,0.19154286530124837,0.5,0.12668748180603448,0.5,0.0,0.19999999826481488,0.199999998261476,0.1999999982594785,0.15965187661735852,0.10000000042384115],"V":[18.942424388826037,40.618121449058584,21.928880411145297,4.122320570338986,31.90216631679476,23.06204498137769,34.369283361044594,19.39983685447275,19.399836780677763,1.999999648871296,2.0000000178690054,2.0000000075706126,1.6763943745846837,1.0000000042707586,0.0,0.0,0.0,4.1223205708761625,0.0,0.52839345361605,0.0,0.4315368752814889,0.0,1.9999996567475176,1.9999995768614545,2.0000000154413984,1.193037565387798,1.0000000082046028,20.648723083290754,2.955530792954564,21.928880411145297,23.903719781251827,2.2624623940557895,14.715466617470314,3.4082281236712846,19.39983685447275,19.399836780677763,1.9999996230900248,1.999999986727416,1.999999976451745,1.6763943745846837,1.0000000042707586,0.0,0.0,0.0,0.0,2.262462393561523,0.0,0.5283934351254532,0.0,0.431536869560009,1.9999996320412883,1.9999995521417084,1.999999985411355,1.193037521657643,1.0000000082046028],"D":[0.9184487177939399,0.9580155395185721,0.9580155395185721,4.166432003826952e-13,0.9558473067953941,0.7477745267895717,0.9584306113615652,0.9580155395190939,0.9580155395185721,0.4999999980171584,0.4999999980216967,0.4999999980187638,0.6263628062969262,0.4999999980294139,0.0,0.0,0.0,1.361675710624097e-12,0.0,0.2106560845168109,0.0,0.0,0.0,0.5000000019557607,0.5000000019512224,0.5000000019541553,0.37363719368501397,0.500000001963256,0.9184487177939399,0.9580155395185721,0.9580155395185721,1.7783189110067922e-12,0.4779236560260057,0.9584306113063825,0.7477745585191719,0.9580155395190939,0.9580155395185721,0.49999999774836446,0.4999999977520955,0.499999997746556,0.6263628062969262,0.4999999980294139,0.0,0.0,0.0,0.0,0.4779236507693884,0.0,0.21065605284239328,0.0,0.0,0.5000000022245547,0.5000000022208235,0.5000000022263631,0.37363719368501397,0.500000001963256],"Q":[0.9184487177939399,0.9580155395185721,0.9580155395185721,4.166432003826952e-13,0.4779236560260057,0.7477745267895717,0.7477745585191719,0.9580155395190939,0.9580155395185721,0.24999999788953164,0.24999999789366636,0.24999999788943011,0.6263628062969262,0.4999999980294139,0.0,0.0,0.0,0.0,0.0,0.0,0.0,0.0,0.0,0.2500000020969279,0.2500000020927932,0.25000000209702944,0.37363719368501397,0.500000001963256,0.0,0.0,0.0,0.0,0.4779236507693884,0.0,0.21065605284239328,0.0,0.0,0.25000000012762674,0.25000000012803036,0.2500000001293337,0.0,0.0,0.0,0.0,0.0,1.361675710624097e-12,0.0,0.2106560845168109,0.0,0.0,0.0,0.2499999998588328,0.24999999985842916,0.24999999985712587,0.0,0.0,0.0,0.0,0.0,0.0,0.0,0.0,0.0,0.0,0.0,0.0,0.0,0.0,0.0,0.0,0.0,0.0,0.0,0.0,0.0,0.0,0.0,0.0,0.0,0.0,0.0,0.0,0.0,0.0,0.0,0.0,0.0,0.0,0.0,0.0,0.0,0.0,0.0,0.0,0.0,0.0,0.0,0.0,0.0,0.0,0.0,0.0,0.0,0.0,0.0,0.0,0.0,0.0,0.0,0.0,0.0,0.0,0.08155128220606009,0.041984460481427906,0.041984460481427906,0.9999999999982218,0.04415269320460601,0.04156938869361741,0.041569388638434915,0.04198446048090619,0.041984460481427906,2.708082920825777e-11,2.708082920645555e-11,2.7080829205217308e-11,1.8059791409024317e-11,7.329983477198966e-12],"PI":[1.126222370650541,2.2818336251696607,1.1409168125848304,2.271724917225447e-13,2.1648674968843964,2.5485057190853822e-8,2.3056163195291015,1.1409168125848304,1.1409168125848304,0.10000000041876672,0.10000000041793564,0.10000000041580095,0.08381965405171381,0.050000000211554076,0.0,0.0,0.0,5.811912082291879e-13,0.0,0.026687491992668476,0.0,0.0,0.0,0.10000000081262696,0.10000000081088824,0.10000000080934009,0.059651881332364376,0.050000000408246176,1.126222288973732,0.0,1.1409168125848304,8.89159455180037e-12,0.0915428659448076,2.3056162909259292,0.0,1.1409168125848304,1.1409168125848304,0.09999999912969934,0.09999999912802993,0.09999999912703118,0.08381965405171381,0.050000000211554076,0.0,0.0,0.0,0.0,0.09154286546360182,0.0,0.026687484861801735,0.0,0.0,0.09999999957731837,0.0999999995749027,0.09999999957501186,0.059651879145855936,0.050000000408246176],"CS":[0.2506523227095001,0.31704557176988457,0.31704557176988457,1.780797731498751e-13,0.31201013525558396,0.3180391231295592,0.318039123262307,0.31704557177112735,0.31704557176988457,2.433219504766429,2.433219504773084,2.4332195047776564,2.4737333117894322,2.5639047854166366],"pr_entry":[0.0,0.0,0.0,0.0,0.0,0.0,0.0,0.0,0.0,0.0,0.0,0.0,0.0,0.0,0.10305801460468347,0.013209836166866638,0.010788421749999002,0.0,0.049999990945654035,0.0,0.049999988843434644,0.0,0.02982593905409036,0.0,0.0,0.0,0.0,0.0,0.0,0.0,0.0,0.0,0.0,0.0,0.0,0.0,0.0,0.0,0.0,0.0,0.0,0.0,0.05656155998637937,0.013209835704601727,0.010788421606962011,0.04999999032799823,0.0,0.04999998822544094,0.0,0.0298259379608365,0.0,0.0,0.0,0.0,0.0,0.0],"pr_exit":[0.0,0.0,0.0,0.0,0.0,0.25,0.0,0.25,0.0,0.0,0.0,0.0,0.0,0.0,0.0,0.0,0.0,0.0,0.0,0.11790163833133363,0.0,0.14211578250001,0.0,0.0,0.0,0.0,0.0,0.0,0.0,0.0,0.0,0.0,0.0,0.0,0.25,0.0,0.25,0.0,0.0,0.0,0.0,0.0,0.0,0.0,0.0,0.0,0.0,0.0,0.11790164295398273,0.0,0.14211578393037988,0.0,0.0,0.0,0.0,0.0],"pr_merger":[0.25,0.0,0.0,0.25,0.25,0.0,0.0,0.0,0.0,1.9279939217353714e-7,0.0,0.0,0.0,0.0,0.0,0.0,0.0,0.0,0.0,0.0,0.0,0.0,0.0,1.885925460243243e-7,2.2943450789236763e-7,0.0,0.0,0.0,0.0,0.0,0.0,0.0,0.25,0.0,0.0,0.0,0.0,1.905615896191648e-7,0.0,0.0,0.0,0.0,0.0,0.0,0.0,0.25,0.0,0.0,0.0,0.0,0.0,1.9083034857869663e-7,0.0,0.0,0.0,0.0],