{"modelname":"privacy","policy":"nolearning","smax":[5,1],"alpha":0.4,"beta":0.95,"c":1.0,"gamma":0.0,"sigma":7.0,"p0":1.0,"accuracy":1.0e-8,"cost_entry":[0.0,10.0],"value_exit":[0.0,1.0],"cost_merger":[0.0,1.0],"cost_bundling":[0.0,1.0],"entry":true,"exit":true,"mergers":true,"bundling":true,"filename":"a40g0s70","verbose":true,"firms":[1,2,3,4],"rival":[2,1,4,3],"partner":[3,4,1,2],"merger_pairs":[1,2,1,2,3,4,4,3],"outcomes":[1,0,1,0,1,0,0,0,0,0,1,0,1,0,1,0,0,0,1,0,0,1,0,0,1,0,0,0,1,1,0,0,0,0,1,0,0,0,0,0,1,1,1,1,2],"ownership":[0,3,0,3,0,0,4,4,0,1,0,1,0,0,2,2],"S":[1,1,1,1,1,1,1,1,1,1,1,1,1,1,0,0,0,1,0,1,0,1,0,1,1,1,1,1,1,1,1,1,1,1,1,1,1,1,1,1,1,1,0,0,0,0,1,0,1,0,1,1,1,1,1,1,0,1,1,0,0,1,1,1,1,0,1,3,1,3,0,0,1,0,0,0,0,1,1,0,0,0,1,1],"ms":14,"mc":[0.3054099313990243,0.3054099313990243,0.3054099313990243,0.3054099313990243,0.3054099313990243,0.3054099313990243,0.3054099313990243,0.3054099313990243,0.3054099313990243,0.3054099313990243,0.3054099313990243,0.3054099313990243,0.3054099313990243,0.3054099313990243,0.0,0.0,0.0,0.3054099313990243,0.0,0.3054099313990243,0.0,0.3054099313990243,0.0,0.3054099313990243,0.3054099313990243,0.3054099313990243,0.3054099313990243,0.3054099313990243,1.0,1.0,1.0,1.0,1.0,1.0,1.0,1.0,1.0,1.0,1.0,1.0,1.0,1.0,0.0,0.0,0.0,0.0,1.0,0.0,1.0,0.0,1.0,1.0,1.0,1.0,1.0,1.0],"db":[0.6945900686009757,0.6945900686009757,0.6945900686009757,0.6945900686009757,0.6945900686009757,0.6945900686009757,0.6945900686009757,0.6945900686009757,0.6945900686009757,0.6945900686009757,0.6945900686009757,0.6945900686009757,0.6945900686009757,0.6945900686009757,1.0,1.0,1.0,0.6945900686009757,1.0,0.6945900686009757,1.0,0.6945900686009757,1.0,0.6945900686009757,0.6945900686009757,0.6945900686009757,0.6945900686009757,0.6945900686009757,0.0,0.0,0.0,0.0,0.0,0.0,0.0,0.0,0.0,0.0,0.0,0.0,0.0,0.0,1.0,1.0,1.0,1.0,0.0,1.0,0.0,1.0,0.0,0.0,0.0,0.0,0.0,0.0],"P":[1.2040585124033747,2.306356210680618,1.153178105340309,0.2678996758505397,2.1483139903164785,3.127809921374749e-8,2.339793000125615,1.15317810533962,1.153178105340309,0.2857142627218594,0.28571424600234907,0.2857142376407721,0.19117092046818274,0.14285714050659284,0.5,0.5,0.5,0.2678996746055605,0.5,0.18020470437522457,0.5,0.34729503430048786,0.5,0.28571426170009007,0.2857142533398962,0.2857142366175945,0.2280741056115415,0.14285713999591731,1.2040584523868398,0.0,1.153178105340309,2.148313985356757,0.26789966906182255,2.3397929740219867,0.0,1.15317810533962,1.153178105340309,0.2857142593983423,0.2857142426762034,0.2857142343158723,0.19117092046818274,0.14285714050659284,0.5,0.5,0.5,0.5,0.2678996707736475,0.5,0.1802046960115257,0.5,0.0,0.28571425811794676,0.2857142497569101,0.2857142330358485,0.22807409966721132,0.14285713999591731],"V":[17.548858323959372,31.192383588670708,19.060721149808277,2.4409118534243723,23.813962953676885,8.123468171560585,24.399358479159865,15.282526733868794,15.282526690991244,2.857142114137056,2.8571421391289262,2.8571419703396406,2.3948468869856456,1.42857131347426,0.0,0.0,0.0,2.4409118555238805,0.0,0.9223533978113314,0.0,0.7624867796938215,0.0,2.857142124354652,2.8571419502852358,2.8571419805714116,1.704339110847072,1.428571318581014,17.54885806396959,6.469828899656715,19.060721149808277,23.813962981186883,2.4409118380457824,21.263018907963733,4.98712854352422,15.282526733868794,15.282526690991244,2.8571420783156567,2.8571419361299117,2.8571417640704286,2.3948468869856456,1.42857131347426,0.0,0.0,0.0,0.0,2.440911837697322,0.0,0.9223533777560498,0.0,0.7624867708031328,2.857142091119488,2.857141917023788,2.8571417768706606,1.7043390664266247,1.428571318581014],"D":[0.8813536481287227,0.9380593763811478,0.9380593763811478,0.46675133327566465,0.9335026707713419,0.7316937912505805,0.9389445379755026,0.9380593763817082,0.9380593763811478,0.4999999543216022,0.49999996895041254,0.49999995431915323,0.6263627791510181,0.49999998633281845,0.0,0.0,0.0,0.4667513373433346,0.0,0.2072507466781166,0.0,0.0,0.0,0.4999999578977946,0.49999994326899977,0.49999995790027457,0.3736371623094265,0.49999998990754707,0.8813536481287227,0.9380593763811478,0.9380593763811478,0.9335026706189993,0.4667513381821592,0.9389445379286971,0.731693817192559,0.9380593763817082,0.9380593763811478,0.4999999538690065,0.49999996850094186,0.49999995386967244,0.6263627791510181,0.49999998633281845,0.0,0.0,0.0,0.0,0.4667513325891826,0.0,0.20725072078294365,0.0,0.0,0.49999995835039035,0.4999999437184704,0.4999999583497553,0.3736371623094265,0.49999998990754707],"Q":[0.8813536481287227,0.9380593763811478,0.9380593763811478,0.46675133327566465,0.4667513381821592,0.7316937912505805,0.731693817192559,0.9380593763817082,0.9380593763811478,0.24999997604045515,0.2499999906708243,0.24999997603955587,0.6263627791510181,0.49999998633281845,0.0,0.0,0.0,0.0,0.0,0.0,0.0,0.0,0.0,0.24999998006924326,0.24999996543888217,0.249999980070158,0.3736371623094265,0.49999998990754707,0.0,0.0,0.0,0.0,0.4667513325891826,0.0,0.20725072078294365,0.0,0.0,0.24999997828114706,0.24999997827958823,0.24999997827959733,0.0,0.0,0.0,0.0,0.0,0.4667513373433346,0.0,0.2072507466781166,0.0,0.0,0.0,0.24999997782855132,0.2499999778301176,0.24999997783011657,0.0,0.0,0.0,0.0,0.0,0.0,0.0,0.0,0.0,0.0,0.0,0.0,0.0,0.0,0.0,0.0,0.0,0.0,0.0,0.0,0.0,0.0,0.0,0.0,0.0,0.0,0.0,0.0,0.0,0.0,0.0,0.0,0.0,0.0,0.0,0.0,0.0,0.0,0.0,0.0,0.0,0.0,0.0,0.0,0.0,0.0,0.0,0.0,0.0,0.0,0.0,0.0,0.0,0.0,0.0,0.0,0.0,0.0,0.11864635187127727,0.061940623618852275,0.061940623618852275,0.06649732938100081,0.06649732922865811,0.06105546207130291,0.06105546202449733,0.06194062361829183,0.061940623618852275,8.778060308252094e-8,8.778058767087617e-8,8.778057225849943e-8,5.8539555431507026e-8,2.375963460829833e-8],"PI":[1.0612013624671572,2.1634990687038473,1.0817495343519237,0.12504253088735778,2.0054568476158714,2.2885990996818704e-8,2.1969358574612605,1.0817495343519237,1.0817495343519237,0.14285711830995995,0.14285711412986507,0.14285710576871774,0.1197423490373092,0.07142856830084195,0.0,0.0,0.0,0.12504253139598956,0.0,0.037347559536674554,0.0,0.0,0.0,0.1428571188208445,0.14285711046109273,0.14285710628030632,0.08521696161695681,0.0714285685561797,1.0612013095713653,0.0,1.0817495343519237,2.0054568426586785,0.12504252903316326,2.1969358328418864,0.0,1.0817495343519237,1.0817495343519237,0.1428571165188885,0.14285711233837214,0.14285710397784493,0.1197423490373092,0.07142856830084195,0.0,0.0,0.0,0.0,0.12504252833380328,0.0,0.03734755313685995,0.0,0.0,0.14285711715908606,0.14285710879802005,0.14285710461785653,0.08521695939593416,0.0714285685561797],"CS":[0.3045154347927477,0.3973684337679777,0.3973684337679777,0.3872276416872784,0.3872276420145584,0.3994246590871584,0.3994246591966737,0.3973684337692702,0.3973684337679777,2.321203611760499,2.3212036368419366,2.32120366192457,2.3790804499971805,2.507896817286977],"pr_entry":[0.0,0.0,0.0,0.0,0.0,0.0,0.0,0.0,0.0,0.0,0.0,0.0,0.0,0.0,0.06102279728513608,0.02305883467553601,0.019062169244146613,0.0,0.07142855277720547,0.0,0.07142854841642483,0.0,0.04260847761131882,0.0,0.0,0.0,0.0,0.0,0.0,0.0,0.0,0.0,0.0,0.0,0.0,0.0,0.0,0.0,0.0,0.0,0.0,0.0,0.061022796839472114,0.023058834174153983,0.0190621690218794,0.07142855194632637,0.0,0.07142854758488863,0.0,0.04260847650080764,0.0,0.0,0.0,0.0,0.0,0.0],"pr_exit":[0.0,0.0,0.0,0.0,0.0,0.25,0.0,0.25,0.0,0.0,0.0,0.0,0.0,0.0,0.0,0.0,0.0,0.0,0.0,0.019411653244639865,0.0,0.05937830755853388,0.0,0.0,0.0,0.0,0.0,0.0,0.0,0.0,0.0,0.0,0.0,0.0,0.25,0.0,0.25,0.0,0.0,0.0,0.0,0.0,0.0,0.0,0.0,0.0,0.0,0.0,0.019411658258460168,0.0,0.05937830978120598,0.0,0.0,0.0,0.0,0.0],"pr_merger":[0.25,0.0,0.0,0.25,0.25,0.0,0.0,0.0,0.0,0.0,0.0,0.0,0.0,0.0,0.0,0.0,0.0,0.0,0.0,0.0,0.0,0.0,0.0,0.0,0.0,0.0,0.0,0.0,0.0,0.0,0.0,0.0,0.25,0.0,0.0,0.0,0.0,0.0,0.0,0.0,0.0,0.0,0.0,0.0,0.0,0.25,0.0,0.0,0.0,0.0,0.0,0.0,0.0,0.0,0.0,0.0],