{"modelname":"privacy","policy":"nolearning","smax":[5,1],"alpha":0.4,"beta":0.95,"c":1.0,"gamma":0.0,"sigma":3.0,"p0":1.0,"accuracy":1.0e-8,"cost_entry":[0.0,10.0],"value_exit":[0.0,1.0],"cost_merger":[0.0,1.0],"cost_bundling":[0.0,1.0],"entry":true,"exit":true,"mergers":true,"bundling":true,"filename":"a40g0s30","verbose":true,"firms":[1,2,3,4],"rival":[2,1,4,3],"partner":[3,4,1,2],"merger_pairs":[1,2,1,2,3,4,4,3],"outcomes":[1,0,1,0,1,0,0,0,0,0,1,0,1,0,1,0,0,0,1,0,0,1,0,0,1,0,0,0,1,1,0,0,0,0,1,0,0,0,0,0,1,1,1,1,2],"ownership":[0,3,0,3,0,0,4,4,0,1,0,1,0,0,2,2],"S":[1,1,1,1,1,1,1,1,1,1,1,1,1,1,0,0,0,1,0,1,0,1,0,1,1,1,1,1,1,1,1,1,1,1,1,1,1,1,1,1,1,1,0,0,0,0,1,0,1,0,1,1,1,1,1,1,0,1,1,0,0,1,1,1,1,0,1,3,1,3,0,0,1,0,0,0,0,1,1,0,0,0,1,1],"ms":14,"mc":[0.3054099313990243,0.3054099313990243,0.3054099313990243,0.3054099313990243,0.3054099313990243,0.3054099313990243,0.3054099313990243,0.3054099313990243,0.3054099313990243,0.3054099313990243,0.3054099313990243,0.3054099313990243,0.3054099313990243,0.3054099313990243,0.0,0.0,0.0,0.3054099313990243,0.0,0.3054099313990243,0.0,0.3054099313990243,0.0,0.3054099313990243,0.3054099313990243,0.3054099313990243,0.3054099313990243,0.3054099313990243,1.0,1.0,1.0,1.0,1.0,1.0,1.0,1.0,1.0,1.0,1.0,1.0,1.0,1.0,0.0,0.0,0.0,0.0,1.0,0.0,1.0,0.0,1.0,1.0,1.0,1.0,1.0,1.0],"db":[0.6945900686009757,0.6945900686009757,0.6945900686009757,0.6945900686009757,0.6945900686009757,0.6945900686009757,0.6945900686009757,0.6945900686009757,0.6945900686009757,0.6945900686009757,0.6945900686009757,0.6945900686009757,0.6945900686009757,0.6945900686009757,1.0,1.0,1.0,0.6945900686009757,1.0,0.6945900686009757,1.0,0.6945900686009757,1.0,0.6945900686009757,0.6945900686009757,0.6945900686009757,0.6945900686009757,0.6945900686009757,0.0,0.0,0.0,0.0,0.0,0.0,0.0,0.0,0.0,0.0,0.0,0.0,0.0,0.0,1.0,1.0,1.0,1.0,0.0,1.0,0.0,1.0,0.0,0.0,0.0,0.0,0.0,0.0],"P":[1.1899810759478766,2.132594021705569,1.0662970108527845,0.565095375467707,1.8545113298063982,3.319605562041244e-8,2.204532992175965,1.0662970108510883,1.0662970108527845,0.6639278044987375,0.6621428150562577,0.6612958019558707,0.44451097148715657,0.33295512360663804,0.5,0.5,0.5,0.5650953726714022,0.5,0.41206380552458755,0.5,0.34729503430048786,0.5,0.6639278024431805,0.6630522583843698,0.6612958048283603,0.5309272039292083,0.33295512532882915,1.1899810619741773,0.0,1.0662970108527845,1.8545113171152383,0.5650953652432682,2.2045329627535097,0.0,1.0662970108510883,1.0662970108527845,0.66392779782453,0.6621428095627016,0.6612957916713202,0.44451097148715657,0.33295512360663804,0.5,0.5,0.5,0.5,0.5650953609801208,0.5,0.4120637861557671,0.5,0.0,0.6639278021249746,0.6630522608078877,0.6612957952505988,0.5309271894607273,0.33295512532882915],"V":[11.035607332745608,15.950298550167593,12.231266927415685,5.083115387028579,13.021635506473846,5.1678849410549415,14.224286412471372,9.87913315615387,9.87913307930565,6.61188141484959,6.603317702584035,6.586096419244732,5.556879762777386,3.3257657888846976,0.0,0.0,0.0,5.083115392559904,0.0,3.645993410740366,0.0,2.578328244587988,0.0,6.611881435152063,6.594370602844944,6.586096391097464,3.95187267264861,3.325765771721404,11.035607324660434,7.8885348162841105,12.231266927415685,13.021635553469107,5.083115388755758,14.224285713985783,5.167884139535627,9.87913315615387,9.87913307930565,6.611881411420463,6.603317044633299,6.586095172825641,5.556879762777386,3.3257657888846976,0.0,0.0,0.0,0.0,5.083115382901142,0.0,3.645993467035545,0.0,2.5783281987462567,6.611881368945517,6.59437054852897,6.5860951377526264,3.9518725649547792,3.325765771721404],"D":[0.719883497325753,0.8436958324496864,0.8436958324496864,0.41012906294777923,0.8202581285694504,0.6577326345405221,0.8487963961228749,0.8436958324510284,0.8436958324496864,0.4979373793886138,0.4986330056762745,0.49796956890790844,0.6250561237934708,0.49943204871951924,0.0,0.0,0.0,0.4101290663883169,0.0,0.19106376132781588,0.0,0.0,0.0,0.4979373824592297,0.4972744244673811,0.49796956461667125,0.37216752634116645,0.49943204355881465,0.719883497325753,0.8436958324496864,0.8436958324496864,0.8202581293360962,0.4101290616620642,0.848796395868338,0.6577326408793523,0.8436958324510284,0.8436958324496864,0.4979373841359499,0.4986330115897682,0.4979695694358476,0.6250561237934708,0.49943204871951924,0.0,0.0,0.0,0.0,0.4101290669073862,0.0,0.1910637552435226,0.0,0.0,0.4979373777118935,0.49727441855388743,0.4979695640887321,0.37216752634116645,0.49943204355881465],"Q":[0.719883497325753,0.8436958324496864,0.8436958324496864,0.41012906294777923,0.4101290616620642,0.6577326345405221,0.6577326408793523,0.8436958324510284,0.8436958324496864,0.24896869130032098,0.24965661443308457,0.24898478579073308,0.6250561237934708,0.49943204871951924,0.0,0.0,0.0,0.0,0.0,0.0,0.0,0.0,0.0,0.24896868962360072,0.2482980273106975,0.24898478097155677,0.37216752634116645,0.49943204355881465,0.0,0.0,0.0,0.0,0.4101290669073862,0.0,0.1910637552435226,0.0,0.0,0.2489686880882928,0.24897639124318993,0.24898478311717534,0.0,0.0,0.0,0.0,0.0,0.4101290663883169,0.0,0.19106376132781588,0.0,0.0,0.0,0.24896869283562895,0.24897639715668363,0.24898478364511448,0.0,0.0,0.0,0.0,0.0,0.0,0.0,0.0,0.0,0.0,0.0,0.0,0.0,0.0,0.0,0.0,0.0,0.0,0.0,0.0,0.0,0.0,0.0,0.0,0.0,0.0,0.0,0.0,0.0,0.0,0.0,0.0,0.0,0.0,0.0,0.0,0.0,0.0,0.0,0.0,0.0,0.0,0.0,0.0,0.0,0.0,0.0,0.0,0.0,0.0,0.0,0.0,0.0,0.0,0.0,0.0,0.0,0.0,0.2801165026742469,0.15630416755031365,0.15630416755031365,0.1797418706639038,0.1797418714305495,0.1512036041316621,0.15120360387712511,0.15630416754897147,0.15630416755031365,0.004125238152156433,0.004092569856344372,0.004060866475420327,0.0027763498653627515,0.0011359077216661437],"PI":[0.8566477387048199,1.7992606884201046,0.8996303442100523,0.23176203681669416,1.5211779927978388,2.183412911956758e-8,1.8711996588929372,0.8996303442100522,0.8996303442100523,0.33059447107533724,0.33016626205845134,0.3293051854205745,0.2778443048214321,0.166288459514524,0.0,0.0,0.0,0.2317620376140802,0.0,0.07873046059058134,0.0,0.0,0.0,0.3305944720904659,0.32971893017988474,0.32930518401320974,0.1975938641535655,0.16628845865635838,0.8566477286453843,0.0,0.8996303442100523,1.5211779838095654,0.23176203189680303,1.871199633358128,0.0,0.8996303442100522,0.8996303442100523,0.33059447090388827,0.3301662632347602,0.32930518064830533,0.2778443048214321,0.166288459514524,0.0,0.0,0.0,0.0,0.23176203311246954,0.0,0.07873045438278473,0.0,0.0,0.33059446878013077,0.3297189274640829,0.3293051788946521,0.19759385876886668,0.16628845865635838],"CS":[0.42418322712370693,0.618650459373528,0.618650459373528,0.5720778363985366,0.5720778349767837,0.629709326223727,0.6297093267848621,0.6186504593763902,0.618650459373528,1.8302105090019742,1.8328607265024854,1.8354529701825255,1.9622060706959252,2.260107730970093],"pr_entry":[0.0,0.0,0.0,0.0,0.0,0.0,0.0,0.0,0.0,0.0,0.0,0.0,0.0,0.0,0.12707787089461248,0.09114981905885561,0.06445819793988121,0.0,0.16529702534372628,0.0,0.16485925454381736,0.0,0.0987968107498696,0.0,0.0,0.0,0.0,0.0,0.0,0.0,0.0,0.0,0.0,0.0,0.0,0.0,0.0,0.0,0.0,0.0,0.0,0.0,0.12707787065314283,0.09114982046623392,0.06445819679383821,0.16529702368856283,0.0,0.16485925318591813,0.0,0.09879680805752403,0.0,0.0,0.0,0.0,0.0,0.0],"pr_exit":[0.0,0.0,0.0,0.0,0.0,0.25,0.0,0.25,0.0,0.0,0.0,0.0,0.0,0.0,0.0,0.0,0.0,0.0,0.0,0.0,0.0,0.0,0.0,0.0,0.0,0.0,0.0,0.0,0.0,0.0,0.0,0.0,0.0,0.0,0.25,0.0,0.25,0.0,0.0,0.0,0.0,0.0,0.0,0.0,0.0,0.0,0.0,0.0,0.0,0.0,0.0,0.0,0.0,0.0,0.0,0.0],"pr_merger":[0.25,0.0,0.0,0.25,0.25,0.0,0.0,0.0,0.0,0.0,0.0,0.0,0.0,0.0,0.0,0.0,0.0,0.0,0.0,0.0,0.0,0.0,0.0,0.0,0.0,0.0,0.0,0.0,0.0,0.0,0.0,0.0,0.25,0.0,0.0,0.0,0.0,0.0,0.0,0.0,0.0,0.0,0.0,0.0,0.0,0.25,0.0,0.0,0.0,0.0,0.0,0.0,0.0,0.0,0.0,0.0],"pr_bundling":[0.0,0.20696707944043746,0.0,0.0,0.0,0.13294723742218206,0.13294722058750308,0.0,0.0,0.0,0.0,0.0,0.0,0.0,0.0,0.0,0.0,0.0,0.0,0.0,0.0,0.0,0.0,0.0,0.0,0.0,0.0,0.0,0.0,0.20696707944043746,0.0,0.0,0.0,0.13294723742218206,0.13294722058750308,0.0,0.0,0.0,0.0,0.0,0.0,0.0,0.0,0.0,0.0,0.0,0.0,0.0,0.0,0.0,0.0,0.0,0.0,0.0,0.0,0.0],