{"modelname":"privacy","policy":"nolearning","smax":[5,1],"alpha":0.5,"beta":0.95,"c":1.0,"gamma":0.0,"sigma":10.0,"p0":1.0,"accuracy":1.0e-8,"cost_entry":[0.0,10.0],"value_exit":[0.0,1.0],"cost_merger":[0.0,1.0],"cost_bundling":[0.0,1.0],"entry":true,"exit":true,"mergers":true,"bundling":true,"filename":"a50g0s100","verbose":true,"firms":[1,2,3,4],"rival":[2,1,4,3],"partner":[3,4,1,2],"merger_pairs":[1,2,1,2,3,4,4,3],"outcomes":[1,0,1,0,1,0,0,0,0,0,1,0,1,0,1,0,0,0,1,0,0,1,0,0,1,0,0,0,1,1,0,0,0,0,1,0,0,0,0,0,1,1,1,1,2],"ownership":[0,3,0,3,0,0,4,4,0,1,0,1,0,0,2,2],"S":[1,1,1,1,1,1,1,1,1,1,1,1,1,1,0,0,0,1,0,1,0,1,0,1,1,1,1,1,1,1,1,1,1,1,1,1,1,1,1,1,1,1,0,0,0,0,1,0,1,0,1,1,1,1,1,1,0,1,1,0,0,1,1,1,1,0,1,3,1,3,0,0,1,0,0,0,0,1,1,0,0,0,1,1],"ms":14,"mc":[0.2,0.2,0.2,0.2,0.2,0.2,0.2,0.2,0.2,0.2,0.2,0.2,0.2,0.2,0.0,0.0,0.0,0.2,0.0,0.2,0.0,0.2,0.0,0.2,0.2,0.2,0.2,0.2,1.0,1.0,1.0,1.0,1.0,1.0,1.0,1.0,1.0,1.0,1.0,1.0,1.0,1.0,0.0,0.0,0.0,0.0,1.0,0.0,1.0,0.0,1.0,1.0,1.0,1.0,1.0,1.0],"db":[0.8,0.8,0.8,0.8,0.8,0.8,0.8,0.8,0.8,0.8,0.8,0.8,0.8,0.8,1.0,1.0,1.0,0.8,1.0,0.8,1.0,0.8,1.0,0.8,0.8,0.8,0.8,0.8,0.0,0.0,0.0,0.0,0.0,0.0,0.0,0.0,0.0,0.0,0.0,0.0,0.0,0.0,1.0,1.0,1.0,1.0,0.0,1.0,0.0,1.0,0.0,0.0,0.0,0.0,0.0,0.0],"P":[1.276733621222933,2.48290927747413,1.241454638737065,0.6327178296961244,2.365393650860359,3.603129133084802e-8,2.5067241152258837,1.241454638738203,1.241454638737065,0.20000000248254574,0.2000000024816141,0.20000000248071692,0.13381965395832718,0.10000000124142228,0.5,0.5,0.5,0.49527633737555543,0.5,0.12673429655958396,0.5,0.4,0.5,0.20000000127190642,0.20000000127016643,0.20000000126690085,0.1596518828690359,0.1000000006358915,1.276733621222921,0.0,1.241454638737065,5.000000001115144,0.19188770293143365,2.5067240839242007,0.0,1.241454638738203,1.241454638737065,0.19999999916399228,0.19999999916230113,0.1999999991609515,0.13381965395832718,0.10000000124142228,0.5,0.5,0.5,1.0,0.19188770401541572,0.5,0.1267342814223626,0.5,0.0,0.19999999826842774,0.19999999826678505,0.19999999826598494,0.15965187897818242,0.1000000006358915],"V":[19.684804587346825,42.41611454280863,22.897113560116978,4.283775742637461,33.35097576504194,24.07850483680381,35.88271151309525,20.247161216346473,20.247161164935925,1.9999996523453836,2.0000000220203225,2.0000000116908248,1.6763943921278492,1.000000006406962,0.0,0.0,0.0,4.283775743463312,0.0,0.5284787348536345,0.0,0.431536871515754,0.0,1.999999664450263,1.9999995845428968,2.0000000238289877,1.1930375488483242,1.0000000124622694,21.572008954048776,3.087153675940721,22.897113560116978,24.973483203452993,2.326618550703385,15.36109233089254,3.556885570829742,20.247161216346473,20.247161164935925,1.999999622310288,1.9999999854981092,1.999999975193263,1.6763943921278492,1.000000006406962,0.0,0.0,0.0,0.0,2.3266185502190617,0.0,0.5284787172488381,0.0,0.4315368677116519,1.9999996312648143,1.999999551349786,1.9999999841429301,1.1930375197729794,1.0000000124622694],"D":[0.9216751260108472,0.9597246663941845,0.9597246663941845,4.984972569582753e-13,0.957723738851552,0.7491597289103386,0.960107297388585,0.9597246663933048,0.9597246663941845,0.4999999969686829,0.4999999969666619,0.49999999696074093,0.6263628132184063,0.499999996971069,0.0,0.0,0.0,1.970441700400474e-12,0.0,0.2109475684250383,0.0,0.0,0.0,0.5000000030218792,0.5000000030239002,0.5000000030298213,0.37363718677529983,0.5000000030263765,0.9216751260108472,0.9597246663941845,0.9597246663941845,2.4689389573587494e-12,0.4788618720211642,0.9601072973353768,0.7491597633434413,0.9597246663933048,0.9597246663941845,0.4999999977563696,0.49999999775649084,0.49999999775786463,0.6263628132184063,0.499999996971069,0.0,0.0,0.0,0.0,0.4788618668303879,0.0,0.21094753404514377,0.0,0.0,0.5000000022341925,0.5000000022340714,0.5000000022326976,0.37363718677529983,0.5000000030263765],"Q":[0.9216751260108472,0.9597246663941845,0.9597246663941845,4.984972569582753e-13,0.4788618720211642,0.7491597289103386,0.7491597633434413,0.9597246663933048,0.9597246663941845,0.24999999736488576,0.24999999736393588,0.24999999736166226,0.6263628132184063,0.499999996971069,0.0,0.0,0.0,0.0,0.0,0.0,0.0,0.0,0.0,0.25000000263039535,0.2500000026313453,0.2500000026336189,0.37363718677529983,0.5000000030263765,0.0,0.0,0.0,0.0,0.4788618668303879,0.0,0.21094753404514377,0.0,0.0,0.24999999960379715,0.24999999960272604,0.2499999995990787,0.0,0.0,0.0,0.0,0.0,1.970441700400474e-12,0.0,0.2109475684250383,0.0,0.0,0.0,0.25000000039148385,0.250000000392555,0.2500000003962024,0.0,0.0,0.0,0.0,0.0,0.0,0.0,0.0,0.0,0.0,0.0,0.0,0.0,0.0,0.0,0.0,0.0,0.0,0.0,0.0,0.0,0.0,0.0,0.0,0.0,0.0,0.0,0.0,0.0,0.0,0.0,0.0,0.0,0.0,0.0,0.0,0.0,0.0,0.0,0.0,0.0,0.0,0.0,0.0,0.0,0.0,0.0,0.0,0.0,0.0,0.0,0.0,0.0,0.0,0.0,0.0,0.0,0.0,0.07832487398915278,0.04027533360581553,0.04027533360581553,0.9999999999975311,0.042276261148447986,0.039892702664623296,0.03989270261141495,0.040275333606695225,0.04027533360581553,9.437836416616193e-12,9.437836416332798e-12,9.437836416034922e-12,6.2939489842785625e-12,2.554544561981953e-12],"PI":[1.176733621222932,2.382909278010885,1.1914546390054426,3.154081025321112e-13,2.265393651157706,2.6993192445707536e-8,2.406724115568315,1.1914546390054426,1.1914546390054426,0.10000000063500944,0.10000000063413943,0.10000000063250664,0.08381965491725145,0.05000000031781803,0.0,0.0,0.0,9.759131483864083e-13,0.0,0.026734291695301934,0.0,0.0,0.0,0.10000000124032905,0.10000000123986326,0.10000000123941469,0.05965188037856626,0.0500000006205834,1.176733621222921,0.0,1.1914546390054426,1.234469478954697e-11,0.09188770464358735,2.4067240853819625,0.0,1.1914546390054426,1.1914546390054426,0.09999999913327007,0.09999999913244874,0.09999999913204868,0.08381965491725145,0.05000000031781803,0.0,0.0,0.0,0.0,0.09188770416661889,0.0,0.026734284145030665,0.0,0.0,0.09999999958105237,0.09999999958020679,0.09999999957953198,0.05965187892479871,0.0500000006205834],"CS":[0.254689005096544,0.3212016066755006,0.3212016066755006,2.469136006766348e-13,0.3163529552627131,0.32215618624237896,0.3221561863757578,0.3212016066733163,0.3212016066755006,2.5386294355194967,2.5386294355224996,2.538629435525656,2.5791432422772225,2.669314716178936],"pr_entry":[0.0,0.0,0.0,0.0,0.0,0.0,0.0,0.0,0.0,0.0,0.0,0.0,0.0,0.0,0.10709439391551592,0.013211968202916166,0.010788421661322387,0.0,0.04999999113710255,0.0,0.049999989034289045,0.0,0.029825938643941,0.0,0.0,0.0,0.0,0.0,0.0,0.0,0.0,0.0,0.0,0.0,0.0,0.0,0.0,0.0,0.0,0.0,0.0,0.0,0.058165463889466994,0.013211967762796265,0.010788421566219841,0.04999999030746644,0.0,0.04999998820446128,0.0,0.029825937917057392,0.0,0.0,0.0,0.0,0.0,0.0],"pr_exit":[0.0,0.0,0.0,0.0,0.0,0.25,0.0,0.25,0.0,0.0,0.0,0.0,0.0,0.0,0.0,0.0,0.0,0.0,0.0,0.11788031797083834,0.0,0.1421157833867761,0.0,0.0,0.0,0.0,0.0,0.0,0.0,0.0,0.0,0.0,0.0,0.0,0.25,0.0,0.25,0.0,0.0,0.0,0.0,0.0,0.0,0.0,0.0,0.0,0.0,0.0,0.11788032237203735,0.0,0.1421157843378016,0.0,0.0,0.0,0.0,0.0],"pr_merger":[0.25,0.0,0.0,0.25,0.25,0.0,0.0,0.0,0.0,1.9285908986477196e-7,0.0,0.0,0.0,0.0,0.0,0.0,0.0,0.0,0.0,0.0,0.0,0.0,0.0,1.8759427000691886e-7,2.2949485756207366e-7,0.0,0.0,0.0,0.0,0.0,0.0,0.0,0.25,0.0,0.0,0.0,0.0,1.9062047168505458e-7,0.0,0.0,0.0,0.0,0.0,0.0,0.0,0.25,0.0,0.0,0.0,0.0,0.0,1.8983288818663624e-7,0.0,0.0,0.0,0.0],"pr_bundling":[0.0,0.08354848057622988,0.0,0.0,0.0,0.25,0.25,0.0,0.0,0.0,0.0,0.0,0.0,0.0,0.0,0.0,0.0,0.0,0.0,0.0,0.0,0.0,0.0,0.0,0.0,0.0,0.0,0.0,0.0,0.08354848057622988,0.0,0.0,0.0,0.25,0.25,0.0,0.0,0.0,0.0,0.0,0.0,0.0,0.0,0.0,0.0,0.0,0.0,0.0,0.0,0.0,0.0,0.0,0.0,0.0,0.0,0.0],"active_firms":[true,true,true,true,true,true,true,true,true,true,true,true,true,true,false,false,false,true,false,true,false,true,false,true,true,true,true,true,true,true,true,true,true,true,true,true,true,true,true,true,true,true,false,false,false,false,true,false,true,false,true,true,true,true,true,true,true,true,true,true,true,true,true,true,true,true,true,true,true,true],