{"modelname":"privacy","policy":"nolearning","smax":[5,1],"alpha":0.5,"beta":0.95,"c":1.0,"gamma":0.0,"sigma":2.0,"p0":1.0,"accuracy":1.0e-8,"cost_entry":[0.0,10.0],"value_exit":[0.0,1.0],"cost_merger":[0.0,1.0],"cost_bundling":[0.0,1.0],"entry":true,"exit":true,"mergers":true,"bundling":true,"filename":"a50g0s20","verbose":true,"firms":[1,2,3,4],"rival":[2,1,4,3],"partner":[3,4,1,2],"merger_pairs":[1,2,1,2,3,4,4,3],"outcomes":[1,0,1,0,1,0,0,0,0,0,1,0,1,0,1,0,0,0,1,0,0,1,0,0,1,0,0,0,1,1,0,0,0,0,1,0,0,0,0,0,1,1,1,1,2],"ownership":[0,3,0,3,0,0,4,4,0,1,0,1,0,0,2,2],"S":[1,1,1,1,1,1,1,1,1,1,1,1,1,1,0,0,0,1,0,1,0,1,0,1,1,1,1,1,1,1,1,1,1,1,1,1,1,1,1,1,1,1,0,0,0,0,1,0,1,0,1,1,1,1,1,1,0,1,1,0,0,1,1,1,1,0,1,3,1,3,0,0,1,0,0,0,0,1,1,0,0,0,1,1],"ms":14,"mc":[0.2,0.2,0.2,0.2,0.2,0.2,0.2,0.2,0.2,0.2,0.2,0.2,0.2,0.2,0.0,0.0,0.0,0.2,0.0,0.2,0.0,0.2,0.0,0.2,0.2,0.2,0.2,0.2,1.0,1.0,1.0,1.0,1.0,1.0,1.0,1.0,1.0,1.0,1.0,1.0,1.0,1.0,0.0,0.0,0.0,0.0,1.0,0.0,1.0,0.0,1.0,1.0,1.0,1.0,1.0,1.0],"db":[0.8,0.8,0.8,0.8,0.8,0.8,0.8,0.8,0.8,0.8,0.8,0.8,0.8,0.8,1.0,1.0,1.0,0.8,1.0,0.8,1.0,0.8,1.0,0.8,0.8,0.8,0.8,0.8,0.0,0.0,0.0,0.0,0.0,0.0,0.0,0.0,0.0,0.0,0.0,0.0,0.0,0.0,1.0,1.0,1.0,1.0,0.0,1.0,0.0,1.0,0.0,0.0,0.0,0.0,0.0,0.0],"P":[1.286692629316357,2.1908196916438083,1.0954098458219041,0.7880198762860497,1.8587116656502158,2.8246788256391877e-8,2.2915336511366515,1.0954098458198247,1.0954098458219041,0.960345260989589,0.9382411472192765,0.9312355323598434,0.6446450815780695,0.4935165577992846,0.5,0.5,0.5,0.7880198845479518,0.5,0.6086893537477109,0.5,0.4,0.5,0.9603452673144572,0.9511849810681383,0.9312355377351071,0.7787884050396725,0.49351655511171166,1.2866926138018944,0.0,1.0954098458219041,1.8587116457959516,0.7880198588699462,2.2915336227716856,0.0,1.0954098458198247,1.0954098458219041,0.9603452433156308,0.938241127915469,0.931235518080019,0.6446450815780695,0.4935165577992846,0.5,0.5,0.5,0.5,0.7880198637025372,0.5,0.6086893169091554,0.5,0.0,0.9603452493672862,0.9511849615309256,0.9312355223163415,0.7787883863952227,0.49351655511171166],"V":[11.16778714805553,13.590028441346247,11.714559471190551,8.396186619786604,12.62797466327211,7.406377804911792,14.184468983459144,10.36385906870186,10.36385902575981,9.206889666617657,9.134320823666512,8.968518417768736,7.892888583453285,4.870323562861946,0.0,0.0,0.0,8.396186598567436,0.0,7.727885576508193,0.0,4.047516034322385,0.0,9.206889610789874,9.023684151470754,8.968518373120357,5.575758597562763,4.8703235886967295,11.167787033966823,9.536028385688956,11.714559471190551,12.627974528940472,8.396186471090646,14.18446857219299,7.40637736384058,10.36385906870186,10.36385902575981,9.206889494660901,9.1343203826671,8.968517377843177,7.892888583453285,4.870323562861946,0.0,0.0,0.0,0.0,8.3961864521186,0.0,7.727885430182846,0.0,4.047515963982285,9.206889441244698,9.023683968258917,8.968517342655172,5.575758464077305,4.8703235886967295],"D":[0.6114068048540454,0.7717749197506509,0.7717749197506509,0.3654982379793607,0.7309964696347591,0.6032426311383858,0.7818055171358015,0.7717749197521161,0.7717749197506509,0.4793539153872034,0.48677975955027675,0.48153945461632025,0.6121897038483569,0.4934313832980096,0.0,0.0,0.0,0.36549823193993947,0.0,0.17856288536823917,0.0,0.0,0.0,0.4793539093235027,0.47433988133944915,0.4815394494395171,0.3579770762507389,0.49343138860254104,0.6114068048540454,0.7717749197506509,0.7717749197506509,0.7309964699193001,0.36549823658368297,0.781805516506625,0.6032426292563213,0.7717749197521161,0.7717749197506509,0.47935391525623783,0.48677975943813045,0.481539454067875,0.6121897038483569,0.4934313832980096,0.0,0.0,0.0,0.0,0.36549823305107615,0.0,0.17856288787948013,0.0,0.0,0.4793539094544683,0.47433988145159545,0.4815394499879623,0.3579770762507389,0.49343138860254104],"Q":[0.6114068048540454,0.7717749197506509,0.7717749197506509,0.3654982379793607,0.36549823658368297,0.6032426311383858,0.6032426292563213,0.7717749197521161,0.7717749197506509,0.2396769591440441,0.24654010195222065,0.2407697283281383,0.6121897038483569,0.4934313832980096,0.0,0.0,0.0,0.0,0.0,0.0,0.0,0.0,0.0,0.239676953211309,0.2341002238535393,0.24076972369978036,0.3579770762507389,0.49343138860254104,0.0,0.0,0.0,0.0,0.36549823305107615,0.0,0.17856288787948013,0.0,0.0,0.2396769562431593,0.24023965759805613,0.24076972628818194,0.0,0.0,0.0,0.0,0.0,0.36549823193993947,0.0,0.17856288536823917,0.0,0.0,0.0,0.2396769561121937,0.24023965748590984,0.24076972573973673,0.0,0.0,0.0,0.0,0.0,0.0,0.0,0.0,0.0,0.0,0.0,0.0,0.0,0.0,0.0,0.0,0.0,0.0,0.0,0.0,0.0,0.0,0.0,0.0,0.0,0.0,0.0,0.0,0.0,0.0,0.0,0.0,0.0,0.0,0.0,0.0,0.0,0.0,0.0,0.0,0.0,0.0,0.0,0.0,0.0,0.0,0.0,0.0,0.0,0.0,0.0,0.0,0.0,0.0,0.0,0.0,0.0,0.0,0.38859319514595464,0.22822508024934895,0.22822508024934895,0.2690035300806999,0.2690035303652409,0.21819448349337497,0.2181944828641986,0.22822508024788388,0.22822508024934895,0.04129217528929392,0.03888035911027413,0.03692109594416269,0.029833219900904016,0.013137228099449363],"PI":[0.7866926293195645,1.690819691706546,0.845409845853273,0.288019876275265,1.3587116656592504,1.7039666868994694e-8,1.7915336511609812,0.8454098458532731,0.845409845853273,0.46034526097890516,0.45671680004357523,0.4484266503718976,0.3946450815785783,0.24351655779537312,0.0,0.0,0.0,0.2880198745357916,0.0,0.10868932729812009,0.0,0.0,0.0,0.46034525818750927,0.4511849710517269,0.44842664813947614,0.27878839625407814,0.24351655908711436,0.7866926198339165,0.0,0.845409845853273,1.358711651674733,0.28801986880988806,1.7915336275433151,0.0,0.8454098458532731,0.845409845853273,0.46034525238105195,0.45671679054165215,0.4484266429848671,0.3946450815785783,0.24351655779537312,0.0,0.0,0.0,0.0,0.2880198677924272,0.0,0.10868932224868687,0.0,0.0,0.4603452497102349,0.4511849618911196,0.4484266412254639,0.2787883895797926,0.24351655908711436],"CS":[0.47261112669828,0.7387114714536114,0.7387114714536114,0.656515388244912,0.6565153877160324,0.7611842438923166,0.7611842453340953,0.738711471456821,0.7387114714536114,1.5935411286363372,1.6236330315285952,1.6494860927466457,1.7560663722904999,2.16615261975735],"pr_entry":[0.0,0.0,0.0,0.0,0.0,0.0,0.0,0.0,0.0,0.0,0.0,0.0,0.0,0.0,0.20990464184532476,0.193197116436032,0.10118788522111896,0.0,0.23017221980532546,0.0,0.22559208369523756,0.0,0.13939395266601806,0.0,0.0,0.0,0.0,0.0,0.0,0.0,0.0,0.0,0.0,0.0,0.0,0.0,0.0,0.0,0.0,0.0,0.0,0.0,0.20990463818410432,0.19319711277789886,0.10118788346261694,0.2301722155666964,0.0,0.22559207911494203,0.0,0.1393939493288819,0.0,0.0,0.0,0.0,0.0,0.0],"pr_exit":[0.0,0.0,0.0,0.0,0.0,0.25,0.0,0.25,0.0,0.0,0.0,0.0,0.0,0.0,0.0,0.0,0.0,0.0,0.0,0.0,0.0,0.0,0.0,0.0,0.0,0.0,0.0,0.0,0.0,0.0,0.0,0.0,0.0,0.0,0.25,0.0,0.25,0.0,0.0,0.0,0.0,0.0,0.0,0.0,0.0,0.0,0.0,0.0,0.0,0.0,0.0,0.0,0.0,0.0,0.0,0.0],"pr_merger":[0.1869574346716516,0.0,0.0,0.10451488377417562,0.10451487973031082,0.0,0.0,0.0,0.0,0.0,0.0,0.0,0.0,0.0,0.0,0.0,0.0,0.0,0.0,0.0,0.0,0.0,0.0,0.0,0.0,0.0,0.0,0.0,0.0,0.0,0.0,0.0,0.10451488645534246,0.0,0.0,0.0,0.0,0.0,0.0,0.0,0.0,0.0,0.0,0.0,0.0,0.1045148910704512,0.0,0.0,0.0,0.0,0.0,0.0,0.0,0.0,0.0,0.0],"pr_bundling":[0.0,0.08739024278250485,0.0,0.0,0.0,0.0,0.0,0.0,0.0,0.0,0.0,0.0,0.0,0.0,0.0,0.0,0.0,0.0,0.0,0.0,0.0,0.0,0.0,0.0,0.0,0.0,0.0,0.0,0.0,0.08739024278250485,0.0,0.0,0.0,0.0,0.0,0.0,0.0,0.0,0.0,0.0,0.0,0.0,0.0,0.0,0.0,0.0,0.0,0.0,0.0,0.0,0.0,0.0,0.0,0.0,0.0,0.0],"active_firms":[true,true,true,true,true,true,true,true,true,true,true,true,true,true,false,false,false,true,false,true,false,true,false,true,true,true,true,true,true,true,true,true,true,true,true,true,true,true,true,true,true,true,false,false,false,false,true,false,true,false,true,true,true,true,true,true,true,true,true,true,true,true,true,true,true,true,true,true,true,true],