{"modelname":"privacy","policy":"nolearning","smax":[5,1],"alpha":0.5,"beta":0.95,"c":1.0,"gamma":0.0,"sigma":3.0,"p0":1.0,"accuracy":1.0e-8,"cost_entry":[0.0,10.0],"value_exit":[0.0,1.0],"cost_merger":[0.0,1.0],"cost_bundling":[0.0,1.0],"entry":true,"exit":true,"mergers":true,"bundling":true,"filename":"a50g0s30","verbose":true,"firms":[1,2,3,4],"rival":[2,1,4,3],"partner":[3,4,1,2],"merger_pairs":[1,2,1,2,3,4,4,3],"outcomes":[1,0,1,0,1,0,0,0,0,0,1,0,1,0,1,0,0,0,1,0,0,1,0,0,1,0,0,0,1,1,0,0,0,0,1,0,0,0,0,0,1,1,1,1,2],"ownership":[0,3,0,3,0,0,4,4,0,1,0,1,0,0,2,2],"S":[1,1,1,1,1,1,1,1,1,1,1,1,1,1,0,0,0,1,0,1,0,1,0,1,1,1,1,1,1,1,1,1,1,1,1,1,1,1,1,1,1,1,0,0,0,0,1,0,1,0,1,1,1,1,1,1,0,1,1,0,0,1,1,1,1,0,1,3,1,3,0,0,1,0,0,0,0,1,1,0,0,0,1,1],"ms":14,"mc":[0.2,0.2,0.2,0.2,0.2,0.2,0.2,0.2,0.2,0.2,0.2,0.2,0.2,0.2,0.0,0.0,0.0,0.2,0.0,0.2,0.0,0.2,0.0,0.2,0.2,0.2,0.2,0.2,1.0,1.0,1.0,1.0,1.0,1.0,1.0,1.0,1.0,1.0,1.0,1.0,1.0,1.0,0.0,0.0,0.0,0.0,1.0,0.0,1.0,0.0,1.0,1.0,1.0,1.0,1.0,1.0],"db":[0.8,0.8,0.8,0.8,0.8,0.8,0.8,0.8,0.8,0.8,0.8,0.8,0.8,0.8,1.0,1.0,1.0,0.8,1.0,0.8,1.0,0.8,1.0,0.8,0.8,0.8,0.8,0.8,0.0,0.0,0.0,0.0,0.0,0.0,0.0,0.0,0.0,0.0,0.0,0.0,0.0,0.0,1.0,1.0,1.0,1.0,0.0,1.0,0.0,1.0,0.0,0.0,0.0,0.0,0.0,0.0],"P":[1.2342823907424127,2.2218630393727468,1.1109315196863734,0.5688418802549997,1.9383017361873531,3.45723600863459e-8,2.294213968298288,1.1109315196855767,1.1109315196863734,0.6646571523651377,0.6633397233730569,0.6627059489371506,0.44492816839273774,0.33305732015483114,0.5,0.5,0.5,0.5688418844949802,0.5,0.41261642596884684,0.5,0.4,0.5,0.6646571499365079,0.664007641940959,0.6627059461138741,0.5312613652757496,0.3330573216822326,1.2342823736828252,0.0,1.1109315196863734,1.9383017231731212,0.5688418735635586,2.294213937650988,0.0,1.1109315196855767,1.1109315196863734,0.6646571523164247,0.6633397194304061,0.6627059336941897,0.44492816839273774,0.33305732015483114,0.5,0.5,0.5,0.5,0.56884186878255,0.5,0.4126164059290354,0.5,0.0,0.6646571499847367,0.6640076396775392,0.6627059377527377,0.5312613496498426,0.3330573216822326],"V":[11.455091864293244,16.737158167728253,12.706552114553583,5.063802609742205,13.512228788516623,5.242170184523837,14.711818369897689,10.189744713396875,10.189744624600687,6.6264687760305945,6.620078330825896,6.607248913438605,5.565224043026068,3.3278098882340186,0.0,0.0,0.0,5.063802611975614,0.0,3.526341219440584,0.0,2.5842053264978238,0.0,6.626468800097376,6.613478560381412,6.607248941252517,3.9585561327312107,3.327809872997953,11.455091836314116,8.054304414059704,12.706552114553583,13.512228825742516,5.0638025990644255,14.711817641011628,5.242169333030165,10.189744713396875,10.189744624600687,6.626468776508429,6.620077633777867,6.607247714774581,5.565224043026068,3.3278098882340186,0.0,0.0,0.0,0.0,5.063802606339833,0.0,3.5263412738147975,0.0,2.58420527687816,6.626468799614559,6.6134785211628415,6.607247674791235,3.958556016298845,3.327809872997953],"D":[0.7299375406829663,0.8499757512640004,0.8499757512640004,0.41401407856954175,0.8280281510986491,0.6625597800216281,0.8547069550261728,0.8499757512646099,0.8499757512640004,0.4984883074993822,0.49899661115043537,0.49850584918506174,0.6254076983479345,0.4995856439876671,0.0,0.0,0.0,0.41401407330330686,0.0,0.19214717475941145,0.0,0.0,0.0,0.4984883111313128,0.4979977449208721,0.49850585340732123,0.3725624295954229,0.49958563940926,0.7299375406829663,0.8499757512640004,0.8499757512640004,0.8280281518728486,0.41401407258021733,0.8547069547810395,0.6625597867055419,0.8499757512646099,0.8499757512640004,0.4984883075718687,0.49899661240607196,0.49850585433100636,0.6254076983479345,0.4995856439876671,0.0,0.0,0.0,0.0,0.4140140785184318,0.0,0.19214716832063083,0.0,0.0,0.4984883110588264,0.4979977436652355,0.49850584826137656,0.3725624295954229,0.49958563940926],"Q":[0.7299375406829663,0.8499757512640004,0.8499757512640004,0.41401407856954175,0.41401407258021733,0.6625597800216281,0.6625597867055419,0.8499757512646099,0.8499757512640004,0.2492441528779517,0.24974827294646018,0.24925292610993832,0.6254076983479345,0.4995856439876671,0.0,0.0,0.0,0.0,0.0,0.0,0.0,0.0,0.0,0.24924415643739584,0.24874940546126034,0.24925292518625314,0.3725624295954229,0.49958563940926,0.0,0.0,0.0,0.0,0.4140140785184318,0.0,0.19214716832063083,0.0,0.0,0.24924415462143054,0.24924833820397518,0.24925292307512342,0.0,0.0,0.0,0.0,0.0,0.41401407330330686,0.0,0.19214717475941145,0.0,0.0,0.0,0.24924415469391697,0.2492483394596118,0.24925292822106807,0.0,0.0,0.0,0.0,0.0,0.0,0.0,0.0,0.0,0.0,0.0,0.0,0.0,0.0,0.0,0.0,0.0,0.0,0.0,0.0,0.0,0.0,0.0,0.0,0.0,0.0,0.0,0.0,0.0,0.0,0.0,0.0,0.0,0.0,0.0,0.0,0.0,0.0,0.0,0.0,0.0,0.0,0.0,0.0,0.0,0.0,0.0,0.0,0.0,0.0,0.0,0.0,0.0,0.0,0.0,0.0,0.0,0.0,0.27006245931703365,0.15002424873599957,0.15002424873599957,0.17197184812715124,0.17197184890135087,0.14529304521896055,0.1452930449738273,0.15002424873539003,0.15002424873599957,0.0030233813693048956,0.003005643928692561,0.0029882974076170946,0.002029872056642625,0.0008287166030730459],"PI":[0.9009490528068089,1.8885297060965658,0.9442648530482829,0.23550854690553932,1.6049684028865157,2.2906255293637853e-8,1.9608806350227421,0.9442648530482828,0.9442648530482829,0.33132381894985646,0.3310042740046226,0.33036279183490647,0.27826150172466435,0.16639065577435794,0.0,0.0,0.0,0.23550854566529594,0.0,0.07928308050923977,0.0,0.0,0.0,0.3313238201532016,0.3306743082968235,0.3303627932256031,0.1979280249973147,0.16639065501255376,0.9009490403543755,0.0,0.9442648530482829,1.6049683936109973,0.23550854072820998,1.9608806082658936,0.0,0.9442648530482828,0.9442648530482829,0.3313238189737523,0.33100427287016687,0.33036278764644933,0.27826150172466435,0.16639065577435794,0.0,0.0,0.0,0.0,0.23550854212671016,0.0,0.07928307400190011,0.0,0.0,0.3313238201290645,0.33067430633589323,0.3303627856472795,0.19792801917568884,0.16639065501255376],"CS":[0.4363673386442597,0.6323194465703896,0.6323194465703896,0.5868081630813453,0.5868081615807128,0.6430008581758824,0.6430008587382707,0.6323194465717441,0.6323194465703896,1.9337931384118179,1.9357544827320945,1.9376838275521162,2.0665941713997005,2.3652107717424204],"pr_entry":[0.0,0.0,0.0,0.0,0.0,0.0,0.0,0.0,0.0,0.0,0.0,0.0,0.0,0.0,0.12659505281276556,0.08815851652320442,0.06460512542106443,0.0,0.16566170999853091,0.0,0.16533695400222598,0.0,0.09896389757194464,0.0,0.0,0.0,0.0,0.0,0.0,0.0,0.0,0.0,0.0,0.0,0.0,0.0,0.0,0.0,0.0,0.0,0.0,0.0,0.12659505267187052,0.08815851788255867,0.06460512418057313,0.1656617099864604,0.0,0.1653369530217618,0.0,0.09896389466113568,0.0,0.0,0.0,0.0,0.0,0.0],"pr_exit":[0.0,0.0,0.0,0.0,0.0,0.25,0.0,0.25,0.0,0.0,0.0,0.0,0.0,0.0,0.0,0.0,0.0,0.0,0.0,0.0,0.0,0.0,0.0,0.0,0.0,0.0,0.0,0.0,0.0,0.0,0.0,0.0,0.0,0.0,0.25,0.0,0.25,0.0,0.0,0.0,0.0,0.0,0.0,0.0,0.0,0.0,0.0,0.0,0.0,0.0,0.0,0.0,0.0,0.0,0.0,0.0],"pr_merger":[0.25,0.0,0.0,0.25,0.25,0.0,0.0,0.0,0.0,0.0,0.0,0.0,0.0,0.0,0.0,0.0,0.0,0.0,0.0,0.0,0.0,0.0,0.0,0.0,0.0,0.0,0.0,0.0,0.0,0.0,0.0,0.0,0.25,0.0,0.0,0.0,0.0,0.0,0.0,0.0,0.0,0.0,0.0,0.0,0.0,0.25,0.0,0.0,0.0,0.0,0.0,0.0,0.0,0.0,0.0,0.0],"pr_bundling":[0.0,0.206044063147663,0.0,0.0,0.0,0.15505626939954364,0.15505624989439037,0.0,0.0,0.0,0.0,0.0,0.0,0.0,0.0,0.0,0.0,0.0,0.0,0.0,0.0,0.0,0.0,0.0,0.0,0.0,0.0,0.0,0.0,0.206044063147663,0.0,0.0,0.0,0.15505626939954364,0.15505624989439037,0.0,0.0,0.0,0.0,0.0,0.0,0.0,0.0,0.0,0.0,0.0,0.0,0.0,0.0,0.0,0.0,0.0,0.0,0.0,0.0,0.0],"active_firms":[true,true,true,true,true,true,true,true,true,true,true,true,true,true,false,false,false,true,false,true,false,true,false,true,true,true,true,true,true,true,true,true,true,true,true,true,true,true,true,true,true,true,false,false,false,false,true,false,true,false,true,true,true,true,true,true,true,true,true,true,true,true,true,true,true,true,true,true,true,true],