{"modelname":"privacy","policy":"nolearning","smax":[5,1],"alpha":0.5,"beta":0.95,"c":1.0,"gamma":0.0,"sigma":7.0,"p0":1.0,"accuracy":1.0e-8,"cost_entry":[0.0,10.0],"value_exit":[0.0,1.0],"cost_merger":[0.0,1.0],"cost_bundling":[0.0,1.0],"entry":true,"exit":true,"mergers":true,"bundling":true,"filename":"a50g0s70","verbose":true,"firms":[1,2,3,4],"rival":[2,1,4,3],"partner":[3,4,1,2],"merger_pairs":[1,2,1,2,3,4,4,3],"outcomes":[1,0,1,0,1,0,0,0,0,0,1,0,1,0,1,0,0,0,1,0,0,1,0,0,1,0,0,0,1,1,0,0,0,0,1,0,0,0,0,0,1,1,1,1,2],"ownership":[0,3,0,3,0,0,4,4,0,1,0,1,0,0,2,2],"S":[1,1,1,1,1,1,1,1,1,1,1,1,1,1,0,0,0,1,0,1,0,1,0,1,1,1,1,1,1,1,1,1,1,1,1,1,1,1,1,1,1,1,0,0,0,0,1,0,1,0,1,1,1,1,1,1,0,1,1,0,0,1,1,1,1,0,1,3,1,3,0,0,1,0,0,0,0,1,1,0,0,0,1,1],"ms":14,"mc":[0.2,0.2,0.2,0.2,0.2,0.2,0.2,0.2,0.2,0.2,0.2,0.2,0.2,0.2,0.0,0.0,0.0,0.2,0.0,0.2,0.0,0.2,0.0,0.2,0.2,0.2,0.2,0.2,1.0,1.0,1.0,1.0,1.0,1.0,1.0,1.0,1.0,1.0,1.0,1.0,1.0,1.0,0.0,0.0,0.0,0.0,1.0,0.0,1.0,0.0,1.0,1.0,1.0,1.0,1.0,1.0],"db":[0.8,0.8,0.8,0.8,0.8,0.8,0.8,0.8,0.8,0.8,0.8,0.8,0.8,0.8,1.0,1.0,1.0,0.8,1.0,0.8,1.0,0.8,1.0,0.8,0.8,0.8,0.8,0.8,0.0,0.0,0.0,0.0,0.0,0.0,0.0,0.0,0.0,0.0,0.0,0.0,0.0,0.0,1.0,1.0,1.0,1.0,0.0,1.0,0.0,1.0,0.0,0.0,0.0,0.0,0.0,0.0],"P":[1.2535101571889227,2.4053731939537975,1.2026865969768987,0.2686294930162868,2.24618698306237,3.285917552316773e-8,2.4388790246670635,1.2026865969743816,1.2026865969768987,0.2857142748031708,0.2857142668113759,0.28571426281021906,0.19117092775154343,0.14285714177510384,0.5,0.5,0.5,0.2686294942499325,0.5,0.1803037160824575,0.5,0.4,0.5,0.2857142758436224,0.28571427184435344,0.2857142638510526,0.2280741117754418,0.14285714229379357,1.2535100947105373,0.0,1.2026865969768987,2.246186977089185,0.268629487949899,2.438878996730118,0.0,1.2026865969743816,1.2026865969768987,0.28571427248520553,0.28571426448992876,0.28571426049453735,0.19117092775154343,0.14285714177510384,0.5,0.5,0.5,0.5,0.2686294896568569,0.5,0.1803037048835091,0.5,0.0,0.2857142712057989,0.2857142672082057,0.2857142592160448,0.22807410507812861,0.14285714229379357],"V":[18.326925521830685,32.60732382675372,19.91840864309194,2.4897250145197454,24.911656978952163,8.462855039981239,25.477745869107515,15.945773863905865,15.94577381311076,2.8571423898518464,2.857142458558909,2.8571423776298692,2.3948470295675413,1.4285713543871856,0.0,0.0,0.0,2.4897250124028347,0.0,0.9225306522589264,0.0,0.7624868667127281,0.0,2.8571423794474327,2.857142292886233,2.857142367221538,1.7043392343727857,1.428571349200291,18.326925252909522,6.759131532683346,19.91840864309194,24.911656989066646,2.489724992451472,22.205144574315746,5.190253683896425,15.945773863905865,15.94577381311076,2.857142343473792,2.8571422422959833,2.8571421568747533,2.3948470295675413,1.4285713543871856,0.0,0.0,0.0,0.0,2.489724992092583,0.0,0.9225306307685603,0.0,0.7624868566958335,2.857142356267735,2.8571422696717628,2.8571421696596713,1.7043391843254911,1.428571349200291],"D":[0.8860343100430869,0.9406091566547821,0.9406091566547821,0.4682000800455331,0.9364001555712271,0.7337390184270225,0.9414250804559176,0.9406091566567506,0.9406091566547821,0.4999999808354505,0.4999999878223724,0.4999999808361223,0.6263627933849517,0.49999999613529905,0.0,0.0,0.0,0.4682000760023816,0.0,0.20768606197338443,0.0,0.0,0.0,0.4999999771938701,0.49999997020695164,0.4999999771932052,0.3736371786254404,0.4999999925044711,0.8860343100430869,0.9406091566547821,0.9406091566547821,0.9364001560479147,0.4682000805828059,0.941425080400407,0.7337390430130939,0.9406091566567506,0.9406091566547821,0.49999997677569874,0.49999998377164645,0.4999999767773019,0.6263627933849517,0.49999999613529905,0.0,0.0,0.0,0.0,0.4682000749884212,0.0,0.20768603744282368,0.0,0.0,0.4999999812536219,0.4999999742576777,0.4999999812520256,0.3736371786254404,0.4999999925044711],"Q":[0.8860343100430869,0.9406091566547821,0.9406091566547821,0.4682000800455331,0.4682000805828059,0.7337390184270225,0.7337390430130939,0.9406091566567506,0.9406091566547821,0.2499999892982445,0.24999999628967845,0.24999998929938022,0.6263627933849517,0.49999999613529905,0.0,0.0,0.0,0.0,0.0,0.0,0.0,0.0,0.0,0.24999998971641582,0.2499999827249837,0.2499999897152835,0.3736371786254404,0.4999999925044711,0.0,0.0,0.0,0.0,0.4682000749884212,0.0,0.20768603744282368,0.0,0.0,0.24999999153720603,0.249999991532694,0.2499999915367421,0.0,0.0,0.0,0.0,0.0,0.4682000760023816,0.0,0.20768606197338443,0.0,0.0,0.0,0.24999998747745428,0.24999998748196797,0.24999998747792168,0.0,0.0,0.0,0.0,0.0,0.0,0.0,0.0,0.0,0.0,0.0,0.0,0.0,0.0,0.0,0.0,0.0,0.0,0.0,0.0,0.0,0.0,0.0,0.0,0.0,0.0,0.0,0.0,0.0,0.0,0.0,0.0,0.0,0.0,0.0,0.0,0.0,0.0,0.0,0.0,0.0,0.0,0.0,0.0,0.0,0.0,0.0,0.0,0.0,0.0,0.0,0.0,0.0,0.0,0.0,0.0,0.0,0.0,0.11396568995691315,0.059390843345217964,0.059390843345217964,0.0635998439520852,0.06359984442877294,0.05857491959959311,0.05857491954408246,0.059390843343249365,0.059390843345217964,4.1970679360988064e-8,4.197067583781137e-8,4.1970672314917566e-8,2.7989607816311603e-8,1.1360229703970542e-8],"PI":[1.1106530072568885,2.262516051404901,1.1312580257024505,0.12577235013281646,2.1033298403816687,2.4110059194690335e-8,2.29602188201944,1.1312580257024505,1.1312580257024505,0.14285713192600002,0.142857129926366,0.14285712592971633,0.11974235632044952,0.07142857033545179,0.0,0.0,0.0,0.12577234962429973,0.0,0.03744656875233278,0.0,0.0,0.0,0.14285713140577433,0.1428571274098776,0.1428571254092997,0.0852169676412794,0.07142857007610694,1.1106529518988955,0.0,1.1312580257024505,2.1033298358591064,0.1257723479050606,2.2960218555835152,0.0,1.1312580257024505,1.1312580257024505,0.14285712960708843,0.14285712760829228,0.14285712361221267,0.11974235632044952,0.07142857033545179,0.0,0.0,0.0,0.0,0.12577234720144173,0.0,0.0374465620035163,0.0,0.0,0.1428571302467917,0.14285712624915411,0.1428571242514588,0.0852169651389142,0.07142857007610694],"CS":[0.31026540588243123,0.40337360241909326,0.40337360241909326,0.3935920374603765,0.3935920363896468,0.40534980959934264,0.40534980973472634,0.4033736024238286,0.40337360241909326,2.4266135104154687,2.4266135224074348,2.4266135343984394,2.4844903635830917,2.6133067433482706],"pr_entry":[0.0,0.0,0.0,0.0,0.0,0.0,0.0,0.0,0.0,0.0,0.0,0.0,0.0,0.0,0.062243126239972205,0.0230632660430557,0.019062171425828278,0.0,0.07142855915899102,0.0,0.07142855698621989,0.0,0.0426084807034607,0.0,0.0,0.0,0.0,0.0,0.0,0.0,0.0,0.0,0.0,0.0,0.0,0.0,0.0,0.0,0.0,0.0,0.0,0.0,0.062243125732215986,0.023063265505796553,0.01906217117540592,0.07142855857949851,0.0,0.07142855640585812,0.0,0.042608479452278344,0.0,0.0,0.0,0.0,0.0,0.0],"pr_exit":[0.0,0.0,0.0,0.0,0.0,0.25,0.0,0.25,0.0,0.0,0.0,0.0,0.0,0.0,0.0,0.0,0.0,0.0,0.0,0.019367339569443004,0.0,0.05937828574171722,0.0,0.0,0.0,0.0,0.0,0.0,0.0,0.0,0.0,0.0,0.0,0.0,0.25,0.0,0.25,0.0,0.0,0.0,0.0,0.0,0.0,0.0,0.0,0.0,0.0,0.0,0.01936734494203446,0.0,0.05937828824594077,0.0,0.0,0.0,0.0,0.0],"pr_merger":[0.25,0.0,0.0,0.25,0.25,0.0,0.0,0.0,0.0,0.0,0.0,0.0,0.0,0.0,0.0,0.0,0.0,0.0,0.0,0.0,0.0,0.0,0.0,0.0,0.0,0.0,0.0,0.0,0.0,0.0,0.0,0.0,0.25,0.0,0.0,0.0,0.0,0.0,0.0,0.0,0.0,0.0,0.0,0.0,0.0,0.25,0.0,0.0,0.0,0.0,0.0,0.0,0.0,0.0,0.0,0.0],"pr_bundling":[0.0,0.14472469042594094,0.0,0.0,0.0,0.25,0.25,0.0,0.0,0.0,0.0,0.0,0.0,0.0,0.0,0.0,0.0,0.0,0.0,0.0,0.0,0.0,0.0,0.0,0.0,0.0,0.0,0.0,0.0,0.14472469042594094,0.0,0.0,0.0,0.25,0.25,0.0,0.0,0.0,0.0,0.0,0.0,0.0,0.0,0.0,0.0,0.0,0.0,0.0,0.0,0.0,0.0,0.0,0.0,0.0,0.0,0.0],"active_firms":[true,true,true,true,true,true,true,true,true,true,true,true,true,true,false,false,false,true,false,true,false,true,false,true,true,true,true,true,true,true,true,true,true,true,true,true,true,true,true,true,true,true,false,false,false,false,true,false,true,false,true,true,true,true,true,true,true,true,true,true,true,true,true,true,true,true,true,true,true,true],