{"modelname":"privacy","policy":"nolearning","smax":[5,1],"alpha":0.6,"beta":0.95,"c":1.0,"gamma":0.0,"sigma":8.0,"p0":1.0,"accuracy":1.0e-8,"cost_entry":[0.0,10.0],"value_exit":[0.0,1.0],"cost_merger":[0.0,1.0],"cost_bundling":[0.0,1.0],"entry":true,"exit":true,"mergers":true,"bundling":true,"filename":"a60g0s80","verbose":true,"firms":[1,2,3,4],"rival":[2,1,4,3],"partner":[3,4,1,2],"merger_pairs":[1,2,1,2,3,4,4,3],"outcomes":[1,0,1,0,1,0,0,0,0,0,1,0,1,0,1,0,0,0,1,0,0,1,0,0,1,0,0,0,1,1,0,0,0,0,1,0,0,0,0,0,1,1,1,1,2],"ownership":[0,3,0,3,0,0,4,4,0,1,0,1,0,0,2,2],"S":[1,1,1,1,1,1,1,1,1,1,1,1,1,1,0,0,0,1,0,1,0,1,0,1,1,1,1,1,1,1,1,1,1,1,1,1,1,1,1,1,1,1,0,0,0,0,1,0,1,0,1,1,1,1,1,1,0,1,1,0,0,1,1,1,1,0,1,3,1,3,0,0,1,0,0,0,0,1,1,0,0,0,1,1],"ms":14,"mc":[0.11912746872255614,0.11912746872255614,0.11912746872255614,0.11912746872255614,0.11912746872255614,0.11912746872255614,0.11912746872255614,0.11912746872255614,0.11912746872255614,0.11912746872255614,0.11912746872255614,0.11912746872255614,0.11912746872255614,0.11912746872255614,0.0,0.0,0.0,0.11912746872255614,0.0,0.11912746872255614,0.0,0.11912746872255614,0.0,0.11912746872255614,0.11912746872255614,0.11912746872255614,0.11912746872255614,0.11912746872255614,1.0,1.0,1.0,1.0,1.0,1.0,1.0,1.0,1.0,1.0,1.0,1.0,1.0,1.0,0.0,0.0,0.0,0.0,1.0,0.0,1.0,0.0,1.0,1.0,1.0,1.0,1.0,1.0],"db":[0.8808725312774439,0.8808725312774439,0.8808725312774439,0.8808725312774439,0.8808725312774439,0.8808725312774439,0.8808725312774439,0.8808725312774439,0.8808725312774439,0.8808725312774439,0.8808725312774439,0.8808725312774439,0.8808725312774439,0.8808725312774439,1.0,1.0,1.0,0.8808725312774439,1.0,0.8808725312774439,1.0,0.8808725312774439,1.0,0.8808725312774439,0.8808725312774439,0.8808725312774439,0.8808725312774439,0.8808725312774439,0.0,0.0,0.0,0.0,0.0,0.0,0.0,0.0,0.0,0.0,0.0,0.0,0.0,0.0,1.0,1.0,1.0,1.0,0.0,1.0,0.0,1.0,0.0,0.0,0.0,0.0,0.0,0.0],"P":[1.3003721621373523,2.512178331534692,1.256089165767346,0.2374703241941286,2.369078542425829,3.228906603883371e-8,2.5417236179656295,1.256089165766299,1.256089165767346,0.2500000017747745,0.250000001552476,0.25000000144031564,0.1672745673550671,0.1250000010093427,0.5,0.5,0.5,0.2374703259847941,0.5,0.15809379139802457,0.5,0.44043626563872196,0.5,0.25000000074489415,0.25000000063281347,0.25000000041078635,0.1995648529550802,0.12500000049462434,1.3003720810872337,0.0,1.256089165767346,2.3690785375587824,0.23747031922593168,2.541723590071635,0.0,1.256089165766299,1.256089165767346,0.24999999859562996,0.24999999837160283,0.24999999826133948,0.1672745673550671,0.1250000010093427,0.5,0.5,0.5,0.5,0.23747032067451482,0.5,0.1580937845869334,0.5,0.0,0.24999999747485466,0.24999999736404646,0.24999999714075435,0.19956484551614354,0.12500000049462434],"V":[20.385450513138217,38.32495191192884,21.99232905674959,2.5329306424062454,29.42498966285228,16.08867477651945,30.749008494320222,18.455476172456144,18.455476089552466,2.499999791747999,2.4999999179334176,2.4999999138590128,2.0954913518877136,1.2499999760478484,0.0,0.0,0.0,2.5329306415471087,0.0,0.7508590907510467,0.0,0.618359252356663,0.0,2.4999998020466347,2.4999997905977374,2.499999924154306,1.4912969402182101,1.249999981195033,20.385450177871288,5.256951042361033,21.99232905674959,29.424989745520104,2.532930622625263,19.62131837851941,4.960984532501754,18.455476172456144,18.455476089552466,2.4999997590476193,2.499999710333674,2.4999997059377943,2.0954913518877136,1.2499999760478484,0.0,0.0,0.0,0.0,2.5329306221710035,0.0,0.7508590695423148,0.0,0.6183592427991651,2.499999770255184,2.4999997587890053,2.499999717143648,1.4912968846289516,1.249999981195033],"D":[0.9038736668071254,0.9502423859930742,0.9502423859930742,0.47361843820004507,0.9472368697241831,0.74149066112009,0.9508207736920363,0.9502423859938663,0.9502423859930742,0.49999999727203137,0.49999999749246715,0.49999999727273337,0.6263628058264039,0.4999999977602622,0.0,0.0,0.0,0.473618431415307,0.0,0.20933011302611929,0.0,0.0,0.0,0.500000001391553,0.500000001171117,0.5000000013908508,0.3736371932823609,0.5000000018780092,0.9038736668071254,0.9502423859930742,0.9502423859930742,0.9472368696153521,0.47361843760639405,0.9508207741462092,0.7414906940390323,0.9502423859938663,0.9502423859930742,0.4999999970902417,0.4999999973166793,0.49999999709062193,0.6263628058264039,0.4999999977602622,0.0,0.0,0.0,0.0,0.47361843211778903,0.0,0.20933007965300401,0.0,0.0,0.5000000015733427,0.5000000013469048,0.5000000015729622,0.3736371932823609,0.5000000018780092],"Q":[0.9038736668071254,0.9502423859930742,0.9502423859930742,0.47361843820004507,0.47361843760639405,0.74149066112009,0.7414906940390323,0.9502423859938663,0.9502423859930742,0.24999999751524044,0.24999999773867723,0.2499999975157816,0.6263628058264039,0.4999999977602622,0.0,0.0,0.0,0.0,0.0,0.0,0.0,0.0,0.0,0.25000000181655174,0.25000000159311486,0.25000000181601045,0.3736371932823609,0.5000000018780092,0.0,0.0,0.0,0.0,0.47361843211778903,0.0,0.20933007965300401,0.0,0.0,0.2499999997567909,0.24999999975378995,0.24999999975695172,0.0,0.0,0.0,0.0,0.0,0.473618431415307,0.0,0.20933011302611929,0.0,0.0,0.0,0.2499999995750012,0.2499999995780021,0.24999999957484031,0.0,0.0,0.0,0.0,0.0,0.0,0.0,0.0,0.0,0.0,0.0,0.0,0.0,0.0,0.0,0.0,0.0,0.0,0.0,0.0,0.0,0.0,0.0,0.0,0.0,0.0,0.0,0.0,0.0,0.0,0.0,0.0,0.0,0.0,0.0,0.0,0.0,0.0,0.0,0.0,0.0,0.0,0.0,0.0,0.0,0.0,0.0,0.0,0.0,0.0,0.0,0.0,0.0,0.0,0.0,0.0,0.0,0.0,0.09612633319287453,0.04975761400692587,0.04975761400692587,0.05276313038464803,0.05276313027581685,0.04917922585379087,0.04917922630796368,0.04975761400613368,0.04975761400692587,1.3364157524143083e-9,1.336415748836912e-9,1.3364157452673836e-9,8.912352569943238e-10,3.6172841549444196e-10],"PI":[1.1753721544049984,2.3871783317976263,1.1935891658988131,0.11247032406368157,2.2440785426581726,2.3942040924085053e-8,2.4167236169454016,1.193589165898813,1.1935891658988131,0.1250000002053951,0.12500000014935478,0.12500000003834116,0.10477456735191762,0.06250000022470412,0.0,0.0,0.0,0.1124703233005998,0.0,0.03309379122207621,0.0,0.0,0.0,0.12500000072033532,0.12500000060918598,0.12500000055310587,0.07456485153594324,0.06250000048206332,1.1753720811459305,0.0,1.1935891658988131,2.2440785377900974,0.1124703215696774,2.416723591577594,0.0,1.193589165898813,1.1935891658988131,0.1249999985703754,0.12499999851497125,0.12499999840332522,0.10477456735191762,0.06250000022470412,0.0,0.0,0.0,0.0,0.11247032095237229,0.0,0.033093784520227626,0.0,0.0,0.124999999130763,0.12499999901874943,0.12499999896361773,0.07456484875647981,0.06250000048206332],"CS":[0.29276149773572535,0.37507397271530474,0.37507397271530474,0.3677428275445258,0.36774282780235534,0.37653549792448016,0.37653549677009845,0.3750739727172949,0.37507397271530474,2.5541593272894056,2.5541593276240127,2.5541593279578843,2.6048015857848394,2.717515927388686],"pr_entry":[0.0,0.0,0.0,0.0,0.0,0.0,0.0,0.0,0.0,0.0,0.0,0.0,0.0,0.0,0.06332326675932184,0.01877147706194763,0.015458981120133271,0.0,0.06249999477174471,0.0,0.06249999447338291,0.0,0.03728242338637545,0.0,0.0,0.0,0.0,0.0,0.0,0.0,0.0,0.0,0.0,0.0,0.0,0.0,0.0,0.0,0.0,0.0,0.0,0.0,0.06332326627491926,0.018771476531729336,0.015458980881195836,0.06249999397695845,0.0,0.062499993678164625,0.0,0.037282421996643986,0.0,0.0,0.0,0.0,0.0,0.0],"pr_exit":[0.0,0.0,0.0,0.0,0.0,0.25,0.0,0.25,0.0,0.0,0.0,0.0,0.0,0.0,0.0,0.0,0.0,0.0,0.0,0.06228522938052375,0.0,0.09541018879866728,0.0,0.0,0.0,0.0,0.0,0.0,0.0,0.0,0.0,0.0,0.0,0.0,0.25,0.0,0.25,0.0,0.0,0.0,0.0,0.0,0.0,0.0,0.0,0.0,0.0,0.0,0.062285234682706636,0.0,0.09541019118804164,0.0,0.0,0.0,0.0,0.0],"pr_merger":[0.25,0.0,0.0,0.25,0.25,0.0,0.0,0.0,0.0,2.0416557999780593e-8,0.0,0.0,0.0,0.0,0.0,0.0,0.0,0.0,0.0,0.0,0.0,0.0,0.0,1.504001212460082e-8,2.4216427529921702e-8,0.0,0.0,0.0,0.0,0.0,0.0,0.0,0.25,0.0,0.0,0.0,0.0,1.7614669056698062e-8,0.0,0.0,0.0,0.0,0.0,0.0,0.0,0.25,0.0,0.0,0.0,0.0,0.0,1.7841901067683352e-8,0.0,0.0,0.0,0.0],