{"modelname":"privacy","policy":"nolearning","smax":[5,1],"alpha":0.6,"beta":0.95,"c":1.0,"gamma":0.0,"sigma":10.0,"p0":1.0,"accuracy":1.0e-8,"cost_entry":[0.0,10.0],"value_exit":[0.0,1.0],"cost_merger":[0.0,1.0],"cost_bundling":[0.0,1.0],"entry":true,"exit":true,"mergers":true,"bundling":true,"filename":"a60g0s100","verbose":true,"firms":[1,2,3,4],"rival":[2,1,4,3],"partner":[3,4,1,2],"merger_pairs":[1,2,1,2,3,4,4,3],"outcomes":[1,0,1,0,1,0,0,0,0,0,1,0,1,0,1,0,0,0,1,0,0,1,0,0,1,0,0,0,1,1,0,0,0,0,1,0,0,0,0,0,1,1,1,1,2],"ownership":[0,3,0,3,0,0,4,4,0,1,0,1,0,0,2,2],"S":[1,1,1,1,1,1,1,1,1,1,1,1,1,1,0,0,0,1,0,1,0,1,0,1,1,1,1,1,1,1,1,1,1,1,1,1,1,1,1,1,1,1,0,0,0,0,1,0,1,0,1,1,1,1,1,1,0,1,1,0,0,1,1,1,1,0,1,3,1,3,0,0,1,0,0,0,0,1,1,0,0,0,1,1],"ms":14,"mc":[0.11912746872255614,0.11912746872255614,0.11912746872255614,0.11912746872255614,0.11912746872255614,0.11912746872255614,0.11912746872255614,0.11912746872255614,0.11912746872255614,0.11912746872255614,0.11912746872255614,0.11912746872255614,0.11912746872255614,0.11912746872255614,0.0,0.0,0.0,0.11912746872255614,0.0,0.11912746872255614,0.0,0.11912746872255614,0.0,0.11912746872255614,0.11912746872255614,0.11912746872255614,0.11912746872255614,0.11912746872255614,1.0,1.0,1.0,1.0,1.0,1.0,1.0,1.0,1.0,1.0,1.0,1.0,1.0,1.0,0.0,0.0,0.0,0.0,1.0,0.0,1.0,0.0,1.0,1.0,1.0,1.0,1.0,1.0],"db":[0.8808725312774439,0.8808725312774439,0.8808725312774439,0.8808725312774439,0.8808725312774439,0.8808725312774439,0.8808725312774439,0.8808725312774439,0.8808725312774439,0.8808725312774439,0.8808725312774439,0.8808725312774439,0.8808725312774439,0.8808725312774439,1.0,1.0,1.0,0.8808725312774439,1.0,0.8808725312774439,1.0,0.8808725312774439,1.0,0.8808725312774439,0.8808725312774439,0.8808725312774439,0.8808725312774439,0.8808725312774439,0.0,0.0,0.0,0.0,0.0,0.0,0.0,0.0,0.0,0.0,0.0,0.0,0.0,0.0,1.0,1.0,1.0,1.0,0.0,1.0,0.0,1.0,0.0,0.0,0.0,0.0,0.0,0.0],"P":[1.3155472899982443,2.560574534289205,1.2802872671446024,0.7014544662647412,2.4426655615949606,2.9625282768970642e-8,2.584412332756466,1.2802872671449421,1.2802872671446024,0.20000000326306713,0.20000000326176062,0.20000000326111617,0.13381965387081846,0.10000000043057206,0.5,0.5,0.5,0.5508565606407254,0.5,0.12676776099247736,0.5,0.44043626563872196,0.5,0.20000000166158052,0.20000000166092025,0.2000000016612092,0.1596518832231594,0.10000000083102288,1.3155472899982106,0.0,1.2802872671446024,5.000000000880463,0.19213423657749967,2.5844123074170553,0.0,1.2802872671449421,1.2802872671446024,0.19999999916501984,0.19999999916476383,0.19999999916345362,0.13381965387081846,0.10000000043057206,0.5,0.5,0.5,1.0,0.19213423764672335,0.5,0.12676775045587194,0.5,0.0,0.19999999826983178,0.19999999826896955,0.19999999826937215,0.15965187878166148,0.10000000083102288],"V":[20.25149437664413,43.79771913015665,23.641091629287597,4.407834593713425,34.46438030595158,24.85954162138949,37.045606491821836,20.898234491775337,20.898234431031515,1.9999996595644616,2.000000025728076,2.0000000155612017,1.6763943770206524,1.0000000083638791,0.0,0.0,0.0,4.407834594806195,0.0,0.5285397271170066,0.0,0.43153687465052654,0.0,1.9999996755773484,1.9999995965570847,2.0000000315602766,1.1930375514471494,1.0000000043593713,22.280554776729097,3.188346065612726,23.641091629287597,25.79548845805965,2.3758342148949843,15.857186857922258,3.6711218784972157,20.898234491775337,20.898234431031515,1.999999625646282,1.9999999841497893,1.9999999739840586,1.6763943770206524,1.0000000083638791,0.0,0.0,0.0,0.0,2.375834214420894,0.0,0.528539711372968,0.0,0.43153687030805626,1.9999996345970532,1.9999995555871461,1.9999999829248734,1.1930375182569781,1.0000000043593713],"D":[0.9239860088950999,0.960946264868913,0.960946264868913,5.628184100461348e-13,0.9590611169809504,0.7501505959041764,0.9613064841203625,0.960946264868658,0.960946264868913,0.49999999599418166,0.49999999599579725,0.49999999599813044,0.6263628139990307,0.5000000020016853,0.0,0.0,0.0,2.5375037278949873e-12,0.0,0.21115588818161324,0.0,0.0,0.0,0.5000000040016146,0.500000003999999,0.5000000039976658,0.37363718599816576,0.499999997997177,0.9239860088950999,0.960946264868913,0.960946264868913,3.1003221379411222e-12,0.4795305610541023,0.9613064840857897,0.7501506273844102,0.960946264868658,0.960946264868913,0.49999999775992804,0.4999999977584124,0.4999999977626942,0.6263628139990307,0.5000000020016853,0.0,0.0,0.0,0.0,0.4795305559268482,0.0,0.2111558567359523,0.0,0.0,0.5000000022358682,0.5000000022373838,0.5000000022331019,0.37363718599816576,0.499999997997177],"Q":[0.9239860088950999,0.960946264868913,0.960946264868913,5.628184100461348e-13,0.4795305610541023,0.7501505959041764,0.7501506273844102,0.960946264868658,0.960946264868913,0.2499999968781058,0.24999999687815577,0.24999999688146332,0.6263628139990307,0.5000000020016853,0.0,0.0,0.0,0.0,0.0,0.0,0.0,0.0,0.0,0.2500000031197923,0.25000000311974235,0.2500000031164348,0.37363718599816576,0.499999997997177,0.0,0.0,0.0,0.0,0.4795305559268482,0.0,0.2111558567359523,0.0,0.0,0.24999999911607582,0.24999999911764145,0.24999999911666712,0.0,0.0,0.0,0.0,0.0,2.5375037278949873e-12,0.0,0.21115588818161324,0.0,0.0,0.0,0.2500000008818222,0.25000000088025665,0.2500000008812309,0.0,0.0,0.0,0.0,0.0,0.0,0.0,0.0,0.0,0.0,0.0,0.0,0.0,0.0,0.0,0.0,0.0,0.0,0.0,0.0,0.0,0.0,0.0,0.0,0.0,0.0,0.0,0.0,0.0,0.0,0.0,0.0,0.0,0.0,0.0,0.0,0.0,0.0,0.0,0.0,0.0,0.0,0.0,0.0,0.0,0.0,0.0,0.0,0.0,0.0,0.0,0.0,0.0,0.0,0.0,0.0,0.0,0.0,0.07601399110490013,0.039053735131087015,0.039053735131087015,0.9999999999968996,0.04093888301904958,0.03869351591421043,0.038693515879637576,0.039053735131342075,0.039053735131087015,4.203852865991836e-12,4.203852865926992e-12,4.203852865900444e-12,2.8034852628702032e-12,1.1378592375428762e-12],"PI":[1.2155472899982422,2.460574534643668,1.230287267321834,3.9479148742288174e-13,2.3426655619141634,2.2223423522973056e-8,2.4844123331194226,1.230287267321834,1.230287267321834,0.10000000083036989,0.10000000083003975,0.10000000083018416,0.08381965496690214,0.050000000415454555,0.0,0.0,0.0,1.3978005761612518e-12,0.0,0.026767759165161022,0.0,0.0,0.0,0.10000000163111318,0.10000000163045993,0.10000000163013777,0.05965188038680905,0.050000000215229136,1.2155472899982112,0.0,1.230287267321834,1.550161069243533e-11,0.09213423826371005,2.4844123086711325,0.0,1.230287267321834,1.230287267321834,0.09999999913449553,0.0999999991340644,0.09999999913426566,0.08381965496690214,0.050000000415454555,0.0,0.0,0.0,0.0,0.09213423779131441,0.0,0.026767752953999045,0.0,0.0,0.09999999958208952,0.09999999958196154,0.09999999958130645,0.05965187872730027,0.050000000215229136],"CS":[0.2576837862153405,0.324281675730679,0.324281675730679,3.1019631308026874e-13,0.3195674982485883,0.32520832404204647,0.3252083241313968,0.3242816757300262,0.324281675730679,2.6195019662101036,2.6195019662116463,2.619501966212278,2.660015773605055,2.750187248071957],"pr_entry":[0.0,0.0,0.0,0.0,0.0,0.0,0.0,0.0,0.0,0.0,0.0,0.0,0.0,0.0,0.11019586519200478,0.013213493014954322,0.010788421744937524,0.0,0.04999999141963684,0.0,0.049999989340173044,0.0,0.029825938712114218,0.0,0.0,0.0,0.0,0.0,0.0,0.0,0.0,0.0,0.0,0.0,0.0,0.0,0.0,0.0,0.0,0.0,0.0,0.0,0.05939585548231461,0.013213492621353365,0.010788421636375774,0.049999990395129666,0.0,0.049999988315924615,0.0,0.029825937882359942,0.0,0.0,0.0,0.0,0.0,0.0],"pr_exit":[0.0,0.0,0.0,0.0,0.0,0.25,0.0,0.25,0.0,0.0,0.0,0.0,0.0,0.0,0.0,0.0,0.0,0.0,0.0,0.11786506985045678,0.0,0.14211578255062476,0.0,0.0,0.0,0.0,0.0,0.0,0.0,0.0,0.0,0.0,0.0,0.0,0.25,0.0,0.25,0.0,0.0,0.0,0.0,0.0,0.0,0.0,0.0,0.0,0.0,0.0,0.11786507378646635,0.0,0.14211578363624225,0.0,0.0,0.0,0.0,0.0],"pr_merger":[0.25,0.0,0.0,0.25,0.25,0.0,0.0,0.0,0.0,1.9070209844596064e-7,0.0,0.0,0.0,0.0,0.0,0.0,0.0,0.0,0.0,0.0,0.0,0.0,0.0,1.8446122063142667e-7,2.2693210388613494e-7,0.0,0.0,0.0,0.0,0.0,0.0,0.0,0.25,0.0,0.0,0.0,0.0,1.8846441879327713e-7,0.0,0.0,0.0,0.0,0.0,0.0,0.0,0.25,0.0,0.0,0.0,0.0,0.0,1.8669890028411018e-7,0.0,0.0,0.0,0.0],