{"modelname":"privacy","policy":"nolearning","smax":[5,1],"alpha":0.6,"beta":0.95,"c":1.0,"gamma":0.0,"sigma":4.0,"p0":1.0,"accuracy":1.0e-8,"cost_entry":[0.0,10.0],"value_exit":[0.0,1.0],"cost_merger":[0.0,1.0],"cost_bundling":[0.0,1.0],"entry":true,"exit":true,"mergers":true,"bundling":true,"filename":"a60g0s40","verbose":true,"firms":[1,2,3,4],"rival":[2,1,4,3],"partner":[3,4,1,2],"merger_pairs":[1,2,1,2,3,4,4,3],"outcomes":[1,0,1,0,1,0,0,0,0,0,1,0,1,0,1,0,0,0,1,0,0,1,0,0,1,0,0,0,1,1,0,0,0,0,1,0,0,0,0,0,1,1,1,1,2],"ownership":[0,3,0,3,0,0,4,4,0,1,0,1,0,0,2,2],"S":[1,1,1,1,1,1,1,1,1,1,1,1,1,1,0,0,0,1,0,1,0,1,0,1,1,1,1,1,1,1,1,1,1,1,1,1,1,1,1,1,1,1,0,0,0,0,1,0,1,0,1,1,1,1,1,1,0,1,1,0,0,1,1,1,1,0,1,3,1,3,0,0,1,0,0,0,0,1,1,0,0,0,1,1],"ms":14,"mc":[0.11912746872255614,0.11912746872255614,0.11912746872255614,0.11912746872255614,0.11912746872255614,0.11912746872255614,0.11912746872255614,0.11912746872255614,0.11912746872255614,0.11912746872255614,0.11912746872255614,0.11912746872255614,0.11912746872255614,0.11912746872255614,0.0,0.0,0.0,0.11912746872255614,0.0,0.11912746872255614,0.0,0.11912746872255614,0.0,0.11912746872255614,0.11912746872255614,0.11912746872255614,0.11912746872255614,0.11912746872255614,1.0,1.0,1.0,1.0,1.0,1.0,1.0,1.0,1.0,1.0,1.0,1.0,1.0,1.0,0.0,0.0,0.0,0.0,1.0,0.0,1.0,0.0,1.0,1.0,1.0,1.0,1.0,1.0],"db":[0.8808725312774439,0.8808725312774439,0.8808725312774439,0.8808725312774439,0.8808725312774439,0.8808725312774439,0.8808725312774439,0.8808725312774439,0.8808725312774439,0.8808725312774439,0.8808725312774439,0.8808725312774439,0.8808725312774439,0.8808725312774439,1.0,1.0,1.0,0.8808725312774439,1.0,0.8808725312774439,1.0,0.8808725312774439,1.0,0.8808725312774439,0.8808725312774439,0.8808725312774439,0.8808725312774439,0.8808725312774439,0.0,0.0,0.0,0.0,0.0,0.0,0.0,0.0,0.0,0.0,0.0,0.0,0.0,0.0,1.0,1.0,1.0,1.0,0.0,1.0,0.0,1.0,0.0,0.0,0.0,0.0,0.0,0.0],"P":[1.2652567885538881,2.348940739023194,1.174470369511597,0.44694467285704675,2.1060309872894596,3.29018160687814e-8,2.405326867114531,1.1744703695137408,1.174470369511597,0.4999325180513821,0.4998875687727343,0.4998651338775338,0.33451123458688176,0.24999086126137424,0.5,0.5,0.5,0.4469446755180252,0.5,0.3123597060355931,0.5,0.44043626563872196,0.5,0.49993252114787257,0.49991006066005883,0.49986513663442056,0.3990993173316003,0.249990860426755,1.2652567647511235,0.0,1.174470369511597,2.1060309776415385,0.4469446651581374,2.4053268386628943,0.0,1.1744703695137408,1.174470369511597,0.499932522005956,0.4998875724971912,0.4998651371132266,0.33451123458688176,0.24999086126137424,0.5,0.5,0.5,0.5,0.44694466739346594,0.5,0.3123596915810872,0.5,0.0,0.4999325197858988,0.49991005919505727,0.4998651349146089,0.3990993022465042,0.249990860426755],"V":[13.429234552745923,21.55493071896395,14.843433991444684,3.617474980952073,16.09779075495932,4.396757086286613,17.172307773294605,11.142254870068053,11.142254716039451,4.998646825081711,4.99842283806872,4.997973994265106,4.190221976652962,2.499815847712985,0.0,0.0,0.0,3.6174749742493653,0.0,2.1100111996637834,0.0,1.7479440416617642,0.0,4.998646794129688,4.998197559179969,4.9979739667148415,2.981984209628565,2.4998158560582535,13.429234543820026,7.582992061917035,14.843433991444684,16.09779080612826,3.617474908516055,17.17230695906638,4.396756022164081,11.142254870068053,11.142254716039451,4.998646811471404,4.998422072406941,4.997972992488936,4.190221976652962,2.499815847712985,0.0,0.0,0.0,0.0,3.6174749103281347,0.0,2.110011157080136,0.0,1.7479440029345388,4.9986468336627405,4.998197596410785,4.997973014460265,2.9819840969159936,2.4998158560582535],"D":[0.8024116472238481,0.8935690476331756,0.8935690476331756,0.4406466500186537,0.8812932946205747,0.696423360327243,0.8960640221828231,0.8935690476315444,0.8935690476331756,0.4999325181822334,0.4999550221304049,0.4999325542075239,0.6263204727475482,0.4999817218249156,0.0,0.0,0.0,0.4406466453284486,0.0,0.1996406617288561,0.0,0.0,0.0,0.49993251199008837,0.4999100444256019,0.4999325486944942,0.37358949056658947,0.4999817251632706,0.8024116472238481,0.8935690476331756,0.8935690476331756,0.8812932953471023,0.4406466492802675,0.896064022056099,0.6964233718749642,0.8935690476315444,0.8935690476331756,0.4999325128664033,0.4999550169416467,0.49993254925268793,0.6263204727475482,0.4999817218249156,0.0,0.0,0.0,0.0,0.44064664534030723,0.0,0.1996406503078589,0.0,0.0,0.4999325173059185,0.4999100496143601,0.4999325536493302,0.37358949056658947,0.4999817251632706],"Q":[0.8024116472238481,0.8935690476331756,0.8935690476331756,0.4406466500186537,0.4406466492802675,0.696423360327243,0.6964233718749642,0.8935690476315444,0.8935690476331756,0.24996625798123792,0.24998875340272414,0.2499662760046014,0.6263204727475482,0.4999817218249156,0.0,0.0,0.0,0.0,0.0,0.0,0.0,0.0,0.0,0.24996625710492296,0.24994378088667932,0.24996627544640768,0.37358949056658947,0.4999817251632706,0.0,0.0,0.0,0.0,0.44064664534030723,0.0,0.1996406503078589,0.0,0.0,0.2499662602009955,0.24996626872768077,0.24996627820292253,0.0,0.0,0.0,0.0,0.0,0.4406466453284486,0.0,0.1996406617288561,0.0,0.0,0.0,0.24996625488516538,0.24996626353892257,0.24996627324808654,0.0,0.0,0.0,0.0,0.0,0.0,0.0,0.0,0.0,0.0,0.0,0.0,0.0,0.0,0.0,0.0,0.0,0.0,0.0,0.0,0.0,0.0,0.0,0.0,0.0,0.0,0.0,0.0,0.0,0.0,0.0,0.0,0.0,0.0,0.0,0.0,0.0,0.0,0.0,0.0,0.0,0.0,0.0,0.0,0.0,0.0,0.0,0.0,0.0,0.0,0.0,0.0,0.0,0.0,0.0,0.0,0.0,0.0,0.19758835277615194,0.10643095236682437,0.10643095236682437,0.1187067046528976,0.11870670537942529,0.10393597794390082,0.10393597781717687,0.10643095236845546,0.10643095236682437,0.00013496982767833825,0.00013493344399330407,0.00013489709798188837,9.003668586238845e-5,3.655301181379813e-5],"PI":[1.0152567838646813,2.098940739115723,1.0494703695578615,0.19694467283814077,1.8560309873613496,2.291359330748962e-8,2.1553268672110555,1.0494703695578615,1.0494703695578615,0.2499325226706123,0.24992130050848668,0.24989885313868135,0.20951123458582177,0.12499086125395549,0.0,0.0,0.0,0.1969446719144298,0.0,0.06235969841037678,0.0,0.0,0.0,0.2499325211229939,0.24991006063337534,0.24989885176116747,0.14909931064738619,0.12499086167121937,1.0152567647650659,0.0,1.0494703695578615,1.856030980388791,0.19694466911562436,2.1553268414117546,0.0,1.0494703695578615,1.0494703695578615,0.24993252199007604,0.24992129977675184,0.24989885227955977,0.20951123458582177,0.12499086125395549,0.0,0.0,0.0,0.0,0.19694466833967017,0.0,0.062359691957210486,0.0,0.0,0.2499325230996553,0.24991006249491876,0.2498988533781274,0.1490993050117528,0.12499086167121937],"CS":[0.4053923597115323,0.5600647096690541,0.5600647096690541,0.5327748737360014,0.5327748722059116,0.565995041522867,0.5659950418276796,0.5600647096652227,0.5600647096690541,2.2276148257960933,2.2276822271377466,2.227749576836875,2.3288233374988874,2.5541867431492737],"pr_entry":[0.0,0.0,0.0,0.0,0.0,0.0,0.0,0.0,0.0,0.0,0.0,0.0,0.0,0.0,0.09043686980010911,0.05275027583624786,0.04369859731475613,0.0,0.12496616507912353,0.0,0.12495493417227876,0.0,0.07454960260476787,0.0,0.0,0.0,0.0,0.0,0.0,0.0,0.0,0.0,0.0,0.0,0.0,0.0,0.0,0.0,0.0,0.0,0.0,0.0,0.09043686820207844,0.052750274771656835,0.04369859634657568,0.12496616606744962,0.0,0.12495493510304909,0.0,0.0745495997869537,0.0,0.0,0.0,0.0,0.0,0.0],"pr_exit":[0.0,0.0,0.0,0.0,0.0,0.25,0.0,0.25,0.0,0.0,0.0,0.0,0.0,0.0,0.0,0.0,0.0,0.0,0.0,0.0,0.0,0.0,0.0,0.0,0.0,0.0,0.0,0.0,0.0,0.0,0.0,0.0,0.0,0.0,0.25,0.0,0.25,0.0,0.0,0.0,0.0,0.0,0.0,0.0,0.0,0.0,0.0,0.0,0.0,0.0,0.0,0.0,0.0,0.0,0.0,0.0],"pr_merger":[0.25,0.0,0.0,0.25,0.25,0.0,0.0,0.0,0.0,0.0,0.0,0.0,0.0,0.0,0.0,0.0,0.0,0.0,0.0,0.0,0.0,0.0,0.0,0.0,0.0,0.0,0.0,0.0,0.0,0.0,0.0,0.0,0.25,0.0,0.0,0.0,0.0,0.0,0.0,0.0,0.0,0.0,0.0,0.0,0.0,0.25,0.0,0.0,0.0,0.0,0.0,0.0,0.0,0.0,0.0,0.0],"pr_bundling":[0.0,0.17512966230573634,0.0,0.0,0.0,0.25,0.25,0.0,0.0,0.0,0.0,0.0,0.0,0.0,0.0,0.0,0.0,0.0,0.0,0.0,0.0,0.0,0.0,0.0,0.0,0.0,0.0,0.0,0.0,0.17512966230573634,0.0,0.0,0.0,0.25,0.25,0.0,0.0,0.0,0.0,0.0,0.0,0.0,0.0,0.0,0.0,0.0,0.0,0.0,0.0,0.0,0.0,0.0,0.0,0.0,0.0,0.0],