{"modelname":"privacy","policy":"nolearning","smax":[5,1],"alpha":0.7,"beta":0.95,"c":1.0,"gamma":0.0,"sigma":1.0,"p0":1.0,"accuracy":1.0e-8,"cost_entry":[0.0,10.0],"value_exit":[0.0,1.0],"cost_merger":[0.0,1.0],"cost_bundling":[0.0,1.0],"entry":true,"exit":true,"mergers":true,"bundling":true,"filename":"a70g0s10","verbose":true,"firms":[1,2,3,4],"rival":[2,1,4,3],"partner":[3,4,1,2],"merger_pairs":[1,2,1,2,3,4,4,3],"outcomes":[1,0,1,0,1,0,0,0,0,0,1,0,1,0,1,0,0,0,1,0,0,1,0,0,1,0,0,0,1,1,0,0,0,0,1,0,0,0,0,0,1,1,1,1,2],"ownership":[0,3,0,3,0,0,4,4,0,1,0,1,0,0,2,2],"S":[1,1,1,1,1,1,1,1,1,1,1,1,1,1,0,0,0,1,0,1,0,1,0,1,1,1,1,1,1,1,1,1,1,1,1,1,1,1,1,1,1,1,0,0,0,0,1,0,1,0,1,1,1,1,1,1,0,1,1,0,0,1,1,1,1,0,1,3,1,3,0,0,1,0,0,0,0,1,1,0,0,0,1,1],"ms":14,"mc":[0.06108198627980489,0.06108198627980489,0.06108198627980489,0.06108198627980489,0.06108198627980489,0.06108198627980489,0.06108198627980489,0.06108198627980489,0.06108198627980489,0.06108198627980489,0.06108198627980489,0.06108198627980489,0.06108198627980489,0.06108198627980489,0.0,0.0,0.0,0.06108198627980489,0.0,0.06108198627980489,0.0,0.06108198627980489,0.0,0.06108198627980489,0.06108198627980489,0.06108198627980489,0.06108198627980489,0.06108198627980489,1.0,1.0,1.0,1.0,1.0,1.0,1.0,1.0,1.0,1.0,1.0,1.0,1.0,1.0,0.0,0.0,0.0,0.0,1.0,0.0,1.0,0.0,1.0,1.0,1.0,1.0,1.0,1.0],"db":[0.9389180137201951,0.9389180137201951,0.9389180137201951,0.9389180137201951,0.9389180137201951,0.9389180137201951,0.9389180137201951,0.9389180137201951,0.9389180137201951,0.9389180137201951,0.9389180137201951,0.9389180137201951,0.9389180137201951,0.9389180137201951,1.0,1.0,1.0,0.9389180137201951,1.0,0.9389180137201951,1.0,0.9389180137201951,1.0,0.9389180137201951,0.9389180137201951,0.9389180137201951,0.9389180137201951,0.9389180137201951,0.0,0.0,0.0,0.0,0.0,0.0,0.0,0.0,0.0,0.0,0.0,0.0,0.0,0.0,1.0,1.0,1.0,1.0,0.0,1.0,0.0,1.0,0.0,0.0,0.0,0.0,0.0,0.0],"P":[1.669826957870672,2.5201252686834565,1.2600626343417283,1.3628603009544162,2.1390288911720026,8.046830135863155e-8,2.685948721291551,1.2600626343327688,1.2600626343417283,1.6043082441989858,1.442561702841909,1.444688063983238,1.0343373879360962,0.8820138990176181,0.5,0.5,0.5,1.3628602913702508,0.5,1.1740088804129611,0.5,0.46945900686009756,0.5,1.6043082293735642,1.5791734010225464,1.4446880603690415,1.364301275096832,0.8820138909468355,1.6698269276790343,0.0,1.2600626343417283,2.1390288685198615,1.3628602490963642,2.685948648328855,0.0,1.2600626343327688,1.2600626343417283,1.604308202024635,1.4425616690524508,1.4446880261626518,1.0343373879360962,0.8820138990176181,0.5,0.5,0.5,0.5,1.3628602581010112,0.5,1.174008802994142,0.5,0.0,1.6043082079552056,1.5791733656202245,1.4446880330623726,1.3643012372243957,0.8820138909468355],"V":[12.557809475808238,14.482035698715372,10.933101876575584,10.801208140562611,13.926859489034062,9.874113971524281,15.738283302628114,10.159989107339598,10.159989077205841,11.783050410570935,11.952878348122644,11.670303283359114,8.73594816661713,7.64026652439523,0.0,0.0,0.0,10.801208144356938,0.0,10.191326188338987,0.0,5.811289980064723,0.0,11.783050419523448,11.604203541141072,11.670303296342135,7.452852623801249,7.640266577809572,12.557809221206659,11.586558140906298,10.933101876575584,13.926859210844585,10.801207906941928,15.738282390808887,9.874113099617539,10.159989107339598,10.159989077205841,11.78305016953976,11.952877562696298,11.6703025279986,8.73594816661713,7.64026652439523,0.0,0.0,0.0,0.0,10.801207904558083,0.0,10.191325942269783,0.0,5.811289857093682,11.783050165958514,11.604203291438576,11.67030250321326,7.452852421544539,7.640266577809572],"D":[0.40113555161962094,0.603194328295268,0.603194328295268,0.26624906278787963,0.5324981330843814,0.47947442752951336,0.6276920731621956,0.6031943282995569,0.603194328295268,0.3766783728088213,0.42044432271174137,0.40390452316593894,0.5165987459360506,0.4331155092179709,0.0,0.0,0.0,0.26624906533965476,0.0,0.14821764404694013,0.0,0.0,0.0,0.37667837839323703,0.3667573160380565,0.40390452462572923,0.26702404664240365,0.4331155162091332,0.40113555161962094,0.603194328295268,0.603194328295268,0.5324981281275344,0.2662490677409302,0.6276920715764535,0.47947442908607113,0.6031943282995569,0.603194328295268,0.37667837671798804,0.42044432239580554,0.4039045252892483,0.5165987459360506,0.4331155092179709,0.0,0.0,0.0,0.0,0.2662490653434513,0.0,0.1482176440761244,0.0,0.0,0.3766783744840704,0.36675731635399234,0.4039045225024198,0.26702404664240365,0.4331155162091332],"Q":[0.40113555161962094,0.603194328295268,0.603194328295268,0.26624906278787963,0.2662490677409302,0.47947442752951336,0.47947442908607113,0.6031943282995569,0.603194328295268,0.18833918696289007,0.22455927384557528,0.20195226227967658,0.5165987459360506,0.4331155092179709,0.0,0.0,0.0,0.0,0.0,0.0,0.0,0.0,0.0,0.1883391886381391,0.17087226748782627,0.2019522616161575,0.26702404664240365,0.4331155162091332,0.0,0.0,0.0,0.0,0.2662490653434513,0.0,0.1482176440761244,0.0,0.0,0.1883391858459313,0.1958850488661661,0.20195226088626234,0.0,0.0,0.0,0.0,0.0,0.26624906533965476,0.0,0.14821764404694013,0.0,0.0,0.0,0.18833918975509797,0.19588504855023023,0.20195226300957173,0.0,0.0,0.0,0.0,0.0,0.0,0.0,0.0,0.0,0.0,0.0,0.0,0.0,0.0,0.0,0.0,0.0,0.0,0.0,0.0,0.0,0.0,0.0,0.0,0.0,0.0,0.0,0.0,0.0,0.0,0.0,0.0,0.0,0.0,0.0,0.0,0.0,0.0,0.0,0.0,0.0,0.0,0.0,0.0,0.0,0.0,0.0,0.0,0.0,0.0,0.0,0.0,0.0,0.0,0.0,0.0,0.0,0.0,0.5988644483803791,0.3968056717047321,0.3968056717047321,0.46750187187246567,0.46750186691561857,0.3723079284235465,0.37230792683780445,0.3968056717004432,0.3968056717047321,0.24664324879794142,0.21279836125020224,0.19219095220833174,0.21637720742154584,0.13376897457289597],"PI":[0.6698269578547655,1.5201252686634492,0.7600626343317246,0.3628602778399209,1.1390288911626458,3.8582492728202224e-8,1.6859487212748419,0.7600626343317246,0.7600626343317246,0.6043082189086512,0.6065168781212628,0.5835160436066732,0.5343373974825576,0.3820138990103436,0.0,0.0,0.0,0.3628602787658588,0.0,0.17400883034499498,0.0,0.0,0.0,0.6043082222833596,0.5791733981177186,0.5835160442558245,0.3643012473157472,0.38201390168106475,0.6698269457438263,0.0,0.7600626343317246,1.1390288684975842,0.36286027078307886,1.685948671217514,0.0,0.7600626343317246,0.7600626343317246,0.6043082092939935,0.60651686345892,0.583516031398287,0.5343373974825576,0.3820138990103436,0.0,0.0,0.0,0.0,0.362860269913129,0.0,0.17400881890442257,0.0,0.0,0.6043082079440187,0.5791733856325755,0.5835160301590177,0.36430123720289603,0.38201390168106475],"CS":[0.5127200030025234,0.9243086100628561,0.9243086100628561,0.7603519262561373,0.7603519368589764,0.9880340025377214,0.9880340067969433,0.9243086100736648,0.9243086100628561,1.3998123232645057,1.5474102224362065,1.6492658584326088,1.5307320637051236,2.0116410373024682],"pr_entry":[0.0,0.0,0.0,0.0,0.0,0.0,0.0,0.0,0.0,0.0,0.0,0.0,0.0,0.0,0.25,0.25,0.14528223110810753,0.0,0.25,0.0,0.25,0.0,0.18632130052159454,0.0,0.0,0.0,0.0,0.0,0.0,0.0,0.0,0.0,0.0,0.0,0.0,0.0,0.0,0.0,0.0,0.0,0.0,0.0,0.25,0.25,0.1452822280338321,0.25,0.0,0.25,0.0,0.18632129546517723,0.0,0.0,0.0,0.0,0.0,0.0],"pr_exit":[0.0,0.0,0.0,0.0,0.0,0.25,0.0,0.25,0.0,0.0,0.0,0.0,0.0,0.0,0.0,0.0,0.0,0.0,0.0,0.0,0.0,0.0,0.0,0.0,0.0,0.0,0.0,0.0,0.0,0.0,0.0,0.0,0.0,0.0,0.25,0.0,0.25,0.0,0.0,0.0,0.0,0.0,0.0,0.0,0.0,0.0,0.0,0.0,0.0,0.0,0.0,0.0,0.0,0.0,0.0,0.0],"pr_merger":[0.229663018899116,0.0,0.0,0.187040147715833,0.18704014684277448,0.0,0.0,0.0,0.0,0.08491383267411434,0.0,0.0,0.0,0.0,0.0,0.0,0.0,0.0,0.0,0.0,0.0,0.0,0.0,0.08491383133129737,0.033049741743934824,0.0,0.09370702756833893,0.0,0.0,0.0,0.0,0.0,0.187040147513573,0.0,0.0,0.0,0.0,0.08491383356942572,0.0,0.0,0.0,0.0,0.0,0.0,0.0,0.18704014644486477,0.0,0.0,0.0,0.0,0.0,0.08491383043598599,0.0,0.0,0.0,0.0],"pr_bundling":[0.0,0.0,0.0,0.0,0.0,0.0,0.0,0.0,0.0,0.0,0.0,0.0,0.0,0.0,0.0,0.0,0.0,0.0,0.0,0.0,0.0,0.0,0.0,0.0,0.0,0.0,0.0,0.0,0.0,0.0,0.0,0.0,0.0,0.0,0.0,0.0,0.0,0.0,0.0,0.0,0.0,0.0,0.0,0.0,0.0,0.0,0.0,0.0,0.0,0.0,0.0,0.0,0.0,0.0,0.0,0.0],