{"modelname":"privacy","policy":"nolearning","smax":[5,1],"alpha":0.7,"beta":0.95,"c":1.0,"gamma":0.0,"sigma":4.0,"p0":1.0,"accuracy":1.0e-8,"cost_entry":[0.0,10.0],"value_exit":[0.0,1.0],"cost_merger":[0.0,1.0],"cost_bundling":[0.0,1.0],"entry":true,"exit":true,"mergers":true,"bundling":true,"filename":"a70g0s40","verbose":true,"firms":[1,2,3,4],"rival":[2,1,4,3],"partner":[3,4,1,2],"merger_pairs":[1,2,1,2,3,4,4,3],"outcomes":[1,0,1,0,1,0,0,0,0,0,1,0,1,0,1,0,0,0,1,0,0,1,0,0,1,0,0,0,1,1,0,0,0,0,1,0,0,0,0,0,1,1,1,1,2],"ownership":[0,3,0,3,0,0,4,4,0,1,0,1,0,0,2,2],"S":[1,1,1,1,1,1,1,1,1,1,1,1,1,1,0,0,0,1,0,1,0,1,0,1,1,1,1,1,1,1,1,1,1,1,1,1,1,1,1,1,1,1,0,0,0,0,1,0,1,0,1,1,1,1,1,1,0,1,1,0,0,1,1,1,1,0,1,3,1,3,0,0,1,0,0,0,0,1,1,0,0,0,1,1],"ms":14,"mc":[0.06108198627980489,0.06108198627980489,0.06108198627980489,0.06108198627980489,0.06108198627980489,0.06108198627980489,0.06108198627980489,0.06108198627980489,0.06108198627980489,0.06108198627980489,0.06108198627980489,0.06108198627980489,0.06108198627980489,0.06108198627980489,0.0,0.0,0.0,0.06108198627980489,0.0,0.06108198627980489,0.0,0.06108198627980489,0.0,0.06108198627980489,0.06108198627980489,0.06108198627980489,0.06108198627980489,0.06108198627980489,1.0,1.0,1.0,1.0,1.0,1.0,1.0,1.0,1.0,1.0,1.0,1.0,1.0,1.0,0.0,0.0,0.0,0.0,1.0,0.0,1.0,0.0,1.0,1.0,1.0,1.0,1.0,1.0],"db":[0.9389180137201951,0.9389180137201951,0.9389180137201951,0.9389180137201951,0.9389180137201951,0.9389180137201951,0.9389180137201951,0.9389180137201951,0.9389180137201951,0.9389180137201951,0.9389180137201951,0.9389180137201951,0.9389180137201951,0.9389180137201951,1.0,1.0,1.0,0.9389180137201951,1.0,0.9389180137201951,1.0,0.9389180137201951,1.0,0.9389180137201951,0.9389180137201951,0.9389180137201951,0.9389180137201951,0.9389180137201951,0.0,0.0,0.0,0.0,0.0,0.0,0.0,0.0,0.0,0.0,0.0,0.0,0.0,0.0,1.0,1.0,1.0,1.0,0.0,1.0,0.0,1.0,0.0,0.0,0.0,0.0,0.0,0.0],"P":[1.2911334763544595,2.4008756623201677,1.2004378311600838,0.4480527895091194,2.156288850728529,3.362900513059881e-8,2.4573728625394735,1.200437831162777,1.2004378311600838,0.4999464929713105,0.49991084548578585,0.4998930467969099,0.3345190831066287,0.24999275347248628,0.5,0.5,0.5,0.4480527927666271,0.5,0.3125137847601766,0.5,0.46945900686009756,0.5,0.4999464898151772,0.4999286752088972,0.49989304418254155,0.3991056058166151,0.24999275435263513,1.291133452582682,0.0,1.2004378311600838,2.156288842916978,0.44805278114594704,2.457372833449895,0.0,1.200437831162777,1.2004378311600838,0.4999464938882969,0.4999108462221423,0.499893047154143,0.3345190831066287,0.24999275347248628,0.5,0.5,0.5,0.5,0.4480527834465294,0.5,0.3125137700014338,0.5,0.0,0.499946491666183,0.4999286767408116,0.49989304494751824,0.39910559708514676,0.24999275435263513],"V":[13.721592148682992,22.05184893498958,15.172583778087384,3.6330238740204326,16.45008545266035,4.4489774899731565,17.53234093102907,11.357092516490406,11.357092424583199,4.998926419325816,4.998748811018578,4.9983927846265095,4.190379095508477,2.4998537876198528,0.0,0.0,0.0,3.6330238765189957,0.0,2.1104239840329466,0.0,1.7480485188037957,0.0,4.99892645087668,4.998570129554648,4.998392810756209,2.982110186774219,2.49985377881914,13.721592119884262,7.736066000492179,15.172583778087384,16.45008549009632,3.633023831372529,17.532340142454892,4.44897655096538,11.357092516490406,11.357092424583199,4.99892643783279,4.998748106469985,4.998391846945906,4.190379095508477,2.4998537876198528,0.0,0.0,0.0,0.0,3.6330238331265017,0.0,2.1104239538535086,0.0,1.748048496386544,4.998926460046548,4.998570136917985,4.998391869000339,2.9821101215328483,2.49985377881914],"D":[0.8063716810329372,0.8958713256913469,0.8958713256913469,0.44203003268085855,0.8840600600243778,0.6982300744412309,0.8982653370568071,0.895871325689337,0.8958713256913469,0.49994648720160995,0.4999643296134165,0.4999465106151251,0.6263292400512265,0.499985511782901,0.0,0.0,0.0,0.4420300269211935,0.0,0.20003526249231776,0.0,0.0,0.0,0.49994649351320103,0.4999286739826414,0.4999465158433024,0.37359937321401643,0.4999855082624077,0.8063716810329372,0.8958713256913469,0.8958713256913469,0.884060059602052,0.4420300320460419,0.8982653369335486,0.698230086273535,0.895871325689337,0.8958713256913469,0.49994648813552944,0.4999643304088893,0.499946511022825,0.6263292400512265,0.499985511782901,0.0,0.0,0.0,0.0,0.44203002797833585,0.0,0.20003525078327208,0.0,0.0,0.49994649257928153,0.4999286731871686,0.4999465154356024,0.37359937321401643,0.4999855082624077],"Q":[0.8063716810329372,0.8958713256913469,0.8958713256913469,0.44203003268085855,0.4420300320460419,0.6982300744412309,0.698230086273535,0.895871325689337,0.8958713256913469,0.24997324248986696,0.2499910794300176,0.24997325420436817,0.6263292400512265,0.499985511782901,0.0,0.0,0.0,0.0,0.0,0.0,0.0,0.0,0.0,0.24997324786753855,0.24995542300376972,0.24997325902484555,0.37359937321401643,0.4999855082624077,0.0,0.0,0.0,0.0,0.44203002797833585,0.0,0.20003525078327208,0.0,0.0,0.24997324471174298,0.2499732501833989,0.24997325641075688,0.0,0.0,0.0,0.0,0.0,0.4420300269211935,0.0,0.20003526249231776,0.0,0.0,0.0,0.24997324564566248,0.24997325097887169,0.24997325681845683,0.0,0.0,0.0,0.0,0.0,0.0,0.0,0.0,0.0,0.0,0.0,0.0,0.0,0.0,0.0,0.0,0.0,0.0,0.0,0.0,0.0,0.0,0.0,0.0,0.0,0.0,0.0,0.0,0.0,0.0,0.0,0.0,0.0,0.0,0.0,0.0,0.0,0.0,0.0,0.0,0.0,0.0,0.0,0.0,0.0,0.0,0.0,0.0,0.0,0.0,0.0,0.0,0.0,0.0,0.0,0.0,0.0,0.0,0.19362831896706278,0.10412867430865304,0.10412867430865304,0.11593994039794792,0.11593993997562219,0.10173466306645132,0.10173466294319286,0.10412867431066293,0.10412867430865304,0.00010701928518907556,0.00010699640394203274,0.0001069735415726226,7.138673475708801e-5,2.8979954691453782e-5],"PI":[1.0411334717658456,2.150875662422859,1.0754378312114294,0.1980527891894659,1.9062888508049598,2.348078275572254e-8,2.207372862643271,1.0754378312114297,1.0754378312114294,0.24994649294977106,0.24993759072977717,0.2499197844268785,0.20951908310480782,0.12499275478695766,0.0,0.0,0.0,0.1980527880487481,0.0,0.06251377696696962,0.0,0.0,0.0,0.24994649452733111,0.2499286796830826,0.24991978573336368,0.1491056041792877,0.1249927543469215,1.0411334525969576,0.0,1.0754378312114294,1.9062888429884233,0.19805278520826117,2.207372836210219,0.0,1.0754378312114297,1.0754378312114294,0.24994649387512496,0.24993759149559464,0.24991978480928234,0.20951908310480782,0.12499275478695766,0.0,0.0,0.0,0.0,0.19805278440264062,0.0,0.06251377035546263,0.0,0.0,0.2499464949858252,0.24992868005125085,0.24991978591200473,0.1491056009172166,0.1249927543469215],"CS":[0.41045370979514617,0.5655319729099146,0.5655319729099146,0.5386707442868446,0.5386707451975008,0.571346799388555,0.571346799691447,0.5655319729050892,0.5655319729099146,2.2856253760827245,2.285678833021379,2.285732257275524,2.3868496233988163,2.6122265461287144],"pr_entry":[0.0,0.0,0.0,0.0,0.0,0.0,0.0,0.0,0.0,0.0,0.0,0.0,0.0,0.0,0.09082559260468415,0.052760595665299656,0.04370120944146956,0.0,0.12497315674603546,0.0,0.12496424868083067,0.0,0.07455275217355083,0.0,0.0,0.0,0.0,0.0,0.0,0.0,0.0,0.0,0.0,0.0,0.0,0.0,0.0,0.0,0.0,0.0,0.0,0.0,0.09082559151987177,0.05276059491081379,0.043701208881038366,0.12497315697528219,0.0,0.12496424886491408,0.0,0.07455275054251664,0.0,0.0,0.0,0.0,0.0,0.0],"pr_exit":[0.0,0.0,0.0,0.0,0.0,0.25,0.0,0.25,0.0,0.0,0.0,0.0,0.0,0.0,0.0,0.0,0.0,0.0,0.0,0.0,0.0,0.0,0.0,0.0,0.0,0.0,0.0,0.0,0.0,0.0,0.0,0.0,0.0,0.0,0.25,0.0,0.25,0.0,0.0,0.0,0.0,0.0,0.0,0.0,0.0,0.0,0.0,0.0,0.0,0.0,0.0,0.0,0.0,0.0,0.0,0.0],"pr_merger":[0.25,0.0,0.0,0.25,0.25,0.0,0.0,0.0,0.0,0.0,0.0,0.0,0.0,0.0,0.0,0.0,0.0,0.0,0.0,0.0,0.0,0.0,0.0,0.0,0.0,0.0,0.0,0.0,0.0,0.0,0.0,0.0,0.25,0.0,0.0,0.0,0.0,0.0,0.0,0.0,0.0,0.0,0.0,0.0,0.0,0.25,0.0,0.0,0.0,0.0,0.0,0.0,0.0,0.0,0.0,0.0],"pr_bundling":[0.0,0.17851193878801785,0.0,0.0,0.0,0.25,0.25,0.0,0.0,0.0,0.0,0.0,0.0,0.0,0.0,0.0,0.0,0.0,0.0,0.0,0.0,0.0,0.0,0.0,0.0,0.0,0.0,0.0,0.0,0.17851193878801785,0.0,0.0,0.0,0.25,0.25,0.0,0.0,0.0,0.0,0.0,0.0,0.0,0.0,0.0,0.0,0.0,0.0,0.0,0.0,0.0,0.0,0.0,0.0,0.0,0.0,0.0],