{"modelname":"privacy","policy":"nolearning","smax":[5,1],"alpha":0.7,"beta":0.95,"c":1.0,"gamma":0.0,"sigma":5.0,"p0":1.0,"accuracy":1.0e-8,"cost_entry":[0.0,10.0],"value_exit":[0.0,1.0],"cost_merger":[0.0,1.0],"cost_bundling":[0.0,1.0],"entry":true,"exit":true,"mergers":true,"bundling":true,"filename":"a70g0s50","verbose":true,"firms":[1,2,3,4],"rival":[2,1,4,3],"partner":[3,4,1,2],"merger_pairs":[1,2,1,2,3,4,4,3],"outcomes":[1,0,1,0,1,0,0,0,0,0,1,0,1,0,1,0,0,0,1,0,0,1,0,0,1,0,0,0,1,1,0,0,0,0,1,0,0,0,0,0,1,1,1,1,2],"ownership":[0,3,0,3,0,0,4,4,0,1,0,1,0,0,2,2],"S":[1,1,1,1,1,1,1,1,1,1,1,1,1,1,0,0,0,1,0,1,0,1,0,1,1,1,1,1,1,1,1,1,1,1,1,1,1,1,1,1,1,1,0,0,0,0,1,0,1,0,1,1,1,1,1,1,0,1,1,0,0,1,1,1,1,0,1,3,1,3,0,0,1,0,0,0,0,1,1,0,0,0,1,1],"ms":14,"mc":[0.06108198627980489,0.06108198627980489,0.06108198627980489,0.06108198627980489,0.06108198627980489,0.06108198627980489,0.06108198627980489,0.06108198627980489,0.06108198627980489,0.06108198627980489,0.06108198627980489,0.06108198627980489,0.06108198627980489,0.06108198627980489,0.0,0.0,0.0,0.06108198627980489,0.0,0.06108198627980489,0.0,0.06108198627980489,0.0,0.06108198627980489,0.06108198627980489,0.06108198627980489,0.06108198627980489,0.06108198627980489,1.0,1.0,1.0,1.0,1.0,1.0,1.0,1.0,1.0,1.0,1.0,1.0,1.0,1.0,0.0,0.0,0.0,0.0,1.0,0.0,1.0,0.0,1.0,1.0,1.0,1.0,1.0,1.0],"db":[0.9389180137201951,0.9389180137201951,0.9389180137201951,0.9389180137201951,0.9389180137201951,0.9389180137201951,0.9389180137201951,0.9389180137201951,0.9389180137201951,0.9389180137201951,0.9389180137201951,0.9389180137201951,0.9389180137201951,0.9389180137201951,1.0,1.0,1.0,0.9389180137201951,1.0,0.9389180137201951,1.0,0.9389180137201951,1.0,0.9389180137201951,0.9389180137201951,0.9389180137201951,0.9389180137201951,0.9389180137201951,0.0,0.0,0.0,0.0,0.0,0.0,0.0,0.0,0.0,0.0,0.0,0.0,0.0,0.0,1.0,1.0,1.0,1.0,0.0,1.0,0.0,1.0,0.0,0.0,0.0,0.0,0.0,0.0],"P":[1.2990689001577618,2.4544492862468967,1.2272246431234484,0.3672837821821623,2.245270119673598,3.113437410118597e-8,2.500516612319117,1.2272246431234557,1.2272246431234484,0.39999773564555796,0.3999962245941254,0.399995469131356,0.2676380355669541,0.1999996943781395,0.5,0.5,0.5,0.3672837804299162,0.5,0.25122832086416186,0.5,0.46945900686009756,0.5,0.39999773790689286,0.39999698240490067,0.39999547139908836,0.31930274292079547,0.19999969550705698,1.2990688641968968,0.0,1.2272246431234484,2.2452701128567507,0.36728377268851053,2.5005165859185112,0.0,1.2272246431234557,1.2272246431234484,0.39999773159497437,0.3999962205445833,0.39999546507915945,0.2676380355669541,0.1999996943781395,0.5,0.5,0.5,0.5,0.36728377495191095,0.5,0.2512283102330656,0.5,0.0,0.39999772980387216,0.3999969742977358,0.39999546328939656,0.31930273481801713,0.19999969550705698],"V":[15.482416870203254,25.901028441639156,16.974261451408793,2.882212512726089,18.93317043363242,4.001168860796264,19.866965202715598,12.348707687465316,12.348707566186553,3.999952784257265,3.9999456369133783,3.9999305771507503,3.3527593901951747,1.999993247961451,0.0,0.0,0.0,2.8822125112762653,0.0,1.5284362150346404,0.0,1.2676125114183423,0.0,3.999952761644682,3.9999376293083087,3.9999305544740835,2.3860538118398216,1.9999932366723294,15.482416837045056,7.512471121033874,16.974261451408793,18.933170533954765,2.8822124549270907,19.866964476445524,4.001167913142994,12.348707687465316,12.348707566186553,3.9999527032283115,3.999944880616451,3.9999296964647555,3.3527593901951747,1.999993247961451,0.0,0.0,0.0,0.0,2.8822124553591064,0.0,1.528436187905684,0.0,1.2676124943290632,3.9999527211387202,3.9999375888129793,3.9999297143618713,2.3860537512901936,1.9999932366723294],"D":[0.8460435736042896,0.9185153260324236,0.9185153260324236,0.45546192689635534,0.9109238580545285,0.7161051362924216,0.9200165282366709,0.9185153260324181,0.9185153260324236,0.4999971695025459,0.49999811396610355,0.49999716957475915,0.6263610297750607,0.4999992359066384,0.0,0.0,0.0,0.455461930886762,0.0,0.20391139187454627,0.0,0.0,0.0,0.49999716384924053,0.499996219449901,0.4999971639054603,0.37363519117554217,0.4999992302620594,0.8460435736042896,0.9185153260324236,0.9185153260324236,0.9109238577831174,0.4554619316044961,0.9200165281669679,0.7161051526177391,0.9185153260324181,0.9185153260324236,0.49999716443702813,0.4999981088941039,0.49999716450291876,0.6263610297750607,0.4999992359066384,0.0,0.0,0.0,0.0,0.45546192645003236,0.0,0.2039113756189318,0.0,0.0,0.4999971689147583,0.4999962245219006,0.49999716897730073,0.37363519117554217,0.4999992302620594],"Q":[0.8460435736042896,0.9185153260324236,0.9185153260324236,0.45546192689635534,0.4554619316044961,0.7161051362924216,0.7161051526177391,0.9185153260324181,0.9185153260324236,0.2499985836318404,0.2499995280769951,0.24999858366878408,0.6263610297750607,0.4999992359066384,0.0,0.0,0.0,0.0,0.0,0.0,0.0,0.0,0.0,0.2499985830440528,0.24999763863279217,0.24999858307132564,0.37363519117554217,0.4999992302620594,0.0,0.0,0.0,0.0,0.45546192645003236,0.0,0.2039113756189318,0.0,0.0,0.24999858587070548,0.24999858588910845,0.2499985859059751,0.0,0.0,0.0,0.0,0.0,0.455461930886762,0.0,0.20391139187454627,0.0,0.0,0.0,0.24999858080518775,0.24999858081710882,0.24999858083413465,0.0,0.0,0.0,0.0,0.0,0.0,0.0,0.0,0.0,0.0,0.0,0.0,0.0,0.0,0.0,0.0,0.0,0.0,0.0,0.0,0.0,0.0,0.0,0.0,0.0,0.0,0.0,0.0,0.0,0.0,0.0,0.0,0.0,0.0,0.0,0.0,0.0,0.0,0.0,0.0,0.0,0.0,0.0,0.0,0.0,0.0,0.0,0.0,0.0,0.0,0.0,0.0,0.0,0.0,0.0,0.0,0.0,0.0,0.15395642639571047,0.08148467396757633,0.08148467396757633,0.0890761422168827,0.08907614194547155,0.07998347183303205,0.07998347176332911,0.08148467396758179,0.08148467396757633,5.666648213589276e-6,5.6665839954483e-6,5.666519780449905e-6,3.7790493972260457e-6,1.5338313021837901e-6],"PI":[1.0990688946476668,2.2544492863871177,1.1272246431935589,0.1672837791504689,2.0452701197876264,2.229548520910902e-8,2.3005166124639556,1.1272246431935589,1.1272246431935589,0.1999977356302066,0.19999735789062467,0.19999660240840594,0.16763803556469167,0.09999969437063096,0.0,0.0,0.0,0.16728377981799916,0.0,0.05122831658571635,0.0,0.0,0.0,0.19999773449955827,0.1999969789938189,0.19999660127457183,0.1193027413940864,0.09999969380617475,1.0990688642232083,0.0,1.1272246431935589,2.045270112968607,0.16728377655569568,2.300516588000668,0.0,1.1272246431935589,1.1272246431935589,0.19999773157873063,0.19999735383708056,0.19999659835360598,0.16763803556469167,0.09999969437063096,0.0,0.0,0.0,0.0,0.1672837756934375,0.0,0.05122831033404416,0.0,0.0,0.19999773247426653,0.1999969769690516,0.1999965992484621,0.11930273836660328,0.09999969380617475],"CS":[0.37421713241750654,0.5014680651792862,0.5014680651792862,0.48365274889617416,0.48365274950556536,0.5051870535481011,0.5051870537223946,0.5014680651792729,0.5014680651792862,2.4161825518013784,2.4161848183442247,2.41618708480184,2.497207612435013,2.6775483667134834],"pr_entry":[0.0,0.0,0.0,0.0,0.0,0.0,0.0,0.0,0.0,0.0,0.0,0.0,0.0,0.0,0.0720553104369446,0.038210903213328276,0.03169031082190023,0.0,0.09999881650381905,0.0,0.0999984381661708,0.0,0.05965134395909829,0.0,0.0,0.0,0.0,0.0,0.0,0.0,0.0,0.0,0.0,0.0,0.0,0.0,0.0,0.0,0.0,0.0,0.0,0.0,0.07205530903901583,0.03821090253510443,0.03169031039466832,0.09999881549116985,0.0,0.09999843715378758,0.0,0.059651342445357636,0.0,0.0,0.0,0.0,0.0,0.0],"pr_exit":[0.0,0.0,0.0,0.0,0.0,0.25,0.0,0.25,0.0,0.0,0.0,0.0,0.0,0.0,0.0,0.0,0.0,0.0,0.0,0.0,0.0,0.0,0.0,0.0,0.0,0.0,0.0,0.0,0.0,0.0,0.0,0.0,0.0,0.0,0.25,0.0,0.25,0.0,0.0,0.0,0.0,0.0,0.0,0.0,0.0,0.0,0.0,0.0,0.0,0.0,0.0,0.0,0.0,0.0,0.0,0.0],"pr_merger":[0.25,0.0,0.0,0.25,0.25,0.0,0.0,0.0,0.0,0.0,0.0,0.0,0.0,0.0,0.0,0.0,0.0,0.0,0.0,0.0,0.0,0.0,0.0,0.0,0.0,0.0,0.0,0.0,0.0,0.0,0.0,0.0,0.25,0.0,0.0,0.0,0.0,0.0,0.0,0.0,0.0,0.0,0.0,0.0,0.0,0.25,0.0,0.0,0.0,0.0,0.0,0.0,0.0,0.0,0.0,0.0],"pr_bundling":[0.0,0.16953913367466988,0.0,0.0,0.0,0.25,0.25,0.0,0.0,0.0,0.0,0.0,0.0,0.0,0.0,0.0,0.0,0.0,0.0,0.0,0.0,0.0,0.0,0.0,0.0,0.0,0.0,0.0,0.0,0.16953913367466988,0.0,0.0,0.0,0.25,0.25,0.0,0.0,0.0,0.0,0.0,0.0,0.0,0.0,0.0,0.0,0.0,0.0,0.0,0.0,0.0,0.0,0.0,0.0,0.0,0.0,0.0],