{"modelname":"privacy","policy":"nolearning","smax":[5,1],"alpha":0.7,"beta":0.95,"c":1.0,"gamma":0.0,"sigma":2.0,"p0":1.0,"accuracy":1.0e-8,"cost_entry":[0.0,10.0],"value_exit":[0.0,1.0],"cost_merger":[0.0,1.0],"cost_bundling":[0.0,1.0],"entry":true,"exit":true,"mergers":true,"bundling":true,"filename":"a70g0s20","verbose":true,"firms":[1,2,3,4],"rival":[2,1,4,3],"partner":[3,4,1,2],"merger_pairs":[1,2,1,2,3,4,4,3],"outcomes":[1,0,1,0,1,0,0,0,0,0,1,0,1,0,1,0,0,0,1,0,0,1,0,0,1,0,0,0,1,1,0,0,0,0,1,0,0,0,0,0,1,1,1,1,2],"ownership":[0,3,0,3,0,0,4,4,0,1,0,1,0,0,2,2],"S":[1,1,1,1,1,1,1,1,1,1,1,1,1,1,0,0,0,1,0,1,0,1,0,1,1,1,1,1,1,1,1,1,1,1,1,1,1,1,1,1,1,1,0,0,0,0,1,0,1,0,1,1,1,1,1,1,0,1,1,0,0,1,1,1,1,0,1,3,1,3,0,0,1,0,0,0,0,1,1,0,0,0,1,1],"ms":14,"mc":[0.06108198627980489,0.06108198627980489,0.06108198627980489,0.06108198627980489,0.06108198627980489,0.06108198627980489,0.06108198627980489,0.06108198627980489,0.06108198627980489,0.06108198627980489,0.06108198627980489,0.06108198627980489,0.06108198627980489,0.06108198627980489,0.0,0.0,0.0,0.06108198627980489,0.0,0.06108198627980489,0.0,0.06108198627980489,0.0,0.06108198627980489,0.06108198627980489,0.06108198627980489,0.06108198627980489,0.06108198627980489,1.0,1.0,1.0,1.0,1.0,1.0,1.0,1.0,1.0,1.0,1.0,1.0,1.0,1.0,0.0,0.0,0.0,0.0,1.0,0.0,1.0,0.0,1.0,1.0,1.0,1.0,1.0,1.0],"db":[0.9389180137201951,0.9389180137201951,0.9389180137201951,0.9389180137201951,0.9389180137201951,0.9389180137201951,0.9389180137201951,0.9389180137201951,0.9389180137201951,0.9389180137201951,0.9389180137201951,0.9389180137201951,0.9389180137201951,0.9389180137201951,1.0,1.0,1.0,0.9389180137201951,1.0,0.9389180137201951,1.0,0.9389180137201951,1.0,0.9389180137201951,0.9389180137201951,0.9389180137201951,0.9389180137201951,0.9389180137201951,0.0,0.0,0.0,0.0,0.0,0.0,0.0,0.0,0.0,0.0,0.0,0.0,0.0,0.0,1.0,1.0,1.0,1.0,0.0,1.0,0.0,1.0,0.0,0.0,0.0,0.0,0.0,0.0],"P":[1.3398154872317343,2.2987878990742807,1.1493939495371404,0.7963387324397884,1.9550568248382774,2.9890784526418334e-8,2.4005881779675984,1.149393949537287,1.1493939495371404,0.9684322237441751,0.9502920988524375,0.9440135611227342,0.6499673309686517,0.49502882740696275,0.5,0.5,0.5,0.7963387298001254,0.5,0.6100822813380248,0.5,0.46945900686009756,0.5,0.9684322204790619,0.9606157397511907,0.9440135661881053,0.7830025554569626,0.4950288243745713,1.3398154708747525,0.0,1.1493939495371404,1.9550568102240002,0.7963387082420539,2.4005881518156413,0.0,1.149393949537287,1.1493939495371404,0.9684322135912485,0.9502920878202996,0.9440135473437992,0.6499673309686517,0.49502882740696275,0.5,0.5,0.5,0.5,0.7963387147577745,0.5,0.610082264327322,0.5,0.0,0.9684322096672888,0.9606157284747112,0.9440135515199414,0.7830025290527399,0.4950288243745713],"V":[11.5555932749363,14.096306599330616,12.1873466600462,8.572631840679032,13.067801393699725,7.572816157270563,14.643666512669833,10.707340443210564,10.707340376649357,9.368628565850312,9.303416587706197,9.160188517530488,7.999333428586913,4.900568941797848,0.0,0.0,0.0,8.572631851348177,0.0,7.908192551430981,0.0,4.1255359524504955,0.0,9.368628595442825,9.212299220322773,9.160188473882563,5.66004141051899,4.900568971220266,11.555593189935466,9.87021855147645,12.1873466600462,13.067801295622832,8.572631748998814,14.64366617800655,7.572815800260905,10.707340443210564,10.707340376649357,9.368628461458272,9.303416261975475,9.160187503451285,7.999333428586913,4.900568941797848,0.0,0.0,0.0,0.0,8.572631757446725,0.0,7.908192458028238,0.0,4.125535851047436,9.368628497022032,9.21229911445557,9.160187467465803,5.660041219652477,4.900568971220266],"D":[0.6268142854254647,0.7824940699499425,0.7824940699499425,0.3721264770408779,0.7442529579519324,0.6112793048823156,0.7917177112832076,0.7824940699498427,0.7824940699499425,0.48370160278665686,0.4895038098292622,0.48517329706470363,0.6153652836290728,0.4949789059564319,0.0,0.0,0.0,0.37212647900545487,0.0,0.18043840613594256,0.0,0.0,0.0,0.48370160594533795,0.47950051254884274,0.485173292149538,0.36143246432193393,0.49497891196031113,0.6268142854254647,0.7824940699499425,0.7824940699499425,0.7442529560463328,0.37212648140063836,0.7917177110182582,0.6112793086756617,0.7824940699498427,0.7824940699499425,0.4837016024679718,0.4895038097108908,0.48517329663327347,0.6153652836290728,0.4949789059564319,0.0,0.0,0.0,0.0,0.37212647655129405,0.0,0.18043840260754587,0.0,0.0,0.48370160626402303,0.47950051266721416,0.4851732925809682,0.36143246432193393,0.49497891196031113],"Q":[0.6268142854254647,0.7824940699499425,0.7824940699499425,0.3721264770408779,0.37212648140063836,0.6112793048823156,0.6112793086756617,0.7824940699498427,0.7824940699499425,0.24185080044431562,0.2472785458700173,0.24258664954542816,0.6153652836290728,0.4949789059564319,0.0,0.0,0.0,0.0,0.0,0.0,0.0,0.0,0.0,0.2418508039216818,0.2372752487079692,0.2425866450616927,0.36143246432193393,0.49497891196031113,0.0,0.0,0.0,0.0,0.37212647655129405,0.0,0.18043840260754587,0.0,0.0,0.24185080234234127,0.24222526395924493,0.24258664751927547,0.0,0.0,0.0,0.0,0.0,0.37212647900545487,0.0,0.18043840613594256,0.0,0.0,0.0,0.24185080202365616,0.2422252638408735,0.24258664708784533,0.0,0.0,0.0,0.0,0.0,0.0,0.0,0.0,0.0,0.0,0.0,0.0,0.0,0.0,0.0,0.0,0.0,0.0,0.0,0.0,0.0,0.0,0.0,0.0,0.0,0.0,0.0,0.0,0.0,0.0,0.0,0.0,0.0,0.0,0.0,0.0,0.0,0.0,0.0,0.0,0.0,0.0,0.0,0.0,0.0,0.0,0.0,0.0,0.0,0.0,0.0,0.0,0.0,0.0,0.0,0.0,0.0,0.0,0.3731857145745353,0.21750593005005753,0.21750593005005753,0.2557470439536673,0.2557470420480675,0.20828228898174186,0.20828228871679239,0.21750593005015728,0.21750593005005753,0.03259679126800499,0.030995677621894896,0.029653410785758255,0.023202252048993142,0.01004218208325697],"PI":[0.8398154872311303,1.7987878990983117,0.8993939495491559,0.29633872703401676,1.4550568248500009,1.8271617987696076e-8,1.9005881779940323,0.8993939495491557,0.8993939495491559,0.46843221881530384,0.465171602838914,0.4580101719237091,0.3999673309711558,0.24502882740679377,0.0,0.0,0.0,0.29633872761619695,0.0,0.11008227445641289,0.0,0.0,0.0,0.4684322202949318,0.4606157395731817,0.45801016974130887,0.2830025431891817,0.24502882887791724,0.8398154769783405,0.0,0.8993939495491559,1.4550568102477264,0.2963387215012451,1.9005881566530305,0.0,0.8993939495491557,0.8993939495491559,0.46843221359569204,0.4651715973261531,0.45801016483126183,0.3999673309711558,0.24502882740679377,0.0,0.0,0.0,0.0,0.2963387200641966,0.0,0.11008226923441655,0.0,0.0,0.46843221537388474,0.46061573427981345,0.4580101630319834,0.28300253364583844,0.24502882887791724],"CS":[0.4928395444724294,0.7627645821135525,0.7627645821135525,0.6817832162803155,0.6817832200058715,0.7844304804110227,0.7844304810470573,0.7627645821133231,0.7627645821135525,1.7117707114077878,1.7369537578851253,1.7590890626107942,1.8817529669718371,2.300480424681714],"pr_entry":[0.0,0.0,0.0,0.0,0.0,0.0,0.0,0.0,0.0,0.0,0.0,0.0,0.0,0.0,0.2143157728729012,0.19770479039706818,0.10313838300052076,0.0,0.23421569408283935,0.0,0.23030746001972613,0.0,0.1415010228244687,0.0,0.0,0.0,0.0,0.0,0.0,0.0,0.0,0.0,0.0,0.0,0.0,0.0,0.0,0.0,0.0,0.0,0.0,0.0,0.21431577052536516,0.19770478806199993,0.10313838046544492,0.23421569162231975,0.0,0.2303074573730463,0.0,0.1415010180528063,0.0,0.0,0.0,0.0,0.0,0.0],"pr_exit":[0.0,0.0,0.0,0.0,0.0,0.25,0.0,0.25,0.0,0.0,0.0,0.0,0.0,0.0,0.0,0.0,0.0,0.0,0.0,0.0,0.0,0.0,0.0,0.0,0.0,0.0,0.0,0.0,0.0,0.0,0.0,0.0,0.0,0.0,0.25,0.0,0.25,0.0,0.0,0.0,0.0,0.0,0.0,0.0,0.0,0.0,0.0,0.0,0.0,0.0,0.0,0.0,0.0,0.0,0.0,0.0],"pr_merger":[0.19844162186468361,0.0,0.0,0.10617236874038438,0.1061723626132407,0.0,0.0,0.0,0.0,0.0,0.0,0.0,0.0,0.0,0.0,0.0,0.0,0.0,0.0,0.0,0.0,0.0,0.0,0.0,0.0,0.0,0.0,0.0,0.0,0.0,0.0,0.0,0.1061723589135255,0.0,0.0,0.0,0.0,0.0,0.0,0.0,0.0,0.0,0.0,0.0,0.0,0.10617236496506166,0.0,0.0,0.0,0.0,0.0,0.0,0.0,0.0,0.0,0.0],