{"modelname":"privacy","policy":"nolearning","smax":[5,1],"alpha":0.8,"beta":0.95,"c":1.0,"gamma":0.0,"sigma":6.0,"p0":1.0,"accuracy":1.0e-8,"cost_entry":[0.0,10.0],"value_exit":[0.0,1.0],"cost_merger":[0.0,1.0],"cost_bundling":[0.0,1.0],"entry":true,"exit":true,"mergers":true,"bundling":true,"filename":"a80g0s60","verbose":true,"firms":[1,2,3,4],"rival":[2,1,4,3],"partner":[3,4,1,2],"merger_pairs":[1,2,1,2,3,4,4,3],"outcomes":[1,0,1,0,1,0,0,0,0,0,1,0,1,0,1,0,0,0,1,0,0,1,0,0,1,0,0,0,1,1,0,0,0,0,1,0,0,0,0,0,1,1,1,1,2],"ownership":[0,3,0,3,0,0,4,4,0,1,0,1,0,0,2,2],"S":[1,1,1,1,1,1,1,1,1,1,1,1,1,1,0,0,0,1,0,1,0,1,0,1,1,1,1,1,1,1,1,1,1,1,1,1,1,1,1,1,1,1,0,0,0,0,1,0,1,0,1,1,1,1,1,1,0,1,1,0,0,1,1,1,1,0,1,3,1,3,0,0,1,0,0,0,0,1,1,0,0,0,1,1],"ms":14,"mc":[0.023825493744511213,0.023825493744511213,0.023825493744511213,0.023825493744511213,0.023825493744511213,0.023825493744511213,0.023825493744511213,0.023825493744511213,0.023825493744511213,0.023825493744511213,0.023825493744511213,0.023825493744511213,0.023825493744511213,0.023825493744511213,0.0,0.0,0.0,0.023825493744511213,0.0,0.023825493744511213,0.0,0.023825493744511213,0.0,0.023825493744511213,0.023825493744511213,0.023825493744511213,0.023825493744511213,0.023825493744511213,1.0,1.0,1.0,1.0,1.0,1.0,1.0,1.0,1.0,1.0,1.0,1.0,1.0,1.0,0.0,0.0,0.0,0.0,1.0,0.0,1.0,0.0,1.0,1.0,1.0,1.0,1.0,1.0],"db":[0.9761745062554887,0.9761745062554887,0.9761745062554887,0.9761745062554887,0.9761745062554887,0.9761745062554887,0.9761745062554887,0.9761745062554887,0.9761745062554887,0.9761745062554887,0.9761745062554887,0.9761745062554887,0.9761745062554887,0.9761745062554887,1.0,1.0,1.0,0.9761745062554887,1.0,0.9761745062554887,1.0,0.9761745062554887,1.0,0.9761745062554887,0.9761745062554887,0.9761745062554887,0.9761745062554887,0.9761745062554887,0.0,0.0,0.0,0.0,0.0,0.0,0.0,0.0,0.0,0.0,0.0,0.0,0.0,0.0,1.0,1.0,1.0,1.0,0.0,1.0,0.0,1.0,0.0,0.0,0.0,0.0,0.0,0.0],"P":[1.3264231541493774,2.5339257945457256,1.2669628972728628,0.3112717881106749,2.351540959261993,2.9536804839373644e-8,2.5728141253894545,1.2669628972726814,1.2669628972728628,0.3333332548752268,0.3333332015841875,0.333333174930929,0.22303271196945573,0.16666665659117977,0.5,0.5,0.5,0.3112717898512121,0.5,0.2100653626064137,0.5,0.48808725312774437,0.5,0.3333332563260999,0.3333332296814717,0.33333317638429205,0.2660864341470699,0.16666665731679536,1.3264231045636796,0.0,1.2669628972728628,2.3515409536059857,0.3112717818950662,2.5728140997240696,0.0,1.2669628972726814,1.2669628972728628,0.33333325193387575,0.333333198637466,0.33333317199157186,0.22303271196945573,0.16666665659117977,0.5,0.5,0.5,0.5,0.3112717838888585,0.5,0.21006534977030253,0.5,0.0,0.3333332504414043,0.33333322379328795,0.3333331704986452,0.2660864259987034,0.16666665731679536],"V":[17.476596450224868,30.007789879141505,19.034516291718468,2.4830366113099003,22.039196837028722,4.133705932386883,22.761954558811972,13.935933653988423,13.935933657372269,3.333331216570502,3.3333311224219915,3.333330599248964,2.79398724953086,1.6666663127543604,0.0,0.0,0.0,2.483036608195275,0.0,1.1659042922684673,0.0,0.9658143715375167,0.0,3.333331202061944,3.3333306596813226,3.3333305847153483,1.9883950457538555,1.6666663054982058,17.476596246741863,7.543855461728244,19.034516291718468,22.03919683232901,2.483036584579798,22.761954113940064,4.133705485667815,13.935933653988423,13.935933657372269,3.3333311577238263,3.3333307802494594,3.3333302263169755,2.79398724953086,1.6666663127543604,0.0,0.0,0.0,0.0,2.483036584436769,0.0,1.1659042681306595,0.0,0.9658143571716349,3.333331172648369,3.333330630214116,3.3333302412462196,1.9883949848632274,1.6666663054982058],"D":[0.8743487910820051,0.93422590873428,0.93422590873428,0.4645622469720011,0.9291244892635486,0.7286239689577493,0.9352200903952527,0.9342259087344139,0.93422590873428,0.4999998822621606,0.49999992223182527,0.4999998822660106,0.6263627312826252,0.49999996971958327,0.0,0.0,0.0,0.4645622421204739,0.0,0.2065961213712992,0.0,0.0,0.0,0.49999987790954226,0.49999983793999264,0.49999987790592226,0.37363710877945955,0.49999996536588964,0.8743487910820051,0.93422590873428,0.93422590873428,0.929124489092475,0.46456224741049634,0.9352200903290485,0.7286239851379607,0.9342259087344139,0.93422590873428,0.4999998778471448,0.49999991781963277,0.49999987784657696,0.6263627312826252,0.49999996971958327,0.0,0.0,0.0,0.0,0.46456224185305234,0.0,0.20659610525729202,0.0,0.0,0.49999988232455805,0.49999984235218514,0.49999988232535586,0.37363710877945955,0.49999996536588964],"Q":[0.8743487910820051,0.93422590873428,0.93422590873428,0.4645622469720011,0.46456224741049634,0.7286239689577493,0.7286239851379607,0.9342259087344139,0.93422590873428,0.24999994001172696,0.24999997998277612,0.24999994001331058,0.6263627312826252,0.49999996971958327,0.0,0.0,0.0,0.0,0.0,0.0,0.0,0.0,0.0,0.2499999400741244,0.249999900103136,0.24999994007265586,0.37363710877945955,0.49999996536588964,0.0,0.0,0.0,0.0,0.46456224185305234,0.0,0.20659610525729202,0.0,0.0,0.24999994225043362,0.24999994224904915,0.24999994225270003,0.0,0.0,0.0,0.0,0.0,0.4645622421204739,0.0,0.2065961213712992,0.0,0.0,0.0,0.24999993783541782,0.24999993783685664,0.24999993783326638,0.0,0.0,0.0,0.0,0.0,0.0,0.0,0.0,0.0,0.0,0.0,0.0,0.0,0.0,0.0,0.0,0.0,0.0,0.0,0.0,0.0,0.0,0.0,0.0,0.0,0.0,0.0,0.0,0.0,0.0,0.0,0.0,0.0,0.0,0.0,0.0,0.0,0.0,0.0,0.0,0.0,0.0,0.0,0.0,0.0,0.0,0.0,0.0,0.0,0.0,0.0,0.0,0.0,0.0,0.0,0.0,0.0,0.0,0.1256512089179949,0.0657740912657199,0.0657740912657199,0.0708755109075249,0.07087551073645125,0.06477990967095153,0.06477990960474724,0.06577409126558607,0.0657740912657199,2.398282972545372e-7,2.3982818222320707e-7,2.398280671841781e-7,1.5993791525844976e-7,6.491452713324996e-8],"PI":[1.1597564812936882,2.3672591280747133,1.1836295640373566,0.14460512130368774,2.1848742927566143,2.1521223972394882e-8,2.4061474589169087,1.1836295640373566,1.1836295640373566,0.16666658819167615,0.16666657486937908,0.16666654822082003,0.13969937863455933,0.08333332324885406,0.0,0.0,0.0,0.14460512060213207,0.0,0.04339868914894062,0.0,0.0,0.0,0.1666665874662401,0.1666665608207502,0.16666654749413928,0.09941976594014726,0.08333332288604628,1.1597564379384935,0.0,1.1836295640373566,2.184874287099193,0.1446051185526418,2.406147434743794,0.0,1.1836295640373566,1.1836295640373566,0.16666658524932942,0.16666657192528833,0.16666654527799796,0.13969937863455933,0.08333332324885406,0.0,0.0,0.0,0.0,0.14460511774900692,0.0,0.04339868311205529,0.0,0.0,0.1666665859955646,0.16666655934738964,0.16666654602446038,0.09941976289561516,0.08333332288604628],"CS":[0.3457075656209483,0.45358821132529226,0.45358821132529226,0.44113838473140365,0.4411383851336905,0.4561266266061821,0.4561266267765136,0.4535882113256313,0.45358821132529226,2.5405570996252216,2.5405571795653,2.5405572595107673,2.6080800211083752,2.758365733259926],"pr_entry":[0.0,0.0,0.0,0.0,0.0,0.0,0.0,0.0,0.0,0.0,0.0,0.0,0.0,0.0,0.062075916837961466,0.029147606711529727,0.024145358744396248,0.0,0.08333327933146588,0.0,0.08333326575948873,0.0,0.04970987578457127,0.0,0.0,0.0,0.0,0.0,0.0,0.0,0.0,0.0,0.0,0.0,0.0,0.0,0.0,0.0,0.0,0.0,0.0,0.0,0.06207591624399885,0.029147606108084555,0.02414535838524922,0.08333327859612644,0.0,0.08333326502280859,0.0,0.04970987426230559,0.0,0.0,0.0,0.0,0.0,0.0],"pr_exit":[0.0,0.0,0.0,0.0,0.0,0.25,0.0,0.25,0.0,0.0,0.0,0.0,0.0,0.0,0.0,0.0,0.0,0.0,0.0,0.0,0.0,0.008546412556037525,0.0,0.0,0.0,0.0,0.0,0.0,0.0,0.0,0.0,0.0,0.0,0.0,0.25,0.0,0.25,0.0,0.0,0.0,0.0,0.0,0.0,0.0,0.0,0.0,0.0,0.0,0.0,0.0,0.008546416147507785,0.0,0.0,0.0,0.0,0.0],"pr_merger":[0.25,0.0,0.0,0.25,0.25,0.0,0.0,0.0,0.0,0.0,0.0,0.0,0.0,0.0,0.0,0.0,0.0,0.0,0.0,0.0,0.0,0.0,0.0,0.0,0.0,0.0,0.0,0.0,0.0,0.0,0.0,0.0,0.25,0.0,0.0,0.0,0.0,0.0,0.0,0.0,0.0,0.0,0.0,0.0,0.0,0.25,0.0,0.0,0.0,0.0,0.0,0.0,0.0,0.0,0.0,0.0],