{"modelname":"privacy","policy":"nolearning","smax":[5,1],"alpha":0.8,"beta":0.95,"c":1.0,"gamma":0.0,"sigma":2.0,"p0":1.0,"accuracy":1.0e-8,"cost_entry":[0.0,10.0],"value_exit":[0.0,1.0],"cost_merger":[0.0,1.0],"cost_bundling":[0.0,1.0],"entry":true,"exit":true,"mergers":true,"bundling":true,"filename":"a80g0s20","verbose":true,"firms":[1,2,3,4],"rival":[2,1,4,3],"partner":[3,4,1,2],"merger_pairs":[1,2,1,2,3,4,4,3],"outcomes":[1,0,1,0,1,0,0,0,0,0,1,0,1,0,1,0,0,0,1,0,0,1,0,0,1,0,0,0,1,1,0,0,0,0,1,0,0,0,0,0,1,1,1,1,2],"ownership":[0,3,0,3,0,0,4,4,0,1,0,1,0,0,2,2],"S":[1,1,1,1,1,1,1,1,1,1,1,1,1,1,0,0,0,1,0,1,0,1,0,1,1,1,1,1,1,1,1,1,1,1,1,1,1,1,1,1,1,1,0,0,0,0,1,0,1,0,1,1,1,1,1,1,0,1,1,0,0,1,1,1,1,0,1,3,1,3,0,0,1,0,0,0,0,1,1,0,0,0,1,1],"ms":14,"mc":[0.023825493744511213,0.023825493744511213,0.023825493744511213,0.023825493744511213,0.023825493744511213,0.023825493744511213,0.023825493744511213,0.023825493744511213,0.023825493744511213,0.023825493744511213,0.023825493744511213,0.023825493744511213,0.023825493744511213,0.023825493744511213,0.0,0.0,0.0,0.023825493744511213,0.0,0.023825493744511213,0.0,0.023825493744511213,0.0,0.023825493744511213,0.023825493744511213,0.023825493744511213,0.023825493744511213,0.023825493744511213,1.0,1.0,1.0,1.0,1.0,1.0,1.0,1.0,1.0,1.0,1.0,1.0,1.0,1.0,0.0,0.0,0.0,0.0,1.0,0.0,1.0,0.0,1.0,1.0,1.0,1.0,1.0,1.0],"db":[0.9761745062554887,0.9761745062554887,0.9761745062554887,0.9761745062554887,0.9761745062554887,0.9761745062554887,0.9761745062554887,0.9761745062554887,0.9761745062554887,0.9761745062554887,0.9761745062554887,0.9761745062554887,0.9761745062554887,0.9761745062554887,1.0,1.0,1.0,0.9761745062554887,1.0,0.9761745062554887,1.0,0.9761745062554887,1.0,0.9761745062554887,0.9761745062554887,0.9761745062554887,0.9761745062554887,0.9761745062554887,0.0,0.0,0.0,0.0,0.0,0.0,0.0,0.0,0.0,0.0,0.0,0.0,0.0,0.0,1.0,1.0,1.0,1.0,0.0,1.0,0.0,1.0,0.0,0.0,0.0,0.0,0.0,0.0],"P":[1.3541984131915192,2.3279918960563712,1.1639959480281856,0.7984882536969846,1.981244850584415,3.0323804976956854e-8,2.4300678936289897,1.1639959480246924,1.1639959480281856,0.9703520447829054,0.9531850605220221,0.9471171056614782,0.6512069604741653,0.4953729356104927,0.5,0.5,0.5,0.7984882507266498,0.5,0.6104373152745238,0.5,0.48808725312774437,0.5,0.9703520414122081,0.9628866110649987,0.9471171106781389,0.783986011132101,0.49537293251329684,1.3541983918960827,0.0,1.1639959480281856,1.9812448346585265,0.798488241642975,2.4300678645894873,0.0,1.1639959480246924,1.1639959480281856,0.9703520341970929,0.9531850490202016,0.9471170919581559,0.6512069604741653,0.4953729356104927,0.5,0.5,0.5,0.5,0.7984882344190027,0.5,0.6104372841872462,0.5,0.0,0.9703520300424108,0.9628865993159108,0.9471170961652363,0.7839859824834537,0.49537293251329684],"V":[11.657136809947389,14.232274743171699,12.313259148481974,8.61506368102753,13.183434425405432,7.61279417070988,14.764619073460528,10.797561914378877,10.797561840438258,9.407024922748944,9.343995729819643,9.206741616756911,8.024125984227457,4.907451104065887,0.0,0.0,0.0,8.61506369225395,0.0,7.951723221309506,0.0,4.143762962206239,0.0,9.407024953488369,9.25771657518234,9.206741573148705,5.679710475205772,4.907451134180611,11.657136718342453,9.958336878119404,12.313259148481974,13.18343433432224,8.615063581788666,14.764618725525919,7.6127938076884885,10.797561914378877,10.797561840438258,9.407024812750404,9.343995397542521,9.20674059351125,8.024125984227457,4.907451104065887,0.0,0.0,0.0,0.0,8.615063597251613,0.0,7.951723123764914,0.0,4.143762851732479,9.407024850639443,9.25771646453156,9.206740556940456,5.6797102676561515,4.907451134180611],"D":[0.6307778866617739,0.7852226200490413,0.7852226200490413,0.37381670461832034,0.7476334107988545,0.6133293863684007,0.794244431900179,0.7852226200513978,0.7852226200490413,0.48472308809841835,0.49014675386845163,0.48604108993577155,0.6160974695039313,0.49532971620094507,0.0,0.0,0.0,0.37381670683904195,0.0,0.18091504505517675,0.0,0.0,0.0,0.48472309136612796,0.4807280583015632,0.48604108505916516,0.36223350140802646,0.49532972233747774,0.6307778866617739,0.7852226200490413,0.7852226200490413,0.7476334114573623,0.3738167026989857,0.7942444314235775,0.6133293865231177,0.7852226200513978,0.7852226200490413,0.4847230877184028,0.4901467537484301,0.4860410895422823,0.6160974695039313,0.49532971620094507,0.0,0.0,0.0,0.0,0.3738167080998688,0.0,0.18091504537706127,0.0,0.0,0.4847230917461435,0.4807280584215848,0.4860410854526544,0.36223350140802646,0.49532972233747774],"Q":[0.6307778866617739,0.7852226200490413,0.7852226200490413,0.37381670461832034,0.3738167026989857,0.6133293863684007,0.6133293865231177,0.7852226200513978,0.7852226200490413,0.242361543042274,0.24745089403646206,0.24302054599029274,0.6160974695039313,0.49532971620094507,0.0,0.0,0.0,0.0,0.0,0.0,0.0,0.0,0.0,0.24236154668999915,0.23803219858959518,0.2430205415071756,0.36223350140802646,0.49532972233747774,0.0,0.0,0.0,0.0,0.3738167080998688,0.0,0.18091504537706127,0.0,0.0,0.24236154505614435,0.2426958598319896,0.24302054394547878,0.0,0.0,0.0,0.0,0.0,0.37381670683904195,0.0,0.18091504505517675,0.0,0.0,0.0,0.2423615446761288,0.24269585971196803,0.24302054355198954,0.0,0.0,0.0,0.0,0.0,0.0,0.0,0.0,0.0,0.0,0.0,0.0,0.0,0.0,0.0,0.0,0.0,0.0,0.0,0.0,0.0,0.0,0.0,0.0,0.0,0.0,0.0,0.0,0.0,0.0,0.0,0.0,0.0,0.0,0.0,0.0,0.0,0.0,0.0,0.0,0.0,0.0,0.0,0.0,0.0,0.0,0.0,0.0,0.0,0.0,0.0,0.0,0.0,0.0,0.0,0.0,0.0,0.0,0.3692221133382261,0.2147773799509587,0.2147773799509587,0.2523665885426377,0.2523665892011455,0.2057555685764225,0.205755568099821,0.21477737994860222,0.2147773799509587,0.030553820535453698,0.02912518782998511,0.027917825005063304,0.021669029088042146,0.009340561461577157],"PI":[0.8541984131936742,1.8279918960743193,0.9139959480371597,0.2984882476734441,1.481244845270093,1.8598480698872002e-8,1.9300678936542215,0.9139959480371596,0.9139959480371597,0.4703520396897846,0.46720056325077275,0.4603378303325182,0.4012069604714798,0.2453729356095744,0.0,0.0,0.0,0.29848824833630344,0.0,0.1104372943962516,0.0,0.0,0.0,0.4703520412267585,0.4628866109018493,0.46033782815210406,0.28398599786729295,0.2453729371153134,0.8541983997609838,0.0,0.9139959480371597,1.4812448346680318,0.29848824163488785,1.9300678694315845,0.0,0.9139959480371596,0.9139959480371597,0.47035203418984806,0.46720055749879,0.46033782329946005,0.4012069604714798,0.2453729356095744,0.0,0.0,0.0,0.0,0.2984882432469879,0.0,0.11043728896858569,0.0,0.0,0.47035203608430404,0.46288660536930026,0.4603378214709175,0.28398598748979315,0.2453729371153134],"CS":[0.4981784414323942,0.7690766146917658,0.7690766146917658,0.6884362660532977,0.6884362647486326,0.7905331875106132,0.7905331886687872,0.7690766146972519,0.7690766146917658,1.7441327713700159,1.7680759590094333,1.7892449525435923,1.9159356344328802,2.3366944574444575],"pr_entry":[0.0,0.0,0.0,0.0,0.0,0.0,0.0,0.0,0.0,0.0,0.0,0.0,0.0,0.0,0.2153765688301052,0.19879305704641304,0.10359405820466583,0.0,0.23517560295425294,0.0,0.23144289379685504,0.0,0.14199274940364418,0.0,0.0,0.0,0.0,0.0,0.0,0.0,0.0,0.0,0.0,0.0,0.0,0.0,0.0,0.0,0.0,0.0,0.0,0.0,0.21537656645504696,0.19879305460779848,0.10359405544282252,0.23517560038302995,0.0,0.23144289103058577,0.0,0.1419927442149042,0.0,0.0,0.0,0.0,0.0,0.0],"pr_exit":[0.0,0.0,0.0,0.0,0.0,0.25,0.0,0.25,0.0,0.0,0.0,0.0,0.0,0.0,0.0,0.0,0.0,0.0,0.0,0.0,0.0,0.0,0.0,0.0,0.0,0.0,0.0,0.0,0.0,0.0,0.0,0.0,0.0,0.0,0.25,0.0,0.25,0.0,0.0,0.0,0.0,0.0,0.0,0.0,0.0,0.0,0.0,0.0,0.0,0.0,0.0,0.0,0.0,0.0,0.0,0.0],"pr_merger":[0.2020901887845068,0.0,0.0,0.10672348161056577,0.1067234796381542,0.0,0.0,0.0,0.0,0.0,0.0,0.0,0.0,0.0,0.0,0.0,0.0,0.0,0.0,0.0,0.0,0.0,0.0,0.0,0.0,0.0,0.0,0.0,0.0,0.0,0.0,0.0,0.10672347445390118,0.0,0.0,0.0,0.0,0.0,0.0,0.0,0.0,0.0,0.0,0.0,0.0,0.10672347765671608,0.0,0.0,0.0,0.0,0.0,0.0,0.0,0.0,0.0,0.0],