{"modelname":"privacy","policy":"nolearning","smax":[5,1],"alpha":0.8,"beta":0.95,"c":1.0,"gamma":0.0,"sigma":4.0,"p0":1.0,"accuracy":1.0e-8,"cost_entry":[0.0,10.0],"value_exit":[0.0,1.0],"cost_merger":[0.0,1.0],"cost_bundling":[0.0,1.0],"entry":true,"exit":true,"mergers":true,"bundling":true,"filename":"a80g0s40","verbose":true,"firms":[1,2,3,4],"rival":[2,1,4,3],"partner":[3,4,1,2],"merger_pairs":[1,2,1,2,3,4,4,3],"outcomes":[1,0,1,0,1,0,0,0,0,0,1,0,1,0,1,0,0,0,1,0,0,1,0,0,1,0,0,0,1,1,0,0,0,0,1,0,0,0,0,0,1,1,1,1,2],"ownership":[0,3,0,3,0,0,4,4,0,1,0,1,0,0,2,2],"S":[1,1,1,1,1,1,1,1,1,1,1,1,1,1,0,0,0,1,0,1,0,1,0,1,1,1,1,1,1,1,1,1,1,1,1,1,1,1,1,1,1,1,0,0,0,0,1,0,1,0,1,1,1,1,1,1,0,1,1,0,0,1,1,1,1,0,1,3,1,3,0,0,1,0,0,0,0,1,1,0,0,0,1,1],"ms":14,"mc":[0.023825493744511213,0.023825493744511213,0.023825493744511213,0.023825493744511213,0.023825493744511213,0.023825493744511213,0.023825493744511213,0.023825493744511213,0.023825493744511213,0.023825493744511213,0.023825493744511213,0.023825493744511213,0.023825493744511213,0.023825493744511213,0.0,0.0,0.0,0.023825493744511213,0.0,0.023825493744511213,0.0,0.023825493744511213,0.0,0.023825493744511213,0.023825493744511213,0.023825493744511213,0.023825493744511213,0.023825493744511213,1.0,1.0,1.0,1.0,1.0,1.0,1.0,1.0,1.0,1.0,1.0,1.0,1.0,1.0,0.0,0.0,0.0,0.0,1.0,0.0,1.0,0.0,1.0,1.0,1.0,1.0,1.0,1.0],"db":[0.9761745062554887,0.9761745062554887,0.9761745062554887,0.9761745062554887,0.9761745062554887,0.9761745062554887,0.9761745062554887,0.9761745062554887,0.9761745062554887,0.9761745062554887,0.9761745062554887,0.9761745062554887,0.9761745062554887,0.9761745062554887,1.0,1.0,1.0,0.9761745062554887,1.0,0.9761745062554887,1.0,0.9761745062554887,1.0,0.9761745062554887,0.9761745062554887,0.9761745062554887,0.9761745062554887,0.9761745062554887,0.0,0.0,0.0,0.0,0.0,0.0,0.0,0.0,0.0,0.0,0.0,0.0,0.0,0.0,1.0,1.0,1.0,1.0,0.0,1.0,0.0,1.0,0.0,0.0,0.0,0.0,0.0,0.0],"P":[1.3077790437458985,2.4342794185871344,1.2171397092935672,0.4487420914947425,2.1886479304078974,3.410906518548474e-8,2.490845502263688,1.2171397092946186,1.2171397092935672,0.49995389538938345,0.4999231785090409,0.4999078393843529,0.334523242663179,0.2499937553977504,0.5,0.5,0.5,0.4487420951556636,0.5,0.3126094685168436,0.5,0.48808725312774437,0.5,0.4999538976364609,0.4999385458014301,0.49990783655668913,0.3991089412686862,0.2499937567979388,1.3077790125184547,0.0,1.2171397092935672,2.188647922030837,0.44874208270143545,2.4908454727462304,0.0,1.2171397092946186,1.2171397092935672,0.49995389758057374,0.4999231801490047,0.4999078398197264,0.334523242663179,0.2499937553977504,0.5,0.5,0.5,0.5,0.4487420850383076,0.5,0.3126094535633992,0.5,0.0,0.4999538953556385,0.4999385432541505,0.499907837606323,0.39910893233776135,0.2499937567979388],"V":[13.909560635015852,22.371552945540163,15.384302887523116,3.6429215075698784,16.676833177719946,4.482542993050887,17.76393384576047,11.495277375199064,11.495277279380781,4.999074538969679,4.9989215337509,4.998614678616767,4.190462294869007,2.4998738416732706,0.0,0.0,0.0,3.6429215014175784,0.0,2.110666659726893,0.0,1.7481038088374892,0.0,4.999074516505377,4.998767455093684,4.998614706880366,2.982176899036622,2.499873827672442,13.909560573604162,7.834556829978987,15.384302887523116,16.676833189865093,3.642921449517792,17.763933016039605,4.482542008564398,11.495277375199064,11.495277279380781,4.999074516168025,4.998920784684038,4.9986137377032716,4.190462294869007,2.4998738416732706,0.0,0.0,0.0,0.0,3.642921451240672,0.0,2.110666629317403,0.0,1.7481037859074025,4.999074538410963,4.998767471487426,4.9986137598270854,2.9821768323039732,2.499873827672442],"D":[0.8088362042895162,0.8973002039617747,0.8973002039617747,0.44288711692467775,0.8857742278002466,0.6993523582189649,0.899632474327731,0.8973002039609996,0.8973002039617747,0.4999538977749539,0.4999692698981755,0.49995390968387865,0.6263338863801249,0.49998751885738363,0.0,0.0,0.0,0.44288711043917856,0.0,0.2002801159906258,0.0,0.0,0.0,0.4999538932812133,0.49993853814688816,0.49995391533868483,0.37360460810835544,0.4999875132567698,0.8088362042895162,0.8973002039617747,0.8973002039617747,0.8857742273638562,0.4428871159700643,0.8996324742095907,0.699352370240379,0.8973002039609996,0.8973002039617747,0.4999538933033535,0.49996926571131806,0.49995391029808234,0.6263338863801249,0.49998751885738363,0.0,0.0,0.0,0.0,0.4428871118301823,0.0,0.20028010408735195,0.0,0.0,0.4999538977528137,0.4999385423337456,0.49995391472448114,0.37360460810835544,0.4999875132567698],"Q":[0.8088362042895162,0.8973002039617747,0.8973002039617747,0.44288711692467775,0.4428871159700643,0.6993523582189649,0.699352370240379,0.8973002039609996,0.8973002039617747,0.2499769477751119,0.2499923160295484,0.24997695373533962,0.6263338863801249,0.49998751885738363,0.0,0.0,0.0,0.0,0.0,0.0,0.0,0.0,0.0,0.2499769477529717,0.2499615884651185,0.24997695877594214,0.37360460810835544,0.4999875132567698,0.0,0.0,0.0,0.0,0.4428871118301823,0.0,0.20028010408735195,0.0,0.0,0.249976949999842,0.24997695386862706,0.249976955948539,0.0,0.0,0.0,0.0,0.0,0.44288711043917856,0.0,0.2002801159906258,0.0,0.0,0.0,0.24997694552824162,0.24997694968176964,0.2499769565627427,0.0,0.0,0.0,0.0,0.0,0.0,0.0,0.0,0.0,0.0,0.0,0.0,0.0,0.0,0.0,0.0,0.0,0.0,0.0,0.0,0.0,0.0,0.0,0.0,0.0,0.0,0.0,0.0,0.0,0.0,0.0,0.0,0.0,0.0,0.0,0.0,0.0,0.0,0.0,0.0,0.0,0.0,0.0,0.0,0.0,0.0,0.0,0.0,0.0,0.0,0.0,0.0,0.0,0.0,0.0,0.0,0.0,0.0,0.1911637957104839,0.10269979603822525,0.10269979603822525,0.11422577263614365,0.11422577219975333,0.10036752579040924,0.10036752567226893,0.10269979603900035,0.10269979603822525,9.22089438327228e-5,9.219195493640743e-5,9.217497743653913e-5,6.150551151959097e-5,2.4967885846542553e-5],"PI":[1.0577790377928056,2.184279418798186,1.092139709399093,0.19874209114485644,1.9386479304836632,2.385425517411315e-8,2.2408455023695817,1.092139709399093,1.092139709399093,0.24995389870769383,0.24994622656434043,0.24993087878182768,0.20952324266171052,0.12499375749116087,0.0,0.0,0.0,0.19874208985591477,0.0,0.06260946061432134,0.0,0.0,0.0,0.24995389758446582,0.24993854575124805,0.24993088019500806,0.14910893959522814,0.12499375679111913,1.0577790125349187,0.0,1.092139709399093,1.938647922108374,0.19874208682203884,2.240845475520449,0.0,1.092139709399093,1.092139709399093,0.24995389756759387,0.24994622529116486,0.24993087930653962,0.20952324266171052,0.12499375749116087,0.0,0.0,0.0,0.0,0.19874208599927012,0.0,0.0626094538983678,0.0,0.0,0.2499538986797538,0.2499385465709362,0.24993088041273137,0.14910893625859348,0.12499375679111913],"CS":[0.413656162318254,0.568986287011364,0.568986287011364,0.5423945818489906,0.5423945828040952,0.5747291430869723,0.5747291433812416,0.5689862870094773,0.568986287011364,2.3228633568532677,2.3229094219659565,2.3229554646583686,2.4240959422406356,2.6494800312491735],"pr_entry":[0.0,0.0,0.0,0.0,0.0,0.0,0.0,0.0,0.0,0.0,0.0,0.0,0.0,0.0,0.09107303323976076,0.05276666256514647,0.04370259169966166,0.0,0.12497685839265557,0.0,0.12496918182480095,0.0,0.07455441998529985,0.0,0.0,0.0,0.0,0.0,0.0,0.0,0.0,0.0,0.0,0.0,0.0,0.0,0.0,0.0,0.0,0.0,0.0,0.0,0.0910730319853382,0.052766661804909284,0.04370259112640958,0.12497685894029502,0.0,0.12496918223464445,0.0,0.0745544183169837,0.0,0.0,0.0,0.0,0.0,0.0],"pr_exit":[0.0,0.0,0.0,0.0,0.0,0.25,0.0,0.25,0.0,0.0,0.0,0.0,0.0,0.0,0.0,0.0,0.0,0.0,0.0,0.0,0.0,0.0,0.0,0.0,0.0,0.0,0.0,0.0,0.0,0.0,0.0,0.0,0.0,0.0,0.25,0.0,0.25,0.0,0.0,0.0,0.0,0.0,0.0,0.0,0.0,0.0,0.0,0.0,0.0,0.0,0.0,0.0,0.0,0.0,0.0,0.0],"pr_merger":[0.25,0.0,0.0,0.25,0.25,0.0,0.0,0.0,0.0,0.0,0.0,0.0,0.0,0.0,0.0,0.0,0.0,0.0,0.0,0.0,0.0,0.0,0.0,0.0,0.0,0.0,0.0,0.0,0.0,0.0,0.0,0.0,0.25,0.0,0.0,0.0,0.0,0.0,0.0,0.0,0.0,0.0,0.0,0.0,0.0,0.25,0.0,0.0,0.0,0.0,0.0,0.0,0.0,0.0,0.0,0.0],"pr_bundling":[0.0,0.18066516480885175,0.0,0.0,0.0,0.25,0.25,0.0,0.0,0.0,0.0,0.0,0.0,0.0,0.0,0.0,0.0,0.0,0.0,0.0,0.0,0.0,0.0,0.0,0.0,0.0,0.0,0.0,0.0,0.18066516480885175,0.0,0.0,0.0,0.25,0.25,0.0,0.0,0.0,0.0,0.0,0.0,0.0,0.0,0.0,0.0,0.0,0.0,0.0,0.0,0.0,0.0,0.0,0.0,0.0,0.0,0.0],