{"modelname":"privacy","policy":"nolearning","smax":[5,1],"alpha":0.8,"beta":0.95,"c":1.0,"gamma":0.0,"sigma":3.0,"p0":1.0,"accuracy":1.0e-8,"cost_entry":[0.0,10.0],"value_exit":[0.0,1.0],"cost_merger":[0.0,1.0],"cost_bundling":[0.0,1.0],"entry":true,"exit":true,"mergers":true,"bundling":true,"filename":"a80g0s30","verbose":true,"firms":[1,2,3,4],"rival":[2,1,4,3],"partner":[3,4,1,2],"merger_pairs":[1,2,1,2,3,4,4,3],"outcomes":[1,0,1,0,1,0,0,0,0,0,1,0,1,0,1,0,0,0,1,0,0,1,0,0,1,0,0,0,1,1,0,0,0,0,1,0,0,0,0,0,1,1,1,1,2],"ownership":[0,3,0,3,0,0,4,4,0,1,0,1,0,0,2,2],"S":[1,1,1,1,1,1,1,1,1,1,1,1,1,1,0,0,0,1,0,1,0,1,0,1,1,1,1,1,1,1,1,1,1,1,1,1,1,1,1,1,1,1,0,0,0,0,1,0,1,0,1,1,1,1,1,1,0,1,1,0,0,1,1,1,1,0,1,3,1,3,0,0,1,0,0,0,0,1,1,0,0,0,1,1],"ms":14,"mc":[0.023825493744511213,0.023825493744511213,0.023825493744511213,0.023825493744511213,0.023825493744511213,0.023825493744511213,0.023825493744511213,0.023825493744511213,0.023825493744511213,0.023825493744511213,0.023825493744511213,0.023825493744511213,0.023825493744511213,0.023825493744511213,0.0,0.0,0.0,0.023825493744511213,0.0,0.023825493744511213,0.0,0.023825493744511213,0.0,0.023825493744511213,0.023825493744511213,0.023825493744511213,0.023825493744511213,0.023825493744511213,1.0,1.0,1.0,1.0,1.0,1.0,1.0,1.0,1.0,1.0,1.0,1.0,1.0,1.0,0.0,0.0,0.0,0.0,1.0,0.0,1.0,0.0,1.0,1.0,1.0,1.0,1.0,1.0],"db":[0.9761745062554887,0.9761745062554887,0.9761745062554887,0.9761745062554887,0.9761745062554887,0.9761745062554887,0.9761745062554887,0.9761745062554887,0.9761745062554887,0.9761745062554887,0.9761745062554887,0.9761745062554887,0.9761745062554887,0.9761745062554887,1.0,1.0,1.0,0.9761745062554887,1.0,0.9761745062554887,1.0,0.9761745062554887,1.0,0.9761745062554887,0.9761745062554887,0.9761745062554887,0.9761745062554887,0.9761745062554887,0.0,0.0,0.0,0.0,0.0,0.0,0.0,0.0,0.0,0.0,0.0,0.0,0.0,0.0,1.0,1.0,1.0,1.0,0.0,1.0,0.0,1.0,0.0,0.0,0.0,0.0,0.0,0.0],"P":[1.3090776649344655,2.3724627556265023,1.1862313778132512,0.5746021170474953,2.080431885747045,2.8719805060036384e-8,2.445436368902044,1.186231377812337,1.1862313778132512,0.6654733603290068,0.6646857553660764,0.6643009335693477,0.4453922802857278,0.33317040903039546,0.5,0.5,0.5,0.5746021145905958,0.5,0.4134562381350669,0.5,0.48808725312774437,0.5,0.6654733580774941,0.6650828351806629,0.6643009295902877,0.5316332436060013,0.333170410150072,1.3090776457226716,0.0,1.1862313778132512,2.0804318756325446,0.5746021065829577,2.44543634252937,0.0,1.186231377812337,1.1862313778132512,0.6654733598940593,0.6646857585719254,0.6643009312885162,0.4453922802857278,0.33317040903039546,0.5,0.5,0.5,0.5,0.5746021009790111,0.5,0.41345621696152307,0.5,0.0,0.6654733573048669,0.6650828328649697,0.6643009289199963,0.5316332261319846,0.333170410150072],"V":[12.164355910671274,18.055139175726897,13.50876416115741,5.046347948259109,14.338771568795107,5.369322660416952,15.544170835475683,10.712361365641064,10.712361255325737,6.642793329213452,6.638925771542718,6.631174064994731,5.5745066104126035,3.330071826985101,0.0,0.0,0.0,5.046347954111986,0.0,3.368257983067113,0.0,2.590747802433533,0.0,6.642793351607621,6.634982810100979,6.63117410443255,3.96599392604815,3.3300718158047657,12.16435587746633,8.344634016358045,13.50876416115741,14.338771612696744,5.046347948243663,15.544170098649838,5.36932177400359,10.712361365641064,10.712361255325737,6.642793321507164,6.6389250755257,6.6311729689386425,5.5745066104126035,3.330071826985101,0.0,0.0,0.0,0.0,5.04634795664702,0.0,3.368258059393114,0.0,2.590747746807454,6.642793347259986,6.6349828419849395,6.63117299241384,3.9659937956916864,3.3300718158047657],"D":[0.7453677905085061,0.8594990237557634,0.8594990237557634,0.41988842710222707,0.8397768580757803,0.6699035962492593,0.8636916758473899,0.8594990237564257,0.8594990237557634,0.4991034153105851,0.4994038526165036,0.4991096877687058,0.6257980345724408,0.4997554990620725,0.0,0.0,0.0,0.41988843019709815,0.0,0.1937880793671608,0.0,0.0,0.0,0.4991034186817982,0.4988092972481133,0.499109693726668,0.37300132169889627,0.4997554957046855,0.7453677905085061,0.8594990237557634,0.8594990237557634,0.8397768572993252,0.4198884255083416,0.8636916756164201,0.6699035998311849,0.8594990237564257,0.8594990237557634,0.49910341505777944,0.49940384848274805,0.49910968897446,0.6257980345724408,0.4997554990620725,0.0,0.0,0.0,0.0,0.41988843256743863,0.0,0.19378807601620504,0.0,0.0,0.49910341893460386,0.49880930138186885,0.4991096925209138,0.37300132169889627,0.4997554957046855],"Q":[0.7453677905085061,0.8594990237557634,0.8594990237557634,0.41988842710222707,0.4198884255083416,0.6699035962492593,0.6699035998311849,0.8594990237564257,0.8594990237557634,0.24955170668608648,0.24985065161445585,0.24955484299773947,0.6257980345724408,0.4997554990620725,0.0,0.0,0.0,0.0,0.0,0.0,0.0,0.0,0.0,0.2495517103101052,0.24925610037982107,0.24955484774994746,0.37300132169889627,0.4997554957046855,0.0,0.0,0.0,0.0,0.41988843256743863,0.0,0.19378807601620504,0.0,0.0,0.24955170862449863,0.24955320100204775,0.24955484477096634,0.0,0.0,0.0,0.0,0.0,0.41988843019709815,0.0,0.1937880793671608,0.0,0.0,0.0,0.249551708371693,0.2495531968682922,0.24955484597672054,0.0,0.0,0.0,0.0,0.0,0.0,0.0,0.0,0.0,0.0,0.0,0.0,0.0,0.0,0.0,0.0,0.0,0.0,0.0,0.0,0.0,0.0,0.0,0.0,0.0,0.0,0.0,0.0,0.0,0.0,0.0,0.0,0.0,0.0,0.0,0.0,0.0,0.0,0.0,0.0,0.0,0.0,0.0,0.0,0.0,0.0,0.0,0.0,0.0,0.0,0.0,0.0,0.0,0.0,0.0,0.0,0.0,0.0,0.2546322094914938,0.14050097624423669,0.14050097624423669,0.1602231427006747,0.16022314192421974,0.1363083243835799,0.13630832415260993,0.14050097624357424,0.14050097624423669,0.0017931660076168751,0.0017868501353830808,0.0017806185046262773,0.0012006437286630576,0.0004890052332419925],"PI":[0.975744326716237,2.039129422357887,1.0195647111789434,0.24126877913668257,1.747098552453324,1.923950069329605e-8,2.112103035635162,1.0195647111789434,1.0195647111789434,0.33214002693841893,0.3319466270091294,0.3315590315382569,0.27872561361654613,0.1665037440377001,0.0,0.0,0.0,0.2412687798833784,0.0,0.08012289029056607,0.0,0.0,0.0,0.33214002805813375,0.33174950162824923,0.33155903351014937,0.19829990252410978,0.1665037434786826,0.9757443123963847,0.0,1.0195647111789434,1.7470985423440388,0.2412687738268944,2.1121030122924815,0.0,1.0195647111789434,1.0195647111789434,0.3321400265530997,0.33194662586249424,0.33155903120085545,0.27872561361654613,0.1665037440377001,0.0,0.0,0.0,0.0,0.24126877553003406,0.0,0.0801228848019122,0.0,0.0,0.3321400278407483,0.3317495032224498,0.33155903237461676,0.19829989600627845,0.1665037434786826],"CS":[0.45597836356062715,0.6541802806249732,0.6541802806249732,0.6103959311596061,0.610395932774968,0.6642786227212707,0.6642786232860933,0.6541802806265451,0.6541802806249732,2.1079241673775098,2.1091003033750493,2.110264833508095,2.241632475156144,2.541045788873434],"pr_entry":[0.0,0.0,0.0,0.0,0.0,0.0,0.0,0.0,0.0,0.0,0.0,0.0,0.0,0.0,0.12615868781206413,0.08420643788280789,0.06476868775212258,0.0,0.16606982430393386,0.0,0.1658745607492824,0.0,0.09914984272431684,0.0,0.0,0.0,0.0,0.0,0.0,0.0,0.0,0.0,0.0,0.0,0.0,0.0,0.0,0.0,0.0,0.0,0.0,0.0,0.1261586878754396,0.08420643979095703,0.0647686863614709,0.16606982419524308,0.0,0.1658745615463813,0.0,0.09914983946540548,0.0,0.0,0.0,0.0,0.0,0.0],"pr_exit":[0.0,0.0,0.0,0.0,0.0,0.25,0.0,0.25,0.0,0.0,0.0,0.0,0.0,0.0,0.0,0.0,0.0,0.0,0.0,0.0,0.0,0.0,0.0,0.0,0.0,0.0,0.0,0.0,0.0,0.0,0.0,0.0,0.0,0.0,0.25,0.0,0.25,0.0,0.0,0.0,0.0,0.0,0.0,0.0,0.0,0.0,0.0,0.0,0.0,0.0,0.0,0.0,0.0,0.0,0.0,0.0],"pr_merger":[0.25,0.0,0.0,0.25,0.25,0.0,0.0,0.0,0.0,0.0,0.0,0.0,0.0,0.0,0.0,0.0,0.0,0.0,0.0,0.0,0.0,0.0,0.0,0.0,0.0,0.0,0.0,0.0,0.0,0.0,0.0,0.0,0.25,0.0,0.0,0.0,0.0,0.0,0.0,0.0,0.0,0.0,0.0,0.0,0.0,0.25,0.0,0.0,0.0,0.0,0.0,0.0,0.0,0.0,0.0,0.0],