{"modelname":"privacy","policy":"nolearning","smax":[5,1],"alpha":0.9,"beta":0.95,"c":1.0,"gamma":0.0,"sigma":9.0,"p0":1.0,"accuracy":1.0e-8,"cost_entry":[0.0,10.0],"value_exit":[0.0,1.0],"cost_merger":[0.0,1.0],"cost_bundling":[0.0,1.0],"entry":true,"exit":true,"mergers":true,"bundling":true,"filename":"a90g0s90","verbose":true,"firms":[1,2,3,4],"rival":[2,1,4,3],"partner":[3,4,1,2],"merger_pairs":[1,2,1,2,3,4,4,3],"outcomes":[1,0,1,0,1,0,0,0,0,0,1,0,1,0,1,0,0,0,1,0,0,1,0,0,1,0,0,0,1,1,0,0,0,0,1,0,0,0,0,0,1,1,1,1,2],"ownership":[0,3,0,3,0,0,4,4,0,1,0,1,0,0,2,2],"S":[1,1,1,1,1,1,1,1,1,1,1,1,1,1,0,0,0,1,0,1,0,1,0,1,1,1,1,1,1,1,1,1,1,1,1,1,1,1,1,1,1,1,0,0,0,0,1,0,1,0,1,1,1,1,1,1,0,1,1,0,0,1,1,1,1,0,1,3,1,3,0,0,1,0,0,0,0,1,1,0,0,0,1,1],"ms":14,"mc":[0.004765098748902243,0.004765098748902243,0.004765098748902243,0.004765098748902243,0.004765098748902243,0.004765098748902243,0.004765098748902243,0.004765098748902243,0.004765098748902243,0.004765098748902243,0.004765098748902243,0.004765098748902243,0.004765098748902243,0.004765098748902243,0.0,0.0,0.0,0.004765098748902243,0.0,0.004765098748902243,0.0,0.004765098748902243,0.0,0.004765098748902243,0.004765098748902243,0.004765098748902243,0.004765098748902243,0.004765098748902243,1.0,1.0,1.0,1.0,1.0,1.0,1.0,1.0,1.0,1.0,1.0,1.0,1.0,1.0,0.0,0.0,0.0,0.0,1.0,0.0,1.0,0.0,1.0,1.0,1.0,1.0,1.0,1.0],"db":[0.9952349012510977,0.9952349012510977,0.9952349012510977,0.9952349012510977,0.9952349012510977,0.9952349012510977,0.9952349012510977,0.9952349012510977,0.9952349012510977,0.9952349012510977,0.9952349012510977,0.9952349012510977,0.9952349012510977,0.9952349012510977,1.0,1.0,1.0,0.9952349012510977,1.0,0.9952349012510977,1.0,0.9952349012510977,1.0,0.9952349012510977,0.9952349012510977,0.9952349012510977,0.9952349012510977,0.9952349012510977,0.0,0.0,0.0,0.0,0.0,0.0,0.0,0.0,0.0,0.0,0.0,0.0,0.0,0.0,1.0,1.0,1.0,1.0,0.0,1.0,0.0,1.0,0.0,0.0,0.0,0.0,0.0,0.0],"P":[1.3630658015136328,2.6476754433820093,1.3238377216910047,0.21282965247433486,2.5177063230784036,3.25234278905629e-8,2.674101054985339,1.3238377216918442,1.3238377216910047,0.22222222320554724,0.22222222320083074,0.22222222319675752,0.1486885042707368,0.11111111160397724,0.5,0.5,0.5,0.21282965132064774,0.5,0.1407644565450034,0.5,0.49761745062554885,0.5,0.2222222241378998,0.22222222413406653,0.2222222241325981,0.17739098142161167,0.11111111207066965,1.3630657018745942,0.0,1.3238377216910047,2.5177063191888327,0.21282964721631747,2.6741010270406473,0.0,1.3238377216918442,1.3238377216910047,0.22222222127496918,0.22222222127321561,0.22222222127098787,0.1486885042707368,0.11111111160397724,0.5,0.5,0.5,0.5,0.21282964843793642,0.5,0.14076444433006163,0.5,0.0,0.22222222027950203,0.22222222027905233,0.22222222027457897,0.17739097636478718,0.11111111207066965],"V":[22.388631921912143,43.384749296369236,23.981038451156724,2.537818735853049,33.72168433266929,22.115476158007578,35.82220932698803,20.74012598653318,20.740125918841212,2.2222220251558604,2.2222221996460823,2.2222221968005704,1.8626592290782236,1.1111111096833373,0.0,0.0,0.0,2.537818736302104,0.0,0.6245751698827536,0.0,0.5121770092193996,0.0,2.2222220158326604,2.2222219956208646,2.222222187442164,1.3255972674288494,1.1111111050164126,22.388631478084136,4.225811288399887,23.981038451156724,33.721684388074614,2.5378187185029346,18.186977983080315,4.480244714739667,20.74012598653318,20.740125918841212,2.2222219865724386,2.2222219957124407,2.2222219928358715,1.8626592290782236,1.1111111096833373,0.0,0.0,0.0,0.0,2.5378187180336074,0.0,0.6245751521744232,0.0,0.5121770035781584,2.2222219965267627,2.2222219763447066,2.2222220027999597,1.3255972296405016,1.1111111050164126],"D":[0.9184844054986081,0.9580344671581377,0.9580344671581377,0.4779340579844171,0.9558681209999513,0.7477898617671529,0.9584491728325899,0.95803446715753,0.9580344671581377,0.5000000020844036,0.5000000020863912,0.5000000020922518,0.6263628141235819,0.5000000020964915,0.0,0.0,0.0,0.47793406294689444,0.0,0.21065931102418384,0.0,0.0,0.0,0.49999999788881755,0.49999999788683,0.4999999978809694,0.37363718585855976,0.49999999789626026,0.9184844054986081,0.9580344671581377,0.9580344671581377,0.9558681209313116,0.47793406312731557,0.9584491727913367,0.7477898918401175,0.95803446715753,0.9580344671581377,0.4999999977468096,0.49999999774974324,0.4999999977446906,0.6263628141235819,0.5000000020964915,0.0,0.0,0.0,0.0,0.4779340578726358,0.0,0.21065928099247241,0.0,0.0,0.5000000022264116,0.500000002223478,0.5000000022285306,0.37363718585855976,0.49999999789626026],"Q":[0.9184844054986081,0.9580344671581377,0.9580344671581377,0.4779340579844171,0.47793406312731557,0.7477898617671529,0.7477898918401175,0.95803446715753,0.9580344671581377,0.24999999992230135,0.2499999999247619,0.2499999999251659,0.6263628141235819,0.5000000020964915,0.0,0.0,0.0,0.0,0.0,0.0,0.0,0.0,0.0,0.2500000000643093,0.2500000000618487,0.2500000000614447,0.37363718585855976,0.49999999789626026,0.0,0.0,0.0,0.0,0.4779340578726358,0.0,0.21065928099247241,0.0,0.0,0.25000000216210233,0.25000000216162926,0.2500000021670859,0.0,0.0,0.0,0.0,0.0,0.47793406294689444,0.0,0.21065931102418384,0.0,0.0,0.0,0.24999999782450827,0.24999999782498133,0.24999999781952473,0.0,0.0,0.0,0.0,0.0,0.0,0.0,0.0,0.0,0.0,0.0,0.0,0.0,0.0,0.0,0.0,0.0,0.0,0.0,0.0,0.0,0.0,0.0,0.0,0.0,0.0,0.0,0.0,0.0,0.0,0.0,0.0,0.0,0.0,0.0,0.0,0.0,0.0,0.0,0.0,0.0,0.0,0.0,0.0,0.0,0.0,0.0,0.0,0.0,0.0,0.0,0.0,0.0,0.0,0.0,0.0,0.0,0.0,0.08151559450139191,0.041965532841862344,0.041965532841862344,0.04413187906868837,0.04413187900004865,0.0415508272086632,0.041550827167410126,0.04196553284246996,0.041965532841862344,2.6778856606773177e-11,2.677885660547737e-11,2.6778856604002057e-11,1.7858410630738504e-11,7.248248381855427e-12],"PI":[1.2519546823587326,2.5365643326081693,1.2682821663040846,0.10171853946647211,2.40659521227065,2.4320689646477995e-8,2.562989944221454,1.2682821663040846,1.2682821663040846,0.11111111206597443,0.11111111206405785,0.11111111206332361,0.09313294996284492,0.055555556034932126,0.0,0.0,0.0,0.10171853997124805,0.0,0.029653343432464084,0.0,0.0,0.0,0.11111111159979824,0.11111111159743993,0.11111111159540335,0.06627986709505904,0.055555555801585964,1.2519545908418297,0.0,1.2682821663040846,2.4065952083799185,0.10171853804804777,2.562989917327572,0.0,1.2682821663040846,1.2682821663040846,0.11111111013677562,0.11111111013655076,0.11111111013431407,0.09313294996284492,0.055555556034932126,0.0,0.0,0.0,0.0,0.10171853751354944,0.0,0.029653336631875693,0.0,0.0,0.11111111063450915,0.11111111063363238,0.1111111106325185,0.06627986520564137,0.055555555801585964],"CS":[0.2785512148293119,0.35232296047065237,0.35232296047065237,0.34673031958956413,0.3467303197623788,0.35342642768071486,0.3534264277910295,0.35232296046904366,0.35232296047065237,2.7048231635962128,2.7048231636015894,2.7048231636077107,2.7498385038755835,2.850029030972806],"pr_entry":[0.0,0.0,0.0,0.0,0.0,0.0,0.0,0.0,0.0,0.0,0.0,0.0,0.0,0.0,0.06344546887691419,0.015614379069142393,0.012804425072369096,0.0,0.05555555011139105,0.0,0.05555554957956373,0.0,0.033139931587731326,0.0,0.0,0.0,0.0,0.0,0.0,0.0,0.0,0.0,0.0,0.0,0.0,0.0,0.0,0.0,0.0,0.0,0.0,0.0,0.06344546842020206,0.015614378626434134,0.012804424931338076,0.05555554962874345,0.0,0.055555549097659765,0.0,0.03313993064302264,0.0,0.0,0.0,0.0,0.0,0.0],"pr_exit":[0.0,0.0,0.0,0.0,0.0,0.25,0.0,0.25,0.0,0.0,0.0,0.0,0.0,0.0,0.0,0.0,0.0,0.0,0.0,0.09385620930857608,0.0,0.12195574927630903,0.0,0.0,0.0,0.0,0.0,0.0,0.0,0.0,0.0,0.0,0.0,0.0,0.25,0.0,0.25,0.0,0.0,0.0,0.0,0.0,0.0,0.0,0.0,0.0,0.0,0.0,0.09385621373565867,0.0,0.12195575068661924,0.0,0.0,0.0,0.0,0.0],"pr_merger":[0.25,0.0,0.0,0.25,0.25,0.0,0.0,0.0,0.0,4.8324308221658896e-8,0.0,0.0,0.0,0.0,0.0,0.0,0.0,0.0,0.0,0.0,0.0,0.0,0.0,4.816652743322436e-8,5.74420286891808e-8,0.0,0.0,0.0,0.0,0.0,0.0,0.0,0.25,0.0,0.0,0.0,0.0,4.5835731432575244e-8,0.0,0.0,0.0,0.0,0.0,0.0,0.0,0.25,0.0,0.0,0.0,0.0,0.0,5.065510422230801e-8,0.0,0.0,0.0,0.0],