{"modelname":"privacy","policy":"nolearning","smax":[5,1],"alpha":0.9,"beta":0.95,"c":1.0,"gamma":0.0,"sigma":2.0,"p0":1.0,"accuracy":1.0e-8,"cost_entry":[0.0,10.0],"value_exit":[0.0,1.0],"cost_merger":[0.0,1.0],"cost_bundling":[0.0,1.0],"entry":true,"exit":true,"mergers":true,"bundling":true,"filename":"a90g0s20","verbose":true,"firms":[1,2,3,4],"rival":[2,1,4,3],"partner":[3,4,1,2],"merger_pairs":[1,2,1,2,3,4,4,3],"outcomes":[1,0,1,0,1,0,0,0,0,0,1,0,1,0,1,0,0,0,1,0,0,1,0,0,1,0,0,0,1,1,0,0,0,0,1,0,0,0,0,0,1,1,1,1,2],"ownership":[0,3,0,3,0,0,4,4,0,1,0,1,0,0,2,2],"S":[1,1,1,1,1,1,1,1,1,1,1,1,1,1,0,0,0,1,0,1,0,1,0,1,1,1,1,1,1,1,1,1,1,1,1,1,1,1,1,1,1,1,0,0,0,0,1,0,1,0,1,1,1,1,1,1,0,1,1,0,0,1,1,1,1,0,1,3,1,3,0,0,1,0,0,0,0,1,1,0,0,0,1,1],"ms":14,"mc":[0.004765098748902243,0.004765098748902243,0.004765098748902243,0.004765098748902243,0.004765098748902243,0.004765098748902243,0.004765098748902243,0.004765098748902243,0.004765098748902243,0.004765098748902243,0.004765098748902243,0.004765098748902243,0.004765098748902243,0.004765098748902243,0.0,0.0,0.0,0.004765098748902243,0.0,0.004765098748902243,0.0,0.004765098748902243,0.0,0.004765098748902243,0.004765098748902243,0.004765098748902243,0.004765098748902243,0.004765098748902243,1.0,1.0,1.0,1.0,1.0,1.0,1.0,1.0,1.0,1.0,1.0,1.0,1.0,1.0,0.0,0.0,0.0,0.0,1.0,0.0,1.0,0.0,1.0,1.0,1.0,1.0,1.0,1.0],"db":[0.9952349012510977,0.9952349012510977,0.9952349012510977,0.9952349012510977,0.9952349012510977,0.9952349012510977,0.9952349012510977,0.9952349012510977,0.9952349012510977,0.9952349012510977,0.9952349012510977,0.9952349012510977,0.9952349012510977,0.9952349012510977,1.0,1.0,1.0,0.9952349012510977,1.0,0.9952349012510977,1.0,0.9952349012510977,1.0,0.9952349012510977,0.9952349012510977,0.9952349012510977,0.9952349012510977,0.9952349012510977,0.0,0.0,0.0,0.0,0.0,0.0,0.0,0.0,0.0,0.0,0.0,0.0,0.0,0.0,1.0,1.0,1.0,1.0,0.0,1.0,0.0,1.0,0.0,0.0,0.0,0.0,0.0,0.0],"P":[1.3615780693543698,2.3429716601615143,1.1714858300807571,0.7995749395658753,1.9946979217657705,3.055621431088905e-8,2.4451862940678915,1.171485830079152,1.1714858300807571,0.9712955948812525,0.9546117651017078,0.948653182731297,0.6518127845051138,0.49553999145417676,0.5,0.5,0.5,0.799574936419161,0.5,0.6106160542942755,0.5,0.49761745062554885,0.5,0.9712955914737926,0.9640075040995841,0.9486531877089075,0.7844669019498814,0.49553998832857493,1.361578053976046,0.0,1.1714858300807571,1.9946979051146496,0.7995749269087993,2.445186264801794,0.0,1.171485830079152,1.1714858300807571,0.9712955840858579,0.9546117533993441,0.9486531690940214,0.6518127845051138,0.49553999145417676,0.5,0.5,0.5,0.5,0.7995749194268965,0.5,0.6106160230358424,0.5,0.0,0.9712955798133887,0.9640074920759452,0.9486531732668647,0.7844668721327666,0.49553998832857493],"V":[11.708721986385482,14.301913176881303,12.377558493715162,8.636011372388786,13.242241468385538,7.632513043333562,14.826166613777916,10.843442930998393,10.843442853117276,9.425895895504134,9.3640059459899,9.22978273875916,8.036242448125064,4.9107922202306975,0.0,0.0,0.0,8.636011383853633,0.0,7.973228287337516,0.0,4.15267826651486,0.0,9.425895926673274,9.28013440017255,9.229782695303573,5.689328267112815,4.9107922506527455,11.708721901174837,10.003218421707414,12.377558493715162,13.242241374535258,8.636011270633082,14.826166263211059,7.632512676767225,10.843442930998393,10.843442853117276,9.425895782587181,9.364005609925774,9.229781710731807,8.036242448125064,4.9107922202306975,0.0,0.0,0.0,0.0,8.63601128663016,0.0,7.97322818813203,0.0,4.152678151305892,9.425895821668895,9.280134287435018,9.22978167430202,5.689328050864908,4.9107922506527455],"D":[0.632779040068175,0.7865957969205248,0.7865957969205248,0.374667737050997,0.7493354757738078,0.6143617957730294,0.795516602892636,0.7865957969216026,0.7865957969205248,0.4852236458282269,0.4904622934698909,0.48646849715895524,0.6164542857310796,0.49549985003322405,0.0,0.0,0.0,0.3746677394089417,0.0,0.18115480664785538,0.0,0.0,0.0,0.48522364913498717,0.48133183812675556,0.4864684923160538,0.3626244618579591,0.49549985622816506,0.632779040068175,0.7865957969205248,0.7865957969205248,0.7493354764599387,0.37466773508367623,0.7955166024208848,0.6143617959408696,0.7865957969216026,0.7865957969205248,0.48522364540850393,0.49046229331379787,0.4864684967674613,0.6164542857310796,0.49549985003322405,0.0,0.0,0.0,0.0,0.3746677406901315,0.0,0.18115480695176647,0.0,0.0,0.4852236495547102,0.48133183828284853,0.4864684927075477,0.3626244618579591,0.49549985622816506],"Q":[0.632779040068175,0.7865957969205248,0.7865957969205248,0.374667737050997,0.37466773508367623,0.6143617957730294,0.6143617959408696,0.7865957969216026,0.7865957969205248,0.2426118218775619,0.24753520670469725,0.24323424959445603,0.6164542857310796,0.49549985003322405,0.0,0.0,0.0,0.0,0.0,0.0,0.0,0.0,0.0,0.24261182560404515,0.23840475151765494,0.2432342451430485,0.3626244618579591,0.49549985622816506,0.0,0.0,0.0,0.0,0.3746677406901315,0.0,0.18115480695176647,0.0,0.0,0.24261182395066502,0.24292708676519362,0.2432342475644992,0.0,0.0,0.0,0.0,0.0,0.3746677394089417,0.0,0.18115480664785538,0.0,0.0,0.0,0.24261182353094202,0.24292708660910062,0.2432342471730053,0.0,0.0,0.0,0.0,0.0,0.0,0.0,0.0,0.0,0.0,0.0,0.0,0.0,0.0,0.0,0.0,0.0,0.0,0.0,0.0,0.0,0.0,0.0,0.0,0.0,0.0,0.0,0.0,0.0,0.0,0.0,0.0,0.0,0.0,0.0,0.0,0.0,0.0,0.0,0.0,0.0,0.0,0.0,0.0,0.0,0.0,0.0,0.0,0.0,0.0,0.0,0.0,0.0,0.0,0.0,0.0,0.0,0.0,0.367220959931825,0.2134042030794752,0.2134042030794752,0.2506645235400613,0.2506645242261924,0.20448339757911516,0.2044833971073639,0.21340420307839736,0.2134042030794752,0.029552705036785823,0.028205868403353485,0.027063010524990893,0.0209212524109612,0.00900029373861074],"PI":[0.8615780637039371,1.8429716601869515,0.9214858300934757,0.2995749332098342,1.4946979162313792,1.8772570696063338e-8,1.9451862940965232,0.9214858300934757,0.9214858300934757,0.4712955897251778,0.46820107568512437,0.4614898881283538,0.4018127845024861,0.24553999145100971,0.0,0.0,0.0,0.29957493391621537,0.0,0.11061603325175584,0.0,0.0,0.0,0.4712955912836394,0.4640075039162387,0.4614898859555706,0.28446688816495613,0.24553999297211546,0.8615780539728561,0.0,0.9214858300934757,1.4946979051227276,0.2995749268946158,1.9451862696613371,0.0,0.9214858300934757,0.9214858300934757,0.47129558407932204,0.468201069796548,0.4614898811228569,0.4018127845024861,0.24553999145100971,0.0,0.0,0.0,0.0,0.29957492857416923,0.0,0.11061602777471342,0.0,0.0,0.47129558603341076,0.4640074982793532,0.46148987930136376,0.2844668773525409,0.24553999297211546],"CS":[0.5008957707202335,0.7722836222641674,0.7722836222641674,0.691819896722079,0.6918198953534547,0.7936342461135979,0.7936342472671176,0.7722836222666927,0.7722836222641674,1.7607899991558358,1.784112611639025,1.8047937043662867,1.9334948874483036,2.355249032277549],"pr_entry":[0.0,0.0,0.0,0.0,0.0,0.0,0.0,0.0,0.0,0.0,0.0,0.0,0.0,0.0,0.21590026109072066,0.19933068364911816,0.10381694079307087,0.0,0.23564737724709567,0.0,0.23200333937516607,0.0,0.14223319418283842,0.0,0.0,0.0,0.0,0.0,0.0,0.0,0.0,0.0,0.0,0.0,0.0,0.0,0.0,0.0,0.0,0.0,0.0,0.0,0.21590025866013418,0.19933068116898128,0.10381693791284738,0.23564737462198648,0.0,0.23200333655672806,0.0,0.14223318877664123,0.0,0.0,0.0,0.0,0.0,0.0],"pr_exit":[0.0,0.0,0.0,0.0,0.0,0.25,0.0,0.25,0.0,0.0,0.0,0.0,0.0,0.0,0.0,0.0,0.0,0.0,0.0,0.0,0.0,0.0,0.0,0.0,0.0,0.0,0.0,0.0,0.0,0.0,0.0,0.0,0.0,0.0,0.25,0.0,0.25,0.0,0.0,0.0,0.0,0.0,0.0,0.0,0.0,0.0,0.0,0.0,0.0,0.0,0.0,0.0,0.0,0.0,0.0,0.0],"pr_merger":[0.20405057437630836,0.0,0.0,0.10701921714190199,0.10701921493818167,0.0,0.0,0.0,0.0,0.0,0.0,0.0,0.0,0.0,0.0,0.0,0.0,0.0,0.0,0.0,0.0,0.0,0.0,0.0,0.0,0.0,0.0,0.0,0.0,0.0,0.0,0.0,0.10701920957895483,0.0,0.0,0.0,0.0,0.0,0.0,0.0,0.0,0.0,0.0,0.0,0.0,0.10701921311487528,0.0,0.0,0.0,0.0,0.0,0.0,0.0,0.0,0.0,0.0],