{"modelname":"privacy","policy":"nolearning","smax":[5,1],"alpha":0.9,"beta":0.95,"c":1.0,"gamma":0.0,"sigma":7.0,"p0":1.0,"accuracy":1.0e-8,"cost_entry":[0.0,10.0],"value_exit":[0.0,1.0],"cost_merger":[0.0,1.0],"cost_bundling":[0.0,1.0],"entry":true,"exit":true,"mergers":true,"bundling":true,"filename":"a90g0s70","verbose":true,"firms":[1,2,3,4],"rival":[2,1,4,3],"partner":[3,4,1,2],"merger_pairs":[1,2,1,2,3,4,4,3],"outcomes":[1,0,1,0,1,0,0,0,0,0,1,0,1,0,1,0,0,0,1,0,0,1,0,0,1,0,0,0,1,1,0,0,0,0,1,0,0,0,0,0,1,1,1,1,2],"ownership":[0,3,0,3,0,0,4,4,0,1,0,1,0,0,2,2],"S":[1,1,1,1,1,1,1,1,1,1,1,1,1,1,0,0,0,1,0,1,0,1,0,1,1,1,1,1,1,1,1,1,1,1,1,1,1,1,1,1,1,1,0,0,0,0,1,0,1,0,1,1,1,1,1,1,0,1,1,0,0,1,1,1,1,0,1,3,1,3,0,0,1,0,0,0,0,1,1,0,0,0,1,1],"ms":14,"mc":[0.004765098748902243,0.004765098748902243,0.004765098748902243,0.004765098748902243,0.004765098748902243,0.004765098748902243,0.004765098748902243,0.004765098748902243,0.004765098748902243,0.004765098748902243,0.004765098748902243,0.004765098748902243,0.004765098748902243,0.004765098748902243,0.0,0.0,0.0,0.004765098748902243,0.0,0.004765098748902243,0.0,0.004765098748902243,0.0,0.004765098748902243,0.004765098748902243,0.004765098748902243,0.004765098748902243,0.004765098748902243,1.0,1.0,1.0,1.0,1.0,1.0,1.0,1.0,1.0,1.0,1.0,1.0,1.0,1.0,0.0,0.0,0.0,0.0,1.0,0.0,1.0,0.0,1.0,1.0,1.0,1.0,1.0,1.0],"db":[0.9952349012510977,0.9952349012510977,0.9952349012510977,0.9952349012510977,0.9952349012510977,0.9952349012510977,0.9952349012510977,0.9952349012510977,0.9952349012510977,0.9952349012510977,0.9952349012510977,0.9952349012510977,0.9952349012510977,0.9952349012510977,1.0,1.0,1.0,0.9952349012510977,1.0,0.9952349012510977,1.0,0.9952349012510977,1.0,0.9952349012510977,0.9952349012510977,0.9952349012510977,0.9952349012510977,0.9952349012510977,0.0,0.0,0.0,0.0,0.0,0.0,0.0,0.0,0.0,0.0,0.0,0.0,0.0,0.0,1.0,1.0,1.0,1.0,0.0,1.0,0.0,1.0,0.0,0.0,0.0,0.0,0.0,0.0],"P":[1.3454469454721745,2.589434851861384,1.294717425930692,0.26983988046338114,2.4283460359166558,3.5771171877158264e-8,2.623054838579267,1.2947174259303968,1.294717425930692,0.2857142849684085,0.2857142829318132,0.2857142819126288,0.19117093261889828,0.1428571435993936,0.5,0.5,0.5,0.26983988257585195,0.5,0.18046784335513213,0.5,0.49761745062554885,0.5,0.2857142838321652,0.2857142828166074,0.2857142807770091,0.228074116405887,0.14285714303194544,1.3454468845055572,0.0,1.294717425930692,2.428346030218534,0.2698398746196504,2.623054809124309,0.0,1.2947174259303968,1.294717425930692,0.2857142814204413,0.285714279380315,0.2857142783633182,0.19117093261889828,0.1428571435993936,0.5,0.5,0.5,0.5,0.26983987631063977,0.5,0.1804678358306501,0.5,0.0,0.28571428014054157,0.2857142791209813,0.2857142770830345,0.22807410801500705,0.14285714303194544],"V":[19.768916967782484,35.23795369931043,21.51275540358253,2.5798585044730538,26.953193424854813,9.093693414309678,27.482264068694,17.17867784122506,17.178677771795144,2.8571425764194425,2.857142669226613,2.857142649222069,2.3948471274712233,1.4285713762699255,0.0,0.0,0.0,2.5798585035776127,0.0,0.9228243991899735,0.0,0.7624869398007155,0.0,2.8571425877817713,2.8571425614984856,2.857142660578264,1.7043393311749762,1.4285713819444057,19.76891672837307,7.297412717849578,21.51275540358253,26.953193470859,2.5798584838543914,23.956475215598612,5.567904467430947,17.17867784122506,17.178677771795144,2.857142539503216,2.857142467946625,2.8571424411921753,2.3948471274712233,1.4285713762699255,0.0,0.0,0.0,0.0,2.5798584834876968,0.0,0.9228243740910149,0.0,0.7624869272508195,2.8571425523021,2.8571425259835053,2.8571424539950105,1.7043392684720875,1.4285713819444057],"D":[0.8938217892885687,0.9448307639514658,0.9448307639514658,0.4705855088252334,0.941171010829893,0.737131215084918,0.9455378741955586,0.9448307639516812,0.9448307639514658,0.49999999266112816,0.49999999444794396,0.4999999926622196,0.6263628028960416,0.499999996565723,0.0,0.0,0.0,0.47058550186654674,0.0,0.208406659078075,0.0,0.0,0.0,0.4999999966379798,0.49999999485116403,0.49999999663688866,0.3736371899676967,0.5000000005378603,0.8938217892885687,0.9448307639514658,0.9448307639514658,0.9411710106917801,0.4705855082000894,0.945537874162993,0.7371312472352988,0.9448307639516812,0.9448307639514658,0.4999999924097294,0.49999999419571994,0.49999999240905757,0.6263628028960416,0.499999996565723,0.0,0.0,0.0,0.0,0.47058550262980353,0.0,0.20840662696025983,0.0,0.0,0.49999999688937846,0.4999999951033881,0.4999999968900507,0.3736371899676967,0.5000000005378603],"Q":[0.8938217892885687,0.9448307639514658,0.9448307639514658,0.4705855088252334,0.4705855082000894,0.737131215084918,0.7371312472352988,0.9448307639516812,0.9448307639514658,0.2499999952106518,0.24999999699705494,0.24999999521086155,0.6263628028960416,0.499999996565723,0.0,0.0,0.0,0.0,0.0,0.0,0.0,0.0,0.0,0.24999999943890217,0.24999999765249906,0.2499999994386926,0.3736371899676967,0.5000000005378603,0.0,0.0,0.0,0.0,0.47058550262980353,0.0,0.20840662696025983,0.0,0.0,0.24999999745047632,0.24999999745088902,0.2499999974513581,0.0,0.0,0.0,0.0,0.0,0.47058550186654674,0.0,0.208406659078075,0.0,0.0,0.0,0.24999999719907762,0.24999999719866497,0.24999999719819604,0.0,0.0,0.0,0.0,0.0,0.0,0.0,0.0,0.0,0.0,0.0,0.0,0.0,0.0,0.0,0.0,0.0,0.0,0.0,0.0,0.0,0.0,0.0,0.0,0.0,0.0,0.0,0.0,0.0,0.0,0.0,0.0,0.0,0.0,0.0,0.0,0.0,0.0,0.0,0.0,0.0,0.0,0.0,0.0,0.0,0.0,0.0,0.0,0.0,0.0,0.0,0.0,0.0,0.0,0.0,0.0,0.0,0.0,0.10617821071143135,0.055169236048534194,0.055169236048534194,0.05882898930821993,0.058828989170107114,0.05446212583700697,0.05446212580444127,0.055169236048318825,0.055169236048534194,1.070089210865874e-8,1.070089187975127e-8,1.0700891650773138e-8,7.136261690174423e-9,2.896416696691205e-9],"PI":[1.2025897961947782,2.4465777092867422,1.2232888546433711,0.12698273744920038,2.2854888932684423,2.6368047390821118e-8,2.4801976959686143,1.2232888546433711,1.2232888546433711,0.14285714038738373,0.1428571398796049,0.14285713885980575,0.11974236118742344,0.07142857130908581,0.0,0.0,0.0,0.12698273656556733,0.0,0.03761070030466847,0.0,0.0,0.0,0.1428571409555054,0.14285713993720772,0.1428571394276156,0.08521697195826097,0.07142857159280991,1.2025897417014872,0.0,1.2232888546433711,2.2854888875701493,0.1269827345305366,2.4801976680324147,0.0,1.2232888546433711,1.2232888546433711,0.14285713854157195,0.1428571380317918,0.14285713701281846,0.11974236118742344,0.07142857130908581,0.0,0.0,0.0,0.0,0.12698273382320643,0.0,0.037610692940283706,0.0,0.0,0.1428571391815218,0.1428571381614587,0.14285713765296032,0.08521696882311616,0.07142857159280991],"CS":[0.320376623347677,0.4139071141456865,0.4139071141456865,0.4047315043034032,0.40473150463878915,0.4157499653807615,0.41574996546618315,0.41390711414624426,0.4139071141456865,2.621848389187574,2.6218483922434936,2.621848395300357,2.679725252930246,2.8085416408278103],"pr_entry":[0.0,0.0,0.0,0.0,0.0,0.0,0.0,0.0,0.0,0.0,0.0,0.0,0.0,0.0,0.06449646353163363,0.023070609738941004,0.019062173274402162,0.0,0.0714285643901649,0.0,0.07142856372529681,0.0,0.04260848313728198,0.0,0.0,0.0,0.0,0.0,0.0,0.0,0.0,0.0,0.0,0.0,0.0,0.0,0.0,0.0,0.0,0.0,0.0,0.0,0.06449646302938573,0.023070609111467053,0.019062172960654773,0.07142856350317311,0.0,0.07142856283742229,0.0,0.04260848156970977,0.0,0.0,0.0,0.0,0.0,0.0],"pr_exit":[0.0,0.0,0.0,0.0,0.0,0.25,0.0,0.25,0.0,0.0,0.0,0.0,0.0,0.0,0.0,0.0,0.0,0.0,0.0,0.01929390261058994,0.0,0.059378267255978334,0.0,0.0,0.0,0.0,0.0,0.0,0.0,0.0,0.0,0.0,0.0,0.0,0.25,0.0,0.25,0.0,0.0,0.0,0.0,0.0,0.0,0.0,0.0,0.0,0.0,0.0,0.019293908885329503,0.0,0.059378270393452254,0.0,0.0,0.0,0.0,0.0],"pr_merger":[0.25,0.0,0.0,0.25,0.25,0.0,0.0,0.0,0.0,5.860036789151479e-9,0.0,0.0,0.0,0.0,0.0,0.0,0.0,0.0,0.0,0.0,0.0,0.0,0.0,0.0,7.397203627412807e-9,0.0,0.0,0.0,0.0,0.0,0.0,0.0,0.25,0.0,0.0,0.0,0.0,2.66031729978522e-9,0.0,0.0,0.0,0.0,0.0,0.0,0.0,0.25,0.0,0.0,0.0,0.0,0.0,3.0194557965046442e-9,0.0,0.0,0.0,0.0],