{"modelname":"privacy","policy":"nolearning","smax":[5,1],"alpha":0.9,"beta":0.95,"c":1.0,"gamma":0.0,"sigma":4.0,"p0":1.0,"accuracy":1.0e-8,"cost_entry":[0.0,10.0],"value_exit":[0.0,1.0],"cost_merger":[0.0,1.0],"cost_bundling":[0.0,1.0],"entry":true,"exit":true,"mergers":true,"bundling":true,"filename":"a90g0s40","verbose":true,"firms":[1,2,3,4],"rival":[2,1,4,3],"partner":[3,4,1,2],"merger_pairs":[1,2,1,2,3,4,4,3],"outcomes":[1,0,1,0,1,0,0,0,0,0,1,0,1,0,1,0,0,0,1,0,0,1,0,0,1,0,0,0,1,1,0,0,0,0,1,0,0,0,0,0,1,1,1,1,2],"ownership":[0,3,0,3,0,0,4,4,0,1,0,1,0,0,2,2],"S":[1,1,1,1,1,1,1,1,1,1,1,1,1,1,0,0,0,1,0,1,0,1,0,1,1,1,1,1,1,1,1,1,1,1,1,1,1,1,1,1,1,1,0,0,0,0,1,0,1,0,1,1,1,1,1,1,0,1,1,0,0,1,1,1,1,0,1,3,1,3,0,0,1,0,0,0,0,1,1,0,0,0,1,1],"ms":14,"mc":[0.004765098748902243,0.004765098748902243,0.004765098748902243,0.004765098748902243,0.004765098748902243,0.004765098748902243,0.004765098748902243,0.004765098748902243,0.004765098748902243,0.004765098748902243,0.004765098748902243,0.004765098748902243,0.004765098748902243,0.004765098748902243,0.0,0.0,0.0,0.004765098748902243,0.0,0.004765098748902243,0.0,0.004765098748902243,0.0,0.004765098748902243,0.004765098748902243,0.004765098748902243,0.004765098748902243,0.004765098748902243,1.0,1.0,1.0,1.0,1.0,1.0,1.0,1.0,1.0,1.0,1.0,1.0,1.0,1.0,0.0,0.0,0.0,0.0,1.0,0.0,1.0,0.0,1.0,1.0,1.0,1.0,1.0,1.0],"db":[0.9952349012510977,0.9952349012510977,0.9952349012510977,0.9952349012510977,0.9952349012510977,0.9952349012510977,0.9952349012510977,0.9952349012510977,0.9952349012510977,0.9952349012510977,0.9952349012510977,0.9952349012510977,0.9952349012510977,0.9952349012510977,1.0,1.0,1.0,0.9952349012510977,1.0,0.9952349012510977,1.0,0.9952349012510977,1.0,0.9952349012510977,0.9952349012510977,0.9952349012510977,0.9952349012510977,0.9952349012510977,0.0,0.0,0.0,0.0,0.0,0.0,0.0,0.0,0.0,0.0,0.0,0.0,0.0,0.0,1.0,1.0,1.0,1.0,0.0,1.0,0.0,1.0,0.0,0.0,0.0,0.0,0.0,0.0],"P":[1.3163056666856554,2.4513891596066206,1.2256945798033103,0.44908832804681237,2.205232506899607,3.432409668975036e-8,2.5079897856116724,1.2256945798024097,1.2256945798033103,0.49995727799877193,0.49992881691749763,0.4999146060029138,0.3345251428466556,0.24999421409885292,0.5,0.5,0.5,0.4490883319160267,0.5,0.31265748528872095,0.5,0.49761745062554885,0.5,0.49995728067506745,0.49994305756379237,0.49991460379043773,0.39911046499734953,0.24999421522543444,1.316305643177555,0.0,1.2256945798033103,2.205232498219243,0.4490883190123963,2.5079897559079836,0.0,1.2256945798024097,1.2256945798033103,0.4999572799539826,0.4999288151717532,0.49991459857314213,0.3345251428466556,0.24999421409885292,0.5,0.5,0.5,0.5,0.4490883213714722,0.5,0.3126574702361538,0.5,0.0,0.49995727772867354,0.49994305101363606,0.49991459635798385,0.39911045595436473,0.24999421522543444],"V":[14.0058176315858,22.535334753139225,15.492751511887871,3.647961835888869,16.793020904784534,4.499730064853976,17.88256443567746,11.566058313405348,11.566058215445187,4.999142195356348,4.9990004674507205,4.998716148137564,4.190500302768863,2.499883007399388,0.0,0.0,0.0,3.6479618289133833,0.0,2.110784894516038,0.0,1.748129067095201,0.0,4.999142168600544,4.998857646348127,4.99871617025286,2.982207375133601,2.4998829961343687,14.00581760724311,7.8850160697066745,15.492751511887871,16.793020925399944,3.647961771464673,17.882563612736742,4.499729075045214,11.566058313405348,11.566058215445187,4.999142165899315,4.9989996765498885,4.998715119398232,4.190500302768863,2.499883007399388,0.0,0.0,0.0,0.0,3.64796177316728,0.0,2.1107848623271925,0.0,1.7481290438770605,4.999142188146439,4.998857628888567,4.998715141540343,2.982207307563207,2.4998829961343687],"D":[0.8100745056633355,0.8980170091787961,0.8980170091787961,0.443316637816482,0.8866332692177474,0.6999156394187384,0.9003185733338951,0.8980170091794559,0.8980170091787961,0.49995728118072535,0.49997152522793675,0.4999572908747484,0.6263360088941613,0.4999884346636719,0.0,0.0,0.0,0.44331663095533336,0.0,0.20040293379642893,0.0,0.0,0.0,0.4999572758285917,0.4999430463684663,0.4999572952993226,0.3736069995109269,0.49998843015745015,0.8100745056633355,0.8980170091787961,0.8980170091787961,0.8866332687718154,0.44331663670050897,0.9003185732151673,0.6999156515206713,0.8980170091794559,0.8980170091787961,0.4999572762795396,0.49997152042393533,0.4999572908720664,0.6263360088941613,0.4999884346636719,0.0,0.0,0.0,0.0,0.4433166325172384,0.0,0.20040292181322383,0.0,0.0,0.4999572807297774,0.49994305117246773,0.4999572953020046,0.3736069995109269,0.49998843015745015],"Q":[0.8100745056633355,0.8980170091787961,0.8980170091787961,0.443316637816482,0.44331663670050897,0.6999156394187384,0.6999156515206713,0.8980170091794559,0.8980170091787961,0.24997863947780322,0.24999288012954554,0.24997864432988967,0.6263360088941613,0.4999884346636719,0.0,0.0,0.0,0.0,0.0,0.0,0.0,0.0,0.0,0.24997863902685527,0.24996440607407655,0.24997864875714584,0.3736069995109269,0.49998843015745015,0.0,0.0,0.0,0.0,0.4433166325172384,0.0,0.20040292181322383,0.0,0.0,0.24997864170292214,0.2499786450983912,0.24997864654485874,0.0,0.0,0.0,0.0,0.0,0.44331663095533336,0.0,0.20040293379642893,0.0,0.0,0.0,0.2499786368017364,0.2499786402943898,0.24997864654217675,0.0,0.0,0.0,0.0,0.0,0.0,0.0,0.0,0.0,0.0,0.0,0.0,0.0,0.0,0.0,0.0,0.0,0.0,0.0,0.0,0.0,0.0,0.0,0.0,0.0,0.0,0.0,0.0,0.0,0.0,0.0,0.0,0.0,0.0,0.0,0.0,0.0,0.0,0.0,0.0,0.0,0.0,0.0,0.0,0.0,0.0,0.0,0.0,0.0,0.0,0.0,0.0,0.0,0.0,0.0,0.0,0.0,0.0,0.18992549433666453,0.10198299082120382,0.10198299082120382,0.1133667312281846,0.11336673078225254,0.09968142678483266,0.09968142666610487,0.10198299082054399,0.10198299082120382,8.54429906830249e-5,8.542840359698748e-5,8.54138259290143e-5,5.699159491165926e-5,2.3135178878004254e-5],"PI":[1.0663056622422296,2.20138916144326,1.10069458072163,0.19908832767233817,1.955232506977647,2.4023972082077223e-8,2.257989785717882,1.10069458072163,1.10069458072163,0.2499572814147821,0.24995017309963924,0.24993595208593403,0.20952514284532345,0.12499421578226032,0.0,0.0,0.0,0.19908832630636347,0.0,0.06265747732527349,0.0,0.0,0.0,0.24995728007697732,0.24994305520920787,0.24993595319169973,0.14911046330107058,0.12499421521900869,1.0663056431989169,0.0,1.10069458072163,1.9552324982979639,0.1990883231660608,2.2579897586773314,0.0,1.10069458072163,1.10069458072163,0.2499572799419204,0.249950169825158,0.24993594837002475,0.20952514284532345,0.12499421578226032,0.0,0.0,0.0,0.0,0.1990883223332204,0.0,0.06265747056205628,0.0,0.0,0.24995728105428974,0.2499430543362299,0.24993594947713096,0.14911045992254815,0.12499421521900869],"CS":[0.41528085469922504,0.5707373090645418,0.5707373090645418,0.5442818265360763,0.5442818275194601,0.576443977598355,0.5764439778961232,0.5707373090661594,0.5707373090645418,2.3419152950131084,2.341957979413661,2.3420006435373057,2.4431516896732166,2.668539050928422],"pr_entry":[0.0,0.0,0.0,0.0,0.0,0.0,0.0,0.0,0.0,0.0,0.0,0.0,0.0,0.0,0.09119904143353572,0.05276961843863979,0.04370322315979425,0.0,0.12497854969798863,0.0,0.12497143660891892,0.0,0.07455518189032975,0.0,0.0,0.0,0.0,0.0,0.0,0.0,0.0,0.0,0.0,0.0,0.0,0.0,0.0,0.0,0.0,0.0,0.0,0.0,0.09119904003988324,0.05276961763391874,0.043703222579340825,0.12497855018663553,0.0,0.12497143617242994,0.0,0.07455518020106999,0.0,0.0,0.0,0.0,0.0,0.0],"pr_exit":[0.0,0.0,0.0,0.0,0.0,0.25,0.0,0.25,0.0,0.0,0.0,0.0,0.0,0.0,0.0,0.0,0.0,0.0,0.0,0.0,0.0,0.0,0.0,0.0,0.0,0.0,0.0,0.0,0.0,0.0,0.0,0.0,0.0,0.0,0.25,0.0,0.25,0.0,0.0,0.0,0.0,0.0,0.0,0.0,0.0,0.0,0.0,0.0,0.0,0.0,0.0,0.0,0.0,0.0,0.0,0.0],"pr_merger":[0.25,0.0,0.0,0.25,0.25,0.0,0.0,0.0,0.0,0.0,0.0,0.0,0.0,0.0,0.0,0.0,0.0,0.0,0.0,0.0,0.0,0.0,0.0,0.0,0.0,0.0,0.0,0.0,0.0,0.0,0.0,0.0,0.25,0.0,0.0,0.0,0.0,0.0,0.0,0.0,0.0,0.0,0.0,0.0,0.0,0.25,0.0,0.0,0.0,0.0,0.0,0.0,0.0,0.0,0.0,0.0],"pr_bundling":[0.0,0.18176150987441808,0.0,0.0,0.0,0.25,0.25,0.0,0.0,0.0,0.0,0.0,0.0,0.0,0.0,0.0,0.0,0.0,0.0,0.0,0.0,0.0,0.0,0.0,0.0,0.0,0.0,0.0,0.0,0.18176150987441808,0.0,0.0,0.0,0.25,0.25,0.0,0.0,0.0,0.0,0.0,0.0,0.0,0.0,0.0,0.0,0.0,0.0,0.0,0.0,0.0,0.0,0.0,0.0,0.0,0.0,0.0],