{"modelname":"privacy","policy":"nolearning","smax":[5,1],"alpha":0.9,"beta":0.95,"c":1.0,"gamma":0.0,"sigma":5.0,"p0":1.0,"accuracy":1.0e-8,"cost_entry":[0.0,10.0],"value_exit":[0.0,1.0],"cost_merger":[0.0,1.0],"cost_bundling":[0.0,1.0],"entry":true,"exit":true,"mergers":true,"bundling":true,"filename":"a90g0s50","verbose":true,"firms":[1,2,3,4],"rival":[2,1,4,3],"partner":[3,4,1,2],"merger_pairs":[1,2,1,2,3,4,4,3],"outcomes":[1,0,1,0,1,0,0,0,0,0,1,0,1,0,1,0,0,0,1,0,0,1,0,0,1,0,0,0,1,1,0,0,0,0,1,0,0,0,0,0,1,1,1,1,2],"ownership":[0,3,0,3,0,0,4,4,0,1,0,1,0,0,2,2],"S":[1,1,1,1,1,1,1,1,1,1,1,1,1,1,0,0,0,1,0,1,0,1,0,1,1,1,1,1,1,1,1,1,1,1,1,1,1,1,1,1,1,1,0,0,0,0,1,0,1,0,1,1,1,1,1,1,0,1,1,0,0,1,1,1,1,0,1,3,1,3,0,0,1,0,0,0,0,1,1,0,0,0,1,1],"ms":14,"mc":[0.004765098748902243,0.004765098748902243,0.004765098748902243,0.004765098748902243,0.004765098748902243,0.004765098748902243,0.004765098748902243,0.004765098748902243,0.004765098748902243,0.004765098748902243,0.004765098748902243,0.004765098748902243,0.004765098748902243,0.004765098748902243,0.0,0.0,0.0,0.004765098748902243,0.0,0.004765098748902243,0.0,0.004765098748902243,0.0,0.004765098748902243,0.004765098748902243,0.004765098748902243,0.004765098748902243,0.004765098748902243,1.0,1.0,1.0,1.0,1.0,1.0,1.0,1.0,1.0,1.0,1.0,1.0,1.0,1.0,0.0,0.0,0.0,0.0,1.0,0.0,1.0,0.0,1.0,1.0,1.0,1.0,1.0,1.0],"db":[0.9952349012510977,0.9952349012510977,0.9952349012510977,0.9952349012510977,0.9952349012510977,0.9952349012510977,0.9952349012510977,0.9952349012510977,0.9952349012510977,0.9952349012510977,0.9952349012510977,0.9952349012510977,0.9952349012510977,0.9952349012510977,1.0,1.0,1.0,0.9952349012510977,1.0,0.9952349012510977,1.0,0.9952349012510977,1.0,0.9952349012510977,0.9952349012510977,0.9952349012510977,0.9952349012510977,0.9952349012510977,0.0,0.0,0.0,0.0,0.0,0.0,0.0,0.0,0.0,0.0,0.0,0.0,0.0,0.0,1.0,1.0,1.0,1.0,0.0,1.0,0.0,1.0,0.0,0.0,0.0,0.0,0.0,0.0],"P":[1.3249039194108803,2.506224925698534,1.253112462849267,0.3679489764191419,2.29601974964428,3.182984958902454e-8,2.5523565812565003,1.2531124628501356,1.253112462849267,0.39999829292151867,0.3999971526812484,0.3999965826023986,0.26763834789075,0.19999977017508033,0.5,0.5,0.5,0.36794897435557194,0.5,0.2513191862984729,0.5,0.49761745062554885,0.5,0.3999982912801893,0.3999977211699411,0.39999658095793333,0.31930299352361036,0.19999976935312822,1.3249038807801539,0.0,1.253112462849267,2.296019742269931,0.3679489661654649,2.552356554262733,0.0,1.2531124628501356,1.253112462849267,0.39999828784384206,0.3999971476066347,0.3999965775229797,0.26763834789075,0.19999977017508033,0.5,0.5,0.5,0.5,0.3679489684520911,0.5,0.2513191754342752,0.5,0.0,0.39999828605148413,0.3999977159442044,0.3999965757283173,0.3193029850532563,0.19999976935312822],"V":[15.814137250754676,26.475676896786997,17.34173179492502,2.896774806103397,19.34552770064316,4.057046041497707,20.28032365991474,12.59139425679067,12.591394126590068,3.999963885600466,3.9999585927794623,3.999947243411974,3.352765643393165,1.9999947389198387,0.0,0.0,0.0,2.896774809894998,0.0,1.5286003453726118,0.0,1.2676164278264725,0.0,3.999963902013263,3.9999524778717097,3.9999472598562695,2.386058827553229,1.9999947471393276,15.814137219841358,7.666004485034314,17.34173179492502,19.345527831148626,2.8967747542245124,20.28032296992582,4.057045110762343,12.59139425679067,12.591394126590068,3.9999638333136884,3.99995786211574,3.9999463840046436,3.352765643393165,1.9999947389198387,0.0,0.0,0.0,0.0,2.8967747546276446,0.0,1.52860031697813,0.0,1.267616409961896,3.999963851236725,3.9999524271258826,3.9999464019508717,2.386058764256741,1.9999947471393276],"D":[0.8490456531428094,0.9201987035122072,0.9201987035122071,0.45644636520083953,0.9128927353912253,0.7174418223715792,0.9216410429023713,0.9201987035115693,0.9201987035122071,0.49999785994339413,0.49999857262115766,0.4999978599760405,0.626361465797882,0.4999994192397398,0.0,0.0,0.0,0.45644636991038534,0.0,0.204199220461851,0.0,0.0,0.0,0.4999978640466999,0.4999971514055034,0.49999786408718605,0.3736356825689331,0.499999423349495,0.8490456531428094,0.9201987035122072,0.9201987035122071,0.9128927351112248,0.45644637030491797,0.9216410428334302,0.7174418390884038,0.9201987035115693,0.9201987035122071,0.49999785975460914,0.49999857243225493,0.4999978597882949,0.626361465797882,0.4999994192397398,0.0,0.0,0.0,0.0,0.45644636508630737,0.0,0.20419920381396747,0.0,0.0,0.49999786423548487,0.49999715159440616,0.49999786427493165,0.3736356825689331,0.499999423349495],"Q":[0.8490456531428094,0.9201987035122072,0.9201987035122071,0.45644636520083953,0.45644637030491797,0.7174418223715792,0.7174418390884038,0.9201987035115693,0.9201987035122071,0.24999892885147815,0.24999964152054588,0.24999892886636108,0.626361465797882,0.4999994192397398,0.0,0.0,0.0,0.0,0.0,0.0,0.0,0.0,0.0,0.24999893314356886,0.24999822049379433,0.24999893316525224,0.3736356825689331,0.499999423349495,0.0,0.0,0.0,0.0,0.45644636508630737,0.0,0.20419920381396747,0.0,0.0,0.24999893109191598,0.2499989311006118,0.2499989311096794,0.0,0.0,0.0,0.0,0.0,0.45644636991038534,0.0,0.204199220461851,0.0,0.0,0.0,0.249998930903131,0.24999893091170905,0.24999893092193384,0.0,0.0,0.0,0.0,0.0,0.0,0.0,0.0,0.0,0.0,0.0,0.0,0.0,0.0,0.0,0.0,0.0,0.0,0.0,0.0,0.0,0.0,0.0,0.0,0.0,0.0,0.0,0.0,0.0,0.0,0.0,0.0,0.0,0.0,0.0,0.0,0.0,0.0,0.0,0.0,0.0,0.0,0.0,0.0,0.0,0.0,0.0,0.0,0.0,0.0,0.0,0.0,0.0,0.0,0.0,0.0,0.0,0.0,0.15095434685719059,0.07980129648779272,0.07980129648779279,0.08710726488877517,0.08710726460877466,0.07835895716656982,0.07835895709762866,0.07980129648843065,0.07980129648779279,4.276009906005308e-6,4.275973338995066e-6,4.275936773433016e-6,2.8516331849229657e-6,1.157410765283073e-6],"PI":[1.124903913607679,2.3062249273377686,1.1531124636688843,0.16794897286588675,2.096019749765043,2.2836065294963025e-8,2.352356581407972,1.1531124636688843,1.1531124636688843,0.19999829044177023,0.19999800539315146,0.19999743529892883,0.16763834788857362,0.0999997689356216,0.0,0.0,0.0,0.16794897365685027,0.0,0.051319181929254866,0.0,0.0,0.0,0.19999829126242435,0.19999772115366335,0.19999743612114387,0.11930299193149778,0.0999997693465961,1.1249038808084286,0.0,1.1531124636688843,2.0960197423901668,0.16794897006367354,2.352356556353446,0.0,1.1531124636688843,1.1531124636688843,0.19999828782742912,0.1999980027802913,0.19999743268413264,0.16763834788857362,0.0999997689356216,0.0,0.0,0.0,0.0,0.16794896918721336,0.0,0.051319175526861806,0.0,0.0,0.1999982887235966,0.19999771861637058,0.19999743358144462,0.11930298876667127,0.0999997693465961],"CS":[0.3781555653149744,0.5056431055888313,0.5056431055888311,0.48812299800105086,0.4881229986439375,0.5092909988462166,0.509290999022179,0.5056431055872324,0.5056431055888311,2.472498049630368,2.4724997599709617,2.4725014702584445,2.5535237360942507,2.7338650293171654],"pr_entry":[0.0,0.0,0.0,0.0,0.0,0.0,0.0,0.0,0.0,0.0,0.0,0.0,0.0,0.0,0.0724193679133443,0.038215006481548505,0.03169040874169969,0.0,0.09999909501975891,0.0,0.099998809387317,0.0,0.05965146935846662,0.0,0.0,0.0,0.0,0.0,0.0,0.0,0.0,0.0,0.0,0.0,0.0,0.0,0.0,0.0,0.0,0.0,0.0,0.0,0.0724193665316605,0.03821500577168651,0.03169040829508535,0.09999909375034549,0.0,0.09999880811867136,0.0,0.059651467776054456,0.0,0.0,0.0,0.0,0.0,0.0],"pr_exit":[0.0,0.0,0.0,0.0,0.0,0.25,0.0,0.25,0.0,0.0,0.0,0.0,0.0,0.0,0.0,0.0,0.0,0.0,0.0,0.0,0.0,0.0,0.0,0.0,0.0,0.0,0.0,0.0,0.0,0.0,0.0,0.0,0.0,0.0,0.25,0.0,0.25,0.0,0.0,0.0,0.0,0.0,0.0,0.0,0.0,0.0,0.0,0.0,0.0,0.0,0.0,0.0,0.0,0.0,0.0,0.0],"pr_merger":[0.25,0.0,0.0,0.25,0.25,0.0,0.0,0.0,0.0,0.0,0.0,0.0,0.0,0.0,0.0,0.0,0.0,0.0,0.0,0.0,0.0,0.0,0.0,0.0,0.0,0.0,0.0,0.0,0.0,0.0,0.0,0.0,0.25,0.0,0.0,0.0,0.0,0.0,0.0,0.0,0.0,0.0,0.0,0.0,0.0,0.25,0.0,0.0,0.0,0.0,0.0,0.0,0.0,0.0,0.0,0.0],"pr_bundling":[0.0,0.1722413468277626,0.0,0.0,0.0,0.25,0.25,0.0,0.0,0.0,0.0,0.0,0.0,0.0,0.0,0.0,0.0,0.0,0.0,0.0,0.0,0.0,0.0,0.0,0.0,0.0,0.0,0.0,0.0,0.1722413468277626,0.0,0.0,0.0,0.25,0.25,0.0,0.0,0.0,0.0,0.0,0.0,0.0,0.0,0.0,0.0,0.0,0.0,0.0,0.0,0.0,0.0,0.0,0.0,0.0,0.0,0.0],