{"modelname":"privacy","policy":"nolearning","smax":[5,1],"alpha":0.9,"beta":0.95,"c":1.0,"gamma":0.0,"sigma":10.0,"p0":1.0,"accuracy":1.0e-8,"cost_entry":[0.0,10.0],"value_exit":[0.0,1.0],"cost_merger":[0.0,1.0],"cost_bundling":[0.0,1.0],"entry":true,"exit":true,"mergers":true,"bundling":true,"filename":"a90g0s100","verbose":true,"firms":[1,2,3,4],"rival":[2,1,4,3],"partner":[3,4,1,2],"merger_pairs":[1,2,1,2,3,4,4,3],"outcomes":[1,0,1,0,1,0,0,0,0,0,1,0,1,0,1,0,0,0,1,0,0,1,0,0,1,0,0,0,1,1,0,0,0,0,1,0,0,0,0,0,1,1,1,1,2],"ownership":[0,3,0,3,0,0,4,4,0,1,0,1,0,0,2,2],"S":[1,1,1,1,1,1,1,1,1,1,1,1,1,1,0,0,0,1,0,1,0,1,0,1,1,1,1,1,1,1,1,1,1,1,1,1,1,1,1,1,1,1,0,0,0,0,1,0,1,0,1,1,1,1,1,1,0,1,1,0,0,1,1,1,1,0,1,3,1,3,0,0,1,0,0,0,0,1,1,0,0,0,1,1],"ms":14,"mc":[0.004765098748902243,0.004765098748902243,0.004765098748902243,0.004765098748902243,0.004765098748902243,0.004765098748902243,0.004765098748902243,0.004765098748902243,0.004765098748902243,0.004765098748902243,0.004765098748902243,0.004765098748902243,0.004765098748902243,0.004765098748902243,0.0,0.0,0.0,0.004765098748902243,0.0,0.004765098748902243,0.0,0.004765098748902243,0.0,0.004765098748902243,0.004765098748902243,0.004765098748902243,0.004765098748902243,0.004765098748902243,1.0,1.0,1.0,1.0,1.0,1.0,1.0,1.0,1.0,1.0,1.0,1.0,1.0,1.0,0.0,0.0,0.0,0.0,1.0,0.0,1.0,0.0,1.0,1.0,1.0,1.0,1.0,1.0],"db":[0.9952349012510977,0.9952349012510977,0.9952349012510977,0.9952349012510977,0.9952349012510977,0.9952349012510977,0.9952349012510977,0.9952349012510977,0.9952349012510977,0.9952349012510977,0.9952349012510977,0.9952349012510977,0.9952349012510977,0.9952349012510977,1.0,1.0,1.0,0.9952349012510977,1.0,0.9952349012510977,1.0,0.9952349012510977,1.0,0.9952349012510977,0.9952349012510977,0.9952349012510977,0.9952349012510977,0.9952349012510977,0.0,0.0,0.0,0.0,0.0,0.0,0.0,0.0,0.0,0.0,0.0,0.0,0.0,0.0,1.0,1.0,1.0,1.0,0.0,1.0,0.0,1.0,0.0,0.0,0.0,0.0,0.0,0.0],"P":[1.3705170007346348,2.670563863561707,1.3352819317808535,0.8005634286747537,2.5521362439562223,3.130813744813134e-8,2.694431877515014,1.3352819317816238,1.3352819317808535,0.20000000119168534,0.20000000119245234,0.20000000119251415,0.1338196537291363,0.1000000005958493,0.5,0.5,0.5,0.633192243171422,0.5,0.12681185585778385,0.5,0.49761745062554885,0.5,0.20000000232406745,0.20000000232465426,0.2000000023243064,0.15965188380341053,0.10000000116243635,1.3705170007345042,0.0,1.3352819317808535,4.999999997477622,0.19245890706396745,2.694431850338705,0.0,1.3352819317816238,1.3352819317808535,0.1999999991651979,0.19999999916619415,0.19999999916611316,0.1338196537291363,0.1000000005958493,0.5,0.5,0.5,1.0,0.19245890811576688,0.5,0.12681184288383063,0.5,0.0,0.19999999826879641,0.19999999827065867,0.19999999826993253,0.15965187845805784,0.10000000116243635],"V":[21.048705848317827,45.75441462389719,24.69471145078355,4.583524911839311,36.04139193961569,25.965647319791316,38.6924908477514,21.820282794551833,21.820282717939733,1.9999996665645088,2.0000000322347984,2.0000000220802296,1.6763943715229435,1.0000000116773573,0.0,0.0,0.0,4.583524911072135,0.0,0.5286200795149272,0.0,0.4315368771162613,0.0,1.9999996552420836,1.9999995765944325,2.0000000107623115,1.1930375540977067,1.0000000060114873,23.282613660420285,3.3317318425654134,24.69471145078355,26.959628160361717,2.445425731642019,16.559759859970093,3.832916214460419,21.820282794551833,21.820282717939733,1.9999996260138249,1.9999999816126646,1.9999999714543186,1.6763943715229435,1.0000000116773573,0.0,0.0,0.0,0.0,2.4454257311807006,0.0,0.5286200625333304,0.0,0.4315368718900887,1.9999996349767355,1.99999955633181,1.9999999804161226,1.193037514153262,1.0000000060114873],"D":[0.9270348343388632,0.9625547246029658,0.9625547246029658,6.555608612085096e-13,0.9608171390204789,0.7514562593706006,0.962886424986892,0.9625547246024104,0.9625547246029658,0.5000000028302856,0.5000000028298349,0.5000000028288106,0.62636281526403,0.5000000028327537,0.0,0.0,0.0,3.4953996630253163e-12,0.0,0.2114301655784049,0.0,0.0,0.0,0.49999999716837484,0.4999999971688255,0.4999999971698498,0.3736371847350765,0.4999999971668837,0.9270348343388632,0.9625547246029658,0.9625547246029658,4.150960524233826e-12,0.4804085720367066,0.9628864249490054,0.7514562896523819,0.9625547246024104,0.9625547246029658,0.4999999977583265,0.49999999776049153,0.4999999977588786,0.62636281526403,0.5000000028327537,0.0,0.0,0.0,0.0,0.4804085669837724,0.0,0.2114301353345101,0.0,0.0,0.5000000022403339,0.5000000022381689,0.5000000022397818,0.3736371847350765,0.4999999971668837],"Q":[0.9270348343388632,0.9625547246029658,0.9625547246029658,6.555608612085096e-13,0.4804085720367066,0.7514562593706006,0.7514562896523819,0.9625547246024104,0.9625547246029658,0.25000000029464087,0.2500000002954981,0.2500000002941795,0.62636281526403,0.5000000028327537,0.0,0.0,0.0,0.0,0.0,0.0,0.0,0.0,0.0,0.24999999970468925,0.24999999970383208,0.2499999997051507,0.3736371847350765,0.4999999971668837,0.0,0.0,0.0,0.0,0.4804085669837724,0.0,0.2114301353345101,0.0,0.0,0.2500000025356447,0.2500000025343368,0.2500000025346311,0.0,0.0,0.0,0.0,0.0,3.4953996630253163e-12,0.0,0.2114301655784049,0.0,0.0,0.0,0.24999999746368562,0.2499999974649934,0.2499999974646991,0.0,0.0,0.0,0.0,0.0,0.0,0.0,0.0,0.0,0.0,0.0,0.0,0.0,0.0,0.0,0.0,0.0,0.0,0.0,0.0,0.0,0.0,0.0,0.0,0.0,0.0,0.0,0.0,0.0,0.0,0.0,0.0,0.0,0.0,0.0,0.0,0.0,0.0,0.0,0.0,0.0,0.0,0.0,0.0,0.0,0.0,0.0,0.0,0.0,0.0,0.0,0.0,0.0,0.0,0.0,0.0,0.0,0.0,0.07296516566113677,0.03744527539703424,0.03744527539703424,0.999999999995849,0.03918286097952104,0.037113575050994496,0.037113575013108045,0.03744527539758959,0.03744527539703424,1.3396089553994907e-12,1.3396089554277055e-12,1.3396089554203829e-12,8.933647555216034e-13,3.6259271946449924e-13],"PI":[1.2705170007346278,2.5705638642252713,1.2852819321126356,5.248180507540588e-13,2.4521362443084884,2.35266958546334e-8,2.594431877911151,1.2852819321126354,1.2852819321126356,0.10000000116189979,0.10000000116219315,0.10000000116201921,0.08381965504743946,0.05000000058120002,0.0,0.0,0.0,2.2132599534116323e-12,0.0,0.026811851681316053,0.0,0.0,0.0,0.10000000059570868,0.10000000059609222,0.10000000059612314,0.05965188040195787,0.05000000029790654,1.2705170007345068,0.0,1.2852819321126356,2.0754802610698838e-11,0.09245890871834583,2.5944318516413696,0.0,1.2852819321126354,1.2852819321126356,0.09999999913426424,0.09999999913519539,0.0999999991348323,0.08381965504743946,0.05000000058120002,0.0,0.0,0.0,0.0,0.09245890825115709,0.0,0.026811845102946943,0.0,0.0,0.09999999958246499,0.09999999958296311,0.09999999958292262,0.05965187840473534,0.05000000029790654],"CS":[0.2617773134445809,0.3284874734600034,0.3284874734600034,4.150013666048835e-13,0.3239515847704393,0.329377247195594,0.3293772472976766,0.32848747345852014,0.3284874734600034,2.733864336888347,2.733864336886241,2.7338643368867874,2.774378143660114,2.8645496175488425],"pr_entry":[0.0,0.0,0.0,0.0,0.0,0.0,0.0,0.0,0.0,0.0,0.0,0.0,0.0,0.0,0.11458812309294979,0.013215501829800951,0.010788421811640556,0.0,0.04999999091174565,0.0,0.04999998884206031,0.0,0.029825938781467075,0.0,0.0,0.0,0.0,0.0,0.0,0.0,0.0,0.0,0.0,0.0,0.0,0.0,0.0,0.0,0.0,0.0,0.0,0.0,0.06113564338603916,0.013215501405261041,0.01078842168098625,0.04999999040511138,0.0,0.0499999883354947,0.0,0.02982593778285597,0.0,0.0,0.0,0.0,0.0,0.0],"pr_exit":[0.0,0.0,0.0,0.0,0.0,0.25,0.0,0.25,0.0,0.0,0.0,0.0,0.0,0.0,0.0,0.0,0.0,0.0,0.0,0.11784498170199048,0.0,0.14211578188359442,0.0,0.0,0.0,0.0,0.0,0.0,0.0,0.0,0.0,0.0,0.0,0.0,0.25,0.0,0.25,0.0,0.0,0.0,0.0,0.0,0.0,0.0,0.0,0.0,0.0,0.0,0.1178449859473896,0.0,0.1421157831901375,0.0,0.0,0.0,0.0,0.0],"pr_merger":[0.25,0.0,0.0,0.25,0.25,0.0,0.0,0.0,0.0,1.8980736449236701e-7,0.0,0.0,0.0,0.0,0.0,0.0,0.0,0.0,0.0,0.0,0.0,0.0,0.0,1.9039723980762702e-7,2.2585586800794033e-7,0.0,0.0,0.0,0.0,0.0,0.0,0.0,0.25,0.0,0.0,0.0,0.0,1.875666500450457e-7,0.0,0.0,0.0,0.0,0.0,0.0,0.0,0.25,0.0,0.0,0.0,0.0,0.0,1.9263795425494834e-7,0.0,0.0,0.0,0.0],