{"modelname":"privacy","policy":"nolearning","smax":[5,1],"alpha":0.9,"beta":0.95,"c":1.0,"gamma":0.0,"sigma":3.0,"p0":1.0,"accuracy":1.0e-8,"cost_entry":[0.0,10.0],"value_exit":[0.0,1.0],"cost_merger":[0.0,1.0],"cost_bundling":[0.0,1.0],"entry":true,"exit":true,"mergers":true,"bundling":true,"filename":"a90g0s30","verbose":true,"firms":[1,2,3,4],"rival":[2,1,4,3],"partner":[3,4,1,2],"merger_pairs":[1,2,1,2,3,4,4,3],"outcomes":[1,0,1,0,1,0,0,0,0,0,1,0,1,0,1,0,0,0,1,0,0,1,0,0,1,0,0,0,1,1,0,0,0,0,1,0,0,0,0,0,1,1,1,1,2],"ownership":[0,3,0,3,0,0,4,4,0,1,0,1,0,0,2,2],"S":[1,1,1,1,1,1,1,1,1,1,1,1,1,1,0,0,0,1,0,1,0,1,0,1,1,1,1,1,1,1,1,1,1,1,1,1,1,1,1,1,1,1,0,0,0,0,1,0,1,0,1,1,1,1,1,1,0,1,1,0,0,1,1,1,1,0,1,3,1,3,0,0,1,0,0,0,0,1,1,0,0,0,1,1],"ms":14,"mc":[0.004765098748902243,0.004765098748902243,0.004765098748902243,0.004765098748902243,0.004765098748902243,0.004765098748902243,0.004765098748902243,0.004765098748902243,0.004765098748902243,0.004765098748902243,0.004765098748902243,0.004765098748902243,0.004765098748902243,0.004765098748902243,0.0,0.0,0.0,0.004765098748902243,0.0,0.004765098748902243,0.0,0.004765098748902243,0.0,0.004765098748902243,0.004765098748902243,0.004765098748902243,0.004765098748902243,0.004765098748902243,1.0,1.0,1.0,1.0,1.0,1.0,1.0,1.0,1.0,1.0,1.0,1.0,1.0,1.0,0.0,0.0,0.0,0.0,1.0,0.0,1.0,0.0,1.0,1.0,1.0,1.0,1.0,1.0],"db":[0.9952349012510977,0.9952349012510977,0.9952349012510977,0.9952349012510977,0.9952349012510977,0.9952349012510977,0.9952349012510977,0.9952349012510977,0.9952349012510977,0.9952349012510977,0.9952349012510977,0.9952349012510977,0.9952349012510977,0.9952349012510977,1.0,1.0,1.0,0.9952349012510977,1.0,0.9952349012510977,1.0,0.9952349012510977,1.0,0.9952349012510977,0.9952349012510977,0.9952349012510977,0.9952349012510977,0.9952349012510977,0.0,0.0,0.0,0.0,0.0,0.0,0.0,0.0,0.0,0.0,0.0,0.0,0.0,0.0,1.0,1.0,1.0,1.0,0.0,1.0,0.0,1.0,0.0,0.0,0.0,0.0,0.0,0.0],"P":[1.3172224270688992,2.388854353689938,1.194427176844969,0.5751904200330805,2.0959553063044014,2.8896596801953732e-8,2.461890867516244,1.1944271768422532,1.194427176844969,0.6655390138607846,0.6647943353349288,0.6644300293912174,0.4454294845218579,0.3331794471605525,0.5,0.5,0.5,0.5751904174239675,0.5,0.41354137811971037,0.5,0.49761745062554885,0.5,0.6655390116829705,0.6651696035633837,0.664430025144311,0.5316630605777397,0.33317944501629926,1.3172224105820134,0.0,1.194427176844969,2.095955295806513,0.5751904091001897,2.4618908409717344,0.0,1.1944271768422532,1.194427176844969,0.6655390133266231,0.6647943383793848,0.6644300275149666,0.4454294845218579,0.3331794471605525,0.5,0.5,0.5,0.5,0.5751904114306192,0.5,0.41354135682133225,0.5,0.0,0.6655390107199329,0.6651696011362143,0.664430025111399,0.5316630428985646,0.33317944501629926],"V":[12.241660825179762,18.198059233779684,13.596115232064129,5.045318030081745,14.428784150998528,5.383337623208822,15.635417620363082,10.769176645737039,10.769176532908931,6.644106762145986,6.640446382386792,6.633110831737504,5.575250978816488,3.330252712327324,0.0,0.0,0.0,5.04531803589101,0.0,3.3535777692027686,0.0,2.5912727242088835,0.0,6.64410678381357,6.636718540041008,6.6331108738505655,3.966590472987666,3.3302527337401373,12.241660805511621,8.376883625102991,13.596115232064129,14.428784205455232,5.045318033837712,15.63541691715212,5.3833367649229915,10.769176645737039,10.769176532908931,6.644106752539272,6.640445716890125,6.6331097937153904,5.575250978816488,3.330252712327324,0.0,0.0,0.0,0.0,5.045318037495587,0.0,3.3535778423570055,0.0,2.5912726679185245,6.644106778473823,6.6367185703250815,6.633109817549577,3.9665903410882786,3.3302527337401373],"D":[0.7469422578334861,0.8604630990885641,0.8604630990885641,0.4204817629334132,0.8409635283416659,0.6706486550693945,0.8646027175013276,0.8604630990905205,0.8604630990885641,0.49915282733168664,0.49943662704826186,0.4991584346165664,0.6258292895829497,0.4997690641147791,0.0,0.0,0.0,0.42048176622466643,0.0,0.1939540622044998,0.0,0.0,0.0,0.4991528305928729,0.4988746753367762,0.4991584409762039,0.37303648514640275,0.4997690705445677,0.7469422578334861,0.8604630990885641,0.8604630990885641,0.8409635291580797,0.42048176564068757,0.8646027172738944,0.670648658675147,0.8604630990905205,0.8604630990885641,0.4991528270105746,0.49943662295147395,0.4991584359967436,0.6258292895829497,0.4997690641147791,0.0,0.0,0.0,0.0,0.4204817627009783,0.0,0.19395405882618058,0.0,0.0,0.4991528309139849,0.4988746794335641,0.4991584395960267,0.37303648514640275,0.4997690705445677],"Q":[0.7469422578334861,0.8604630990885641,0.8604630990885641,0.4204817629334132,0.42048176564068757,0.6706486550693945,0.670648658675147,0.8604630990905205,0.8604630990885641,0.24957641268999076,0.24985887848343072,0.24957921640846242,0.6258292895829497,0.4997690641147791,0.0,0.0,0.0,0.0,0.0,0.0,0.0,0.0,0.0,0.24957641627228902,0.249296930868733,0.2495792213879227,0.37303648514640275,0.4997690705445677,0.0,0.0,0.0,0.0,0.4204817627009783,0.0,0.19395405882618058,0.0,0.0,0.24957641464169586,0.24957774856483114,0.24957921820810397,0.0,0.0,0.0,0.0,0.0,0.42048176622466643,0.0,0.1939540622044998,0.0,0.0,0.0,0.2495764143205839,0.24957774446804323,0.24957921958828116,0.0,0.0,0.0,0.0,0.0,0.0,0.0,0.0,0.0,0.0,0.0,0.0,0.0,0.0,0.0,0.0,0.0,0.0,0.0,0.0,0.0,0.0,0.0,0.0,0.0,0.0,0.0,0.0,0.0,0.0,0.0,0.0,0.0,0.0,0.0,0.0,0.0,0.0,0.0,0.0,0.0,0.0,0.0,0.0,0.0,0.0,0.0,0.0,0.0,0.0,0.0,0.0,0.0,0.0,0.0,0.0,0.0,0.0,0.25305774216651394,0.13953690091143595,0.13953690091143595,0.15903647084192044,0.15903647165833404,0.13539728272610563,0.1353972824986725,0.1395369009094795,0.13953690091143595,0.0016943420754404518,0.0016886976149618857,0.0016831244072296784,0.0011342252706476098,0.00046186534065317006],"PI":[0.9838890937437481,2.055521020447253,1.0277605102236265,0.24185708183792012,1.7626219696361864,1.937946378131284e-8,2.1285575342462453,1.0277605102236265,1.0277605102236265,0.33220568046815324,0.332022640520468,0.3316558533831593,0.2787628178576138,0.1665127804897088,0.0,0.0,0.0,0.241857082633933,0.0,0.08020803017596487,0.0,0.0,0.0,0.33220568155153785,0.3318362700215752,0.33165585548881427,0.19832971940009902,0.1665127815603508,0.9838890814289963,0.0,1.0277605102236265,1.762621962519012,0.24185707879803717,2.1285575107358747,0.0,1.0277605102236265,1.0277605102236265,0.3322056799878124,0.3320226393174594,0.33165585336364406,0.2787628178576138,0.1665127804897088,0.0,0.0,0.0,0.0,0.2418570780870477,0.0,0.08020802464798321,0.0,0.0,0.33220568128454747,0.3318362715357806,0.3316558545553548,0.19832971280512168,0.1665127815603508],"CS":[0.4580458621293102,0.6564753966793482,0.6564753966793482,0.6128739089001207,0.6128739071889544,0.6665139957326367,0.6665139962925524,0.6564753966840218,0.6564753966793482,2.1268202565280414,2.1279325630595873,2.1290344821942817,2.2606018140134703,2.560079059938662],"pr_entry":[0.0,0.0,0.0,0.0,0.0,0.0,0.0,0.0,0.0,0.0,0.0,0.0,0.0,0.0,0.1261329404773789,0.08383943325148022,0.06478181116778504,0.0,0.16610266058584294,0.0,0.16591795447419563,0.0,0.09916475667335703,0.0,0.0,0.0,0.0,0.0,0.0,0.0,0.0,0.0,0.0,0.0,0.0,0.0,0.0,0.0,0.0,0.0,0.0,0.0,0.12613294051749294,0.08383943508033534,0.06478180976052636,0.1661026604523494,0.0,0.1659179552312974,0.0,0.09916475337587254,0.0,0.0,0.0,0.0,0.0,0.0],"pr_exit":[0.0,0.0,0.0,0.0,0.0,0.25,0.0,0.25,0.0,0.0,0.0,0.0,0.0,0.0,0.0,0.0,0.0,0.0,0.0,0.0,0.0,0.0,0.0,0.0,0.0,0.0,0.0,0.0,0.0,0.0,0.0,0.0,0.0,0.0,0.25,0.0,0.25,0.0,0.0,0.0,0.0,0.0,0.0,0.0,0.0,0.0,0.0,0.0,0.0,0.0,0.0,0.0,0.0,0.0,0.0,0.0],"pr_merger":[0.25,0.0,0.0,0.25,0.25,0.0,0.0,0.0,0.0,0.0,0.0,0.0,0.0,0.0,0.0,0.0,0.0,0.0,0.0,0.0,0.0,0.0,0.0,0.0,0.0,0.0,0.0,0.0,0.0,0.0,0.0,0.0,0.25,0.0,0.0,0.0,0.0,0.0,0.0,0.0,0.0,0.0,0.0,0.0,0.0,0.25,0.0,0.0,0.0,0.0,0.0,0.0,0.0,0.0,0.0,0.0],