{"policy":"nolearning","smax":[5,1],"alpha":0.1,"beta":0.95,"gamma":1.0,"sigma":9.0,"v0":1.0,"accuracy":1.0e-8,"cost_entry":[0,10],"value_exit":[0,1],"cost_merger":[0,10],"entry":true,"exit":true,"mergers":true,"filename":"nolearning_a1s90v10","verbose":true,"firms":[1,2,3,4],"rival":[2,1,4,3],"partner":[3,4,1,2],"merger_pairs":[1,2,1,2,3,4,4,3],"outcomes":[1,0,1,0,1,0,0,0,0,0,1,0,1,0,1,0,0,0,1,0,0,1,0,0,1,0,0,0,1,1,0,0,0,0,1,0,0,0,0,0,1,1,1,1,2],"ownership":[0,3,0,3,0,0,4,4,0,1,0,1,0,0,2,2],"S":[1,1,1,1,1,1,1,1,1,0,0,1,1,0,0,1,1,1,1,1,1,1,1,1,1,1,1,0,0,0,0,1,1,1,1,1,0,1,0,1,0,1,0,1,3],"ms":9,"scale":[1.148698354997035,1.148698354997035,1.148698354997035,1.148698354997035,1.148698354997035,1.148698354997035,1.148698354997035,1.148698354997035,1.148698354997035,0.0,0.0,1.148698354997035,1.148698354997035,0.0,0.0,1.148698354997035,1.148698354997035,1.148698354997035,1.0,1.0,1.0,1.0,1.0,1.0,1.0,1.0,1.0,0.0,0.0,0.0,0.0,1.0,1.0,1.0,1.0,1.0],"D":[0.8801584796957455,0.939728376528734,0.4999402290076162,0.8775938323486351,0.8801584796980545,0.892900231148548,0.49994022901220786,0.6262720562854734,0.4999999900723553,0.0,0.0,0.4999402227994283,0.12239378647918289,0.0,0.0,0.49994022279483497,0.3736682374857246,0.4999999951689344,0.8607022208232127,0.939728376528734,0.860702220823471,0.8775938323486351,0.4997723426525869,0.892900231148548,0.49977234265214276,0.6262720562854734,0.4999999900723553,0.0,0.0,0.0,0.0,0.4997723385876517,0.10705927973353481,0.4997723385880958,0.37350051310399474,0.4999999951689344],"Q":[0.7575543581505106,0.939728376528734,0.43029966538585,0.8775938323486351,0.43987886530423603,0.892900231148548,0.24985629943947976,0.6262720562854734,0.4999999900723553,0.0,0.0,0.0,0.0,0.0,0.0,0.24985629430042822,0.37344084320917387,0.4999999951689344,0.0,0.0,0.0,0.0,0.4398788617264488,0.0,0.24985629740769938,0.0,0.0,0.0,0.0,0.4302996600424489,0.0,0.0,0.0,0.249856296332209,0.0,0.0,0.12260412154523478,0.0,0.0696405636217662,0.0,0.0004007526673695673,0.0,0.00022763216502869402,0.0,0.0,0.0,0.0,0.06964056275697939,0.12239378647918289,0.0,0.0,0.0002276321621978073,0.0002273942765506992,0.0,0.1031478626727021,0.0,0.00010289539517221302,0.0,0.059893477348350876,0.0,5.974688045400991e-5,0.0,0.0,0.0,0.0,0.0,0.0,0.05989347686120286,0.10705927973353481,5.974687996816044e-5,5.9669894820879334e-5,0.0,0.016693657631552533,0.06027162347126592,1.6652797783265274e-5,1.2381172182061195e-5,5.45660923917984e-5,4.0489117917289626e-5,5.443253494895811e-8,3.633398116833735e-8,1.4758710235170888e-8],"P":[-0.22154797511287275,-0.22694525908714913,-0.9265026944300891,-0.6948359671516194,-0.22154797511530502,-0.6299712267080467,-0.9265026944295844,-1.0000459555894836,-1.0375872443661796,-0.0,-0.0,-0.926502693050327,-1.0220913263790956,-0.0,-0.0,-0.9265026930477808,-0.9712985852418112,-1.0375872449324661,-0.20234829488693612,-0.07824690409011403,-0.20234829488717568,-0.5461376121545843,-0.7778789127169426,-0.48127287171101163,-0.7778789127168233,-0.8513476005924484,-0.8888888893691446,-0.0,-0.0,-0.0,-0.0,-0.7778789118132122,-0.8755671924030319,-0.7778789118132904,-0.8226477193456891,-0.8888888899354309],"PI":[0.8160392688081772,0.8661975403797315,0.11108454942833751,0.3983068323081609,0.8160392688081772,0.46317157275226023,0.11108454942961009,0.09309684384873676,0.05555555421235615,0.0,0.0,0.11108454873870371,0.015495913627427884,0.0,0.0,0.11108454873895604,0.06628865929480786,0.055555554495499426,0.6865405940342364,0.8661975403797315,0.6865405940342364,0.3983068323081609,0.1110099761439933,0.46317157275226023,0.11100997614395429,0.09309684384873683,0.05555555421235609,0.0,0.0,0.0,0.0,0.11100997569274494,0.01332168675655292,0.11100997569280452,0.06624116782454878,0.05555555449549948],"CS":[0.4547473793596496,0.3440639941846884,1.2225480356247977,1.2874461871238951,1.0906775429544981,1.1557954873120397,1.8584781992157535,1.9353549428527674,2.080508842732566],"V":[12.165489557048266,14.56416463400655,2.2167622119895976,9.694893665437224,13.172027932754153,10.302048844078678,2.2216883875404267,1.8619386765170756,1.1111110790756022,0.0,0.0,2.2167622083443193,0.7022779685130259,0.0,0.0,2.2216883737274316,1.3257730643800347,1.1111110847384653,10.931814299511744,14.56416463400655,11.931627722267862,9.694893665437224,2.198749417811576,10.302048844078678,2.2201969230882495,1.8619386765170756,1.111111079075602,0.0,0.0,0.0,0.0,2.1987494154257146,0.6754017016800372,2.2201969140653137,1.324823234271077,1.1111110847384653],"pr_entry":[0.0,0.0,0.0,0.0,0.0,0.0,0.0,0.0,0.0,0.055419055105020223,0.01755694897726229,0.0,0.0,0.05554220592074936,0.03314432644961124,0.0,0.0,0.0,0.0,0.0,0.0,0.0,0.0,0.0,0.0,0.0,0.0,0.054968735150707534,0.016885042302874444,0.05550491943085552,0.03312058069596128,0.0,0.0,0.0,0.0,0.0],"pr_exit":[0.0,0.0,0.0,0.25,0.0,0.0,0.0,0.25,0.0,0.0,0.0,0.0,0.0744305102273771,0.0,0.0,0.0,0.0,0.0,0.0,0.0,0.0,0.0,0.0,0.25,0.0,0.25,0.0,0.0,0.0,0.0,0.0,0.0,0.08114957697125555,0.0,0.0,0.0],"pr_merger":[0.16652945600421534,0.0,0.14905324219495725,0.0,0.1487415590638835,0.0,0.0,0.0,0.0,0.0,0.0,0.0,0.0,0.0,0.0,0.0,0.0,0.0,0.0,0.0,0.0,0.0,0.14874155913274595,0.0,0.0,0.0,0.0,0.0,0.0,0.14905324230019812,0.0,0.0,0.0,0.0,0.0,0.0],"active_firms":[true,true,true,true,true,true,true,true,true,false,false,true,true,false,false,true,true,true,true,true,true,true,true,true,true,true,true,false,false,false,false,true,true,true,true,true,true,true,true,true,true,true,true,true,true],"active_outcomes":[1.0,1.0,1.0,1.0,1.0,1.0,1.0,1.0,1.0,0.0,0.0,0.0,0.0,0.0,0.0,1.0,1.0,1.0,0.0,0.0,0.0,0.0,1.0,0.0,1.0,0.0,0.0,0.0,0.0,1.0,0.0,0.0,0.0,1.0,0.0,0.0,1.0,0.0,1.0,0.0,1.0,0.0,1.0,0.0,0.0,0.0,0.0,1.0,1.0,0.0,0.0,1.0,1.0,0.0,1.0,0.0,1.0,0.0,1.0,0.0,1.0,0.0,0.0,0.0,0.0,0.0,0.0,1.0,1.0,1.0,1.0,0.0,1.0,1.0,1.0,1.0,1.0,1.0,1.0,1.0,1.0],"markets":[1,2,3,4,3,4,7,8,9],"marketnames":["20","21","30","31","40","41","43"],"idx_up":[1,2,3,4,5,6,7,8,9,1,2,3,4,5,6,7,8,9,1,2,3,4,5,6,7,8,9,1,2,3,4,5,6,7,8,9,1,2,3,4,5,6,7,8,9,1,2,3,4,5,6,7,8,9,1,2,3,4,5,6,7,8,9,1,2,3,4,5,6,7,8,9,1,2,3,4,5,6,7,8,9,10,11,12,13,14,15,16,17,18,10,11,12,13,14,15,16,17,18,10,11,12,13,14,15,16,17,18,10,11,12,13,14,15,16,17,18,10,11,12,13,14,15,16,17,18,10,11,12,13,14,15,16,17,18,10,11,12,13,14,15,16,17,18,10,11,12,13,14,15,16,17,18,10,11,12,13,14,15,16,17,18,19,20,21,22,23,24,25,26,27,19,20,21,22,23,24,25,26,27,19,20,21,22,23,24,25,26,27,19,20,21,22,23,24,25,26,27,19,20,21,22,23,24,25,26,27,19,20,21,22,23,24,25,26,27,19,20,21,22,23,24,25,26,27,19,20,21,22,23,24,25,26,27,19,20,21,22,23,24,25,26,27,28,29,30,31,32,33,34,35,36,28,29,30,31,32,33,34,35,36,28,29,30,31,32,33,34,35,36,28,29,30,31,32,33,34,35,36,28,29,30,31,32,33,34,35,36,28,29,30,31,32,33,34,35,36,28,29,30,31,32,33,34,35,36,28,29,30,31,32,33,34,35,36,28,29,30,31,32,33,34,35,36],"idx_entry":[1,2,3,4,5,6,7,8,9,3,4,3,4,7,8,7,8,9,1,2,3,4,5,6,7,8,9,5,6,7,8,5,6,7,8,9,10,11,12,13,14,15,16,17,18,12,13,12,13,16,17,16,17,18,10,11,12,13,14,15,16,17,18,14,15,16,17,14,15,16,17,18,19,20,21,22,23,24,25,26,27,21,22,21,22,25,26,25,26,27,19,20,21,22,23,24,25,26,27,23,24,25,26,23,24,25,26,27,28,29,30,31,32,33,34,35,36,30,31,30,31,34,35,34,35,36,28,29,30,31,32,33,34,35,36,32,33,34,35,32,33,34,35,36],"idx_exit":[1,2,10,4,5,6,14,8,11,1,2,1,2,5,6,5,6,2,1,2,3,4,1,6,3,8,11,1,2,3,4,1,2,3,4,2,10,11,1,13,14,15,5,17,2,10,11,10,11,14,15,14,15,11,10,11,12,13,10,15,12,17,2,10,11,12,13,10,11,12,13,11,19,20,19,22,23,24,23,26,29,19,20,19,20,23,24,23,24,20,19,20,21,22,28,24,30,26,29,19,20,21,22,19,20,21,22,20,28,29,28,31,32,33,32,35,20,28,29,28,29,32,33,32,33,29,28,29,30,31,19,33,21,35,20,28,29,30,31,28,29,30,31,29],"idx_merger":[2,2,4,4,6,6,8,8,9,1,2,3,4,5,6,17,9,9,1,2,3,4,6,6,8,8,9,1,2,13,4,5,6,17,8,9,11,11,13,13,15,15,17,17,18,10,11,12,13,14,15,8,18,18,10,11,12,13,15,15,17,17,18,10,11,4,13,14,15,8,17,18,20,20,22,22,24,24,26,26,27,19,20,21,22,23,24,35,27,27,19,20,21,22,33,24,35,26,27,19,20,22,22,23,24,26,26,27,29,29,31,31,33,33,35,35,36,28,29,30,31,32,33,26,36,36,28,29,30,31,24,33,26,35,36,28,29,31,31,32,33,35,35,36]}