{"policy":"nolearning","smax":[5,1],"alpha":0.5,"beta":0.95,"gamma":1.0,"sigma":6.0,"v0":1.0,"accuracy":1.0e-8,"cost_entry":[0,10],"value_exit":[0,1],"cost_merger":[0,10],"entry":true,"exit":true,"mergers":true,"filename":"nolearning_a5s60v10","verbose":true,"firms":[1,2,3,4],"rival":[2,1,4,3],"partner":[3,4,1,2],"merger_pairs":[1,2,1,2,3,4,4,3],"outcomes":[1,0,1,0,1,0,0,0,0,0,1,0,1,0,1,0,0,0,1,0,0,1,0,0,1,0,0,0,1,1,0,0,0,0,1,0,0,0,0,0,1,1,1,1,2],"ownership":[0,3,0,3,0,0,4,4,0,1,0,1,0,0,2,2],"S":[1,1,1,1,1,1,1,1,1,0,0,1,1,0,0,1,1,1,1,1,1,1,1,1,1,1,1,0,0,0,0,1,1,1,1,1,0,1,0,1,0,1,0,1,3],"ms":9,"scale":[2.0,2.0,2.0,2.0,2.0,2.0,2.0,2.0,2.0,0.0,0.0,2.0,2.0,0.0,0.0,2.0,2.0,2.0,1.0,1.0,1.0,1.0,1.0,1.0,1.0,1.0,1.0,0.0,0.0,0.0,0.0,1.0,1.0,1.0,1.0,1.0],"D":[0.8981947371628843,0.934798822111499,0.4999886484001489,0.8237058999035461,0.8981947371658952,0.9074951925677507,0.4999886484005623,0.6249360522084124,0.49999996982834494,0.0,0.0,0.4999886531803205,0.17629045308374267,0.0,0.0,0.49998865317990715,0.3750525324763771,0.49999997390407647,0.7869367222348935,0.934798822111499,0.7869367222347216,0.8237058999035461,0.495541431653304,0.9074951925677507,0.49554143165066145,0.6249360522084124,0.49999996982834494,0.0,0.0,0.0,0.0,0.4955414365521041,0.09182030477700096,0.49554143655473604,0.37056538818995455,0.49999997390407647],"Q":[0.706822422391592,0.934798822111499,0.39345942812658186,0.8237058999035461,0.4450927059586507,0.9074951925677507,0.24776509063749386,0.6249360522084124,0.49999996982834494,0.0,0.0,0.0,0.0,0.0,0.0,0.24776509545783887,0.3705541097913316,0.49999997390407647,0.0,0.0,0.0,0.0,0.44509271035872716,0.0,0.2477650930894755,0.0,0.0,0.0,0.0,0.3934594318882744,0.0,0.0,0.0,0.24776509300585722,0.0,0.0,0.19137231477129235,0.0,0.10652922027356705,0.0,0.008009320848517206,0.0,0.004458464673592978,0.0,0.0,0.0,0.0,0.10652922129204608,0.17629045308374267,0.0,0.0,0.004458464716211025,0.004498422685045543,0.0,0.08011429984330154,0.0,1.786221986535934e-5,0.0,0.05044872569465328,0.0,1.1248007310357826e-5,0.0,0.0,0.0,0.0,0.0,0.0,0.050448726193376904,0.09182030477700096,1.1248007421672556e-5,1.1278398622960076e-5,0.0,0.021690962993814015,0.065201177888501,4.836199665291982e-6,3.647012711236616e-6,0.0009078109460747927,0.0006845026552484496,2.0240479848276492e-7,1.3691658755338117e-7,5.626757856228557e-8],"P":[-0.36288751678839065,-0.7219044840063837,-1.6666742293473011,-1.527305035864402,-0.36288751679387793,-1.099145918652796,-1.6666742293484536,-1.7778156662975881,-1.8333333413337536,-0.0,-0.0,-1.666674230940728,-1.7976633030275573,-0.0,-0.0,-1.6666742309416045,-1.7333109147388817,-1.8333333420130422,-0.2177597735195896,0.27809551599361626,-0.2177597735194187,-0.527305035864402,-0.6696127698217982,-0.0991459186527961,-0.6696127698207134,-0.7778156662975881,-0.8333333413337536,-0.0,-0.0,-0.0,-0.0,-0.6696127714694236,-0.8164827022096497,-0.6696127714701127,-0.7352121097493144,-0.8333333420130422],"PI":[1.4704458165643284,1.1947621828968211,0.16665910154558092,0.3893616308131872,1.4704458165643288,0.817520748027625,0.16665910154514252,0.1388510003665418,0.08333332430451428,0.0,0.0,0.1666591023422399,0.03567002798473987,0.0,0.0,0.16665910234166392,0.10002241681099089,0.08333332464415853,0.6155735598267749,1.1947621828968211,0.6155735598267749,0.3893616308131872,0.16372056104247582,0.817520748027625,0.1637205610421403,0.1388510003665418,0.08333332430451428,0.0,0.0,0.0,0.0,0.16372056184451017,0.01685061421496161,0.16372056184503825,0.0981212273387444,0.08333332464415853],"CS":[0.638476592845645,0.5029933028149899,2.039896889797134,2.134880705533383,1.1674124017017082,1.2624166844314169,2.5688326986492216,2.681929336494967,2.897715752911374],"V":[15.343569139381259,14.98590915681633,3.1047805058646416,5.370096969442285,14.114984703927679,9.73697939924611,3.333175667005875,2.77702193527744,1.6666662149331746,0.0,0.0,3.1047805160007886,1.3343259804018894,0.0,0.0,3.3331756829361527,2.0004477036811292,1.6666662217260602,8.356281031877197,14.98590915681633,6.86863745020119,5.370096969442285,2.78561712431213,9.73697939924611,3.2744049618479307,2.77702193527744,1.6666662149331746,0.0,0.0,0.0,0.0,2.7856171317387193,1.1289699194837135,3.2744049779057414,1.9624239114398394,1.6666662217260602],"pr_entry":[0.0,0.0,0.0,0.0,0.0,0.0,0.0,0.0,0.0,0.07761950023725765,0.033358148393998546,0.0,0.0,0.08332938369985496,0.05001119175974049,0.0,0.0,0.0,0.0,0.0,0.0,0.0,0.0,0.0,0.0,0.0,0.0,0.06964042276386936,0.0282242468043645,0.08186011621212377,0.04906059695002881,0.0,0.0,0.0,0.0,0.0],"pr_exit":[0.0,0.0,0.0,0.25,0.0,0.0,0.0,0.25,0.0,0.0,0.0,0.0,0.0,0.0,0.0,0.0,0.0,0.0,0.0,0.0,0.0,0.0,0.0,0.25,0.0,0.25,0.0,0.0,0.0,0.0,0.0,0.0,0.0,0.0,0.0,0.0],"pr_merger":[0.17182709512450706,0.0,0.019696720997017726,0.0,0.06837291444108036,0.0,0.0,0.0,0.0,0.0,0.0,0.0,0.0,0.0,0.0,0.0,0.0,0.0,0.0,0.0,0.0,0.0,0.06837291423743488,0.0,0.0,0.0,0.0,0.0,0.0,0.01969672073175647,0.0,0.0,0.0,0.0,0.0,0.0],"active_firms":[true,true,true,true,true,true,true,true,true,false,false,true,true,false,false,true,true,true,true,true,true,true,true,true,true,true,true,false,false,false,false,true,true,true,true,true,true,true,true,true,true,true,true,true,true],"active_outcomes":[1.0,1.0,1.0,1.0,1.0,1.0,1.0,1.0,1.0,0.0,0.0,0.0,0.0,0.0,0.0,1.0,1.0,1.0,0.0,0.0,0.0,0.0,1.0,0.0,1.0,0.0,0.0,0.0,0.0,1.0,0.0,0.0,0.0,1.0,0.0,0.0,1.0,0.0,1.0,0.0,1.0,0.0,1.0,0.0,0.0,0.0,0.0,1.0,1.0,0.0,0.0,1.0,1.0,0.0,1.0,0.0,1.0,0.0,1.0,0.0,1.0,0.0,0.0,0.0,0.0,0.0,0.0,1.0,1.0,1.0,1.0,0.0,1.0,1.0,1.0,1.0,1.0,1.0,1.0,1.0,1.0],"markets":[1,2,3,4,3,4,7,8,9],"marketnames":["20","21","30","31","40","41","43"],"idx_up":[1,2,3,4,5,6,7,8,9,1,2,3,4,5,6,7,8,9,1,2,3,4,5,6,7,8,9,1,2,3,4,5,6,7,8,9,1,2,3,4,5,6,7,8,9,1,2,3,4,5,6,7,8,9,1,2,3,4,5,6,7,8,9,1,2,3,4,5,6,7,8,9,1,2,3,4,5,6,7,8,9,10,11,12,13,14,15,16,17,18,10,11,12,13,14,15,16,17,18,10,11,12,13,14,15,16,17,18,10,11,12,13,14,15,16,17,18,10,11,12,13,14,15,16,17,18,10,11,12,13,14,15,16,17,18,10,11,12,13,14,15,16,17,18,10,11,12,13,14,15,16,17,18,10,11,12,13,14,15,16,17,18,19,20,21,22,23,24,25,26,27,19,20,21,22,23,24,25,26,27,19,20,21,22,23,24,25,26,27,19,20,21,22,23,24,25,26,27,19,20,21,22,23,24,25,26,27,19,20,21,22,23,24,25,26,27,19,20,21,22,23,24,25,26,27,19,20,21,22,23,24,25,26,27,19,20,21,22,23,24,25,26,27,28,29,30,31,32,33,34,35,36,28,29,30,31,32,33,34,35,36,28,29,30,31,32,33,34,35,36,28,29,30,31,32,33,34,35,36,28,29,30,31,32,33,34,35,36,28,29,30,31,32,33,34,35,36,28,29,30,31,32,33,34,35,36,28,29,30,31,32,33,34,35,36,28,29,30,31,32,33,34,35,36],"idx_entry":[1,2,3,4,5,6,7,8,9,3,4,3,4,7,8,7,8,9,1,2,3,4,5,6,7,8,9,5,6,7,8,5,6,7,8,9,10,11,12,13,14,15,16,17,18,12,13,12,13,16,17,16,17,18,10,11,12,13,14,15,16,17,18,14,15,16,17,14,15,16,17,18,19,20,21,22,23,24,25,26,27,21,22,21,22,25,26,25,26,27,19,20,21,22,23,24,25,26,27,23,24,25,26,23,24,25,26,27,28,29,30,31,32,33,34,35,36,30,31,30,31,34,35,34,35,36,28,29,30,31,32,33,34,35,36,32,33,34,35,32,33,34,35,36],"idx_exit":[1,2,10,4,5,6,14,8,11,1,2,1,2,5,6,5,6,2,1,2,3,4,1,6,3,8,11,1,2,3,4,1,2,3,4,2,10,11,1,13,14,15,5,17,2,10,11,10,11,14,15,14,15,11,10,11,12,13,10,15,12,17,2,10,11,12,13,10,11,12,13,11,19,20,19,22,23,24,23,26,29,19,20,19,20,23,24,23,24,20,19,20,21,22,28,24,30,26,29,19,20,21,22,19,20,21,22,20,28,29,28,31,32,33,32,35,20,28,29,28,29,32,33,32,33,29,28,29,30,31,19,33,21,35,20,28,29,30,31,28,29,30,31,29],"idx_merger":[2,2,4,4,6,6,8,8,9,1,2,3,4,5,6,17,9,9,1,2,3,4,6,6,8,8,9,1,2,13,4,5,6,17,8,9,11,11,13,13,15,15,17,17,18,10,11,12,13,14,15,8,18,18,10,11,12,13,15,15,17,17,18,10,11,4,13,14,15,8,17,18,20,20,22,22,24,24,26,26,27,19,20,21,22,23,24,35,27,27,19,20,21,22,33,24,35,26,27,19,20,22,22,23,24,26,26,27,29,29,31,31,33,33,35,35,36,28,29,30,31,32,33,26,36,36,28,29,30,31,24,33,26,35,36,28,29,31,31,32,33,35,35,36]}