{"policy":"nolearning","smax":[5,1],"alpha":0.6,"beta":0.95,"gamma":1.0,"sigma":1.0,"v0":1.0,"accuracy":1.0e-8,"cost_entry":[0,10],"value_exit":[0,1],"cost_merger":[0,10],"entry":true,"exit":true,"mergers":true,"filename":"nolearning_a6s10v10","verbose":true,"firms":[1,2,3,4],"rival":[2,1,4,3],"partner":[3,4,1,2],"merger_pairs":[1,2,1,2,3,4,4,3],"outcomes":[1,0,1,0,1,0,0,0,0,0,1,0,1,0,1,0,0,0,1,0,0,1,0,0,1,0,0,0,1,1,0,0,0,0,1,0,0,0,0,0,1,1,1,1,2],"ownership":[0,3,0,3,0,0,4,4,0,1,0,1,0,0,2,2],"S":[1,1,1,1,1,1,1,1,1,0,0,1,1,0,0,1,1,1,1,1,1,1,1,1,1,1,1,0,0,0,0,1,1,1,1,1,0,1,0,1,0,1,0,1,3],"ms":9,"scale":[2.2973967099940698,2.2973967099940698,2.2973967099940698,2.2973967099940698,2.2973967099940698,2.2973967099940698,2.2973967099940698,2.2973967099940698,2.2973967099940698,0.0,0.0,2.2973967099940698,2.2973967099940698,0.0,0.0,2.2973967099940698,2.2973967099940698,2.2973967099940698,1.0,1.0,1.0,1.0,1.0,1.0,1.0,1.0,1.0,0.0,0.0,0.0,0.0,1.0,1.0,1.0,1.0,1.0],"D":[0.5357662148782544,0.6353333548438888,0.39585825056085633,0.5158235623847216,0.5357662148656723,0.5808290867687727,0.3958582505616282,0.45187422505092306,0.449018484299588,0.0,0.0,0.39585824691326554,0.33371138364995345,0.0,0.0,0.3958582469066386,0.368064102392873,0.4490184891407628,0.36189625589710606,0.6353333548438888,0.36189625588942526,0.5158235623847216,0.28625374224017186,0.5808290867687727,0.28625374223884836,0.45187422505092306,0.449018484299588,0.0,0.0,0.0,0.0,0.28625375020018395,0.185778421910268,0.2862537502030319,0.2327984215648204,0.4490184891407628],"Q":[0.19389178720060465,0.6353333548438888,0.14325961874091186,0.5158235623847216,0.15336508397115067,0.5808290867687727,0.11331590561938977,0.45187422505092306,0.449018484299588,0.0,0.0,0.0,0.0,0.0,0.0,0.11331590772582305,0.1563231396656976,0.4490184891407628,0.0,0.0,0.0,0.0,0.15336508823585626,0.0,0.11331590877207752,0.0,0.0,0.0,0.0,0.1432596174208624,0.0,0.0,0.0,0.11331590457313531,0.0,0.0,0.34187442767764975,0.0,0.25259863181994446,0.0,0.2290360426586654,0.0,0.16922643617016092,0.0,0.0,0.0,0.0,0.25259862949240314,0.33371138364995345,0.0,0.0,0.16922643460768028,0.2117409627271754,0.0,0.16800446869650137,0.0,0.07537701972765097,0.0,0.13288865826902116,0.0,0.059621932046323274,0.0,0.0,0.0,0.0,0.0,0.0,0.13288866196432772,0.185778421910268,0.059621933705131316,0.0764752818991228,0.0,0.29622931642524425,0.36466664515611125,0.13290648279822725,0.15046505396532495,0.19845646490097885,0.23339249132095932,0.08903963678027862,0.10358639065708103,0.10196302655964917],"P":[-0.14330962706771894,-0.9262814520351537,-0.6421560494622909,-1.264715312989829,-0.14330962701713182,-1.1045658521509045,-0.6421560494361302,-1.3851973155299018,-1.3899252508662834,-0.0,-0.0,-0.6421560402479047,-0.7965456409400813,-0.0,-0.0,-0.6421560402030536,-0.7149576967645663,-1.3899252562571247,0.5671432936046553,0.3711152579589161,0.567143293637916,0.032681397004240775,0.40105813393585354,0.19283085784316523,0.4010581339369109,-0.08780060553583202,-0.09252854087221363,-0.0,-0.0,-0.0,-0.0,0.4010581061283147,0.22816686495084676,0.4010581061147998,0.30343838069179135,-0.09252854626305496],"PI":[1.1540870829375913,0.8711152567166821,0.6552406721353062,0.5326813970111585,1.1540870829375913,0.6928308578306573,0.6552406721469398,0.4121993944654172,0.40747145912269417,0.0,0.0,0.6552406697452564,0.5008510869065184,0.0,0.0,0.6552406697520419,0.5824389949957809,0.4074714610953347,0.567143290409784,0.8711152567166821,0.567143290409784,0.5326813970111585,0.40105813393517,0.6928308578306573,0.40105813393361833,0.4121993944654172,0.40747145912269417,0.0,0.0,0.0,0.0,0.4010581371275974,0.22816690201304957,0.4010581371277189,0.3034383976320545,0.4074714610953347],"CS":[1.2166214069440433,1.2964537161070007,2.0181095349324747,2.181706493773428,1.617185523307219,1.7427158029603123,2.4186736513102454,2.555031394551472,2.976292196680596],"V":[14.839913311902889,9.98564613517897,13.104795361302376,8.864592475739142,14.839913311926924,9.220086040204144,13.104795361350748,8.243976602412003,8.149417961697178,0.0,0.0,13.104795313424626,11.228495545297713,0.0,0.0,13.104795313452838,11.648763716160223,8.149418001149947,8.71172784466895,9.98564613517897,8.71172784466679,8.864592475739142,8.021151631501715,9.220086040204144,8.02115163149632,8.243976602412003,8.149417961697178,0.0,0.0,0.0,0.0,8.02115169537781,5.806945640892523,8.021151695378235,6.068759538697753,8.149418001149947],"pr_entry":[0.0,0.0,0.0,0.0,0.0,0.0,0.0,0.0,0.0,0.25,0.25,0.0,0.0,0.25,0.25,0.0,0.0,0.0,0.0,0.0,0.0,0.0,0.0,0.0,0.0,0.0,0.0,0.2005287778486872,0.14517362995133504,0.2005287778486978,0.15171897739646578,0.0,0.0,0.0,0.0,0.0],"pr_exit":[0.0,0.0,0.0,0.25,0.0,0.0,0.0,0.25,0.0,0.0,0.0,0.0,0.0,0.0,0.0,0.0,0.0,0.0,0.0,0.0,0.0,0.0,0.0,0.25,0.0,0.25,0.0,0.0,0.0,0.0,0.0,0.0,0.0,0.0,0.0,0.0],"pr_merger":[0.0,0.0,0.0,0.0,0.0,0.0,0.0,0.0,0.0,0.0,0.0,0.0,0.0,0.0,0.0,0.0,0.0,0.0,0.0,0.0,0.0,0.0,0.0,0.0,0.0,0.0,0.0,0.0,0.0,0.0,0.0,0.0,0.0,0.0,0.0,0.0],"active_firms":[true,true,true,true,true,true,true,true,true,false,false,true,true,false,false,true,true,true,true,true,true,true,true,true,true,true,true,false,false,false,false,true,true,true,true,true,true,true,true,true,true,true,true,true,true],"active_outcomes":[1.0,1.0,1.0,1.0,1.0,1.0,1.0,1.0,1.0,0.0,0.0,0.0,0.0,0.0,0.0,1.0,1.0,1.0,0.0,0.0,0.0,0.0,1.0,0.0,1.0,0.0,0.0,0.0,0.0,1.0,0.0,0.0,0.0,1.0,0.0,0.0,1.0,0.0,1.0,0.0,1.0,0.0,1.0,0.0,0.0,0.0,0.0,1.0,1.0,0.0,0.0,1.0,1.0,0.0,1.0,0.0,1.0,0.0,1.0,0.0,1.0,0.0,0.0,0.0,0.0,0.0,0.0,1.0,1.0,1.0,1.0,0.0,1.0,1.0,1.0,1.0,1.0,1.0,1.0,1.0,1.0],"markets":[1,2,3,4,3,4,7,8,9],"marketnames":["20","21","30","31","40","41","43"],"idx_up":[1,2,3,4,5,6,7,8,9,1,2,3,4,5,6,7,8,9,1,2,3,4,5,6,7,8,9,1,2,3,4,5,6,7,8,9,1,2,3,4,5,6,7,8,9,1,2,3,4,5,6,7,8,9,1,2,3,4,5,6,7,8,9,1,2,3,4,5,6,7,8,9,1,2,3,4,5,6,7,8,9,10,11,12,13,14,15,16,17,18,10,11,12,13,14,15,16,17,18,10,11,12,13,14,15,16,17,18,10,11,12,13,14,15,16,17,18,10,11,12,13,14,15,16,17,18,10,11,12,13,14,15,16,17,18,10,11,12,13,14,15,16,17,18,10,11,12,13,14,15,16,17,18,10,11,12,13,14,15,16,17,18,19,20,21,22,23,24,25,26,27,19,20,21,22,23,24,25,26,27,19,20,21,22,23,24,25,26,27,19,20,21,22,23,24,25,26,27,19,20,21,22,23,24,25,26,27,19,20,21,22,23,24,25,26,27,19,20,21,22,23,24,25,26,27,19,20,21,22,23,24,25,26,27,19,20,21,22,23,24,25,26,27,28,29,30,31,32,33,34,35,36,28,29,30,31,32,33,34,35,36,28,29,30,31,32,33,34,35,36,28,29,30,31,32,33,34,35,36,28,29,30,31,32,33,34,35,36,28,29,30,31,32,33,34,35,36,28,29,30,31,32,33,34,35,36,28,29,30,31,32,33,34,35,36,28,29,30,31,32,33,34,35,36],"idx_entry":[1,2,3,4,5,6,7,8,9,3,4,3,4,7,8,7,8,9,1,2,3,4,5,6,7,8,9,5,6,7,8,5,6,7,8,9,10,11,12,13,14,15,16,17,18,12,13,12,13,16,17,16,17,18,10,11,12,13,14,15,16,17,18,14,15,16,17,14,15,16,17,18,19,20,21,22,23,24,25,26,27,21,22,21,22,25,26,25,26,27,19,20,21,22,23,24,25,26,27,23,24,25,26,23,24,25,26,27,28,29,30,31,32,33,34,35,36,30,31,30,31,34,35,34,35,36,28,29,30,31,32,33,34,35,36,32,33,34,35,32,33,34,35,36],"idx_exit":[1,2,10,4,5,6,14,8,11,1,2,1,2,5,6,5,6,2,1,2,3,4,1,6,3,8,11,1,2,3,4,1,2,3,4,2,10,11,1,13,14,15,5,17,2,10,11,10,11,14,15,14,15,11,10,11,12,13,10,15,12,17,2,10,11,12,13,10,11,12,13,11,19,20,19,22,23,24,23,26,29,19,20,19,20,23,24,23,24,20,19,20,21,22,28,24,30,26,29,19,20,21,22,19,20,21,22,20,28,29,28,31,32,33,32,35,20,28,29,28,29,32,33,32,33,29,28,29,30,31,19,33,21,35,20,28,29,30,31,28,29,30,31,29],"idx_merger":[2,2,4,4,6,6,8,8,9,1,2,3,4,5,6,17,9,9,1,2,3,4,6,6,8,8,9,1,2,13,4,5,6,17,8,9,11,11,13,13,15,15,17,17,18,10,11,12,13,14,15,8,18,18,10,11,12,13,15,15,17,17,18,10,11,4,13,14,15,8,17,18,20,20,22,22,24,24,26,26,27,19,20,21,22,23,24,35,27,27,19,20,21,22,33,24,35,26,27,19,20,22,22,23,24,26,26,27,29,29,31,31,33,33,35,35,36,28,29,30,31,32,33,26,36,36,28,29,30,31,24,33,26,35,36,28,29,31,31,32,33,35,35,36]}