{"policy":"nolearning","smax":[5,1],"alpha":0.2,"beta":0.95,"gamma":1.0,"sigma":9.0,"v0":1.0,"accuracy":1.0e-8,"cost_entry":[0,10],"value_exit":[0,1],"cost_merger":[0,10],"entry":true,"exit":true,"mergers":true,"filename":"nolearning_a2s90v10","verbose":true,"firms":[1,2,3,4],"rival":[2,1,4,3],"partner":[3,4,1,2],"merger_pairs":[1,2,1,2,3,4,4,3],"outcomes":[1,0,1,0,1,0,0,0,0,0,1,0,1,0,1,0,0,0,1,0,0,1,0,0,1,0,0,0,1,1,0,0,0,0,1,0,0,0,0,0,1,1,1,1,2],"ownership":[0,3,0,3,0,0,4,4,0,1,0,1,0,0,2,2],"S":[1,1,1,1,1,1,1,1,1,0,0,1,1,0,0,1,1,1,1,1,1,1,1,1,1,1,1,0,0,0,0,1,1,1,1,1,0,1,0,1,0,1,0,1,3],"ms":9,"scale":[1.3195079107728942,1.3195079107728942,1.3195079107728942,1.3195079107728942,1.3195079107728942,1.3195079107728942,1.3195079107728942,1.3195079107728942,1.3195079107728942,0.0,0.0,1.3195079107728942,1.3195079107728942,0.0,0.0,1.3195079107728942,1.3195079107728942,1.3195079107728942,1.0,1.0,1.0,1.0,1.0,1.0,1.0,1.0,1.0,0.0,0.0,0.0,0.0,1.0,1.0,1.0,1.0,1.0],"D":[0.8970238469736984,0.944567649810519,0.49998714482545614,0.7100606568517925,0.8970238469738957,0.9065900614241531,0.4999871448260457,0.5577099980124678,0.49999999517018967,0.0,0.0,0.4999871494148696,0.2899360343561899,0.0,0.0,0.49998714941427885,0.4422753948201192,0.5000000016572228,0.860702220821603,0.944567649810519,0.8607022208210792,0.8837080656046752,0.49977234266061604,0.9065900614241531,0.49977234266576714,0.6505465171347147,0.49999999517018967,0.0,0.0,0.0,0.0,0.4997723385796377,0.09337521657865255,0.49977233857446773,0.3492530963894889,0.5000000016572228],"Q":[0.7720704172201999,0.944567649810519,0.4303400459332606,0.7100606568517925,0.4483077094245818,0.9065900614241531,0.24987974667248106,0.5577099980124678,0.49999999517018967,0.0,0.0,0.0,0.0,0.0,0.0,0.24987974691995593,0.3492384975982375,0.5000000016572228,0.0,0.0,0.0,0.0,0.448307705763847,0.0,0.24987974462688392,0.0,0.0,0.0,0.0,0.43034004988337893,0.17364740875288268,0.0,0.0,0.24987974896555307,0.09283651912224694,0.0,0.1249534297534985,0.0,0.06964709889219557,0.0,0.00040843178546689504,0.0,0.00022765352668072968,0.0,0.0,0.0,0.0,0.06964709953149067,0.11628862560330726,0.0,0.0,0.0002276535287698379,0.00020037809963477024,0.0,0.08863180360140306,0.0,2.212500443964607e-5,0.0,0.051464633236034237,0.0,1.2847027733044047e-5,0.0,0.0,0.0,0.0,0.0,0.0,0.05146463281579071,0.09337521657865255,1.2847027627874087e-5,1.459879125144712e-5,0.0,0.014344349424898598,0.055432350189481026,3.5807552347505048e-6,3.308792017445277e-6,4.6886974279277885e-5,3.472199719429066e-5,1.1704314614285233e-8,8.376161471450702e-9,3.1725874022921056e-9],"P":[-0.24050944550589437,-0.31728528580915283,-1.097291398676515,-1.319507877764906,-0.24050944550613185,-0.6300080271048211,-1.0972913986717365,-1.3195078478622262,-1.2083967985267838,-0.0,-0.0,-1.0972913996964107,-1.1630274842389137,-0.0,-0.0,-1.0972913996913698,-1.1202857341897294,-1.2083967992475653,-0.20234829488544426,0.002222624963741371,-0.20234829488495878,-0.04455017825593568,-0.7778789127224353,-0.5,-0.7778789127189418,-0.6820432540454012,-0.8888888877538896,-0.0,-0.0,-0.0,-0.0,-0.7778789118151379,-0.8774453145408573,-0.77787891180935,-0.8292560291131654,-0.8888888884746711],"PI":[0.9678873541925208,0.9466670694489304,0.11110539941614012,2.3437673726240404e-8,0.9678873541925206,0.6250937418865848,0.11110539941866027,3.5085908529895683e-8,0.05555555558640959,0.0,0.0,0.1111053999260488,0.04536931432362743,0.0,0.0,0.11110539992843789,0.0881110668052427,0.05555555594680033,0.6865405940342365,0.9466670694489304,0.6865405940342365,0.8443387137557788,0.1110099761430317,0.45329503071207655,0.11100997614592177,0.2068456536802515,0.05555555558640959,0.0,0.0,0.0,0.0,0.11100997569000247,0.011443570297476093,0.11100997569174675,0.05963286052206373,0.05555555594680033],"CS":[0.4715999091803723,0.3533637766297891,1.3933263133747735,1.4340677174499588,1.1075300727782849,1.1728688021556941,2.0292564769633423,2.098395350904932,2.2513183941450636],"V":[12.809259074494673,11.52172963918859,2.0648366357698724,3.1691048799234255e-6,13.298884147366627,8.931151525094085,2.222106198845937,3.317820462323887e-6,1.111111524903151,0.0,0.0,2.064836641034123,1.2165270790453153,0.0,0.0,2.222106209041466,1.7622204583653436,1.1111115321109541,9.263243361858787,15.605325220223227,8.2886146783384,12.275921331844433,2.0502198710394763,10.779739057538404,2.2201971037071213,4.136906854248712,1.1111108914353145,0.0,0.0,0.0,0.0,2.0502198682531,0.6680202694816084,2.2201970946236376,1.1926568284721801,1.111110898643117],"pr_entry":[0.0,0.0,0.0,0.0,0.0,0.0,0.0,0.0,0.0,0.051620913928606904,0.030413175592486956,0.0,0.0,0.05555265287139548,0.04405551030421319,0.0,0.0,0.0,0.0,0.0,0.0,0.0,0.0,0.0,0.0,0.0,0.0,0.05125549620233068,0.01670050589064525,0.05550492418241817,0.029816420209213594,0.0,0.0,0.0,0.0,0.0],"pr_exit":[0.0,0.0,0.0,0.0,0.0,0.0,0.0,0.0,0.0,0.0,0.0,0.0,0.0,0.0,0.0,0.0,0.0,0.0,0.0,0.0,0.0,0.0,0.0,0.0,0.0,0.0,0.0,0.0,0.0,0.0,0.0,0.0,0.08299494109354749,0.0,0.0,0.0],"pr_merger":[0.13597168151876365,0.0,0.05019736626803191,0.0,0.12174891530679313,0.0,0.0,0.0,0.0,0.0,0.0,0.0,0.0,0.0,0.0,0.0,0.0,0.0,0.0,0.0,0.0,0.0,0.12174891538519805,0.0,0.0,0.0,0.0,0.0,0.0,0.0501973661295829,0.0,0.0,0.0,0.0,0.0,0.0],"active_firms":[true,true,true,true,true,true,true,true,true,false,false,true,true,false,false,true,true,true,true,true,true,true,true,true,true,true,true,false,false,false,false,true,true,true,true,true,true,true,true,true,true,true,true,true,true],"active_outcomes":[1.0,1.0,1.0,1.0,1.0,1.0,1.0,1.0,1.0,0.0,0.0,0.0,0.0,0.0,0.0,1.0,1.0,1.0,0.0,0.0,0.0,0.0,1.0,0.0,1.0,0.0,0.0,0.0,0.0,1.0,1.0,0.0,0.0,1.0,1.0,0.0,1.0,0.0,1.0,0.0,1.0,0.0,1.0,0.0,0.0,0.0,0.0,1.0,1.0,0.0,0.0,1.0,1.0,0.0,1.0,0.0,1.0,0.0,1.0,0.0,1.0,0.0,0.0,0.0,0.0,0.0,0.0,1.0,1.0,1.0,1.0,0.0,1.0,1.0,1.0,1.0,1.0,1.0,1.0,1.0,1.0],"markets":[1,2,3,4,3,4,7,8,9],"marketnames":["20","21","30","31","40","41","43"],"idx_up":[1,2,3,4,5,6,7,8,9,1,2,3,4,5,6,7,8,9,1,2,3,4,5,6,7,8,9,1,2,3,4,5,6,7,8,9,1,2,3,4,5,6,7,8,9,1,2,3,4,5,6,7,8,9,1,2,3,4,5,6,7,8,9,1,2,3,4,5,6,7,8,9,1,2,3,4,5,6,7,8,9,10,11,12,13,14,15,16,17,18,10,11,12,13,14,15,16,17,18,10,11,12,13,14,15,16,17,18,10,11,12,13,14,15,16,17,18,10,11,12,13,14,15,16,17,18,10,11,12,13,14,15,16,17,18,10,11,12,13,14,15,16,17,18,10,11,12,13,14,15,16,17,18,10,11,12,13,14,15,16,17,18,19,20,21,22,23,24,25,26,27,19,20,21,22,23,24,25,26,27,19,20,21,22,23,24,25,26,27,19,20,21,22,23,24,25,26,27,19,20,21,22,23,24,25,26,27,19,20,21,22,23,24,25,26,27,19,20,21,22,23,24,25,26,27,19,20,21,22,23,24,25,26,27,19,20,21,22,23,24,25,26,27,28,29,30,31,32,33,34,35,36,28,29,30,31,32,33,34,35,36,28,29,30,31,32,33,34,35,36,28,29,30,31,32,33,34,35,36,28,29,30,31,32,33,34,35,36,28,29,30,31,32,33,34,35,36,28,29,30,31,32,33,34,35,36,28,29,30,31,32,33,34,35,36,28,29,30,31,32,33,34,35,36],"idx_entry":[1,2,3,4,5,6,7,8,9,3,4,3,4,7,8,7,8,9,1,2,3,4,5,6,7,8,9,5,6,7,8,5,6,7,8,9,10,11,12,13,14,15,16,17,18,12,13,12,13,16,17,16,17,18,10,11,12,13,14,15,16,17,18,14,15,16,17,14,15,16,17,18,19,20,21,22,23,24,25,26,27,21,22,21,22,25,26,25,26,27,19,20,21,22,23,24,25,26,27,23,24,25,26,23,24,25,26,27,28,29,30,31,32,33,34,35,36,30,31,30,31,34,35,34,35,36,28,29,30,31,32,33,34,35,36,32,33,34,35,32,33,34,35,36],"idx_exit":[1,2,10,10,5,6,14,14,15,1,2,1,2,5,6,5,6,6,1,2,3,4,1,1,3,3,13,1,2,3,4,1,2,3,4,4,10,11,1,1,14,15,5,5,6,10,11,10,11,14,15,14,15,15,10,11,12,13,10,10,12,12,4,10,11,12,13,10,11,12,13,13,19,20,19,19,23,24,23,23,33,19,20,19,20,23,24,23,24,24,19,20,21,22,28,28,30,30,31,19,20,21,22,19,20,21,22,22,28,29,28,28,32,33,32,32,24,28,29,28,29,32,33,32,33,33,28,29,30,31,19,19,21,21,22,28,29,30,31,28,29,30,31,31],