{"policy":"nolearning","smax":[5,1],"alpha":0.7,"beta":0.95,"gamma":1.0,"sigma":6.0,"v0":1.0,"accuracy":1.0e-8,"cost_entry":[0,10],"value_exit":[0,1],"cost_merger":[0,10],"entry":true,"exit":true,"mergers":true,"filename":"nolearning_a7s60v10","verbose":true,"firms":[1,2,3,4],"rival":[2,1,4,3],"partner":[3,4,1,2],"merger_pairs":[1,2,1,2,3,4,4,3],"outcomes":[1,0,1,0,1,0,0,0,0,0,1,0,1,0,1,0,0,0,1,0,0,1,0,0,1,0,0,0,1,1,0,0,0,0,1,0,0,0,0,0,1,1,1,1,2],"ownership":[0,3,0,3,0,0,4,4,0,1,0,1,0,0,2,2],"S":[1,1,1,1,1,1,1,1,1,0,0,1,1,0,0,1,1,1,1,1,1,1,1,1,1,1,1,0,0,0,0,1,1,1,1,1,0,1,0,1,0,1,0,1,3],"ms":9,"scale":[2.6390158215457884,2.6390158215457884,2.6390158215457884,2.6390158215457884,2.6390158215457884,2.6390158215457884,2.6390158215457884,2.6390158215457884,2.6390158215457884,0.0,0.0,2.6390158215457884,2.6390158215457884,0.0,0.0,2.6390158215457884,2.6390158215457884,2.6390158215457884,1.0,1.0,1.0,1.0,1.0,1.0,1.0,1.0,1.0,0.0,0.0,0.0,0.0,1.0,1.0,1.0,1.0,1.0],"D":[0.9249398888022419,0.9472203303975314,0.4999997573121815,0.8237065296103706,0.9249398888039972,0.930131880807343,0.49999975730959606,0.6249396179666206,0.5000000012573054,0.0,0.0,0.499999751894906,0.17629339153628146,0.0,0.0,0.4999997518974916,0.3750601352142057,0.4999999975261389,0.7869367222331541,0.9472203303975314,0.786936722241149,0.8237065296103706,0.4955414316412604,0.930131880807343,0.49554143164709097,0.6249396179666206,0.5000000012573054,0.0,0.0,0.0,0.0,0.4955414365643037,0.06936457762346614,0.4955414365583775,0.37056190425186175,0.4999999975261389],"Q":[0.7278691643567343,0.9472203303975314,0.393468170140618,0.8237065296103706,0.4583460366800409,0.930131880807343,0.24777059556039546,0.6249396179666206,0.5000000012573054,0.0,0.0,0.0,0.0,0.0,0.0,0.2477705953341155,0.37056166039303956,0.4999999975261389,0.0,0.0,0.0,0.0,0.45834604123356004,0.0,0.2477705980160371,0.0,0.0,0.0,0.0,0.393468165877565,0.0,0.0,0.0,0.247770592878473,0.0,0.0,0.19707072444550758,0.0,0.10653158717156345,0.0,0.008247810890396265,0.0,0.004458563733163478,0.0,0.0,0.0,0.0,0.10653158601734097,0.17629339153628146,0.0,0.0,0.004458563684903029,0.004498474821166167,0.0,0.05906755787641979,0.0,3.862229659062218e-7,0.0,0.03719539496121947,0.0,2.4320822251895133e-7,0.0,0.0,0.0,0.0,0.0,0.0,0.03719539533074365,0.06936457762346614,2.432082249293759e-7,2.43858822170266e-7,0.0,0.015992553321338258,0.05277966960246857,1.0456994665005311e-7,7.885334792025917e-8,0.0006693209040397826,0.0005035415691908846,4.376465084880626e-9,2.960351511509972e-9,1.2165557806101727e-9],"P":[-0.4185732458607927,-1.0601250488082126,-2.3056826498121015,-2.16631916903843,-0.4185732458650061,-1.4462925268717446,-2.305682649819073,-2.416829375490087,-2.472349154385622,-0.0,-0.0,-2.305682648006342,-2.4366783984342653,-0.0,-0.0,-2.305682648015037,-2.372323492247955,-2.4723491537637607,-0.21775977351786058,0.5788907727375758,-0.2177597735258076,-0.5273033474926416,-0.6696127698206623,0.1927232946740438,-0.6696127698208378,-0.7778135539442985,-0.8333333328398336,-0.0,-0.0,-0.0,-0.0,-0.6696127714764416,-0.8209108896831532,-0.6696127714726627,-0.7352135741673912,-0.8333333322179723],"PI":[2.053775909045844,1.4955574394141002,0.16666650497094318,0.38936331919527545,2.0537759090458443,1.1093899613578992,0.1666665049665957,0.13885311271541123,0.0833333337896341,0.0,0.0,0.16666650406806488,0.03567075055504199,0.0,0.0,0.1666665040645791,0.10002566108703687,0.08333333347870364,0.615573559826775,1.4955574394141002,0.615573559826775,0.38936331919527545,0.16372056103905963,1.1093899613578992,0.163720561040899,0.13885311271541123,0.0833333337896341,0.0,0.0,0.0,0.0,0.16372056184506303,0.01242244049409041,0.16372056184497766,0.09811976217657588,0.08333333347870364],"CS":[0.6892720137498363,0.5382185467130853,2.67890160725335,2.7738930229223384,1.2182078226091437,1.313587726867801,3.207837416108554,3.3209399823707337,3.536731546993002],"V":[20.822367505651343,18.555583483174534,3.104924475212968,5.370154900265838,19.235074423444445,12.730029904008529,3.33332755182257,2.7770617478018904,1.666670243440098,0.0,0.0,3.104924463730706,1.3343619567086664,0.0,0.0,3.3333275337823034,2.000515564471389,1.6666702372215128,8.984819258389336,18.555577469459617,6.868632829963413,5.37014888655092,2.7634230329359655,12.730023890293612,3.2744028757730446,2.7770557340869746,1.6666642297251804,0.0,0.0,0.0,0.0,2.7634230393455015,1.0835557208160735,3.274402891854558,1.9623917124059729,1.666664223506595],"pr_entry":[0.0,0.0,0.0,0.0,0.0,0.0,0.0,0.0,0.0,0.0776231066836262,0.03335905042304939,0.0,0.0,0.0833331849925717,0.05001289219432505,0.0,0.0,0.0,0.0,0.0,0.0,0.0,0.0,0.0,0.0,0.0,0.0,0.0690855683955702,0.02708888972833829,0.0818600613160416,0.0490597881639315,0.0,0.0,0.0,0.0,0.0],"pr_exit":[0.0,0.0,0.0,0.25,0.0,0.0,0.0,0.25,0.0,0.0,0.0,0.0,0.0,0.0,0.0,0.0,0.0,0.0,0.0,0.0,0.0,0.0,0.0,0.25,0.0,0.25,0.0,0.0,0.0,0.0,0.0,0.0,0.0,0.0,0.0,0.0],"pr_merger":[0.20469167774999925,0.0,0.019696007763742817,0.0,0.09371409401900635,0.0,0.0,0.0,0.0,0.0,0.0,0.0,0.0,0.0,0.0,0.0,0.0,0.0,0.0,0.0,0.0,0.0,0.09371409383861802,0.0,0.0,0.0,0.0,0.0,0.0,0.019696008064220283,0.0,0.0,0.0,0.0,0.0,0.0],"active_firms":[true,true,true,true,true,true,true,true,true,false,false,true,true,false,false,true,true,true,true,true,true,true,true,true,true,true,true,false,false,false,false,true,true,true,true,true,true,true,true,true,true,true,true,true,true],"active_outcomes":[1.0,1.0,1.0,1.0,1.0,1.0,1.0,1.0,1.0,0.0,0.0,0.0,0.0,0.0,0.0,1.0,1.0,1.0,0.0,0.0,0.0,0.0,1.0,0.0,1.0,0.0,0.0,0.0,0.0,1.0,0.0,0.0,0.0,1.0,0.0,0.0,1.0,0.0,1.0,0.0,1.0,0.0,1.0,0.0,0.0,0.0,0.0,1.0,1.0,0.0,0.0,1.0,1.0,0.0,1.0,0.0,1.0,0.0,1.0,0.0,1.0,0.0,0.0,0.0,0.0,0.0,0.0,1.0,1.0,1.0,1.0,0.0,1.0,1.0,1.0,1.0,1.0,1.0,1.0,1.0,1.0],"markets":[1,2,3,4,3,4,7,8,9],"marketnames":["20","21","30","31","40","41","43"],"idx_up":[1,2,3,4,5,6,7,8,9,1,2,3,4,5,6,7,8,9,1,2,3,4,5,6,7,8,9,1,2,3,4,5,6,7,8,9,1,2,3,4,5,6,7,8,9,1,2,3,4,5,6,7,8,9,1,2,3,4,5,6,7,8,9,1,2,3,4,5,6,7,8,9,1,2,3,4,5,6,7,8,9,10,11,12,13,14,15,16,17,18,10,11,12,13,14,15,16,17,18,10,11,12,13,14,15,16,17,18,10,11,12,13,14,15,16,17,18,10,11,12,13,14,15,16,17,18,10,11,12,13,14,15,16,17,18,10,11,12,13,14,15,16,17,18,10,11,12,13,14,15,16,17,18,10,11,12,13,14,15,16,17,18,19,20,21,22,23,24,25,26,27,19,20,21,22,23,24,25,26,27,19,20,21,22,23,24,25,26,27,19,20,21,22,23,24,25,26,27,19,20,21,22,23,24,25,26,27,19,20,21,22,23,24,25,26,27,19,20,21,22,23,24,25,26,27,19,20,21,22,23,24,25,26,27,19,20,21,22,23,24,25,26,27,28,29,30,31,32,33,34,35,36,28,29,30,31,32,33,34,35,36,28,29,30,31,32,33,34,35,36,28,29,30,31,32,33,34,35,36,28,29,30,31,32,33,34,35,36,28,29,30,31,32,33,34,35,36,28,29,30,31,32,33,34,35,36,28,29,30,31,32,33,34,35,36,28,29,30,31,32,33,34,35,36],"idx_entry":[1,2,3,4,5,6,7,8,9,3,4,3,4,7,8,7,8,9,1,2,3,4,5,6,7,8,9,5,6,7,8,5,6,7,8,9,10,11,12,13,14,15,16,17,18,12,13,12,13,16,17,16,17,18,10,11,12,13,14,15,16,17,18,14,15,16,17,14,15,16,17,18,19,20,21,22,23,24,25,26,27,21,22,21,22,25,26,25,26,27,19,20,21,22,23,24,25,26,27,23,24,25,26,23,24,25,26,27,28,29,30,31,32,33,34,35,36,30,31,30,31,34,35,34,35,36,28,29,30,31,32,33,34,35,36,32,33,34,35,32,33,34,35,36],"idx_exit":[1,2,10,4,5,6,14,8,11,1,2,1,2,5,6,5,6,2,1,2,3,4,1,6,3,8,11,1,2,3,4,1,2,3,4,2,10,11,1,13,14,15,5,17,2,10,11,10,11,14,15,14,15,11,10,11,12,13,10,15,12,17,2,10,11,12,13,10,11,12,13,11,19,20,19,22,23,24,23,26,29,19,20,19,20,23,24,23,24,20,19,20,21,22,28,24,30,26,29,19,20,21,22,19,20,21,22,20,28,29,28,31,32,33,32,35,20,28,29,28,29,32,33,32,33,29,28,29,30,31,19,33,21,35,20,28,29,30,31,28,29,30,31,29],"idx_merger":[2,2,4,4,6,6,8,8,9,1,2,3,4,5,6,17,9,9,1,2,3,4,6,6,8,8,9,1,2,13,4,5,6,17,8,9,11,11,13,13,15,15,17,17,18,10,11,12,13,14,15,8,18,18,10,11,12,13,15,15,17,17,18,10,11,4,13,14,15,8,17,18,20,20,22,22,24,24,26,26,27,19,20,21,22,23,24,35,27,27,19,20,21,22,33,24,35,26,27,19,20,22,22,23,24,26,26,27,29,29,31,31,33,33,35,35,36,28,29,30,31,32,33,26,36,36,28,29,30,31,24,33,26,35,36,28,29,31,31,32,33,35,35,36]}