{"policy":"nolearning","smax":[5,1],"alpha":0.8,"beta":0.95,"gamma":1.0,"sigma":6.0,"v0":1.0,"accuracy":1.0e-8,"cost_entry":[0,10],"value_exit":[0,1],"cost_merger":[0,10],"entry":true,"exit":true,"mergers":true,"filename":"nolearning_a8s60v10","verbose":true,"firms":[1,2,3,4],"rival":[2,1,4,3],"partner":[3,4,1,2],"merger_pairs":[1,2,1,2,3,4,4,3],"outcomes":[1,0,1,0,1,0,0,0,0,0,1,0,1,0,1,0,0,0,1,0,0,1,0,0,1,0,0,0,1,1,0,0,0,0,1,0,0,0,0,0,1,1,1,1,2],"ownership":[0,3,0,3,0,0,4,4,0,1,0,1,0,0,2,2],"S":[1,1,1,1,1,1,1,1,1,0,0,1,1,0,0,1,1,1,1,1,1,1,1,1,1,1,1,0,0,0,0,1,1,1,1,1,0,1,0,1,0,1,0,1,3],"ms":9,"scale":[3.0314331330207964,3.0314331330207964,3.0314331330207964,3.0314331330207964,3.0314331330207964,3.0314331330207964,3.0314331330207964,3.0314331330207964,3.0314331330207964,0.0,0.0,3.0314331330207964,3.0314331330207964,0.0,0.0,3.0314331330207964,3.0314331330207964,3.0314331330207964,1.0,1.0,1.0,1.0,1.0,1.0,1.0,1.0,1.0,0.0,0.0,0.0,0.0,1.0,1.0,1.0,1.0,1.0],"D":[0.9355400899301315,0.9527939432155587,0.4999999746072227,0.8237065414658455,0.9355400899182966,0.9394098418077687,0.4999999746242017,0.6249396953481996,0.5000000026277567,0.0,0.0,0.499999978796543,0.17629345104776747,0.0,0.0,0.4999999787795638,0.3750602812186221,0.4999999972567428,0.786936722231231,0.9527939432155587,0.7869367222422433,0.8237065414658455,0.4955414316499878,0.9394098418077687,0.49554143165040376,0.6249396953481996,0.5000000026277567,0.0,0.0,0.0,0.0,0.49554143655464156,0.06015802282188022,0.49554143655497657,0.37056182851896435,0.4999999972567428],"Q":[0.7362108518855287,0.9527939432155587,0.3934683411386125,0.8237065414658455,0.46359887552407114,0.9394098418077687,0.24777070325044248,0.6249396953481996,0.5000000026277567,0.0,0.0,0.0,0.0,0.0,0.0,0.24777070776188287,0.3705618053668437,0.4999999972567428,0.0,0.0,0.0,0.0,0.4635988801125714,0.0,0.24777070570272874,0.0,0.0,0.0,0.0,0.3934683444353428,0.0,0.0,0.0,0.24777070530959655,0.0,0.0,0.1993292380446028,0.0,0.10653163346861019,0.0,0.008342334281654143,0.0,0.0044585656710304684,0.0,0.0,0.0,0.0,0.10653163436120022,0.17629345104776747,0.0,0.0,0.0044585657080843805,0.004498475851778411,0.0,0.05072587034570229,0.0,3.666828802526573e-8,0.0,0.03194255612591668,0.0,2.3090364739633964e-8,0.0,0.0,0.0,0.0,0.0,0.0,0.03194255644207019,0.06015802282188022,2.309036496816861e-8,2.3152120643046955e-8,0.0,0.013734039724166282,0.0472060567844414,9.927946448054618e-9,7.486386954092377e-9,0.0005747975137162733,0.0004321353703510425,4.155047639173237e-10,2.810577186364443e-10,1.155005340997271e-10],"P":[-0.4458467529257427,-1.2661229377713128,-2.6980998121712982,-2.5587364487545172,-0.44584675289303505,-1.6560722525740332,-2.6980998121826825,-2.8092466450056826,-2.864766465379806,-0.0,-0.0,-2.6980998135677376,-2.829095700254401,-0.0,-0.0,-2.6980998135678034,-2.764740737350819,-2.8647664644846373,-0.2177597735159488,0.7653101952494836,-0.2177597735268953,-0.5273033157337208,-0.6696127698061338,0.3753608804467632,-0.6696127698203067,-0.7778135119848861,-0.8333333323590097,-0.0,-0.0,-0.0,-0.0,-0.669612771455728,-0.8226651993839681,-0.6696127714698737,-0.7352136011881523,-0.8333333314638409],"PI":[2.41891971455625,1.6819768619303832,0.1666666519604903,0.3893633509593496,2.418919714556249,1.2920275471290872,0.16666665196045785,0.13885315613065166,0.08333333425845457,0.0,0.0,0.1666666526587107,0.035670764298533504,0.0,0.0,0.16666665265301808,0.10002572491884984,0.08333333381087,0.6155735598267751,1.6819768619303832,0.6155735598267752,0.3893633509593496,0.16372056104914254,1.2920275471290872,0.1637205610422567,0.13885315613065166,0.08333333425845457,0.0,0.0,0.0,0.0,0.16372056185213524,0.010668110982572827,0.1637205618452361,0.09811973211067003,0.08333333381087],"CS":[0.7146463127319772,0.5568191908951111,3.071318697181703,3.166310268480698,1.2435821215408285,1.3390756223273346,3.600254506032297,3.713357189289837,3.9291488570495456],"V":[24.275963727529472,20.76409666684994,3.1049295035030924,5.3701554007624885,22.483888621334593,14.602997164876705,3.333332341081055,2.7770637108306726,1.6666698411217546,0.0,0.0,3.1049295123451386,1.3343631008197132,0.0,0.0,3.3333323549322285,2.0005168823236827,1.6666698321700877,9.381068725298368,20.764091969264705,6.8686320931144556,5.370150703177245,2.776039418355129,14.602992467291465,3.2744059613854843,2.7770590132454296,1.6666651435365116,0.0,0.0,0.0,0.0,2.77603942425852,1.0655661778038945,3.274405977445036,1.9623924167250615,1.6666651345848433],"pr_entry":[0.0,0.0,0.0,0.0,0.0,0.0,0.0,0.0,0.0,0.07762323590828266,0.03335907966323075,0.0,0.0,0.08333330795471607,0.050012925194864034,0.0,0.0,0.0,0.0,0.0,0.0,0.0,0.0,0.0,0.0,0.0,0.0,0.06940098066685593,0.02663915292299419,0.08186014251578419,0.049059807489852406,0.0,0.0,0.0,0.0,0.0],"pr_exit":[0.0,0.0,0.0,0.25,0.0,0.0,0.0,0.25,0.0,0.0,0.0,0.0,0.0,0.0,0.0,0.0,0.0,0.0,0.0,0.0,0.0,0.0,0.0,0.25,0.0,0.25,0.0,0.0,0.0,0.0,0.0,0.0,0.0,0.0,0.0,0.0],"pr_merger":[0.22342505475067215,0.0,0.01969595680686579,0.0,0.10793776389380731,0.0,0.0,0.0,0.0,0.0,0.0,0.0,0.0,0.0,0.0,0.0,0.0,0.0,0.0,0.0,0.0,0.0,0.10793776372506385,0.0,0.0,0.0,0.0,0.0,0.0,0.019695956575563466,0.0,0.0,0.0,0.0,0.0,0.0],"active_firms":[true,true,true,true,true,true,true,true,true,false,false,true,true,false,false,true,true,true,true,true,true,true,true,true,true,true,true,false,false,false,false,true,true,true,true,true,true,true,true,true,true,true,true,true,true],"active_outcomes":[1.0,1.0,1.0,1.0,1.0,1.0,1.0,1.0,1.0,0.0,0.0,0.0,0.0,0.0,0.0,1.0,1.0,1.0,0.0,0.0,0.0,0.0,1.0,0.0,1.0,0.0,0.0,0.0,0.0,1.0,0.0,0.0,0.0,1.0,0.0,0.0,1.0,0.0,1.0,0.0,1.0,0.0,1.0,0.0,0.0,0.0,0.0,1.0,1.0,0.0,0.0,1.0,1.0,0.0,1.0,0.0,1.0,0.0,1.0,0.0,1.0,0.0,0.0,0.0,0.0,0.0,0.0,1.0,1.0,1.0,1.0,0.0,1.0,1.0,1.0,1.0,1.0,1.0,1.0,1.0,1.0],"markets":[1,2,3,4,3,4,7,8,9],"marketnames":["20","21","30","31","40","41","43"],"idx_up":[1,2,3,4,5,6,7,8,9,1,2,3,4,5,6,7,8,9,1,2,3,4,5,6,7,8,9,1,2,3,4,5,6,7,8,9,1,2,3,4,5,6,7,8,9,1,2,3,4,5,6,7,8,9,1,2,3,4,5,6,7,8,9,1,2,3,4,5,6,7,8,9,1,2,3,4,5,6,7,8,9,10,11,12,13,14,15,16,17,18,10,11,12,13,14,15,16,17,18,10,11,12,13,14,15,16,17,18,10,11,12,13,14,15,16,17,18,10,11,12,13,14,15,16,17,18,10,11,12,13,14,15,16,17,18,10,11,12,13,14,15,16,17,18,10,11,12,13,14,15,16,17,18,10,11,12,13,14,15,16,17,18,19,20,21,22,23,24,25,26,27,19,20,21,22,23,24,25,26,27,19,20,21,22,23,24,25,26,27,19,20,21,22,23,24,25,26,27,19,20,21,22,23,24,25,26,27,19,20,21,22,23,24,25,26,27,19,20,21,22,23,24,25,26,27,19,20,21,22,23,24,25,26,27,19,20,21,22,23,24,25,26,27,28,29,30,31,32,33,34,35,36,28,29,30,31,32,33,34,35,36,28,29,30,31,32,33,34,35,36,28,29,30,31,32,33,34,35,36,28,29,30,31,32,33,34,35,36,28,29,30,31,32,33,34,35,36,28,29,30,31,32,33,34,35,36,28,29,30,31,32,33,34,35,36,28,29,30,31,32,33,34,35,36],"idx_entry":[1,2,3,4,5,6,7,8,9,3,4,3,4,7,8,7,8,9,1,2,3,4,5,6,7,8,9,5,6,7,8,5,6,7,8,9,10,11,12,13,14,15,16,17,18,12,13,12,13,16,17,16,17,18,10,11,12,13,14,15,16,17,18,14,15,16,17,14,15,16,17,18,19,20,21,22,23,24,25,26,27,21,22,21,22,25,26,25,26,27,19,20,21,22,23,24,25,26,27,23,24,25,26,23,24,25,26,27,28,29,30,31,32,33,34,35,36,30,31,30,31,34,35,34,35,36,28,29,30,31,32,33,34,35,36,32,33,34,35,32,33,34,35,36],"idx_exit":[1,2,10,4,5,6,14,8,11,1,2,1,2,5,6,5,6,2,1,2,3,4,1,6,3,8,11,1,2,3,4,1,2,3,4,2,10,11,1,13,14,15,5,17,2,10,11,10,11,14,15,14,15,11,10,11,12,13,10,15,12,17,2,10,11,12,13,10,11,12,13,11,19,20,19,22,23,24,23,26,29,19,20,19,20,23,24,23,24,20,19,20,21,22,28,24,30,26,29,19,20,21,22,19,20,21,22,20,28,29,28,31,32,33,32,35,20,28,29,28,29,32,33,32,33,29,28,29,30,31,19,33,21,35,20,28,29,30,31,28,29,30,31,29],"idx_merger":[2,2,4,4,6,6,8,8,9,1,2,3,4,5,6,17,9,9,1,2,3,4,6,6,8,8,9,1,2,13,4,5,6,17,8,9,11,11,13,13,15,15,17,17,18,10,11,12,13,14,15,8,18,18,10,11,12,13,15,15,17,17,18,10,11,4,13,14,15,8,17,18,20,20,22,22,24,24,26,26,27,19,20,21,22,23,24,35,27,27,19,20,21,22,33,24,35,26,27,19,20,22,22,23,24,26,26,27,29,29,31,31,33,33,35,35,36,28,29,30,31,32,33,26,36,36,28,29,30,31,24,33,26,35,36,28,29,31,31,32,33,35,35,36]}