{"policy":"nolearning","smax":[5,1],"alpha":0.5,"beta":0.95,"gamma":1.0,"sigma":9.0,"v0":1.0,"accuracy":1.0e-8,"cost_entry":[0,10],"value_exit":[0,1],"cost_merger":[0,10],"entry":true,"exit":true,"mergers":true,"filename":"nolearning_a5s90v10","verbose":true,"firms":[1,2,3,4],"rival":[2,1,4,3],"partner":[3,4,1,2],"merger_pairs":[1,2,1,2,3,4,4,3],"outcomes":[1,0,1,0,1,0,0,0,0,0,1,0,1,0,1,0,0,0,1,0,0,1,0,0,1,0,0,0,1,1,0,0,0,0,1,0,0,0,0,0,1,1,1,1,2],"ownership":[0,3,0,3,0,0,4,4,0,1,0,1,0,0,2,2],"S":[1,1,1,1,1,1,1,1,1,0,0,1,1,0,0,1,1,1,1,1,1,1,1,1,1,1,1,0,0,0,0,1,1,1,1,1,0,1,0,1,0,1,0,1,3],"ms":9,"scale":[2.0,2.0,2.0,2.0,2.0,2.0,2.0,2.0,2.0,0.0,0.0,2.0,2.0,0.0,0.0,2.0,2.0,2.0,1.0,1.0,1.0,1.0,1.0,1.0,1.0,1.0,1.0,0.0,0.0,0.0,0.0,1.0,1.0,1.0,1.0,1.0],"D":[0.9347988219655042,0.9581067023096571,0.49999996985214545,0.8775953472027841,0.9347988219619154,0.9387806695467082,0.4999999698505982,0.6262909247096738,0.4999999979833846,0.0,0.0,0.49999997388027595,0.12240464697127663,0.0,0.0,0.4999999738818232,0.3737090471925595,0.5000000020096715,0.8607022208233301,0.9581067023096571,0.8607022208222608,0.8775953472027841,0.49977234265160997,0.9387806695467082,0.4997723426547129,0.6262909247096738,0.4999999979833846,0.0,0.0,0.0,0.0,0.4997723385886331,0.061197418178050904,0.49977233858552433,0.37348166708845704,0.5000000020096715],"Q":[0.8045834220887423,0.9581067023096571,0.43035108446280507,0.8775953472027841,0.46718659715987176,0.9387806695467082,0.24988615625951927,0.6262909247096738,0.4999999979833846,0.0,0.0,0.0,0.0,0.0,0.0,0.24988615623961985,0.3734816390077883,0.5000000020096715,0.0,0.0,0.0,0.0,0.46718659336180585,0.0,0.24988615422492513,0.0,0.0,0.0,0.0,0.4303510879298259,0.0,0.0,0.0,0.24988615827421398,0.0,0.0,0.13021539987676192,0.0,0.0696488853893404,0.0,0.00042563144023775683,0.0,0.00022765936615384602,0.0,0.0,0.0,0.0,0.06964888595045003,0.12240464697127663,0.0,0.0,0.00022765936798933837,0.0002274081847711559,0.0,0.05611879873458781,0.0,4.8429629887078185e-8,0.0,0.032585745491738205,0.0,2.8120979587489258e-8,0.0,0.0,0.0,0.0,0.0,0.0,0.032585745226827306,0.061197418178050904,2.8120979358525873e-8,2.8080668707623426e-8,0.0,0.009082379299907923,0.041893297690342945,7.837948742859084e-9,5.8259393549789664e-9,2.9687319518978755e-5,2.1912275240821986e-5,2.5619684116731298e-11,1.7097959393467492e-11,6.943972027068857e-12],"P":[-0.29587264507569827,-0.673879627643029,-1.7777777883167023,-1.5461319953374857,-0.29587264506915595,-1.0925161199486684,-1.7777777883159744,-1.85134009518754,-1.888888887908074,-0.0,-0.0,-1.7777777892118425,-1.8733914048517515,-0.0,-0.0,-1.777777789211802,-1.8225886676441834,-1.8888888883554396,-0.202348294887045,0.326120372356971,-0.20234829488605388,-0.5461319953374857,-0.7778789127178554,-0.09251611994866837,-0.7778789127170487,-0.8513400951875401,-0.8888888879080741,-0.0,-0.0,-0.0,-0.0,-0.7778789118145603,-0.881645920878253,-0.7778789118123727,-0.8226530610619794,-0.8888888883554396],"PI":[1.593016243862428,1.270564816824592,0.11111109914212594,0.3983124491360341,1.593016243862428,0.8519283245174338,0.11111109914214604,0.09310434925224763,0.05555555582189459,0.0,0.0,0.11111109958969594,0.015497480392650647,0.0,0.0,0.11111109959005998,0.06630021997585474,0.05555555604557706,0.6865405940342364,1.270564816824592,0.6865405940342365,0.3983124491360341,0.11100997614332016,0.8519283245174338,0.11100997614441253,0.09310434925224763,0.05555555582189459,0.0,0.0,0.0,0.0,0.11100997569228922,0.007242964073091675,0.111009975692692,0.06623583040760671,0.05555555604557706],"CS":[0.5223798981399949,0.3844790552176025,2.0738098529732487,2.1387364066989467,1.1583100617276232,1.2240161819269944,2.709740016565965,2.7866382295231,2.931810483055384],"V":[21.41513896914195,21.495625831344928,2.634012806871041,12.856752662668027,23.99257909248533,16.637813437477494,2.2222198135085716,1.8620885443746793,1.111111115138968,0.0,0.0,2.6340128086216823,0.7023671740030284,0.0,0.0,2.222219822466795,1.3260043315281254,1.1111111196126204,13.594590632402648,21.495625831344928,15.980226456617538,12.856752662668027,2.4884084207517967,16.637813437477494,2.220197354204165,1.8620885443746793,1.111111115138968,0.0,0.0,0.0,0.0,2.4884084189022615,0.6008119618227448,2.2201973451698036,1.324716538555772,1.1111111196126204],"pr_entry":[0.0,0.0,0.0,0.0,0.0,0.0,0.0,0.0,0.0,0.06585032023565487,0.017559179217510178,0.0,0.0,0.05555549270728251,0.03315010819874396,0.0,0.0,0.0,0.0,0.0,0.0,0.0,0.0,0.0,0.0,0.0,0.0,0.06221020988335937,0.015020298905160101,0.05550493077571347,0.03311791337232014,0.0,0.0,0.0,0.0,0.0],"pr_exit":[0.0,0.0,0.0,0.25,0.0,0.0,0.0,0.25,0.0,0.0,0.0,0.0,0.07440820782489824,0.0,0.0,0.0,0.0,0.0,0.0,0.0,0.0,0.0,0.0,0.25,0.0,0.25,0.0,0.0,0.0,0.0,0.0,0.0,0.09979701094839896,0.0,0.0,0.0],"pr_merger":[0.22948920788297594,0.0,0.2100165264069794,0.0,0.19942043930727388,0.0,0.0,0.0,0.0,0.0,0.0,0.0,0.0,0.0,0.0,0.0,0.0,0.0,0.0,0.0,0.0,0.0,0.19942043936349116,0.0,0.0,0.0,0.0,0.0,0.0,0.21001652635321197,0.0,0.0,0.0,0.0,0.0,0.0],"active_firms":[true,true,true,true,true,true,true,true,true,false,false,true,true,false,false,true,true,true,true,true,true,true,true,true,true,true,true,false,false,false,false,true,true,true,true,true,true,true,true,true,true,true,true,true,true],"active_outcomes":[1.0,1.0,1.0,1.0,1.0,1.0,1.0,1.0,1.0,0.0,0.0,0.0,0.0,0.0,0.0,1.0,1.0,1.0,0.0,0.0,0.0,0.0,1.0,0.0,1.0,0.0,0.0,0.0,0.0,1.0,0.0,0.0,0.0,1.0,0.0,0.0,1.0,0.0,1.0,0.0,1.0,0.0,1.0,0.0,0.0,0.0,0.0,1.0,1.0,0.0,0.0,1.0,1.0,0.0,1.0,0.0,1.0,0.0,1.0,0.0,1.0,0.0,0.0,0.0,0.0,0.0,0.0,1.0,1.0,1.0,1.0,0.0,1.0,1.0,1.0,1.0,1.0,1.0,1.0,1.0,1.0],"markets":[1,2,3,4,3,4,7,8,9],"marketnames":["20","21","30","31","40","41","43"],"idx_up":[1,2,3,4,5,6,7,8,9,1,2,3,4,5,6,7,8,9,1,2,3,4,5,6,7,8,9,1,2,3,4,5,6,7,8,9,1,2,3,4,5,6,7,8,9,1,2,3,4,5,6,7,8,9,1,2,3,4,5,6,7,8,9,1,2,3,4,5,6,7,8,9,1,2,3,4,5,6,7,8,9,10,11,12,13,14,15,16,17,18,10,11,12,13,14,15,16,17,18,10,11,12,13,14,15,16,17,18,10,11,12,13,14,15,16,17,18,10,11,12,13,14,15,16,17,18,10,11,12,13,14,15,16,17,18,10,11,12,13,14,15,16,17,18,10,11,12,13,14,15,16,17,18,10,11,12,13,14,15,16,17,18,19,20,21,22,23,24,25,26,27,19,20,21,22,23,24,25,26,27,19,20,21,22,23,24,25,26,27,19,20,21,22,23,24,25,26,27,19,20,21,22,23,24,25,26,27,19,20,21,22,23,24,25,26,27,19,20,21,22,23,24,25,26,27,19,20,21,22,23,24,25,26,27,19,20,21,22,23,24,25,26,27,28,29,30,31,32,33,34,35,36,28,29,30,31,32,33,34,35,36,28,29,30,31,32,33,34,35,36,28,29,30,31,32,33,34,35,36,28,29,30,31,32,33,34,35,36,28,29,30,31,32,33,34,35,36,28,29,30,31,32,33,34,35,36,28,29,30,31,32,33,34,35,36,28,29,30,31,32,33,34,35,36],"idx_entry":[1,2,3,4,5,6,7,8,9,3,4,3,4,7,8,7,8,9,1,2,3,4,5,6,7,8,9,5,6,7,8,5,6,7,8,9,10,11,12,13,14,15,16,17,18,12,13,12,13,16,17,16,17,18,10,11,12,13,14,15,16,17,18,14,15,16,17,14,15,16,17,18,19,20,21,22,23,24,25,26,27,21,22,21,22,25,26,25,26,27,19,20,21,22,23,24,25,26,27,23,24,25,26,23,24,25,26,27,28,29,30,31,32,33,34,35,36,30,31,30,31,34,35,34,35,36,28,29,30,31,32,33,34,35,36,32,33,34,35,32,33,34,35,36],"idx_exit":[1,2,10,4,5,6,14,8,11,1,2,1,2,5,6,5,6,2,1,2,3,4,1,6,3,8,11,1,2,3,4,1,2,3,4,2,10,11,1,13,14,15,5,17,2,10,11,10,11,14,15,14,15,11,10,11,12,13,10,15,12,17,2,10,11,12,13,10,11,12,13,11,19,20,19,22,23,24,23,26,29,19,20,19,20,23,24,23,24,20,19,20,21,22,28,24,30,26,29,19,20,21,22,19,20,21,22,20,28,29,28,31,32,33,32,35,20,28,29,28,29,32,33,32,33,29,28,29,30,31,19,33,21,35,20,28,29,30,31,28,29,30,31,29],"idx_merger":[2,2,4,4,6,6,8,8,9,1,2,3,4,5,6,17,9,9,1,2,3,4,6,6,8,8,9,1,2,13,4,5,6,17,8,9,11,11,13,13,15,15,17,17,18,10,11,12,13,14,15,8,18,18,10,11,12,13,15,15,17,17,18,10,11,4,13,14,15,8,17,18,20,20,22,22,24,24,26,26,27,19,20,21,22,23,24,35,27,27,19,20,21,22,33,24,35,26,27,19,20,22,22,23,24,26,26,27,29,29,31,31,33,33,35,35,36,28,29,30,31,32,33,26,36,36,28,29,30,31,24,33,26,35,36,28,29,31,31,32,33,35,35,36]}