{"policy":"nolearning","smax":[5,1],"alpha":0.1,"beta":0.95,"gamma":1.0,"sigma":6.0,"v0":1.0,"accuracy":1.0e-8,"cost_entry":[0,10],"value_exit":[0,1],"cost_merger":[0,10],"entry":true,"exit":true,"mergers":true,"filename":"nolearning_a1s60v10","verbose":true,"firms":[1,2,3,4],"rival":[2,1,4,3],"partner":[3,4,1,2],"merger_pairs":[1,2,1,2,3,4,4,3],"outcomes":[1,0,1,0,1,0,0,0,0,0,1,0,1,0,1,0,0,0,1,0,0,1,0,0,1,0,0,0,1,1,0,0,0,0,1,0,0,0,0,0,1,1,1,1,2],"ownership":[0,3,0,3,0,0,4,4,0,1,0,1,0,0,2,2],"S":[1,1,1,1,1,1,1,1,1,0,0,1,1,0,0,1,1,1,1,1,1,1,1,1,1,1,1,0,0,0,0,1,1,1,1,1,0,1,0,1,0,1,0,1,3],"ms":9,"scale":[1.148698354997035,1.148698354997035,1.148698354997035,1.148698354997035,1.148698354997035,1.148698354997035,1.148698354997035,1.148698354997035,1.148698354997035,0.0,0.0,1.148698354997035,1.148698354997035,0.0,0.0,1.148698354997035,1.148698354997035,1.148698354997035,1.0,1.0,1.0,1.0,1.0,1.0,1.0,1.0,1.0,0.0,0.0,0.0,0.0,1.0,1.0,1.0,1.0,1.0],"D":[0.8151101885922301,0.9059050268033703,0.4981444952425252,0.8236004953735512,0.8151101885945667,0.8433716975959646,0.4981444952397254,0.624340993667417,0.499995346454032,0.0,0.0,0.4981444895553402,0.17579874140347249,0.0,0.0,0.4981444895581753,0.37378442893158087,0.49999535232794534,0.7869367222314168,0.9059050268033703,0.7869367222353209,0.8236004953735512,0.49554143165475606,0.8433716975959646,0.4955414316505,0.624340993667417,0.499995346454032,0.0,0.0,0.0,0.0,0.4955414365506592,0.1553700046588665,0.49554143655489674,0.3711467660822246,0.49999535232794534],"Q":[0.6414401400682015,0.9059050268033703,0.39200819628572114,0.8236004953735512,0.40392086981252984,0.8433716975959646,0.2468512363399092,0.624340993667417,0.499995346454032,0.0,0.0,0.0,0.0,0.0,0.0,0.24685123596756395,0.3692947052280339,0.49999535232794534,0.0,0.0,0.0,0.0,0.40392087380323033,0.0,0.24685123878300744,0.0,0.0,0.0,0.0,0.3920081918102664,0.0,0.0,0.0,0.24685123352446575,0.0,0.0,0.17367004852402862,0.0,0.10613629895680403,0.0,0.007268444978806589,0.0,0.00444202011680875,0.0,0.0,0.0,0.0,0.10613629774507376,0.17579874140347249,0.0,0.0,0.004442020066145618,0.004489723703546967,0.0,0.1454965821632153,0.0,0.0029203341393331866,0.0,0.09162056184222625,0.0,0.0018389617861250868,0.0,0.0,0.0,0.0,0.0,0.0,0.09162056274742886,0.1553700046588665,0.001838961804325376,0.0018520608541906344,0.0,0.03939322924455466,0.09409497319662971,0.0007906810628013341,0.0006007632229763394,0.001648686815778168,0.0012582977451687793,3.3091611648896264e-5,2.2516546811405287e-5,9.30121802267823e-6],"P":[-0.24726054520182505,-0.2630683315200161,-0.8165974512420169,-0.6762858417030421,-0.2472605452044092,-0.6166531751311354,-0.8165974512426591,-0.9268659699600691,-0.9820332365406226,-0.0,-0.0,-0.8165974493392272,-0.9464823699667785,-0.0,-0.0,-0.8165974493417548,-0.8825493316863615,-0.9820332375196175,-0.21775977351613351,-0.11436997652298098,-0.21775977352001435,-0.527587486706007,-0.6696127698224219,-0.4679548201341003,-0.6696127698206445,-0.778167614963034,-0.8333348815435875,-0.0,-0.0,-0.0,-0.0,-0.669612771469073,-0.8026749312402791,-0.6696127714701522,-0.7349673034223645,-0.8333348825225824],"PI":[0.7347711431463405,0.8022966901558184,0.16543423707062999,0.389079179969597,0.7347711431463405,0.4487118465412542,0.16543423706938024,0.1384990517015924,0.08333178364441626,0.0,0.0,0.16543423612977493,0.035549315659982546,0.0,0.0,0.16543423612945732,0.09948236068887813,0.08333178413389983,0.615573559826775,0.8022966901558184,0.615573559826775,0.389079179969597,0.16372056104264648,0.4487118465412542,0.1637205610421211,0.1384990517015924,0.08333178364441626,0.0,0.0,0.0,0.0,0.16372056184420647,0.030658396852508984,0.16372056184507175,0.09836602824084088,0.08333178413389983],"CS":[0.539026887338412,0.4418554543452491,1.190435979848384,1.2841652908768812,1.0679626961945081,1.1609462566310098,1.7193717887005528,1.8314903629416162,2.0464187294600666],"V":[8.518730890849998,10.303607096339476,3.0819716650503093,5.360661704719975,7.852473806842396,5.9597005359127655,3.308672341261761,2.7699838786380075,1.6666347589986246,0.0,0.0,3.081971653066355,1.3286594536336092,0.0,0.0,3.3086723224636176,1.989645315716992,1.6666347687882948,7.55541736487934,10.303607096339476,6.869114583967574,5.360661704719975,2.9806976397573157,5.9597005359127655,3.274398950039214,2.7699838786380075,1.6666347589986246,0.0,0.0,0.0,0.0,2.9806976494343385,1.2711250900402409,3.274398966097954,1.9673186811790284,1.6666347687882948],"pr_entry":[0.0,0.0,0.0,0.0,0.0,0.0,0.0,0.0,0.0,0.0770492666409752,0.033216483010655176,0.0,0.0,0.08271679174563579,0.04974113039547669,0.0,0.0,0.0,0.0,0.0,0.0,0.0,0.0,0.0,0.0,0.0,0.0,0.07451742152166353,0.031778123898644005,0.08185995800665478,0.049182964551004946,0.0,0.0,0.0,0.0,0.0],"pr_exit":[0.0,0.0,0.0,0.25,0.0,0.0,0.0,0.25,0.0,0.0,0.0,0.0,0.0,0.0,0.0,0.0,0.0,0.0,0.0,0.0,0.0,0.0,0.0,0.25,0.0,0.25,0.0,0.0,0.0,0.0,0.0,0.0,0.0,0.0,0.0,0.0],"pr_merger":[0.11977327261698315,0.0,0.01977773823477391,0.0,0.02801162467566125,0.0,0.0,0.0,0.0,0.0,0.0,0.0,0.0,0.0,0.0,0.0,0.0,0.0,0.0,0.0,0.0,0.0,0.028011624420539026,0.0,0.0,0.0,0.0,0.0,0.0,0.019777738548317714,0.0,0.0,0.0,0.0,0.0,0.0],"active_firms":[true,true,true,true,true,true,true,true,true,false,false,true,true,false,false,true,true,true,true,true,true,true,true,true,true,true,true,false,false,false,false,true,true,true,true,true,true,true,true,true,true,true,true,true,true],"active_outcomes":[1.0,1.0,1.0,1.0,1.0,1.0,1.0,1.0,1.0,0.0,0.0,0.0,0.0,0.0,0.0,1.0,1.0,1.0,0.0,0.0,0.0,0.0,1.0,0.0,1.0,0.0,0.0,0.0,0.0,1.0,0.0,0.0,0.0,1.0,0.0,0.0,1.0,0.0,1.0,0.0,1.0,0.0,1.0,0.0,0.0,0.0,0.0,1.0,1.0,0.0,0.0,1.0,1.0,0.0,1.0,0.0,1.0,0.0,1.0,0.0,1.0,0.0,0.0,0.0,0.0,0.0,0.0,1.0,1.0,1.0,1.0,0.0,1.0,1.0,1.0,1.0,1.0,1.0,1.0,1.0,1.0],"markets":[1,2,3,4,3,4,7,8,9],"marketnames":["20","21","30","31","40","41","43"],"idx_up":[1,2,3,4,5,6,7,8,9,1,2,3,4,5,6,7,8,9,1,2,3,4,5,6,7,8,9,1,2,3,4,5,6,7,8,9,1,2,3,4,5,6,7,8,9,1,2,3,4,5,6,7,8,9,1,2,3,4,5,6,7,8,9,1,2,3,4,5,6,7,8,9,1,2,3,4,5,6,7,8,9,10,11,12,13,14,15,16,17,18,10,11,12,13,14,15,16,17,18,10,11,12,13,14,15,16,17,18,10,11,12,13,14,15,16,17,18,10,11,12,13,14,15,16,17,18,10,11,12,13,14,15,16,17,18,10,11,12,13,14,15,16,17,18,10,11,12,13,14,15,16,17,18,10,11,12,13,14,15,16,17,18,19,20,21,22,23,24,25,26,27,19,20,21,22,23,24,25,26,27,19,20,21,22,23,24,25,26,27,19,20,21,22,23,24,25,26,27,19,20,21,22,23,24,25,26,27,19,20,21,22,23,24,25,26,27,19,20,21,22,23,24,25,26,27,19,20,21,22,23,24,25,26,27,19,20,21,22,23,24,25,26,27,28,29,30,31,32,33,34,35,36,28,29,30,31,32,33,34,35,36,28,29,30,31,32,33,34,35,36,28,29,30,31,32,33,34,35,36,28,29,30,31,32,33,34,35,36,28,29,30,31,32,33,34,35,36,28,29,30,31,32,33,34,35,36,28,29,30,31,32,33,34,35,36,28,29,30,31,32,33,34,35,36],"idx_entry":[1,2,3,4,5,6,7,8,9,3,4,3,4,7,8,7,8,9,1,2,3,4,5,6,7,8,9,5,6,7,8,5,6,7,8,9,10,11,12,13,14,15,16,17,18,12,13,12,13,16,17,16,17,18,10,11,12,13,14,15,16,17,18,14,15,16,17,14,15,16,17,18,19,20,21,22,23,24,25,26,27,21,22,21,22,25,26,25,26,27,19,20,21,22,23,24,25,26,27,23,24,25,26,23,24,25,26,27,28,29,30,31,32,33,34,35,36,30,31,30,31,34,35,34,35,36,28,29,30,31,32,33,34,35,36,32,33,34,35,32,33,34,35,36],"idx_exit":[1,2,10,4,5,6,14,8,11,1,2,1,2,5,6,5,6,2,1,2,3,4,1,6,3,8,11,1,2,3,4,1,2,3,4,2,10,11,1,13,14,15,5,17,2,10,11,10,11,14,15,14,15,11,10,11,12,13,10,15,12,17,2,10,11,12,13,10,11,12,13,11,19,20,19,22,23,24,23,26,29,19,20,19,20,23,24,23,24,20,19,20,21,22,28,24,30,26,29,19,20,21,22,19,20,21,22,20,28,29,28,31,32,33,32,35,20,28,29,28,29,32,33,32,33,29,28,29,30,31,19,33,21,35,20,28,29,30,31,28,29,30,31,29],"idx_merger":[2,2,4,4,6,6,8,8,9,1,2,3,4,5,6,17,9,9,1,2,3,4,6,6,8,8,9,1,2,13,4,5,6,17,8,9,11,11,13,13,15,15,17,17,18,10,11,12,13,14,15,8,18,18,10,11,12,13,15,15,17,17,18,10,11,4,13,14,15,8,17,18,20,20,22,22,24,24,26,26,27,19,20,21,22,23,24,35,27,27,19,20,21,22,33,24,35,26,27,19,20,22,22,23,24,26,26,27,29,29,31,31,33,33,35,35,36,28,29,30,31,32,33,26,36,36,28,29,30,31,24,33,26,35,36,28,29,31,31,32,33,35,35,36]}