{"policy":"nolearning","smax":[5,1],"alpha":0.2,"beta":0.95,"gamma":1.0,"sigma":1.0,"v0":1.0,"accuracy":1.0e-8,"cost_entry":[0,10],"value_exit":[0,1],"cost_merger":[0,10],"entry":true,"exit":true,"mergers":true,"filename":"nolearning_a2s10v10","verbose":true,"firms":[1,2,3,4],"rival":[2,1,4,3],"partner":[3,4,1,2],"merger_pairs":[1,2,1,2,3,4,4,3],"outcomes":[1,0,1,0,1,0,0,0,0,0,1,0,1,0,1,0,0,0,1,0,0,1,0,0,1,0,0,0,1,1,0,0,0,0,1,0,0,0,0,0,1,1,1,1,2],"ownership":[0,3,0,3,0,0,4,4,0,1,0,1,0,0,2,2],"S":[1,1,1,1,1,1,1,1,1,0,0,1,1,0,0,1,1,1,1,1,1,1,1,1,1,1,1,0,0,0,0,1,1,1,1,1,0,1,0,1,0,1,0,1,3],"ms":9,"scale":[1.3195079107728942,1.3195079107728942,1.3195079107728942,1.3195079107728942,1.3195079107728942,1.3195079107728942,1.3195079107728942,1.3195079107728942,1.3195079107728942,0.0,0.0,1.3195079107728942,1.3195079107728942,0.0,0.0,1.3195079107728942,1.3195079107728942,1.3195079107728942,1.0,1.0,1.0,1.0,1.0,1.0,1.0,1.0,1.0,0.0,0.0,0.0,0.0,1.0,1.0,1.0,1.0,1.0],"D":[0.40836573054826775,0.5383113158120612,0.3169173629616538,0.3980996423326005,0.4083657305388825,0.4694157780260362,0.3169173629335018,0.3409370682933377,0.3973383320117266,0.0,0.0,0.31691735517995967,0.32538280904973876,0.0,0.0,0.31691735522400044,0.33895952307930777,0.39733832789836243,0.36189625589155217,0.5383113158120612,0.3618962558850126,0.4885119383962732,0.2862537422220503,0.4694157780260362,0.2862537422165726,0.41604538979947303,0.3973383320117266,0.0,0.0,0.0,0.0,0.2862537502159594,0.2266850709561946,0.28625375020475263,0.24501191585833554,0.39733832789836243],"Q":[0.14778602891983655,0.5383113158120612,0.1146912070807741,0.3980996423326005,0.11689621856199651,0.4694157780260362,0.09071878111312262,0.3409370682933377,0.3973383320117266,0.0,0.0,0.0,0.0,0.0,0.0,0.09071878143784187,0.11070498848663514,0.39733832789836243,0.0,0.0,0.0,0.0,0.11689622182643504,0.0,0.09071878364471554,0.0,0.0,0.0,0.0,0.11469120426460815,0.09041229606367275,0.0,0.0,0.090718778906249,0.07510832150613535,0.0,0.2605797016284312,0.0,0.2022261558808797,0.0,0.1745732901504509,0.0,0.13547979817566363,0.0,0.0,0.0,0.0,0.20222615091535154,0.23497051298606603,0.0,0.0,0.13547979487990955,0.15314621308653725,0.0,0.2141102269717156,0.0,0.13251384453963042,0.0,0.1693575236600538,0.0,0.10481618219720103,0.0,0.0,0.0,0.0,0.0,0.0,0.16935752838952436,0.2266850709561946,0.10481618512219519,0.1343069273717004,0.0,0.3775240424800166,0.46168868418793874,0.23365143731875607,0.2765175486176607,0.25291921741153944,0.3038991510177692,0.15653291452310156,0.18579648125565423,0.2053233400899111],"P":[0.37072548460435883,-0.23652706865343465,0.1444437660128281,-1.319507798714044,0.37072548464320504,0.06520701026456775,0.14444376605826664,-1.3195077697771653,-0.48985502246479773,-0.0,-0.0,0.1444437905671603,0.16281425630382784,-0.0,-0.0,0.14444379038480204,0.19325878170956684,-0.48985501728864955,0.5671432936287054,0.08298084211945955,0.5671432936570239,0.9550797530643409,0.40105813400464735,-0.5,0.40105813406281154,0.7124617478408413,-0.17034711169190353,-0.0,-0.0,-0.0,-0.0,0.40105810607869286,0.2931342046943321,0.4010581061568714,0.3245242043341594,-0.17034710651575535],"PI":[0.690233395300311,0.5829808421205803,0.4639517049102225,4.461058818444357e-8,0.6902333953003112,0.6500070320030614,0.4639517048834096,4.807067044283802e-8,0.32965289478905035,0.0,0.0,0.46395170129989227,0.48232215064012,0.0,0.0,0.4639517013065733,0.5127666766141168,0.329652893433068,0.5671432904097838,0.5829808421205803,0.5671432904097837,0.9550797998887683,0.4010581339294731,0.2347078890130181,0.4010581339384483,0.7124618153971297,0.32965289478905035,0.0,0.0,0.0,0.0,0.40105813713549526,0.29313421894701697,0.40105813714217287,0.3245242129046499,0.329652893433068],"CS":[0.9741210236323105,1.0605465312359699,1.4539248582656819,1.5731630655138233,1.3746851400099411,1.4787414451387344,1.854488974673788,1.9707854635776771,2.276316454254307],"V":[10.115935649526842,2.1082367614719466,9.279023077429189,2.7713860219830637e-6,10.115935649472341,2.2608966454909925,9.279023077317706,2.788334850004766e-6,6.593050594294994,0.0,0.0,9.279023005753292,10.106192036552455,0.0,0.0,9.27902300578107,10.255321160197887,6.593050567175394,8.711729056581836,14.02356272952105,8.711729056594681,15.43765517043212,8.021152957595117,12.587465176308623,8.02115295762831,14.249217963731626,6.593050151920783,0.0,0.0,0.0,0.0,8.021153021678014,6.381294068572226,8.021153021702705,6.490476656250947,6.593050124801182],"pr_entry":[0.0,0.0,0.0,0.0,0.0,0.0,0.0,0.0,0.0,0.23197556064337124,0.25,0.0,0.0,0.23197556064406571,0.25,0.0,0.0,0.0,0.0,0.0,0.0,0.0,0.0,0.0,0.0,0.0,0.0,0.20052881275097567,0.1595323417118819,0.200528812751593,0.16226190640384994,0.0,0.0,0.0,0.0,0.0],"pr_exit":[0.0,0.0,0.0,0.0,0.0,0.0,0.0,0.0,0.0,0.0,0.0,0.0,0.0,0.0,0.0,0.0,0.0,0.0,0.0,0.0,0.0,0.0,0.0,0.0,0.0,0.0,0.0,0.0,0.0,0.0,0.0,0.0,0.0,0.0,0.0,0.0],"pr_merger":[0.0,0.0,0.0,0.0,0.0,0.0,0.0,0.0,0.0,0.0,0.0,0.0,0.0,0.0,0.0,0.0,0.0,0.0,0.0,0.0,0.0,0.0,0.0,0.0,0.0,0.0,0.0,0.0,0.0,0.0,0.0,0.0,0.0,0.0,0.0,0.0],"active_firms":[true,true,true,true,true,true,true,true,true,false,false,true,true,false,false,true,true,true,true,true,true,true,true,true,true,true,true,false,false,false,false,true,true,true,true,true,true,true,true,true,true,true,true,true,true],"active_outcomes":[1.0,1.0,1.0,1.0,1.0,1.0,1.0,1.0,1.0,0.0,0.0,0.0,0.0,0.0,0.0,1.0,1.0,1.0,0.0,0.0,0.0,0.0,1.0,0.0,1.0,0.0,0.0,0.0,0.0,1.0,1.0,0.0,0.0,1.0,1.0,0.0,1.0,0.0,1.0,0.0,1.0,0.0,1.0,0.0,0.0,0.0,0.0,1.0,1.0,0.0,0.0,1.0,1.0,0.0,1.0,0.0,1.0,0.0,1.0,0.0,1.0,0.0,0.0,0.0,0.0,0.0,0.0,1.0,1.0,1.0,1.0,0.0,1.0,1.0,1.0,1.0,1.0,1.0,1.0,1.0,1.0],"markets":[1,2,3,4,3,4,7,8,9],"marketnames":["20","21","30","31","40","41","43"],"idx_up":[1,2,3,4,5,6,7,8,9,1,2,3,4,5,6,7,8,9,1,2,3,4,5,6,7,8,9,1,2,3,4,5,6,7,8,9,1,2,3,4,5,6,7,8,9,1,2,3,4,5,6,7,8,9,1,2,3,4,5,6,7,8,9,1,2,3,4,5,6,7,8,9,1,2,3,4,5,6,7,8,9,10,11,12,13,14,15,16,17,18,10,11,12,13,14,15,16,17,18,10,11,12,13,14,15,16,17,18,10,11,12,13,14,15,16,17,18,10,11,12,13,14,15,16,17,18,10,11,12,13,14,15,16,17,18,10,11,12,13,14,15,16,17,18,10,11,12,13,14,15,16,17,18,10,11,12,13,14,15,16,17,18,19,20,21,22,23,24,25,26,27,19,20,21,22,23,24,25,26,27,19,20,21,22,23,24,25,26,27,19,20,21,22,23,24,25,26,27,19,20,21,22,23,24,25,26,27,19,20,21,22,23,24,25,26,27,19,20,21,22,23,24,25,26,27,19,20,21,22,23,24,25,26,27,19,20,21,22,23,24,25,26,27,28,29,30,31,32,33,34,35,36,28,29,30,31,32,33,34,35,36,28,29,30,31,32,33,34,35,36,28,29,30,31,32,33,34,35,36,28,29,30,31,32,33,34,35,36,28,29,30,31,32,33,34,35,36,28,29,30,31,32,33,34,35,36,28,29,30,31,32,33,34,35,36,28,29,30,31,32,33,34,35,36],"idx_entry":[1,2,3,4,5,6,7,8,9,3,4,3,4,7,8,7,8,9,1,2,3,4,5,6,7,8,9,5,6,7,8,5,6,7,8,9,10,11,12,13,14,15,16,17,18,12,13,12,13,16,17,16,17,18,10,11,12,13,14,15,16,17,18,14,15,16,17,14,15,16,17,18,19,20,21,22,23,24,25,26,27,21,22,21,22,25,26,25,26,27,19,20,21,22,23,24,25,26,27,23,24,25,26,23,24,25,26,27,28,29,30,31,32,33,34,35,36,30,31,30,31,34,35,34,35,36,28,29,30,31,32,33,34,35,36,32,33,34,35,32,33,34,35,36],"idx_exit":[1,2,10,10,5,6,14,14,15,1,2,1,2,5,6,5,6,6,1,2,3,4,1,1,3,3,13,1,2,3,4,1,2,3,4,4,10,11,1,1,14,15,5,5,6,10,11,10,11,14,15,14,15,15,10,11,12,13,10,10,12,12,4,10,11,12,13,10,11,12,13,13,19,20,19,19,23,24,23,23,33,19,20,19,20,23,24,23,24,24,19,20,21,22,28,28,30,30,31,19,20,21,22,19,20,21,22,22,28,29,28,28,32,33,32,32,24,28,29,28,29,32,33,32,33,33,28,29,30,31,19,19,21,21,22,28,29,30,31,28,29,30,31,31],"idx_merger":[2,2,4,4,6,6,8,8,9,1,2,3,4,5,6,17,9,9,1,2,3,4,6,6,8,8,9,1,2,13,4,5,6,17,8,9,11,11,13,13,15,15,17,17,18,10,11,12,13,14,15,8,18,18,10,11,12,13,15,15,17,17,18,10,11,4,13,14,15,8,17,18,20,20,22,22,24,24,26,26,27,19,20,21,22,23,24,35,27,27,19,20,21,22,33,24,35,26,27,19,20,22,22,23,24,26,26,27,29,29,31,31,33,33,35,35,36,28,29,30,31,32,33,26,36,36,28,29,30,31,24,33,26,35,36,28,29,31,31,32,33,35,35,36]}