{"policy":"nolearning","smax":[5,1],"alpha":0.3,"beta":0.95,"gamma":1.0,"sigma":7.0,"v0":1.0,"accuracy":1.0e-8,"cost_entry":[0,10],"value_exit":[0,1],"cost_merger":[0,10],"entry":true,"exit":true,"mergers":true,"filename":"nolearning_a3s70v10","verbose":true,"firms":[1,2,3,4],"rival":[2,1,4,3],"partner":[3,4,1,2],"merger_pairs":[1,2,1,2,3,4,4,3],"outcomes":[1,0,1,0,1,0,0,0,0,0,1,0,1,0,1,0,0,0,1,0,0,1,0,0,1,0,0,0,1,1,0,0,0,0,1,0,0,0,0,0,1,1,1,1,2],"ownership":[0,3,0,3,0,0,4,4,0,1,0,1,0,0,2,2],"S":[1,1,1,1,1,1,1,1,1,0,0,1,1,0,0,1,1,1,1,1,1,1,1,1,1,1,1,0,0,0,0,1,1,1,1,1,0,1,0,1,0,1,0,1,3],"ms":9,"scale":[1.515716566510398,1.515716566510398,1.515716566510398,1.515716566510398,1.515716566510398,1.515716566510398,1.515716566510398,1.515716566510398,1.515716566510398,0.0,0.0,1.515716566510398,1.515716566510398,0.0,0.0,1.515716566510398,1.515716566510398,1.515716566510398,1.0,1.0,1.0,1.0,1.0,1.0,1.0,1.0,1.0,0.0,0.0,0.0,0.0,1.0,1.0,1.0,1.0,1.0],"D":[0.883503896521276,0.9332126553248384,0.49995444303762915,0.8457040591621584,0.8835038965186512,0.8955578943087007,0.49995444303555503,0.6258198281426571,0.49999995656761015,0.0,0.0,0.4999544463669441,0.15428352515156205,0.0,0.0,0.4999544463690148,0.3741345611548937,0.4999999603275906,0.8180714760119091,0.9332126553248384,0.8180714760179826,0.8457040591621584,0.49833226030040445,0.8955578943087007,0.49833226029426025,0.6258198281426571,0.49999995656761015,0.0,0.0,0.0,0.0,0.4983322541452504,0.10415210924596241,0.49833225415159654,0.3725083629970436,0.4999999603275906],"Q":[0.7227693366894332,0.9332126553248384,0.4089984691575417,0.8457040591621584,0.4402784937363542,0.8955578943087007,0.24914342764206615,0.6258198281426571,0.49999995656761015,0.0,0.0,0.0,0.0,0.0,0.0,0.24914342623218466,0.37246295607978197,0.4999999603275906,0.0,0.0,0.0,0.0,0.4402784882982516,0.0,0.24914342457101415,0.0,0.0,0.0,0.0,0.4089984718811593,0.0,0.0,0.0,0.2491434293032367,0.0,0.0,0.1607345598318428,0.0,0.09095597388008744,0.0,0.0029469144840455447,0.0,0.0016675908224747073,0.0,0.0,0.0,0.0,0.0909559744857848,0.15428352515156205,0.0,0.0,0.0016675908335934144,0.0016716050751117235,0.0,0.09530213932247586,0.0,7.453497928170059e-5,0.0,0.05805376656405028,0.0,4.5403348957412e-5,0.0,0.0,0.0,0.0,0.0,0.0,0.05805376584699881,0.10415210924596241,4.540334839775029e-5,4.540691726164609e-5,0.0,0.021193964156248173,0.06678734467516158,1.6575616145125158e-5,1.2415686279651452e-5,0.00038857107029952693,0.000289996445336894,3.0389807488629495e-7,2.0378518749522934e-7,8.31047992691279e-8],"P":[-0.2894339823088858,-0.44622396108701246,-1.2300283080531247,-1.0527842882429275,-0.289433982305243,-0.8318106749128938,-1.230028308047479,-1.324823043012056,-1.3728594344259244,-0.0,-0.0,-1.2300283090044442,-1.3467980807736146,-0.0,-0.0,-1.2300283089999826,-1.2874612012940403,-1.3728594349630645,-0.21476226102474952,0.06949260542338553,-0.21476226103057924,-0.5370677217325295,-0.715235540233482,-0.31609410840249585,-0.715235540240375,-0.809106476501658,-0.8571428679155264,-0.0,-0.0,-0.0,-0.0,-0.7152355384689811,-0.8405341475770284,-0.7152355384794548,-0.7723361854916457,-0.8571428684526665],"PI":[1.0834254413782158,0.9980640341574373,0.1428311141393963,0.3915037068479857,1.0834254413782156,0.6124773201843753,0.14283111414162636,0.11946495206927867,0.07142855983761014,0.0,0.0,0.14283111461492612,0.02606133944273479,0.0,0.0,0.14283111461774825,0.08539822089647198,0.07142856010618014,0.6423805961437374,0.9980640341574373,0.6423805961437373,0.3915037068479857,0.1419073168886725,0.6124773201843753,0.14190731688348787,0.11946495206927867,0.07142855983761014,0.0,0.0,0.0,0.0,0.14190731601521106,0.01660870488255786,0.14190731601179887,0.08480667485616963,0.07142856010618014],"CS":[0.5505769782075116,0.42770339140143643,1.5725111213461946,1.6548902763884854,1.1218620671076065,1.2047605664242351,2.14379621024834,2.2419830675464216,2.4280443663392615],"V":[12.779763735200818,13.622053786137396,2.5893262914903437,5.40247169489325,11.813906109869396,8.556691461892697,2.8566212268272384,2.389298353411989,1.4285712653819111,0.0,0.0,2.5893262972433155,1.0507332425571212,0.0,0.0,2.856621236349664,1.7079642665282275,1.4285712707533078,8.660917613849877,13.622053379994437,7.210485019869148,5.402471288750289,2.408142524287568,8.556691055749738,2.838144890071885,2.3892979472690272,1.4285708592389497,0.0,0.0,0.0,0.0,2.40814251687833,0.9430979752424041,2.838144872638118,1.696132948896438,1.4285708646103463],"pr_entry":[0.0,0.0,0.0,0.0,0.0,0.0,0.0,0.0,0.0,0.06473315604403967,0.026268330585211525,0.0,0.0,0.07141552951926093,0.04269910646399357,0.0,0.0,0.0,0.0,0.0,0.0,0.0,0.0,0.0,0.0,0.0,0.0,0.0602035618273966,0.023577448571888034,0.07095361991121896,0.04240332300105971,0.0,0.0,0.0,0.0,0.0],"pr_exit":[0.0,0.0,0.0,0.25,0.0,0.0,0.0,0.0,0.0,0.0,0.0,0.0,0.0,0.0,0.0,0.0,0.0,0.0,0.0,0.0,0.0,0.0,0.0,0.25,0.0,0.0,0.0,0.0,0.0,0.0,0.0,0.0,0.01422551428111965,0.0,0.0,0.0],"pr_merger":[0.15810688846624443,0.0,0.026021559621038436,0.0,0.07778979592465354,0.0,0.0,0.0,0.0,0.0,0.0,0.0,0.0,0.0,0.0,0.0,0.0,0.0,0.0,0.0,0.0,0.0,0.07778979612778211,0.0,0.0,0.0,0.0,0.0,0.0,0.026021559470527734,0.0,0.0,0.0,0.0,0.0,0.0],"active_firms":[true,true,true,true,true,true,true,true,true,false,false,true,true,false,false,true,true,true,true,true,true,true,true,true,true,true,true,false,false,false,false,true,true,true,true,true,true,true,true,true,true,true,true,true,true],"active_outcomes":[1.0,1.0,1.0,1.0,1.0,1.0,1.0,1.0,1.0,0.0,0.0,0.0,0.0,0.0,0.0,1.0,1.0,1.0,0.0,0.0,0.0,0.0,1.0,0.0,1.0,0.0,0.0,0.0,0.0,1.0,0.0,0.0,0.0,1.0,0.0,0.0,1.0,0.0,1.0,0.0,1.0,0.0,1.0,0.0,0.0,0.0,0.0,1.0,1.0,0.0,0.0,1.0,1.0,0.0,1.0,0.0,1.0,0.0,1.0,0.0,1.0,0.0,0.0,0.0,0.0,0.0,0.0,1.0,1.0,1.0,1.0,0.0,1.0,1.0,1.0,1.0,1.0,1.0,1.0,1.0,1.0],"markets":[1,2,3,4,3,4,7,8,9],"marketnames":["20","21","30","31","40","41","43"],"idx_up":[1,2,3,4,5,6,7,8,9,1,2,3,4,5,6,7,8,9,1,2,3,4,5,6,7,8,9,1,2,3,4,5,6,7,8,9,1,2,3,4,5,6,7,8,9,1,2,3,4,5,6,7,8,9,1,2,3,4,5,6,7,8,9,1,2,3,4,5,6,7,8,9,1,2,3,4,5,6,7,8,9,10,11,12,13,14,15,16,17,18,10,11,12,13,14,15,16,17,18,10,11,12,13,14,15,16,17,18,10,11,12,13,14,15,16,17,18,10,11,12,13,14,15,16,17,18,10,11,12,13,14,15,16,17,18,10,11,12,13,14,15,16,17,18,10,11,12,13,14,15,16,17,18,10,11,12,13,14,15,16,17,18,19,20,21,22,23,24,25,26,27,19,20,21,22,23,24,25,26,27,19,20,21,22,23,24,25,26,27,19,20,21,22,23,24,25,26,27,19,20,21,22,23,24,25,26,27,19,20,21,22,23,24,25,26,27,19,20,21,22,23,24,25,26,27,19,20,21,22,23,24,25,26,27,19,20,21,22,23,24,25,26,27,28,29,30,31,32,33,34,35,36,28,29,30,31,32,33,34,35,36,28,29,30,31,32,33,34,35,36,28,29,30,31,32,33,34,35,36,28,29,30,31,32,33,34,35,36,28,29,30,31,32,33,34,35,36,28,29,30,31,32,33,34,35,36,28,29,30,31,32,33,34,35,36,28,29,30,31,32,33,34,35,36],"idx_entry":[1,2,3,4,5,6,7,8,9,3,4,3,4,7,8,7,8,9,1,2,3,4,5,6,7,8,9,5,6,7,8,5,6,7,8,9,10,11,12,13,14,15,16,17,18,12,13,12,13,16,17,16,17,18,10,11,12,13,14,15,16,17,18,14,15,16,17,14,15,16,17,18,19,20,21,22,23,24,25,26,27,21,22,21,22,25,26,25,26,27,19,20,21,22,23,24,25,26,27,23,24,25,26,23,24,25,26,27,28,29,30,31,32,33,34,35,36,30,31,30,31,34,35,34,35,36,28,29,30,31,32,33,34,35,36,32,33,34,35,32,33,34,35,36],"idx_exit":[1,2,10,4,5,6,14,10,11,1,2,1,2,5,6,5,6,2,1,2,3,4,1,6,3,10,11,1,2,3,4,1,2,3,4,2,10,11,1,13,14,15,5,1,2,10,11,10,11,14,15,14,15,11,10,11,12,13,10,15,12,1,2,10,11,12,13,10,11,12,13,11,19,20,19,22,23,24,23,28,29,19,20,19,20,23,24,23,24,20,19,20,21,22,28,24,30,28,29,19,20,21,22,19,20,21,22,20,28,29,28,31,32,33,32,19,20,28,29,28,29,32,33,32,33,29,28,29,30,31,19,33,21,19,20,28,29,30,31,28,29,30,31,29],"idx_merger":[2,2,4,4,6,6,8,8,9,1,2,3,4,5,6,17,9,9,1,2,3,4,6,6,8,8,9,1,2,13,4,5,6,17,8,9,11,11,13,13,15,15,17,17,18,10,11,12,13,14,15,8,18,18,10,11,12,13,15,15,17,17,18,10,11,4,13,14,15,8,17,18,20,20,22,22,24,24,26,26,27,19,20,21,22,23,24,35,27,27,19,20,21,22,33,24,35,26,27,19,20,22,22,23,24,26,26,27,29,29,31,31,33,33,35,35,36,28,29,30,31,32,33,26,36,36,28,29,30,31,24,33,26,35,36,28,29,31,31,32,33,35,35,36]}