{"policy":"nolearning","smax":[5,1],"alpha":0.4,"beta":0.95,"gamma":1.0,"sigma":6.0,"v0":1.0,"accuracy":1.0e-8,"cost_entry":[0,10],"value_exit":[0,1],"cost_merger":[0,10],"entry":true,"exit":true,"mergers":true,"filename":"nolearning_a4s60v10","verbose":true,"firms":[1,2,3,4],"rival":[2,1,4,3],"partner":[3,4,1,2],"merger_pairs":[1,2,1,2,3,4,4,3],"outcomes":[1,0,1,0,1,0,0,0,0,0,1,0,1,0,1,0,0,0,1,0,0,1,0,0,1,0,0,0,1,1,0,0,0,0,1,0,0,0,0,0,1,1,1,1,2],"ownership":[0,3,0,3,0,0,4,4,0,1,0,1,0,0,2,2],"S":[1,1,1,1,1,1,1,1,1,0,0,1,1,0,0,1,1,1,1,1,1,1,1,1,1,1,1,0,0,0,0,1,1,1,1,1,0,1,0,1,0,1,0,1,3],"ms":9,"scale":[1.7411011265922482,1.7411011265922482,1.7411011265922482,1.7411011265922482,1.7411011265922482,1.7411011265922482,1.7411011265922482,1.7411011265922482,1.7411011265922482,0.0,0.0,1.7411011265922482,1.7411011265922482,0.0,0.0,1.7411011265922482,1.7411011265922482,1.7411011265922482,1.0,1.0,1.0,1.0,1.0,1.0,1.0,1.0,1.0,0.0,0.0,0.0,0.0,1.0,1.0,1.0,1.0,1.0],"D":[0.8815133195234182,0.9280065048142178,0.49994636361234973,0.6791451186187804,0.8815133195194496,0.8939046585386191,0.49994636359933076,0.5568905531327826,0.49999987006782826,0.0,0.0,0.4999463571838587,0.32083397992761997,0.0,0.0,0.4999463571968818,0.443048119882454,0.4999998639282326,0.7869367222336724,0.9280065048142178,0.7869367222294505,0.8349245320218834,0.4955414316643597,0.8939046585386191,0.4955414316581253,0.6493603278394433,0.49999987006782826,0.0,0.0,0.0,0.0,0.4955414365413866,0.1052972428404785,0.49554143654734106,0.34666879494790664,0.4999998639282326],"Q":[0.6936952022710825,0.9280065048142178,0.3934261526716355,0.6791451186187804,0.4368263723858702,0.8939046585386191,0.24774413677028603,0.5568905531327826,0.49999987006782826,0.0,0.0,0.0,0.0,0.0,0.0,0.24774413604195294,0.3466081624707692,0.4999998639282326,0.0,0.0,0.0,0.0,0.4368263766850344,0.0,0.24774413921463168,0.0,0.0,0.0,0.0,0.39342614761281985,0.15577941340310314,0.0,0.0,0.24774413359760733,0.0924697747066607,0.0,0.18781811725233563,0.0,0.10652021094071423,0.0,0.007860570448545018,0.0,0.004458087614413,0.0,0.0,0.0,0.0,0.10652020957103886,0.16505456652451686,0.0,0.0,0.00445808755732152,0.003970182705024103,0.0,0.09324151996258985,0.0,8.442194499510105e-5,0.0,0.05871505927848952,0.0,5.316129023194776e-5,0.0,0.0,0.0,0.0,0.0,0.0,0.05871505985635225,0.1052972428404785,5.316129075645894e-5,6.063247713742349e-5,0.0,0.025245160513992098,0.0719934951857822,2.2857258796440656e-5,2.0901453599629858e-5,0.0010565613457086975,0.0007980986209024072,9.56622798984788e-7,6.945076260691614e-7,2.660039391196124e-7],"P":[-0.3344732597623046,-0.5835891442933654,-1.4078035469513461,-1.741101089410932,-0.33447325975597203,-0.6701870379390128,-1.4078035469534538,-1.7411010710291757,-1.5744345032235982,-0.0,-0.0,-1.407803544808286,-1.4957021162744801,-0.0,-0.0,-1.4078035448190753,-1.4418532550376368,-1.574434502200332,-0.2177597735183756,0.15751198229888286,-0.2177597735141788,0.00963918925012008,-0.6696127698318393,-0.5,-0.6696127698245131,-0.5246782860226554,-0.83333337663135,-0.0,-0.0,-0.0,-0.0,-0.6696127714721418,-0.8137183898372702,-0.669612771468915,-0.7448971353441726,-0.8333333756080838],"PI":[1.2399612002234082,1.074178648973763,0.16663091294226653,2.525150943370503e-8,1.239961200223408,0.957295092741767,0.16663091293687365,3.0942550226932564e-8,0.08333329002896868,0.0,0.0,0.16663091187108117,0.07873234115054863,0.0,0.0,0.16663091187002763,0.13258120687109667,0.08333328951733593,0.6155735598267751,1.074178648973763,0.6155735598267752,0.8429725275956103,0.1637205610411527,0.44695232926930956,0.16372056104272334,0.30865506401753456,0.08333329002896868,0.0,0.0,0.0,0.0,0.16372056183962222,0.01961493994202031,0.16372056184318856,0.08843620267799462,0.08333328951733593],"CS":[0.6131868007404377,0.48647693019018323,1.7810403032423912,1.8438956539403784,1.1421226095932682,1.236826742585253,2.3099761121053244,2.4112907944338233,2.6388169833523265],"V":[12.586181258743496,10.326820309224228,3.1306794937707267,5.018166600216126e-6,11.771466054659621,8.473444423535025,3.3326141808405265,5.080020969888156e-6,1.6666659913027906,0.0,0.0,3.1306794814530217,2.0663531747020865,0.0,0.0,3.3326141595036587,2.6516218044159467,1.6666659810701627,7.715845703012084,14.73632502897689,7.10659848330232,11.98043875711324,2.952276578735487,7.397217904801935,3.274405393198339,6.173088025467382,1.6666640924014504,0.0,0.0,0.0,0.0,2.95227658819705,1.159554838997167,3.2744054092076023,1.7687220838811486,1.6666640821688223],"pr_entry":[0.0,0.0,0.0,0.0,0.0,0.0,0.0,0.0,0.0,0.0782669818729361,0.051658825440266884,0.0,0.0,0.08331534862193767,0.06629054204065396,0.0,0.0,0.0,0.0,0.0,0.0,0.0,0.0,0.0,0.0,0.0,0.0,0.07380690821975514,0.028988867678018875,0.08186012756222141,0.04421804950534616,0.0,0.0,0.0,0.0,0.0],"pr_exit":[0.0,0.0,0.0,0.0,0.0,0.0,0.0,0.0,0.0,0.0,0.0,0.0,0.0,0.0,0.0,0.0,0.0,0.0,0.0,0.0,0.0,0.0,0.0,0.0,0.0,0.0,0.0,0.0,0.0,0.0,0.0,0.0,0.0,0.0,0.0,0.0],"pr_merger":[0.12545638484221228,0.0,0.044588738255637396,0.0,0.029507753532360147,0.0,0.0,0.0,0.0,0.0,0.0,0.0,0.0,0.0,0.0,0.0,0.0,0.0,0.0,0.0,0.0,0.0,0.02950775328218296,0.0,0.0,0.0,0.0,0.0,0.0,0.044588738582037726,0.0,0.0,0.0,0.0,0.0,0.0],"active_firms":[true,true,true,true,true,true,true,true,true,false,false,true,true,false,false,true,true,true,true,true,true,true,true,true,true,true,true,false,false,false,false,true,true,true,true,true,true,true,true,true,true,true,true,true,true],"active_outcomes":[1.0,1.0,1.0,1.0,1.0,1.0,1.0,1.0,1.0,0.0,0.0,0.0,0.0,0.0,0.0,1.0,1.0,1.0,0.0,0.0,0.0,0.0,1.0,0.0,1.0,0.0,0.0,0.0,0.0,1.0,1.0,0.0,0.0,1.0,1.0,0.0,1.0,0.0,1.0,0.0,1.0,0.0,1.0,0.0,0.0,0.0,0.0,1.0,1.0,0.0,0.0,1.0,1.0,0.0,1.0,0.0,1.0,0.0,1.0,0.0,1.0,0.0,0.0,0.0,0.0,0.0,0.0,1.0,1.0,1.0,1.0,0.0,1.0,1.0,1.0,1.0,1.0,1.0,1.0,1.0,1.0],"markets":[1,2,3,4,3,4,7,8,9],"marketnames":["20","21","30","31","40","41","43"],"idx_up":[1,2,3,4,5,6,7,8,9,1,2,3,4,5,6,7,8,9,1,2,3,4,5,6,7,8,9,1,2,3,4,5,6,7,8,9,1,2,3,4,5,6,7,8,9,1,2,3,4,5,6,7,8,9,1,2,3,4,5,6,7,8,9,1,2,3,4,5,6,7,8,9,1,2,3,4,5,6,7,8,9,10,11,12,13,14,15,16,17,18,10,11,12,13,14,15,16,17,18,10,11,12,13,14,15,16,17,18,10,11,12,13,14,15,16,17,18,10,11,12,13,14,15,16,17,18,10,11,12,13,14,15,16,17,18,10,11,12,13,14,15,16,17,18,10,11,12,13,14,15,16,17,18,10,11,12,13,14,15,16,17,18,19,20,21,22,23,24,25,26,27,19,20,21,22,23,24,25,26,27,19,20,21,22,23,24,25,26,27,19,20,21,22,23,24,25,26,27,19,20,21,22,23,24,25,26,27,19,20,21,22,23,24,25,26,27,19,20,21,22,23,24,25,26,27,19,20,21,22,23,24,25,26,27,19,20,21,22,23,24,25,26,27,28,29,30,31,32,33,34,35,36,28,29,30,31,32,33,34,35,36,28,29,30,31,32,33,34,35,36,28,29,30,31,32,33,34,35,36,28,29,30,31,32,33,34,35,36,28,29,30,31,32,33,34,35,36,28,29,30,31,32,33,34,35,36,28,29,30,31,32,33,34,35,36,28,29,30,31,32,33,34,35,36],"idx_entry":[1,2,3,4,5,6,7,8,9,3,4,3,4,7,8,7,8,9,1,2,3,4,5,6,7,8,9,5,6,7,8,5,6,7,8,9,10,11,12,13,14,15,16,17,18,12,13,12,13,16,17,16,17,18,10,11,12,13,14,15,16,17,18,14,15,16,17,14,15,16,17,18,19,20,21,22,23,24,25,26,27,21,22,21,22,25,26,25,26,27,19,20,21,22,23,24,25,26,27,23,24,25,26,23,24,25,26,27,28,29,30,31,32,33,34,35,36,30,31,30,31,34,35,34,35,36,28,29,30,31,32,33,34,35,36,32,33,34,35,32,33,34,35,36],"idx_exit":[1,2,10,10,5,6,14,14,15,1,2,1,2,5,6,5,6,6,1,2,3,4,1,1,3,3,13,1,2,3,4,1,2,3,4,4,10,11,1,1,14,15,5,5,6,10,11,10,11,14,15,14,15,15,10,11,12,13,10,10,12,12,4,10,11,12,13,10,11,12,13,13,19,20,19,19,23,24,23,23,33,19,20,19,20,23,24,23,24,24,19,20,21,22,28,28,30,30,31,19,20,21,22,19,20,21,22,22,28,29,28,28,32,33,32,32,24,28,29,28,29,32,33,32,33,33,28,29,30,31,19,19,21,21,22,28,29,30,31,28,29,30,31,31],"idx_merger":[2,2,4,4,6,6,8,8,9,1,2,3,4,5,6,17,9,9,1,2,3,4,6,6,8,8,9,1,2,13,4,5,6,17,8,9,11,11,13,13,15,15,17,17,18,10,11,12,13,14,15,8,18,18,10,11,12,13,15,15,17,17,18,10,11,4,13,14,15,8,17,18,20,20,22,22,24,24,26,26,27,19,20,21,22,23,24,35,27,27,19,20,21,22,33,24,35,26,27,19,20,22,22,23,24,26,26,27,29,29,31,31,33,33,35,35,36,28,29,30,31,32,33,26,36,36,28,29,30,31,24,33,26,35,36,28,29,31,31,32,33,35,35,36]}