{"policy":"nolearning","smax":[5,1],"alpha":0.3,"beta":0.95,"gamma":1.0,"sigma":8.0,"v0":1.0,"accuracy":1.0e-8,"cost_entry":[0,10],"value_exit":[0,1],"cost_merger":[0,10],"entry":true,"exit":true,"mergers":true,"filename":"nolearning_a3s80v10","verbose":true,"firms":[1,2,3,4],"rival":[2,1,4,3],"partner":[3,4,1,2],"merger_pairs":[1,2,1,2,3,4,4,3],"outcomes":[1,0,1,0,1,0,0,0,0,0,1,0,1,0,1,0,0,0,1,0,0,1,0,0,1,0,0,0,1,1,0,0,0,0,1,0,0,0,0,0,1,1,1,1,2],"ownership":[0,3,0,3,0,0,4,4,0,1,0,1,0,0,2,2],"S":[1,1,1,1,1,1,1,1,1,0,0,1,1,0,0,1,1,1,1,1,1,1,1,1,1,1,1,0,0,0,0,1,1,1,1,1,0,1,0,1,0,1,0,1,3],"ms":9,"scale":[1.515716566510398,1.515716566510398,1.515716566510398,1.515716566510398,1.515716566510398,1.515716566510398,1.515716566510398,1.515716566510398,1.515716566510398,0.0,0.0,1.515716566510398,1.515716566510398,0.0,0.0,1.515716566510398,1.515716566510398,1.515716566510398,1.0,1.0,1.0,1.0,1.0,1.0,1.0,1.0,1.0,0.0,0.0,0.0,0.0,1.0,1.0,1.0,1.0,1.0],"D":[0.8993526387412724,0.9423051555278288,0.4999899891494127,0.8633009950656326,0.8993526387421659,0.9085068641807548,0.49998998914548176,0.6261645322408651,0.49999999372259224,0.0,0.0,0.49998999407280503,0.13669664619253097,0.0,0.0,0.4999899940767361,0.3738254655034227,0.49999999956212376,0.8419516643581203,0.9423051555278288,0.8419516643590181,0.8633009950656326,0.49938259914353994,0.9085068641807548,0.49938259914300653,0.6261645322408651,0.49999999372259224,0.0,0.0,0.0,0.0,0.49938260456673694,0.09140096838410713,0.4993826045672698,0.37321815866720415,0.49999999956212376],"Q":[0.7572114510330815,0.9423051555278288,0.42096740352719547,0.8633009950656326,0.44912105828166393,0.9085068641807548,0.24968630032495429,0.6261645322408651,0.49999999372259224,0.0,0.0,0.0,0.0,0.0,0.0,0.2496863054996143,0.3732081729280719,0.49999999956212376,0.0,0.0,0.0,0.0,0.44912106315903044,0.0,0.24968630303703163,0.0,0.0,0.0,0.0,0.4209674076724539,0.0,0.0,0.0,0.2496863027875369,0.0,0.0,0.1421411877081908,0.0,0.0790225856222172,0.0,0.001110517301471453,0.0,0.0006173857834958235,0.0,0.0,0.0,0.0,0.07902258640035116,0.13669664619253097,0.0,0.0,0.0006173857895849181,0.0006172925753508059,0.0,0.08474021332503877,0.0,1.6853159368743638e-5,0.0,0.05026154086187602,0.0,9.996030515336676e-6,0.0,0.0,0.0,0.0,0.0,0.0,0.0502615414077065,0.09140096838410713,9.99603062391295e-6,9.985739132261511e-6,0.0,0.015907147933688918,0.05769484447217124,3.163618413356273e-6,2.358741836384233e-6,0.00012427898825158817,9.216743513805714e-5,2.4716642937668226e-8,1.6516579948861508e-8,6.715283997330596e-9],"P":[-0.27375653493544266,-0.4324308674715551,-1.2657215680643168,-1.0585076788896284,-0.27375653493667657,-0.8326052115173932,-1.2657215680627885,-1.3485307209935198,-1.3907165658661524,-0.0,-0.0,-1.2657215692951895,-1.3709238914547608,-0.0,-0.0,-1.2657215692956267,-1.3160917073647218,-1.3907165665960939,-0.2091027123522018,0.08328569903884286,-0.20910271235304534,-0.5427911123792304,-0.7503083156039452,-0.3168886450069952,-0.7503083156037472,-0.8328141544831218,-0.8749999993557545,-0.0,-0.0,-0.0,-0.0,-0.7503083169614206,-0.8624255602867004,-0.7503083169614896,-0.800568568199987,-0.8750000000856959],"PI":[1.11696003160813,1.0207856991138695,0.12499499656046358,0.3947088876358614,1.1169600316081298,0.6206113550109612,0.12499499656024501,0.10468584675536957,0.062499999537446796,0.0,0.0,0.12499499717586299,0.01979267307335054,0.0,0.0,0.12499499717662714,0.07462485589618759,0.06249999990241752,0.6658972876713867,1.0207856991138695,0.6658972876713866,0.3947088876358614,0.12469168233823033,0.6206113550109612,0.124691682338196,0.10468584675536957,0.062499999537446796,0.0,0.0,0.0,0.0,0.12469168301445789,0.012574437014696552,0.1246916830145565,0.07443143175676495,0.06249999990241752],"CS":[0.5176233393997333,0.3925336915601025,1.5829742647421778,1.6556330342142247,1.124122701793915,1.1974482200389287,2.1894736271339297,2.275822898453161,2.439003361931245],"V":[14.895531172705677,15.899848301305791,2.298080306175659,8.473787373970454,14.976313325757285,11.1329508039204,2.4998975310840037,2.0937183173238734,1.249999970259578,0.0,0.0,2.2980803100092384,0.8500948770804714,0.0,0.0,2.499897543411582,1.4924969914953206,1.2499999775589925,10.392696449206968,15.899848301305791,10.171801269495576,8.473787373970454,2.322364005586694,11.1329508039204,2.493831250734827,2.0937183173238734,1.249999970259578,0.0,0.0,0.0,0.0,2.3223640094554994,0.7647044362933725,2.493831264261966,1.4886285064712304,1.2499999775589925],"pr_entry":[0.0,0.0,0.0,0.0,0.0,0.0,0.0,0.0,0.0,0.05745200781020197,0.021252371687602866,0.0,0.0,0.06249743542723565,0.037312424621029815,0.0,0.0,0.0,0.0,0.0,0.0,0.0,0.0,0.0,0.0,0.0,0.0,0.058059099993199435,0.01911761065735277,0.062345778453879216,0.03721571249248594,0.0,0.0,0.0,0.0,0.0],"pr_exit":[0.0,0.0,0.0,0.25,0.0,0.0,0.0,0.25,0.0,0.0,0.0,0.0,0.03747628312397136,0.0,0.0,0.0,0.0,0.0,0.0,0.0,0.0,0.0,0.0,0.25,0.0,0.25,0.0,0.0,0.0,0.0,0.0,0.0,0.05882389342647232,0.0,0.0,0.0],"pr_merger":[0.18091048306673935,0.0,0.12512026016417438,0.0,0.14003976114829603,0.0,0.0,0.0,0.0,0.0,0.0,0.0,0.0,0.0,0.0,0.0,0.0,0.0,0.0,0.0,0.0,0.0,0.1400397610364854,0.0,0.0,0.0,0.0,0.0,0.0,0.12512026005509574,0.0,0.0,0.0,0.0,0.0,0.0],"active_firms":[true,true,true,true,true,true,true,true,true,false,false,true,true,false,false,true,true,true,true,true,true,true,true,true,true,true,true,false,false,false,false,true,true,true,true,true,true,true,true,true,true,true,true,true,true],"active_outcomes":[1.0,1.0,1.0,1.0,1.0,1.0,1.0,1.0,1.0,0.0,0.0,0.0,0.0,0.0,0.0,1.0,1.0,1.0,0.0,0.0,0.0,0.0,1.0,0.0,1.0,0.0,0.0,0.0,0.0,1.0,0.0,0.0,0.0,1.0,0.0,0.0,1.0,0.0,1.0,0.0,1.0,0.0,1.0,0.0,0.0,0.0,0.0,1.0,1.0,0.0,0.0,1.0,1.0,0.0,1.0,0.0,1.0,0.0,1.0,0.0,1.0,0.0,0.0,0.0,0.0,0.0,0.0,1.0,1.0,1.0,1.0,0.0,1.0,1.0,1.0,1.0,1.0,1.0,1.0,1.0,1.0],"markets":[1,2,3,4,3,4,7,8,9],"marketnames":["20","21","30","31","40","41","43"],"idx_up":[1,2,3,4,5,6,7,8,9,1,2,3,4,5,6,7,8,9,1,2,3,4,5,6,7,8,9,1,2,3,4,5,6,7,8,9,1,2,3,4,5,6,7,8,9,1,2,3,4,5,6,7,8,9,1,2,3,4,5,6,7,8,9,1,2,3,4,5,6,7,8,9,1,2,3,4,5,6,7,8,9,10,11,12,13,14,15,16,17,18,10,11,12,13,14,15,16,17,18,10,11,12,13,14,15,16,17,18,10,11,12,13,14,15,16,17,18,10,11,12,13,14,15,16,17,18,10,11,12,13,14,15,16,17,18,10,11,12,13,14,15,16,17,18,10,11,12,13,14,15,16,17,18,10,11,12,13,14,15,16,17,18,19,20,21,22,23,24,25,26,27,19,20,21,22,23,24,25,26,27,19,20,21,22,23,24,25,26,27,19,20,21,22,23,24,25,26,27,19,20,21,22,23,24,25,26,27,19,20,21,22,23,24,25,26,27,19,20,21,22,23,24,25,26,27,19,20,21,22,23,24,25,26,27,19,20,21,22,23,24,25,26,27,28,29,30,31,32,33,34,35,36,28,29,30,31,32,33,34,35,36,28,29,30,31,32,33,34,35,36,28,29,30,31,32,33,34,35,36,28,29,30,31,32,33,34,35,36,28,29,30,31,32,33,34,35,36,28,29,30,31,32,33,34,35,36,28,29,30,31,32,33,34,35,36,28,29,30,31,32,33,34,35,36],"idx_entry":[1,2,3,4,5,6,7,8,9,3,4,3,4,7,8,7,8,9,1,2,3,4,5,6,7,8,9,5,6,7,8,5,6,7,8,9,10,11,12,13,14,15,16,17,18,12,13,12,13,16,17,16,17,18,10,11,12,13,14,15,16,17,18,14,15,16,17,14,15,16,17,18,19,20,21,22,23,24,25,26,27,21,22,21,22,25,26,25,26,27,19,20,21,22,23,24,25,26,27,23,24,25,26,23,24,25,26,27,28,29,30,31,32,33,34,35,36,30,31,30,31,34,35,34,35,36,28,29,30,31,32,33,34,35,36,32,33,34,35,32,33,34,35,36],"idx_exit":[1,2,10,4,5,6,14,8,11,1,2,1,2,5,6,5,6,2,1,2,3,4,1,6,3,8,11,1,2,3,4,1,2,3,4,2,10,11,1,13,14,15,5,17,2,10,11,10,11,14,15,14,15,11,10,11,12,13,10,15,12,17,2,10,11,12,13,10,11,12,13,11,19,20,19,22,23,24,23,26,29,19,20,19,20,23,24,23,24,20,19,20,21,22,28,24,30,26,29,19,20,21,22,19,20,21,22,20,28,29,28,31,32,33,32,35,20,28,29,28,29,32,33,32,33,29,28,29,30,31,19,33,21,35,20,28,29,30,31,28,29,30,31,29],"idx_merger":[2,2,4,4,6,6,8,8,9,1,2,3,4,5,6,17,9,9,1,2,3,4,6,6,8,8,9,1,2,13,4,5,6,17,8,9,11,11,13,13,15,15,17,17,18,10,11,12,13,14,15,8,18,18,10,11,12,13,15,15,17,17,18,10,11,4,13,14,15,8,17,18,20,20,22,22,24,24,26,26,27,19,20,21,22,23,24,35,27,27,19,20,21,22,33,24,35,26,27,19,20,22,22,23,24,26,26,27,29,29,31,31,33,33,35,35,36,28,29,30,31,32,33,26,36,36,28,29,30,31,24,33,26,35,36,28,29,31,31,32,33,35,35,36]}