{"policy":"nolearning","smax":[5,1],"alpha":0.9,"beta":0.95,"gamma":1.0,"sigma":2.0,"v0":1.0,"accuracy":1.0e-8,"cost_entry":[0,10],"value_exit":[0,1],"cost_merger":[0,10],"entry":true,"exit":true,"mergers":true,"filename":"nolearning_a9s20v10","verbose":true,"firms":[1,2,3,4],"rival":[2,1,4,3],"partner":[3,4,1,2],"merger_pairs":[1,2,1,2,3,4,4,3],"outcomes":[1,0,1,0,1,0,0,0,0,0,1,0,1,0,1,0,0,0,1,0,0,1,0,0,1,0,0,0,1,1,0,0,0,0,1,0,0,0,0,0,1,1,1,1,2],"ownership":[0,3,0,3,0,0,4,4,0,1,0,1,0,0,2,2],"S":[1,1,1,1,1,1,1,1,1,0,0,1,1,0,0,1,1,1,1,1,1,1,1,1,1,1,1,0,0,0,0,1,1,1,1,1,0,1,0,1,0,1,0,1,3],"ms":9,"scale":[3.4822022531844965,3.4822022531844965,3.4822022531844965,3.4822022531844965,3.4822022531844965,3.4822022531844965,3.4822022531844965,3.4822022531844965,3.4822022531844965,0.0,0.0,3.4822022531844965,3.4822022531844965,0.0,0.0,3.4822022531844965,3.4822022531844965,3.4822022531844965,1.0,1.0,1.0,1.0,1.0,1.0,1.0,1.0,1.0,0.0,0.0,0.0,0.0,1.0,1.0,1.0,1.0,1.0],"D":[0.8171031163658162,0.860105401728175,0.49827244491259426,0.6536271358680946,0.8171031163823456,0.8364121852806272,0.49827244493224987,0.5766841522446741,0.49976410465767585,0.0,0.0,0.4982724389448339,0.34487326962150333,0.0,0.0,0.49827243892506523,0.42107745277254394,0.49976410068980065,0.5000000000051422,0.860105401728175,0.5000000000037602,0.6536271358680946,0.37458639061405274,0.8364121852806272,0.37458639059110876,0.5766841522446741,0.49976410465767585,0.0,0.0,0.0,0.0,0.37458639352248635,0.11527766048664997,0.3745863935377597,0.2752655576540647,0.49976410068980065],"Q":[0.4085515581871099,0.860105401728175,0.2491362224581707,0.6536271358680946,0.3060757071251571,0.8364121852806272,0.18664607667817845,0.5766841522446741,0.49976410465767585,0.0,0.0,0.0,0.0,0.0,0.0,0.18664607589620377,0.2738100179041292,0.49976410068980065,0.0,0.0,0.0,0.0,0.30607570950164725,0.0,0.18664607814641349,0.0,0.0,0.0,0.0,0.24913621947429052,0.0,0.0,0.0,0.18664607442796893,0.0,0.0,0.40855155817870636,0.0,0.24913622245442357,0.0,0.20495169975554128,0.0,0.12498029010765796,0.0,0.0,0.0,0.0,0.2491362194705434,0.34487326962150333,0.0,0.0,0.12498028860089253,0.14726743486841476,0.0,0.09144844181803233,0.0,0.0017275580712989348,0.0,0.06851068348889566,0.0,0.0012942394849613816,0.0,0.0,0.0,0.0,0.0,0.0,0.0685106840208391,0.11527766048664997,0.0012942394951424023,0.0014555397499355057,0.0,0.0914484418161513,0.139894598271825,0.0017275580712729519,0.0014995945104020383,0.04587551610791973,0.048310154232722745,0.0008666371625810369,0.0007828552328464065,0.00047179465252337343],"P":[-0.7484213918491394,-1.6951425446704809,-2.4856454665600114,-2.7604367053585612,-0.748421391904441,-1.9539710678542228,-2.4856454665633922,-2.8916266786094216,-2.9824380372633374,-0.0,-0.0,-2.4856454605715603,-2.71899113497618,-0.0,-0.0,-2.48564546053538,-2.6185288532983897,-2.9824380352784634,-1.0284696278376635e-11,0.7870597085140156,-7.52008462098859e-12,-0.27823445217406473,-0.2005290699141888,0.5282311853302737,-0.20052906986827268,-0.4094244254249251,-0.500235784078841,-0.0,-0.0,-0.0,-0.0,-0.20052907379638216,-0.43485094308930256,-0.20052907380147852,-0.31009214094104787,-0.5002357820939669],"PI":[2.233780861258346,1.5370597085036826,0.4965567865656207,0.47176554779373236,2.2337808612583463,1.2782311853360975,0.49655678658352403,0.34057557456023835,0.24976421590978343,0.0,0.0,0.4965567836022888,0.2632111137479858,0.0,0.0,0.49655678360061584,0.3636733952514446,0.2497642149187502,0.4999999999999999,1.5370597085036826,0.5000000000000001,0.47176554779373236,0.2994709301017037,1.2782311853360975,0.29947093010056025,0.34057557456023835,0.24976421590978343,0.0,0.0,0.0,0.0,0.299470930972695,0.0651490611069018,0.2994709309829966,0.18990787155378433,0.2497642149187502],"CS":[1.1959899714664175,1.1272740409300679,3.1805231935499605,3.395121303134581,1.540911861180905,1.6588977901548059,3.5254450831890094,3.7201224196635096,4.176056952908569],"V":[16.067549733076596,12.705866580178515,9.931117422535628,7.747196831052822,16.00824826071498,11.021058151003189,9.931117422628745,6.811502039027598,4.995280022433762,0.0,0.0,9.931117362979458,6.556923466673842,0.0,0.0,9.931117362970754,7.2734571413202325,4.995280002613156,7.09018941115332,12.705859533006336,7.03247808179609,7.747189783880641,5.983532231738352,11.02105110383101,5.989404436649807,6.8114949918554135,4.995272975261583,0.0,0.0,0.0,0.0,5.983532245980874,3.2380512941078083,5.989404454298487,3.7981494868812975,4.9952729554409805],"pr_entry":[0.0,0.0,0.0,0.0,0.0,0.0,0.0,0.0,0.0,0.24827790998364235,0.16392307053208954,0.0,0.0,0.2482779099834247,0.18183641437023132,0.0,0.0,0.0,0.0,0.0,0.0,0.0,0.0,0.0,0.0,0.0,0.0,0.14958828414619046,0.08095127080919114,0.14973509271882873,0.09495372671914508,0.0,0.0,0.0,0.0,0.0],"pr_exit":[0.0,0.0,0.0,0.25,0.0,0.0,0.0,0.25,0.0,0.0,0.0,0.0,0.0,0.0,0.0,0.0,0.0,0.0,0.0,0.0,0.0,0.0,0.0,0.25,0.0,0.25,0.0,0.0,0.0,0.0,0.0,0.0,0.0,0.0,0.0,0.0],"pr_merger":[0.05169537464860663,0.0,0.0,0.0,0.0006696881123206655,0.0,0.0,0.0,0.0,0.0,0.0,0.0,0.0,0.0,0.0,0.0,0.0,0.0,0.0,0.0,0.0,0.0,0.0006696877351158647,0.0,0.0,0.0,0.0,0.0,0.0,0.0,0.0,0.0,0.0,0.0,0.0,0.0],"active_firms":[true,true,true,true,true,true,true,true,true,false,false,true,true,false,false,true,true,true,true,true,true,true,true,true,true,true,true,false,false,false,false,true,true,true,true,true,true,true,true,true,true,true,true,true,true],"active_outcomes":[1.0,1.0,1.0,1.0,1.0,1.0,1.0,1.0,1.0,0.0,0.0,0.0,0.0,0.0,0.0,1.0,1.0,1.0,0.0,0.0,0.0,0.0,1.0,0.0,1.0,0.0,0.0,0.0,0.0,1.0,0.0,0.0,0.0,1.0,0.0,0.0,1.0,0.0,1.0,0.0,1.0,0.0,1.0,0.0,0.0,0.0,0.0,1.0,1.0,0.0,0.0,1.0,1.0,0.0,1.0,0.0,1.0,0.0,1.0,0.0,1.0,0.0,0.0,0.0,0.0,0.0,0.0,1.0,1.0,1.0,1.0,0.0,1.0,1.0,1.0,1.0,1.0,1.0,1.0,1.0,1.0],"markets":[1,2,3,4,3,4,7,8,9],"marketnames":["20","21","30","31","40","41","43"],"idx_up":[1,2,3,4,5,6,7,8,9,1,2,3,4,5,6,7,8,9,1,2,3,4,5,6,7,8,9,1,2,3,4,5,6,7,8,9,1,2,3,4,5,6,7,8,9,1,2,3,4,5,6,7,8,9,1,2,3,4,5,6,7,8,9,1,2,3,4,5,6,7,8,9,1,2,3,4,5,6,7,8,9,10,11,12,13,14,15,16,17,18,10,11,12,13,14,15,16,17,18,10,11,12,13,14,15,16,17,18,10,11,12,13,14,15,16,17,18,10,11,12,13,14,15,16,17,18,10,11,12,13,14,15,16,17,18,10,11,12,13,14,15,16,17,18,10,11,12,13,14,15,16,17,18,10,11,12,13,14,15,16,17,18,19,20,21,22,23,24,25,26,27,19,20,21,22,23,24,25,26,27,19,20,21,22,23,24,25,26,27,19,20,21,22,23,24,25,26,27,19,20,21,22,23,24,25,26,27,19,20,21,22,23,24,25,26,27,19,20,21,22,23,24,25,26,27,19,20,21,22,23,24,25,26,27,19,20,21,22,23,24,25,26,27,28,29,30,31,32,33,34,35,36,28,29,30,31,32,33,34,35,36,28,29,30,31,32,33,34,35,36,28,29,30,31,32,33,34,35,36,28,29,30,31,32,33,34,35,36,28,29,30,31,32,33,34,35,36,28,29,30,31,32,33,34,35,36,28,29,30,31,32,33,34,35,36,28,29,30,31,32,33,34,35,36],"idx_entry":[1,2,3,4,5,6,7,8,9,3,4,3,4,7,8,7,8,9,1,2,3,4,5,6,7,8,9,5,6,7,8,5,6,7,8,9,10,11,12,13,14,15,16,17,18,12,13,12,13,16,17,16,17,18,10,11,12,13,14,15,16,17,18,14,15,16,17,14,15,16,17,18,19,20,21,22,23,24,25,26,27,21,22,21,22,25,26,25,26,27,19,20,21,22,23,24,25,26,27,23,24,25,26,23,24,25,26,27,28,29,30,31,32,33,34,35,36,30,31,30,31,34,35,34,35,36,28,29,30,31,32,33,34,35,36,32,33,34,35,32,33,34,35,36],"idx_exit":[1,2,10,4,5,6,14,8,11,1,2,1,2,5,6,5,6,2,1,2,3,4,1,6,3,8,11,1,2,3,4,1,2,3,4,2,10,11,1,13,14,15,5,17,2,10,11,10,11,14,15,14,15,11,10,11,12,13,10,15,12,17,2,10,11,12,13,10,11,12,13,11,19,20,19,22,23,24,23,26,29,19,20,19,20,23,24,23,24,20,19,20,21,22,28,24,30,26,29,19,20,21,22,19,20,21,22,20,28,29,28,31,32,33,32,35,20,28,29,28,29,32,33,32,33,29,28,29,30,31,19,33,21,35,20,28,29,30,31,28,29,30,31,29],"idx_merger":[2,2,4,4,6,6,8,8,9,1,2,3,4,5,6,17,9,9,1,2,3,4,6,6,8,8,9,1,2,13,4,5,6,17,8,9,11,11,13,13,15,15,17,17,18,10,11,12,13,14,15,8,18,18,10,11,12,13,15,15,17,17,18,10,11,4,13,14,15,8,17,18,20,20,22,22,24,24,26,26,27,19,20,21,22,23,24,35,27,27,19,20,21,22,33,24,35,26,27,19,20,22,22,23,24,26,26,27,29,29,31,31,33,33,35,35,36,28,29,30,31,32,33,26,36,36,28,29,30,31,24,33,26,35,36,28,29,31,31,32,33,35,35,36]}