{"policy":"nolearning","smax":[5,1],"alpha":0.1,"beta":0.95,"gamma":1.0,"sigma":7.0,"v0":1.0,"accuracy":1.0e-8,"cost_entry":[0,10],"value_exit":[0,1],"cost_merger":[0,10],"entry":true,"exit":true,"mergers":true,"filename":"nolearning_a1s70v10","verbose":true,"firms":[1,2,3,4],"rival":[2,1,4,3],"partner":[3,4,1,2],"merger_pairs":[1,2,1,2,3,4,4,3],"outcomes":[1,0,1,0,1,0,0,0,0,0,1,0,1,0,1,0,0,0,1,0,0,1,0,0,1,0,0,0,1,1,0,0,0,0,1,0,0,0,0,0,1,1,1,1,2],"ownership":[0,3,0,3,0,0,4,4,0,1,0,1,0,0,2,2],"S":[1,1,1,1,1,1,1,1,1,0,0,1,1,0,0,1,1,1,1,1,1,1,1,1,1,1,1,0,0,0,0,1,1,1,1,1,0,1,0,1,0,1,0,1,3],"ms":9,"scale":[1.148698354997035,1.148698354997035,1.148698354997035,1.148698354997035,1.148698354997035,1.148698354997035,1.148698354997035,1.148698354997035,1.148698354997035,0.0,0.0,1.148698354997035,1.148698354997035,0.0,0.0,1.148698354997035,1.148698354997035,1.148698354997035,1.0,1.0,1.0,1.0,1.0,1.0,1.0,1.0,1.0,0.0,0.0,0.0,0.0,1.0,1.0,1.0,1.0,1.0],"D":[0.8428073835055597,0.9205762139571663,0.4994072468944218,0.6917040131849196,0.8428073835067167,0.8638906158519837,0.4994072468755012,0.5571693833195985,0.4999994598899013,0.0,0.0,0.4994072523873444,0.3080977557078971,0.0,0.0,0.49940725240625533,0.44215500505547445,0.4999994552276358,0.8180714760159646,0.9205762139571663,0.8180714760161649,0.8547231376908335,0.4983322602857948,0.8638906158519837,0.49833226030492606,0.6499517921631379,0.4999994598899013,0.0,0.0,0.0,0.0,0.4983322541600754,0.13571578029846446,0.4983322541407892,0.34857279474537645,0.4999994552276358],"Q":[0.6894766802215464,0.9205762139571663,0.40855082360008893,0.6917040131849196,0.41999810840845886,0.8638906158519837,0.2488707421481286,0.5571693833195985,0.4999994598899013,0.0,0.0,0.0,0.0,0.0,0.0,0.24887074182586716,0.3479000307460446,0.4999994552276358,0.0,0.0,0.0,0.0,0.41999810324565734,0.0,0.2488707390697142,0.0,0.0,0.0,0.0,0.40855082809369225,0.1630191245059139,0.0,0.0,0.24887074490428202,0.09278240884353942,0.0,0.15333070328401333,0.0,0.09085642329433287,0.0,0.0028111718526005356,0.0,0.0016657656576583918,0.0,0.0,0.0,0.0,0.09085642429365218,0.14507863120198322,0.0,0.0,0.0016657656761061436,0.0014725654658904789,0.0,0.12859479579441827,0.0,0.0009698243223837379,0.0,0.07833415187733594,0.0,0.0005907732525154431,0.0,0.0,0.0,0.0,0.0,0.0,0.07833415091441809,0.13571578029846446,0.0005907732452078545,0.0006727639993318505,0.0,0.028597820700022068,0.07942378604283369,0.00021567639585004923,0.0001982311071833569,0.0005243137015292022,0.00039360384955182274,3.9542205202957975e-6,2.847625595163049e-6,1.0848824628722753e-6],"P":[-0.23989521893568497,-0.24936359876904568,-0.8633223795101006,-1.148698316551637,-0.2398952189369327,-0.5991223560360913,-0.8633223795035064,-1.1486982974398239,-1.0058413664420267,-0.0,-0.0,-0.8633223810813697,-0.9422282286482538,-0.0,-0.0,-0.8633223810855977,-0.8926108358587164,-1.005841365775988,-0.2147622610286423,-0.10066524377201058,-0.21476226102883458,-0.016655948941744873,-0.7152355402385165,-0.5,-0.7152355402373584,-0.591892995340516,-0.8571430114449916,-0.0,-0.0,-0.0,-0.0,-0.7152355384824536,-0.834710454527232,-0.7152355384702823,-0.7807012965671206,-0.8571430107789529],"PI":[0.7659459932255137,0.8279061849684536,0.14251883024773995,2.6592836222260346e-8,0.7659459932255136,0.47477354819983886,0.14251883024563364,3.2069115880687354e-8,0.07142841711900201,0.0,0.0,0.1425188310305849,0.06361298254878546,0.0,0.0,0.14251883103387017,0.11323037831924723,0.07142841678598383,0.6423805961437373,0.8279061849684536,0.6423805961437373,0.8404869127501271,0.1419073168820033,0.43194530792599184,0.14190731688802838,0.2652498790727617,0.07142841711900201,0.0,0.0,0.0,0.0,0.14190731601271897,0.02243239963901523,0.14190731601329226,0.07644156193963625,0.07142841678598377],"CS":[0.5077749661942246,0.4029484936736826,1.2059616344308366,1.2591084389117753,1.0790600551046277,1.1611210978457687,1.7772467233322065,1.865243872554398,2.0610265837928283],"V":[8.909734963213822,8.217565777782077,2.662405473642657,3.5212070456303732e-6,8.192277573841633,4.5746215408299,2.850372244753184,3.584656250657221e-6,1.4285676252775286,0.0,0.0,2.662405482293877,1.689728237421805,0.0,0.0,2.8503722605178745,2.2646047071240134,1.4285676186171812,7.954608069221305,12.918772664407168,7.466505658660859,11.969790900802904,2.6425360436526866,6.91115849762379,2.8381416279329668,5.304986550888176,1.428567244272163,0.0,0.0,0.0,0.0,2.642536032392759,1.0084316829410158,2.8381416104382877,1.5288298837841947,1.4285672376118164],"pr_entry":[0.0,0.0,0.0,0.0,0.0,0.0,0.0,0.0,0.0,0.0665601316204409,0.04224320150321696,0.0,0.0,0.07125930077589485,0.05661511391591491,0.0,0.0,0.0,0.0,0.0,0.0,0.0,0.0,0.0,0.0,0.0,0.0,0.06606339475871278,0.025210789426073237,0.07095353406381569,0.03822074531169891,0.0,0.0,0.0,0.0,0.0],"pr_exit":[0.0,0.0,0.0,0.0,0.0,0.0,0.0,0.0,0.0,0.0,0.0,0.0,0.0,0.0,0.0,0.0,0.0,0.0,0.0,0.0,0.0,0.0,0.0,0.0,0.0,0.0,0.0,0.0,0.0,0.0,0.0,0.0,0.0,0.0,0.0,0.0],"pr_merger":[0.11220289270181312,0.0,0.047530284112660005,0.0,0.016694051182079294,0.0,0.0,0.0,0.0,0.0,0.0,0.0,0.0,0.0,0.0,0.0,0.0,0.0,0.0,0.0,0.0,0.0,0.016694051474684522,0.0,0.0,0.0,0.0,0.0,0.0,0.04753028388376136,0.0,0.0,0.0,0.0,0.0,0.0],"active_firms":[true,true,true,true,true,true,true,true,true,false,false,true,true,false,false,true,true,true,true,true,true,true,true,true,true,true,true,false,false,false,false,true,true,true,true,true,true,true,true,true,true,true,true,true,true],"active_outcomes":[1.0,1.0,1.0,1.0,1.0,1.0,1.0,1.0,1.0,0.0,0.0,0.0,0.0,0.0,0.0,1.0,1.0,1.0,0.0,0.0,0.0,0.0,1.0,0.0,1.0,0.0,0.0,0.0,0.0,1.0,1.0,0.0,0.0,1.0,1.0,0.0,1.0,0.0,1.0,0.0,1.0,0.0,1.0,0.0,0.0,0.0,0.0,1.0,1.0,0.0,0.0,1.0,1.0,0.0,1.0,0.0,1.0,0.0,1.0,0.0,1.0,0.0,0.0,0.0,0.0,0.0,0.0,1.0,1.0,1.0,1.0,0.0,1.0,1.0,1.0,1.0,1.0,1.0,1.0,1.0,1.0],"markets":[1,2,3,4,3,4,7,8,9],"marketnames":["20","21","30","31","40","41","43"],"idx_up":[1,2,3,4,5,6,7,8,9,1,2,3,4,5,6,7,8,9,1,2,3,4,5,6,7,8,9,1,2,3,4,5,6,7,8,9,1,2,3,4,5,6,7,8,9,1,2,3,4,5,6,7,8,9,1,2,3,4,5,6,7,8,9,1,2,3,4,5,6,7,8,9,1,2,3,4,5,6,7,8,9,10,11,12,13,14,15,16,17,18,10,11,12,13,14,15,16,17,18,10,11,12,13,14,15,16,17,18,10,11,12,13,14,15,16,17,18,10,11,12,13,14,15,16,17,18,10,11,12,13,14,15,16,17,18,10,11,12,13,14,15,16,17,18,10,11,12,13,14,15,16,17,18,10,11,12,13,14,15,16,17,18,19,20,21,22,23,24,25,26,27,19,20,21,22,23,24,25,26,27,19,20,21,22,23,24,25,26,27,19,20,21,22,23,24,25,26,27,19,20,21,22,23,24,25,26,27,19,20,21,22,23,24,25,26,27,19,20,21,22,23,24,25,26,27,19,20,21,22,23,24,25,26,27,19,20,21,22,23,24,25,26,27,28,29,30,31,32,33,34,35,36,28,29,30,31,32,33,34,35,36,28,29,30,31,32,33,34,35,36,28,29,30,31,32,33,34,35,36,28,29,30,31,32,33,34,35,36,28,29,30,31,32,33,34,35,36,28,29,30,31,32,33,34,35,36,28,29,30,31,32,33,34,35,36,28,29,30,31,32,33,34,35,36],"idx_entry":[1,2,3,4,5,6,7,8,9,3,4,3,4,7,8,7,8,9,1,2,3,4,5,6,7,8,9,5,6,7,8,5,6,7,8,9,10,11,12,13,14,15,16,17,18,12,13,12,13,16,17,16,17,18,10,11,12,13,14,15,16,17,18,14,15,16,17,14,15,16,17,18,19,20,21,22,23,24,25,26,27,21,22,21,22,25,26,25,26,27,19,20,21,22,23,24,25,26,27,23,24,25,26,23,24,25,26,27,28,29,30,31,32,33,34,35,36,30,31,30,31,34,35,34,35,36,28,29,30,31,32,33,34,35,36,32,33,34,35,32,33,34,35,36],"idx_exit":[1,2,10,10,5,6,14,14,15,1,2,1,2,5,6,5,6,6,1,2,3,4,1,1,3,3,13,1,2,3,4,1,2,3,4,4,10,11,1,1,14,15,5,5,6,10,11,10,11,14,15,14,15,15,10,11,12,13,10,10,12,12,4,10,11,12,13,10,11,12,13,13,19,20,19,19,23,24,23,23,33,19,20,19,20,23,24,23,24,24,19,20,21,22,28,28,30,30,31,19,20,21,22,19,20,21,22,22,28,29,28,28,32,33,32,32,24,28,29,28,29,32,33,32,33,33,28,29,30,31,19,19,21,21,22,28,29,30,31,28,29,30,31,31],"idx_merger":[2,2,4,4,6,6,8,8,9,1,2,3,4,5,6,17,9,9,1,2,3,4,6,6,8,8,9,1,2,13,4,5,6,17,8,9,11,11,13,13,15,15,17,17,18,10,11,12,13,14,15,8,18,18,10,11,12,13,15,15,17,17,18,10,11,4,13,14,15,8,17,18,20,20,22,22,24,24,26,26,27,19,20,21,22,23,24,35,27,27,19,20,21,22,33,24,35,26,27,19,20,22,22,23,24,26,26,27,29,29,31,31,33,33,35,35,36,28,29,30,31,32,33,26,36,36,28,29,30,31,24,33,26,35,36,28,29,31,31,32,33,35,35,36]}