{"policy":"nolearning","smax":[5,1],"alpha":0.4,"beta":0.95,"gamma":1.0,"sigma":6.0,"v0":1.0,"accuracy":1.0e-8,"cost_entry":[0,10],"value_exit":[0,1],"cost_merger":[0,10],"entry":true,"exit":true,"mergers":true,"filename":"nolearning_a4s60v10","verbose":true,"firms":[1,2,3,4],"rival":[2,1,4,3],"partner":[3,4,1,2],"merger_pairs":[1,2,1,2,3,4,4,3],"outcomes":[1,0,1,0,1,0,0,0,0,0,1,0,1,0,1,0,0,0,1,0,0,1,0,0,1,0,0,0,1,1,0,0,0,0,1,0,0,0,0,0,1,1,1,1,2],"ownership":[0,3,0,3,0,0,4,4,0,1,0,1,0,0,2,2],"S":[1,1,1,1,1,1,1,1,1,0,0,1,1,0,0,1,1,1,1,1,1,1,1,1,1,1,1,0,0,0,0,1,1,1,1,1,0,1,0,1,0,1,0,1,3],"ms":9,"scale":[1.7411011265922482,1.7411011265922482,1.7411011265922482,1.7411011265922482,1.7411011265922482,1.7411011265922482,1.7411011265922482,1.7411011265922482,1.7411011265922482,0.0,0.0,1.7411011265922482,1.7411011265922482,0.0,0.0,1.7411011265922482,1.7411011265922482,1.7411011265922482,1.0,1.0,1.0,1.0,1.0,1.0,1.0,1.0,1.0,0.0,0.0,0.0,0.0,1.0,1.0,1.0,1.0,1.0],"D":[0.8815133195234182,0.9280065048142178,0.49994636361234973,0.8237035033211786,0.8815133195194496,0.8939046585386191,0.49994636359933076,0.6249224732374854,0.49999987006782826,0.0,0.0,0.4999463571838587,0.17627925686237342,0.0,0.0,0.4999463571968818,0.37502356920463986,0.4999998639282326,0.7869367222336724,0.9280065048142178,0.7869367222294505,0.8237035033211786,0.4955414316643597,0.8939046585386191,0.4955414316581253,0.6249224732374854,0.49999987006782826,0.0,0.0,0.0,0.0,0.4955414365413866,0.1052972428404785,0.49554143654734106,0.3705786553492075,0.4999998639282326],"Q":[0.6936952022710825,0.9280065048142178,0.3934261526716355,0.8237035033211786,0.4368263723858702,0.8939046585386191,0.24774413677028603,0.6249224732374854,0.49999987006782826,0.0,0.0,0.0,0.0,0.0,0.0,0.24774413604195294,0.3705253449858388,0.4999998639282326,0.0,0.0,0.0,0.0,0.4368263766850344,0.0,0.24774413921463168,0.0,0.0,0.0,0.0,0.39342614761281985,0.0,0.0,0.0,0.24774413359760733,0.0,0.0,0.18781811725233563,0.0,0.10652021094071423,0.0,0.007860570448545018,0.0,0.004458087614413,0.0,0.0,0.0,0.0,0.10652020957103886,0.17627925686237342,0.0,0.0,0.00445808755732152,0.004498224218801081,0.0,0.09324151996258985,0.0,8.442194499510105e-5,0.0,0.05871505927848952,0.0,5.316129023194776e-5,0.0,0.0,0.0,0.0,0.0,0.0,0.05871505985635225,0.1052972428404785,5.316129075645894e-5,5.331036336872467e-5,0.0,0.025245160513992098,0.0719934951857822,2.2857258796440656e-5,1.7239816447935442e-5,0.0010565613457086975,0.0007980986209024072,9.56622798984788e-7,6.471945060261617e-7,2.660039391196124e-7],"P":[-0.3344732597623046,-0.5835891442933654,-1.4078035469513461,-1.2684125882765216,-0.33447325975597203,-0.9556440822656305,-1.4078035469534538,-1.5189248366555563,-1.5744345032235982,-0.0,-0.0,-1.407803544808286,-1.5387671808289212,-0.0,-0.0,-1.4078035448190753,-1.4744243969901056,-1.574434502200332,-0.2177597735183756,0.15751198229888286,-0.2177597735141788,-0.5273114616842733,-0.6696127698318393,-0.21454295567338222,-0.6696127698245131,-0.7778237100633081,-0.83333337663135,-0.0,-0.0,-0.0,-0.0,-0.6696127714721418,-0.8137183898372702,-0.669612771468915,-0.7352065248442847,-0.8333333756080838],"PI":[1.2399612002234082,1.074178648973763,0.16663091294226653,0.3893552049904312,1.239961200223408,0.7021237110055383,0.16663091293687365,0.13884295660196616,0.08333329002896868,0.0,0.0,0.16663091187108117,0.035667277597191065,0.0,0.0,0.16663091187002763,0.10001005895921616,0.08333328951733593,0.6155735598267751,1.074178648973763,0.6155735598267752,0.3893552049904312,0.1637205610411527,0.7021237110055383,0.16372056104272334,0.13884295660196616,0.08333329002896868,0.0,0.0,0.0,0.0,0.16372056183962222,0.01961493994202031,0.16372056184318856,0.09812680996844875,0.08333328951733593],"CS":[0.6131868007404377,0.48647693019018323,1.7810403032423912,1.8759951686847802,1.1421226095932682,1.236826742585253,2.3099761121053244,2.423050172087445,2.6388169833523265],"V":[13.193433193837066,13.55135588198437,3.1042557614459305,5.369879962448138,12.122847402568699,8.553813243374746,3.3326110894402112,2.7768544662667227,1.666666135887719,0.0,0.0,3.1042557478475503,1.3341947622137937,0.0,0.0,3.3326110681033874,2.0002000120179395,1.6666661256551105,8.107783811383749,13.551352543550768,6.868647776107875,5.3698766240145375,2.817783967240382,8.553809904941147,3.2744009753284855,2.7768511278331216,1.6666627974541177,0.0,0.0,0.0,0.0,2.8177839751817984,1.1573209040965011,3.274400991337717,1.9625318634381876,1.6666627872215094],"pr_entry":[0.0,0.0,0.0,0.0,0.0,0.0,0.0,0.0,0.0,0.07760638235225532,0.033354865583489574,0.0,0.0,0.08331526726929894,0.05000499876470325,0.0,0.0,0.0,0.0,0.0,0.0,0.0,0.0,0.0,0.0,0.0,0.0,0.07044458888727262,0.028933016279051538,0.08186001130248759,0.04906329088078261,0.0,0.0,0.0,0.0,0.0],"pr_exit":[0.0,0.0,0.0,0.25,0.0,0.0,0.0,0.0,0.0,0.0,0.0,0.0,0.0,0.0,0.0,0.0,0.0,0.0,0.0,0.0,0.0,0.0,0.0,0.25,0.0,0.0,0.0,0.0,0.0,0.0,0.0,0.0,0.0,0.0,0.0,0.0],"pr_merger":[0.15734345144646333,0.0,0.01969851309975589,0.0,0.05708889053636024,0.0,0.0,0.0,0.0,0.0,0.0,0.0,0.0,0.0,0.0,0.0,0.0,0.0,0.0,0.0,0.0,0.0,0.05708889032102058,0.0,0.0,0.0,0.0,0.0,0.0,0.019698513455552034,0.0,0.0,0.0,0.0,0.0,0.0],"active_firms":[true,true,true,true,true,true,true,true,true,false,false,true,true,false,false,true,true,true,true,true,true,true,true,true,true,true,true,false,false,false,false,true,true,true,true,true,true,true,true,true,true,true,true,true,true],"active_outcomes":[1.0,1.0,1.0,1.0,1.0,1.0,1.0,1.0,1.0,0.0,0.0,0.0,0.0,0.0,0.0,1.0,1.0,1.0,0.0,0.0,0.0,0.0,1.0,0.0,1.0,0.0,0.0,0.0,0.0,1.0,0.0,0.0,0.0,1.0,0.0,0.0,1.0,0.0,1.0,0.0,1.0,0.0,1.0,0.0,0.0,0.0,0.0,1.0,1.0,0.0,0.0,1.0,1.0,0.0,1.0,0.0,1.0,0.0,1.0,0.0,1.0,0.0,0.0,0.0,0.0,0.0,0.0,1.0,1.0,1.0,1.0,0.0,1.0,1.0,1.0,1.0,1.0,1.0,1.0,1.0,1.0],"markets":[1,2,3,4,3,4,7,8,9],"marketnames":["20","21","30","31","40","41","43"],"idx_up":[1,2,3,4,5,6,7,8,9,1,2,3,4,5,6,7,8,9,1,2,3,4,5,6,7,8,9,1,2,3,4,5,6,7,8,9,1,2,3,4,5,6,7,8,9,1,2,3,4,5,6,7,8,9,1,2,3,4,5,6,7,8,9,1,2,3,4,5,6,7,8,9,1,2,3,4,5,6,7,8,9,10,11,12,13,14,15,16,17,18,10,11,12,13,14,15,16,17,18,10,11,12,13,14,15,16,17,18,10,11,12,13,14,15,16,17,18,10,11,12,13,14,15,16,17,18,10,11,12,13,14,15,16,17,18,10,11,12,13,14,15,16,17,18,10,11,12,13,14,15,16,17,18,10,11,12,13,14,15,16,17,18,19,20,21,22,23,24,25,26,27,19,20,21,22,23,24,25,26,27,19,20,21,22,23,24,25,26,27,19,20,21,22,23,24,25,26,27,19,20,21,22,23,24,25,26,27,19,20,21,22,23,24,25,26,27,19,20,21,22,23,24,25,26,27,19,20,21,22,23,24,25,26,27,19,20,21,22,23,24,25,26,27,28,29,30,31,32,33,34,35,36,28,29,30,31,32,33,34,35,36,28,29,30,31,32,33,34,35,36,28,29,30,31,32,33,34,35,36,28,29,30,31,32,33,34,35,36,28,29,30,31,32,33,34,35,36,28,29,30,31,32,33,34,35,36,28,29,30,31,32,33,34,35,36,28,29,30,31,32,33,34,35,36],"idx_entry":[1,2,3,4,5,6,7,8,9,3,4,3,4,7,8,7,8,9,1,2,3,4,5,6,7,8,9,5,6,7,8,5,6,7,8,9,10,11,12,13,14,15,16,17,18,12,13,12,13,16,17,16,17,18,10,11,12,13,14,15,16,17,18,14,15,16,17,14,15,16,17,18,19,20,21,22,23,24,25,26,27,21,22,21,22,25,26,25,26,27,19,20,21,22,23,24,25,26,27,23,24,25,26,23,24,25,26,27,28,29,30,31,32,33,34,35,36,30,31,30,31,34,35,34,35,36,28,29,30,31,32,33,34,35,36,32,33,34,35,32,33,34,35,36],"idx_exit":[1,2,10,4,5,6,14,10,11,1,2,1,2,5,6,5,6,2,1,2,3,4,1,6,3,10,11,1,2,3,4,1,2,3,4,2,10,11,1,13,14,15,5,1,2,10,11,10,11,14,15,14,15,11,10,11,12,13,10,15,12,1,2,10,11,12,13,10,11,12,13,11,19,20,19,22,23,24,23,28,29,19,20,19,20,23,24,23,24,20,19,20,21,22,28,24,30,28,29,19,20,21,22,19,20,21,22,20,28,29,28,31,32,33,32,19,20,28,29,28,29,32,33,32,33,29,28,29,30,31,19,33,21,19,20,28,29,30,31,28,29,30,31,29],"idx_merger":[2,2,4,4,6,6,8,8,9,1,2,3,4,5,6,17,9,9,1,2,3,4,6,6,8,8,9,1,2,13,4,5,6,17,8,9,11,11,13,13,15,15,17,17,18,10,11,12,13,14,15,8,18,18,10,11,12,13,15,15,17,17,18,10,11,4,13,14,15,8,17,18,20,20,22,22,24,24,26,26,27,19,20,21,22,23,24,35,27,27,19,20,21,22,33,24,35,26,27,19,20,22,22,23,24,26,26,27,29,29,31,31,33,33,35,35,36,28,29,30,31,32,33,26,36,36,28,29,30,31,24,33,26,35,36,28,29,31,31,32,33,35,35,36]}