{"policy":"nolearning","smax":[5,1],"alpha":0.0,"beta":0.95,"gamma":1.0,"sigma":5.0,"v0":1.0,"accuracy":1.0e-8,"cost_entry":[0,10],"value_exit":[0,1],"cost_merger":[0,10],"entry":true,"exit":true,"mergers":true,"filename":"nolearning_a0s50v10","verbose":true,"firms":[1,2,3,4],"rival":[2,1,4,3],"partner":[3,4,1,2],"merger_pairs":[1,2,1,2,3,4,4,3],"outcomes":[1,0,1,0,1,0,0,0,0,0,1,0,1,0,1,0,0,0,1,0,0,1,0,0,1,0,0,0,1,1,0,0,0,0,1,0,0,0,0,0,1,1,1,1,2],"ownership":[0,3,0,3,0,0,4,4,0,1,0,1,0,0,2,2],"S":[1,1,1,1,1,1,1,1,1,0,0,1,1,0,0,1,1,1,1,1,1,1,1,1,1,1,1,0,0,0,0,1,1,1,1,1,0,1,0,1,0,1,0,1,3],"ms":9,"scale":[1.0,1.0,1.0,1.0,1.0,1.0,1.0,1.0,1.0,0.0,0.0,1.0,1.0,0.0,0.0,1.0,1.0,1.0,1.0,1.0,1.0,1.0,1.0,1.0,1.0,1.0,1.0,0.0,0.0,0.0,0.0,1.0,1.0,1.0,1.0,1.0],"D":[0.7453054096179098,0.8757354681813484,0.4883822330530332,0.7948028827388778,0.7453054096134807,0.7948028827466512,0.4883822330663231,0.618638371464837,0.49991617931885857,0.0,0.0,0.48838223681024795,0.20047877771096098,0.0,0.0,0.48838223679654374,0.3692189549793104,0.4999161736950138,0.7453054096145437,0.8757354681813484,0.7453054096167819,0.7948028827388778,0.48838223304534634,0.7948028827466512,0.4883822330665136,0.618638371464837,0.49991617931885857,0.0,0.0,0.0,0.0,0.4883822368174706,0.20047877770280131,0.4883822367935777,0.3692189544103714,0.4999161736950138],"Q":[0.5554801536032116,0.8757354681813484,0.3639939202551495,0.7948028827388778,0.36399392024780824,0.7948028827466512,0.23851720557494135,0.618638371464837,0.49991617931885857,0.0,0.0,0.0,0.0,0.0,0.0,0.23851720921694666,0.35746290739730646,0.4999161736950138,0.0,0.0,0.0,0.0,0.36399392305919287,0.0,0.2385172073951733,0.0,0.0,0.0,0.0,0.363993923055422,0.0,0.0,0.0,0.23851720739671492,0.0,0.0,0.18982525601469824,0.0,0.1243883127978837,0.0,0.017317566306479598,0.0,0.0113478200962085,0.0,0.0,0.0,0.0,0.12438831375482592,0.20047877771096098,0.0,0.0,0.01134782018288215,0.011756047582003921,0.0,0.18982525601133218,0.0,0.01731756630621036,0.0,0.12438831279753806,0.0,0.011347820094857368,0.0,0.0,0.0,0.0,0.0,0.0,0.12438831375827773,0.20047877770280131,0.011347820181457679,0.011756047013064916,0.0,0.06486933437075804,0.12426453181865153,0.00591796383050854,0.004718339550161219,0.005917963830703466,0.004718339550547416,0.0005398898608181159,0.0003866265427877164,0.00016764698612768358],"P":[-0.2147457875171762,-0.19526514539454176,-0.6090831570276826,-0.5126637190185488,-0.21474578751250964,-0.5126637190113418,-0.6090831570295592,-0.7377816945439937,-0.8000335226406619,-0.0,-0.0,-0.6090831585663194,-0.749850289366328,-0.0,-0.0,-0.6090831585571416,-0.6829327707201142,-0.8000335215157044,-0.21474578751362972,-0.19526514539454176,-0.2147457875159878,-0.5126637190185488,-0.6090831570205392,-0.5126637190113418,-0.6090831570057461,-0.7377816945439937,-0.8000335226406619,-0.0,-0.0,-0.0,-0.0,-0.6090831585652818,-0.7498502893418179,-0.6090831585320359,-0.6829327610410274,-0.8000335215157044],"PI":[0.5852542124887001,0.7047348546597603,0.1909168407088623,0.38733628098730116,0.5852542124887002,0.3873362809968176,0.19091684071314108,0.16221830545557295,0.09996647735333136,0.0,0.0,0.19091684142617793,0.05014970823258914,0.0,0.0,0.19091684142530302,0.11706723105290485,0.09996647679113536,0.5852542124887001,0.7047348546597603,0.5852542124887002,0.38733628098730116,0.19091684070934611,0.3873362809968176,0.1909168407248454,0.16221830545557295,0.09996647735333136,0.0,0.0,0.0,0.0,0.19091684142950813,0.05014970823546177,0.19091684143640472,0.11706723444621524,0.09996647679113536],"CS":[0.5470760545563274,0.4746049474018198,1.0259525673597962,1.1287960807898458,1.0259525673532086,1.1287960807734758,1.5048290801313704,1.62914668180411,1.8773594485884353],"V":[6.954445254169383,8.700839116974167,3.6818956005699723,5.376019994475364,6.6375802365746015,5.376020027099808,3.8183227469562437,3.2443549066937907,1.9993245590626947,0.0,0.0,3.6818956103535125,1.7076890721751248,0.0,0.0,3.818322761199411,2.34133792593709,1.9993245478188342,6.954445250277397,8.700839116974167,6.637580230573439,5.376019994475364,3.681895580285872,5.376020027099808,3.8183227471903316,3.2443549066937907,1.9993245590626947,0.0,0.0,0.0,0.0,3.681895590078684,1.7076890982655857,3.818322761421443,2.3413379938029606,1.9993245478188342],"pr_entry":[0.0,0.0,0.0,0.0,0.0,0.0,0.0,0.0,0.0,0.0920473664148248,0.04269221561082639,0.0,0.0,0.09545805052037126,0.05853343933905749,0.0,0.0,0.0,0.0,0.0,0.0,0.0,0.0,0.0,0.0,0.0,0.0,0.09204736590795484,0.04269221626308736,0.09545805052592207,0.05853344103570383,0.0,0.0,0.0,0.0,0.0],"pr_exit":[0.0,0.0,0.0,0.25,0.0,0.0,0.0,0.0,0.0,0.0,0.0,0.0,0.0,0.0,0.0,0.0,0.0,0.0,0.0,0.0,0.0,0.0,0.0,0.25,0.0,0.0,0.0,0.0,0.0,0.0,0.0,0.0,0.0,0.0,0.0,0.0],"pr_merger":[0.08964513700944295,0.0,0.010977876865445223,0.0,0.010977878904635141,0.0,0.0,0.0,0.0,0.0,0.0,0.0,0.0,0.0,0.0,0.0,0.0,0.0,0.0,0.0,0.0,0.0,0.01097787864922315,0.0,0.0,0.0,0.0,0.0,0.0,0.010977876610214099,0.0,0.0,0.0,0.0,0.0,0.0],"active_firms":[true,true,true,true,true,true,true,true,true,false,false,true,true,false,false,true,true,true,true,true,true,true,true,true,true,true,true,false,false,false,false,true,true,true,true,true,true,true,true,true,true,true,true,true,true],"active_outcomes":[1.0,1.0,1.0,1.0,1.0,1.0,1.0,1.0,1.0,0.0,0.0,0.0,0.0,0.0,0.0,1.0,1.0,1.0,0.0,0.0,0.0,0.0,1.0,0.0,1.0,0.0,0.0,0.0,0.0,1.0,0.0,0.0,0.0,1.0,0.0,0.0,1.0,0.0,1.0,0.0,1.0,0.0,1.0,0.0,0.0,0.0,0.0,1.0,1.0,0.0,0.0,1.0,1.0,0.0,1.0,0.0,1.0,0.0,1.0,0.0,1.0,0.0,0.0,0.0,0.0,0.0,0.0,1.0,1.0,1.0,1.0,0.0,1.0,1.0,1.0,1.0,1.0,1.0,1.0,1.0,1.0],"markets":[1,2,3,4,3,4,7,8,9],"marketnames":["20","21","30","31","40","41","43"],"idx_up":[1,2,3,4,5,6,7,8,9,1,2,3,4,5,6,7,8,9,1,2,3,4,5,6,7,8,9,1,2,3,4,5,6,7,8,9,1,2,3,4,5,6,7,8,9,1,2,3,4,5,6,7,8,9,1,2,3,4,5,6,7,8,9,1,2,3,4,5,6,7,8,9,1,2,3,4,5,6,7,8,9,10,11,12,13,14,15,16,17,18,10,11,12,13,14,15,16,17,18,10,11,12,13,14,15,16,17,18,10,11,12,13,14,15,16,17,18,10,11,12,13,14,15,16,17,18,10,11,12,13,14,15,16,17,18,10,11,12,13,14,15,16,17,18,10,11,12,13,14,15,16,17,18,10,11,12,13,14,15,16,17,18,19,20,21,22,23,24,25,26,27,19,20,21,22,23,24,25,26,27,19,20,21,22,23,24,25,26,27,19,20,21,22,23,24,25,26,27,19,20,21,22,23,24,25,26,27,19,20,21,22,23,24,25,26,27,19,20,21,22,23,24,25,26,27,19,20,21,22,23,24,25,26,27,19,20,21,22,23,24,25,26,27,28,29,30,31,32,33,34,35,36,28,29,30,31,32,33,34,35,36,28,29,30,31,32,33,34,35,36,28,29,30,31,32,33,34,35,36,28,29,30,31,32,33,34,35,36,28,29,30,31,32,33,34,35,36,28,29,30,31,32,33,34,35,36,28,29,30,31,32,33,34,35,36,28,29,30,31,32,33,34,35,36],"idx_entry":[1,2,3,4,5,6,7,8,9,3,4,3,4,7,8,7,8,9,1,2,3,4,5,6,7,8,9,5,6,7,8,5,6,7,8,9,10,11,12,13,14,15,16,17,18,12,13,12,13,16,17,16,17,18,10,11,12,13,14,15,16,17,18,14,15,16,17,14,15,16,17,18,19,20,21,22,23,24,25,26,27,21,22,21,22,25,26,25,26,27,19,20,21,22,23,24,25,26,27,23,24,25,26,23,24,25,26,27,28,29,30,31,32,33,34,35,36,30,31,30,31,34,35,34,35,36,28,29,30,31,32,33,34,35,36,32,33,34,35,32,33,34,35,36],"idx_exit":[1,2,10,4,5,6,14,10,11,1,2,1,2,5,6,5,6,2,1,2,3,4,1,6,3,10,11,1,2,3,4,1,2,3,4,2,10,11,1,13,14,15,5,1,2,10,11,10,11,14,15,14,15,11,10,11,12,13,10,15,12,1,2,10,11,12,13,10,11,12,13,11,19,20,19,22,23,24,23,28,29,19,20,19,20,23,24,23,24,20,19,20,21,22,28,24,30,28,29,19,20,21,22,19,20,21,22,20,28,29,28,31,32,33,32,19,20,28,29,28,29,32,33,32,33,29,28,29,30,31,19,33,21,19,20,28,29,30,31,28,29,30,31,29],"idx_merger":[2,2,4,4,6,6,8,8,9,1,2,3,4,5,6,17,9,9,1,2,3,4,6,6,8,8,9,1,2,13,4,5,6,17,8,9,11,11,13,13,15,15,17,17,18,10,11,12,13,14,15,8,18,18,10,11,12,13,15,15,17,17,18,10,11,4,13,14,15,8,17,18,20,20,22,22,24,24,26,26,27,19,20,21,22,23,24,35,27,27,19,20,21,22,33,24,35,26,27,19,20,22,22,23,24,26,26,27,29,29,31,31,33,33,35,35,36,28,29,30,31,32,33,26,36,36,28,29,30,31,24,33,26,35,36,28,29,31,31,32,33,35,35,36]}