{"policy":"nolearning","smax":[5,1],"alpha":0.4,"beta":0.95,"gamma":1.0,"sigma":6.0,"v0":1.0,"accuracy":1.0e-8,"cost_entry":[0,10],"value_exit":[0,1],"cost_merger":[0,10],"entry":true,"exit":true,"mergers":true,"filename":"nolearning_a4s60v10","verbose":true,"firms":[1,2,3,4],"rival":[2,1,4,3],"partner":[3,4,1,2],"merger_pairs":[1,2,1,2,3,4,4,3],"outcomes":[1,0,1,0,1,0,0,0,0,0,1,0,1,0,1,0,0,0,1,0,0,1,0,0,1,0,0,0,1,1,0,0,0,0,1,0,0,0,0,0,1,1,1,1,2],"ownership":[0,3,0,3,0,0,4,4,0,1,0,1,0,0,2,2],"S":[1,1,1,1,1,1,1,1,1,0,0,1,1,0,0,1,1,1,1,1,1,1,1,1,1,1,1,0,0,0,0,1,1,1,1,1,0,1,0,1,0,1,0,1,3],"ms":9,"scale":[1.7411011265922482,1.7411011265922482,1.7411011265922482,1.7411011265922482,1.7411011265922482,1.7411011265922482,1.7411011265922482,1.7411011265922482,1.7411011265922482,0.0,0.0,1.7411011265922482,1.7411011265922482,0.0,0.0,1.7411011265922482,1.7411011265922482,1.7411011265922482,1.0,1.0,1.0,1.0,1.0,1.0,1.0,1.0,1.0,0.0,0.0,0.0,0.0,1.0,1.0,1.0,1.0,1.0],"D":[0.8815133195214535,0.9280065048197682,0.49994636360142847,0.8237035033276101,0.8815133195184456,0.8939046585413923,0.49994636359912986,0.624922473230057,0.49999987005974583,0.0,0.0,0.4999463571947823,0.17627925685594123,0.0,0.0,0.4999463571970806,0.37502356921206675,0.499999863936315,0.7869367222337681,0.9280065048197682,0.7869367222335161,0.8237035033276101,0.4955414316553656,0.8939046585413923,0.49554143164878134,0.624922473230057,0.49999987005974583,0.0,0.0,0.0,0.0,0.4955414365501358,0.1052972428377798,0.49554143655663835,0.3705786553567172,0.499999863936315],"Q":[0.693695202269621,0.9280065048197682,0.3934261526650737,0.8237035033276101,0.4368263723774442,0.8939046585413923,0.247744136765515,0.624922473230057,0.49999987005974583,0.0,0.0,0.0,0.0,0.0,0.0,0.2477441360466996,0.3705253449933469,0.499999863936315,0.0,0.0,0.0,0.0,0.43682637669224933,0.0,0.24774413921918026,0.0,0.0,0.0,0.0,0.3934261476234487,0.0,0.0,0.0,0.24774413359303432,0.0,0.0,0.1878181172518325,0.0,0.10652021093635478,0.0,0.007860570448752052,0.0,0.004458087614434602,0.0,0.0,0.0,0.0,0.10652020957133362,0.17627925685594123,0.0,0.0,0.004458087557346685,0.004498224218719875,0.0,0.09324151996414713,0.0,8.442194499369675e-5,0.0,0.05871505927792142,0.0,5.316129023200762e-5,0.0,0.0,0.0,0.0,0.0,0.0,0.0587150598578865,0.1052972428377798,5.316129075851861e-5,5.3310363370286784e-5,0.0,0.025245160514399283,0.07199349518023175,2.2857258795506175e-5,1.7239816448618042e-5,0.001056561345746683,0.0007980986208278506,9.566227990089227e-7,6.471945060203286e-7,2.6600393913012593e-7],"P":[-0.33447325975916986,-0.5835891443002885,-1.407803546951339,-1.2684125882738728,-0.33447325975436976,-0.9556440822736738,-1.4078035469500565,-1.5189248366553167,-1.5744345032189577,-0.0,-0.0,-1.407803544815561,-1.5387671808162404,-0.0,-0.0,-1.4078035448158113,-1.474424396988599,-1.5744345021983857,-0.21775977351847098,0.15751198229195973,-0.21775977351822032,-0.5273114616816246,-0.6696127698242348,-0.21454295568142556,-0.6696127698204959,-0.7778237100630685,-0.8333333766267095,-0.0,-0.0,-0.0,-0.0,-0.6696127714705049,-0.8137183898485683,-0.6696127714711675,-0.7352065248506705,-0.8333333756061374],"PI":[1.2399612002234082,1.074178648973763,0.16663091293863005,0.3893552049956531,1.2399612002234082,0.7021237110005265,0.16663091293850515,0.13884295660046547,0.08333329002994186,0.0,0.0,0.16663091187108484,0.03566727759812497,0.0,0.0,0.16663091187172574,0.10001005896176174,0.08333328951965621,0.6155735598267749,1.074178648973763,0.615573559826775,0.3893552049956531,0.1637205610419495,0.7021237110005265,0.1637205610416269,0.13884295660046547,0.08333329002994186,0.0,0.0,0.0,0.0,0.163720561843324,0.019614939940327935,0.16372056184514402,0.09812680996807083,0.08333328951965621],"CS":[0.6131868007377496,0.4864769302030327,1.781040303249205,1.875995168678181,1.1421226095872763,1.2368267426008226,2.3099761121011197,2.4230501720889475,2.638816983345739],"V":[13.193433060388385,13.551347336665854,3.104253097143945,5.3698821291132806,12.122852894466424,8.553819049650722,3.3326108068412963,2.7768612803978034,1.6666654344507,0.0,0.0,3.104253083565126,1.3341963048321364,0.0,0.0,3.3326107855059335,2.000200360949865,1.666665424244987,8.107778812386757,13.551347336665854,6.868649542755803,5.3698821291132806,2.817786475004573,8.553819049650722,3.2744038922335017,2.7768612803978034,1.6666654344507,0.0,0.0,0.0,0.0,2.817786482975638,1.1573245620304733,3.2744039083036647,1.9625353809474488,1.666665424244987],"pr_entry":[0.0,0.0,0.0,0.0,0.0,0.0,0.0,0.0,0.0,0.07760631223968122,0.033354906178667085,0.0,0.0,0.08331525983247914,0.05000500794705535,0.0,0.0,0.0,0.0,0.0,0.0,0.0,0.0,0.0,0.0,0.0,0.0,0.0704446548818002,0.02893311254045989,0.08186008806469793,0.04906338344682574,0.0,0.0,0.0,0.0,0.0],"pr_exit":[0.0,0.0,0.0,0.25,0.0,0.0,0.0,0.25,0.0,0.0,0.0,0.0,0.0,0.0,0.0,0.0,0.0,0.0,0.0,0.0,0.0,0.0,0.0,0.25,0.0,0.25,0.0,0.0,0.0,0.0,0.0,0.0,0.0,0.0,0.0,0.0],"pr_merger":[0.15734318225530278,0.0,0.019698737461030357,0.0,0.057089083680424715,0.0,0.0,0.0,0.0,0.0,0.0,0.0,0.0,0.0,0.0,0.0,0.0,0.0,0.0,0.0,0.0,0.0,0.057089083464278725,0.0,0.0,0.0,0.0,0.0,0.0,0.019698737816374434,0.0,0.0,0.0,0.0,0.0,0.0],"active_firms":[true,true,true,true,true,true,true,true,true,false,false,true,true,false,false,true,true,true,true,true,true,true,true,true,true,true,true,false,false,false,false,true,true,true,true,true,true,true,true,true,true,true,true,true,true],"active_outcomes":[1.0,1.0,1.0,1.0,1.0,1.0,1.0,1.0,1.0,0.0,0.0,0.0,0.0,0.0,0.0,1.0,1.0,1.0,0.0,0.0,0.0,0.0,1.0,0.0,1.0,0.0,0.0,0.0,0.0,1.0,0.0,0.0,0.0,1.0,0.0,0.0,1.0,0.0,1.0,0.0,1.0,0.0,1.0,0.0,0.0,0.0,0.0,1.0,1.0,0.0,0.0,1.0,1.0,0.0,1.0,0.0,1.0,0.0,1.0,0.0,1.0,0.0,0.0,0.0,0.0,0.0,0.0,1.0,1.0,1.0,1.0,0.0,1.0,1.0,1.0,1.0,1.0,1.0,1.0,1.0,1.0],"markets":[1,2,3,4,3,4,7,8,9],"marketnames":["20","21","30","31","40","41","43"],"idx_up":[1,2,3,4,5,6,7,8,9,1,2,3,4,5,6,7,8,9,1,2,3,4,5,6,7,8,9,1,2,3,4,5,6,7,8,9,1,2,3,4,5,6,7,8,9,1,2,3,4,5,6,7,8,9,1,2,3,4,5,6,7,8,9,1,2,3,4,5,6,7,8,9,1,2,3,4,5,6,7,8,9,10,11,12,13,14,15,16,17,18,10,11,12,13,14,15,16,17,18,10,11,12,13,14,15,16,17,18,10,11,12,13,14,15,16,17,18,10,11,12,13,14,15,16,17,18,10,11,12,13,14,15,16,17,18,10,11,12,13,14,15,16,17,18,10,11,12,13,14,15,16,17,18,10,11,12,13,14,15,16,17,18,19,20,21,22,23,24,25,26,27,19,20,21,22,23,24,25,26,27,19,20,21,22,23,24,25,26,27,19,20,21,22,23,24,25,26,27,19,20,21,22,23,24,25,26,27,19,20,21,22,23,24,25,26,27,19,20,21,22,23,24,25,26,27,19,20,21,22,23,24,25,26,27,19,20,21,22,23,24,25,26,27,28,29,30,31,32,33,34,35,36,28,29,30,31,32,33,34,35,36,28,29,30,31,32,33,34,35,36,28,29,30,31,32,33,34,35,36,28,29,30,31,32,33,34,35,36,28,29,30,31,32,33,34,35,36,28,29,30,31,32,33,34,35,36,28,29,30,31,32,33,34,35,36,28,29,30,31,32,33,34,35,36],"idx_entry":[1,2,3,4,5,6,7,8,9,3,4,3,4,7,8,7,8,9,1,2,3,4,5,6,7,8,9,5,6,7,8,5,6,7,8,9,10,11,12,13,14,15,16,17,18,12,13,12,13,16,17,16,17,18,10,11,12,13,14,15,16,17,18,14,15,16,17,14,15,16,17,18,19,20,21,22,23,24,25,26,27,21,22,21,22,25,26,25,26,27,19,20,21,22,23,24,25,26,27,23,24,25,26,23,24,25,26,27,28,29,30,31,32,33,34,35,36,30,31,30,31,34,35,34,35,36,28,29,30,31,32,33,34,35,36,32,33,34,35,32,33,34,35,36],"idx_exit":[1,2,10,4,5,6,14,8,11,1,2,1,2,5,6,5,6,2,1,2,3,4,1,6,3,8,11,1,2,3,4,1,2,3,4,2,10,11,1,13,14,15,5,17,2,10,11,10,11,14,15,14,15,11,10,11,12,13,10,15,12,17,2,10,11,12,13,10,11,12,13,11,19,20,19,22,23,24,23,26,29,19,20,19,20,23,24,23,24,20,19,20,21,22,28,24,30,26,29,19,20,21,22,19,20,21,22,20,28,29,28,31,32,33,32,35,20,28,29,28,29,32,33,32,33,29,28,29,30,31,19,33,21,35,20,28,29,30,31,28,29,30,31,29],"idx_merger":[2,2,4,4,6,6,8,8,9,1,2,3,4,5,6,17,9,9,1,2,3,4,6,6,8,8,9,1,2,13,4,5,6,17,8,9,11,11,13,13,15,15,17,17,18,10,11,12,13,14,15,8,18,18,10,11,12,13,15,15,17,17,18,10,11,4,13,14,15,8,17,18,20,20,22,22,24,24,26,26,27,19,20,21,22,23,24,35,27,27,19,20,21,22,33,24,35,26,27,19,20,22,22,23,24,26,26,27,29,29,31,31,33,33,35,35,36,28,29,30,31,32,33,26,36,36,28,29,30,31,24,33,26,35,36,28,29,31,31,32,33,35,35,36]}