{"policy":"nolearning","smax":[5,1],"alpha":0.3,"beta":0.95,"gamma":1.0,"sigma":6.0,"v0":1.0,"accuracy":1.0e-8,"cost_entry":[0,10],"value_exit":[0,1],"cost_merger":[0,10],"entry":true,"exit":true,"mergers":true,"filename":"nolearning_a3s60v10","verbose":true,"firms":[1,2,3,4],"rival":[2,1,4,3],"partner":[3,4,1,2],"merger_pairs":[1,2,1,2,3,4,4,3],"outcomes":[1,0,1,0,1,0,0,0,0,0,1,0,1,0,1,0,0,0,1,0,0,1,0,0,1,0,0,0,1,1,0,0,0,0,1,0,0,0,0,0,1,1,1,1,2],"ownership":[0,3,0,3,0,0,4,4,0,1,0,1,0,0,2,2],"S":[1,1,1,1,1,1,1,1,1,0,0,1,1,0,0,1,1,1,1,1,1,1,1,1,1,1,1,0,0,0,0,1,1,1,1,1,0,1,0,1,0,1,0,1,3],"ms":9,"scale":[1.515716566510398,1.515716566510398,1.515716566510398,1.515716566510398,1.515716566510398,1.515716566510398,1.515716566510398,1.515716566510398,1.515716566510398,0.0,0.0,1.515716566510398,1.515716566510398,0.0,0.0,1.515716566510398,1.515716566510398,1.515716566510398,1.0,1.0,1.0,1.0,1.0,1.0,1.0,1.0,1.0,0.0,0.0,0.0,0.0,1.0,1.0,1.0,1.0,1.0],"D":[0.862260903413176,0.9208852226535368,0.4997928043067663,0.8236947944771267,0.8622609034143229,0.878690395083241,0.4997928043008006,0.6248731302234414,0.49999948812662093,0.0,0.0,0.49979280009789256,0.17623856997303045,0.0,0.0,0.4997928001038573,0.3749183663970484,0.499999483415056,0.786936722233765,0.9208852226535368,0.7869367222342653,0.8236947944771267,0.495541431655184,0.878690395083241,0.49554143165204834,0.6248731302234414,0.49999948812662093,0.0,0.0,0.0,0.0,0.49554143655021743,0.12037953586052594,0.49554143655330346,0.3706268655204439,0.499999483415056],"Q":[0.6785447690422898,0.9208852226535368,0.3933053112174382,0.8236947944771267,0.42728600253822585,0.878690395083241,0.24766804177261073,0.6248731302234414,0.49999948812662093,0.0,0.0,0.0,0.0,0.0,0.0,0.24766804214246346,0.3704208633376509,0.499999483415056,0.0,0.0,0.0,0.0,0.4272860067590218,0.0,0.24766804422222274,0.0,0.0,0.0,0.0,0.393305307905321,0.0,0.0,0.0,0.24766803969285142,0.0,0.0,0.1837161343708862,0.0,0.10648749308932812,0.0,0.007688894117075243,0.0,0.004456718305967102,0.0,0.0,0.0,0.0,0.1064874921925716,0.17623856997303045,0.0,0.0,0.004456718268542409,0.004497503059397521,0.0,0.1083919531914752,0.0,0.0003261031115060131,0.0,0.06825542911695813,0.0,0.0002053501865862043,0.0,0.0,0.0,0.0,0.0,0.0,0.06825542979119562,0.12037953586052594,0.00020535018861726263,0.0002060021827930071,0.0,0.029347143395348732,0.07911477734646323,8.829248383504996e-5,6.663554984281816e-5,0.0012282376775234402,0.0009300690562330834,3.6952201387886374e-6,2.501196717177308e-6,1.0284583231463852e-6],"P":[-0.305699434295872,-0.4623945940967573,-1.1825213063747442,-1.0430513773107803,-0.3056994342974813,-0.8287690376879965,-1.182521306372275,-1.293569500943481,-1.3490500704505717,-0.0,-0.0,-1.1825213049712044,-1.3133926084658876,-0.0,-0.0,-1.1825213049727141,-1.249084723642903,-1.34905006966531,-0.2177597735184678,0.05332197241364067,-0.21775977351896494,-0.5273348108003824,-0.6696127698223056,-0.3130524711775985,-0.6696127698203237,-0.7778529344330831,-0.8333335039401737,-0.0,-0.0,-0.0,-0.0,-0.6696127714686642,-0.8105243320116938,-0.6696127714687747,-0.7351862434341558,-0.8333335031549121],"PI":[1.0433504655687176,0.9699886390919981,0.16652859344492094,0.38933185587427127,1.0433504655687178,0.603614195502412,0.16652859344416723,0.1388137322307514,0.08333316271777064,0.0,0.0,0.16652859274402318,0.035657285037047924,0.0,0.0,0.16652859274525608,0.09996517495731572,0.08333316232514103,0.615573559826775,0.9699886390919981,0.6155735598267751,0.38933185587427127,0.16372056104284552,0.603614195502412,0.16372056104279162,0.1388137322307514,0.08333316271777064,0.0,0.0,0.0,0.0,0.16372056184426315,0.022808992969295408,0.16372056184522793,0.09814709254269269,0.08333316232514103],"CS":[0.5880933443989561,0.47075627926156033,1.5558092624597,1.6506590689761074,1.1170291532522365,1.2113222988352297,2.0847450713097944,2.197737221034165,2.413432805201941],"V":[11.367107512380548,12.30932218243184,3.10234260756507,5.369100607642879,10.442349502196183,7.544272955080788,3.3305627324461566,2.77627712917121,1.6666627377838432,0.0,0.0,3.102342598659886,1.333725765736683,0.0,0.0,3.3305627184681086,1.999302389129332,1.6666627299312515,7.894531228903297,12.30932218243184,6.8686919755991465,5.369100607642879,2.862147166758133,7.544272955080788,3.274402233166732,2.77627712917121,1.6666627377838432,0.0,0.0,0.0,0.0,2.8621471752817924,1.1901107406146632,3.2744022492152616,1.9629407454811512,1.6666627299312515],"pr_entry":[0.0,0.0,0.0,0.0,0.0,0.0,0.0,0.0,0.0,0.07755854674063815,0.033343142189705736,0.0,0.0,0.08326405594007506,0.04998255826768464,0.0,0.0,0.0,0.0,0.0,0.0,0.0,0.0,0.0,0.0,0.0,0.0,0.0715536692606832,0.029752766496348632,0.08186004440447457,0.04907351718259102,0.0,0.0,0.0,0.0,0.0],"pr_exit":[0.0,0.0,0.0,0.25,0.0,0.0,0.0,0.25,0.0,0.0,0.0,0.0,0.0,0.0,0.0,0.0,0.0,0.0,0.0,0.0,0.0,0.0,0.0,0.25,0.0,0.25,0.0,0.0,0.0,0.0,0.0,0.0,0.0,0.0,0.0,0.0],"pr_merger":[0.1439365607248409,0.0,0.0197059055641464,0.0,0.04663116256767743,0.0,0.0,0.0,0.0,0.0,0.0,0.0,0.0,0.0,0.0,0.0,0.0,0.0,0.0,0.0,0.0,0.0,0.046631162338922304,0.0,0.0,0.0,0.0,0.0,0.0,0.019705905797157454,0.0,0.0,0.0,0.0,0.0,0.0],"active_firms":[true,true,true,true,true,true,true,true,true,false,false,true,true,false,false,true,true,true,true,true,true,true,true,true,true,true,true,false,false,false,false,true,true,true,true,true,true,true,true,true,true,true,true,true,true],"active_outcomes":[1.0,1.0,1.0,1.0,1.0,1.0,1.0,1.0,1.0,0.0,0.0,0.0,0.0,0.0,0.0,1.0,1.0,1.0,0.0,0.0,0.0,0.0,1.0,0.0,1.0,0.0,0.0,0.0,0.0,1.0,0.0,0.0,0.0,1.0,0.0,0.0,1.0,0.0,1.0,0.0,1.0,0.0,1.0,0.0,0.0,0.0,0.0,1.0,1.0,0.0,0.0,1.0,1.0,0.0,1.0,0.0,1.0,0.0,1.0,0.0,1.0,0.0,0.0,0.0,0.0,0.0,0.0,1.0,1.0,1.0,1.0,0.0,1.0,1.0,1.0,1.0,1.0,1.0,1.0,1.0,1.0],"markets":[1,2,3,4,3,4,7,8,9],"marketnames":["20","21","30","31","40","41","43"],"idx_up":[1,2,3,4,5,6,7,8,9,1,2,3,4,5,6,7,8,9,1,2,3,4,5,6,7,8,9,1,2,3,4,5,6,7,8,9,1,2,3,4,5,6,7,8,9,1,2,3,4,5,6,7,8,9,1,2,3,4,5,6,7,8,9,1,2,3,4,5,6,7,8,9,1,2,3,4,5,6,7,8,9,10,11,12,13,14,15,16,17,18,10,11,12,13,14,15,16,17,18,10,11,12,13,14,15,16,17,18,10,11,12,13,14,15,16,17,18,10,11,12,13,14,15,16,17,18,10,11,12,13,14,15,16,17,18,10,11,12,13,14,15,16,17,18,10,11,12,13,14,15,16,17,18,10,11,12,13,14,15,16,17,18,19,20,21,22,23,24,25,26,27,19,20,21,22,23,24,25,26,27,19,20,21,22,23,24,25,26,27,19,20,21,22,23,24,25,26,27,19,20,21,22,23,24,25,26,27,19,20,21,22,23,24,25,26,27,19,20,21,22,23,24,25,26,27,19,20,21,22,23,24,25,26,27,19,20,21,22,23,24,25,26,27,28,29,30,31,32,33,34,35,36,28,29,30,31,32,33,34,35,36,28,29,30,31,32,33,34,35,36,28,29,30,31,32,33,34,35,36,28,29,30,31,32,33,34,35,36,28,29,30,31,32,33,34,35,36,28,29,30,31,32,33,34,35,36,28,29,30,31,32,33,34,35,36,28,29,30,31,32,33,34,35,36],"idx_entry":[1,2,3,4,5,6,7,8,9,3,4,3,4,7,8,7,8,9,1,2,3,4,5,6,7,8,9,5,6,7,8,5,6,7,8,9,10,11,12,13,14,15,16,17,18,12,13,12,13,16,17,16,17,18,10,11,12,13,14,15,16,17,18,14,15,16,17,14,15,16,17,18,19,20,21,22,23,24,25,26,27,21,22,21,22,25,26,25,26,27,19,20,21,22,23,24,25,26,27,23,24,25,26,23,24,25,26,27,28,29,30,31,32,33,34,35,36,30,31,30,31,34,35,34,35,36,28,29,30,31,32,33,34,35,36,32,33,34,35,32,33,34,35,36],"idx_exit":[1,2,10,4,5,6,14,8,11,1,2,1,2,5,6,5,6,2,1,2,3,4,1,6,3,8,11,1,2,3,4,1,2,3,4,2,10,11,1,13,14,15,5,17,2,10,11,10,11,14,15,14,15,11,10,11,12,13,10,15,12,17,2,10,11,12,13,10,11,12,13,11,19,20,19,22,23,24,23,26,29,19,20,19,20,23,24,23,24,20,19,20,21,22,28,24,30,26,29,19,20,21,22,19,20,21,22,20,28,29,28,31,32,33,32,35,20,28,29,28,29,32,33,32,33,29,28,29,30,31,19,33,21,35,20,28,29,30,31,28,29,30,31,29],"idx_merger":[2,2,4,4,6,6,8,8,9,1,2,3,4,5,6,17,9,9,1,2,3,4,6,6,8,8,9,1,2,13,4,5,6,17,8,9,11,11,13,13,15,15,17,17,18,10,11,12,13,14,15,8,18,18,10,11,12,13,15,15,17,17,18,10,11,4,13,14,15,8,17,18,20,20,22,22,24,24,26,26,27,19,20,21,22,23,24,35,27,27,19,20,21,22,33,24,35,26,27,19,20,22,22,23,24,26,26,27,29,29,31,31,33,33,35,35,36,28,29,30,31,32,33,26,36,36,28,29,30,31,24,33,26,35,36,28,29,31,31,32,33,35,35,36]}