{"policy":"nolearning","smax":[5,1],"alpha":0.5,"beta":0.95,"gamma":1.0,"sigma":5.0,"v0":1.0,"accuracy":1.0e-8,"cost_entry":[0,10],"value_exit":[0,1],"cost_merger":[0,10],"entry":true,"exit":true,"mergers":true,"filename":"nolearning_a5s50v10","verbose":true,"firms":[1,2,3,4],"rival":[2,1,4,3],"partner":[3,4,1,2],"merger_pairs":[1,2,1,2,3,4,4,3],"outcomes":[1,0,1,0,1,0,0,0,0,0,1,0,1,0,1,0,0,0,1,0,0,1,0,0,1,0,0,0,1,1,0,0,0,0,1,0,0,0,0,0,1,1,1,1,2],"ownership":[0,3,0,3,0,0,4,4,0,1,0,1,0,0,2,2],"S":[1,1,1,1,1,1,1,1,1,0,0,1,1,0,0,1,1,1,1,1,1,1,1,1,1,1,1,0,0,0,0,1,1,1,1,1,0,1,0,1,0,1,0,1,3],"ms":9,"scale":[2.0,2.0,2.0,2.0,2.0,2.0,2.0,2.0,2.0,0.0,0.0,2.0,2.0,0.0,0.0,2.0,2.0,2.0,1.0,1.0,1.0,1.0,1.0,1.0,1.0,1.0,1.0,0.0,0.0,0.0,0.0,1.0,1.0,1.0,1.0,1.0],"D":[0.8757354681741125,0.9203380882665128,0.4999161793007655,0.6630747504361247,0.8757354681855921,0.8891291764577962,0.49991617933121485,0.5554741976129125,0.4999994372151919,0.0,0.0,0.4999161737130715,0.33688625430471286,0.0,0.0,0.4999161736826091,0.4444289630062018,0.49999943262392044,0.7453054096193362,0.9203380882665128,0.7453054096168371,0.8098424424487329,0.4883822330529012,0.8891291764577962,0.48838223306633155,0.6472980979484158,0.4999994372151919,0.0,0.0,0.0,0.0,0.488382236809768,0.10862348194726694,0.48838223679632375,0.3421595312814861,0.49999943262392044],"Q":[0.6526903818256882,0.9203380882665128,0.37259023278784115,0.6630747504361247,0.4276936435161073,0.8891291764577962,0.2441501800077674,0.5554741976129125,0.4999994372151919,0.0,0.0,0.0,0.0,0.0,0.0,0.24415017911377215,0.34206558646014923,0.49999943262392044,0.0,0.0,0.0,0.0,0.4276936468061288,0.0,0.24415018187245086,0.0,0.0,0.0,0.0,0.3725902286233026,0.1467676920126082,0.0,0.0,0.24415017724908872,0.09182390033550322,0.0,0.22304508634842438,0.0,0.12732594651292434,0.0,0.02034817786335593,0.0,0.011615817450996586,0.0,0.0,0.0,0.0,0.12732594508976888,0.19011856229210464,0.0,0.0,0.011615817319748239,0.01053947621054943,0.0,0.09261502779364804,0.0,0.00012494820569345136,0.0,0.060688589536793874,0.0,8.187580947543302e-5,0.0,0.0,0.0,0.0,0.0,0.0,0.06068859000363916,0.10862348194726694,8.187581010075498e-5,9.394482133685624e-5,0.0,0.031649504032239324,0.07966191173348722,4.2698780469828295e-5,3.899525916251085e-5,0.0028873522739749965,0.002247341594936837,3.895366599725422e-6,2.894559548741576e-6,1.1301608876626011e-6],"P":[-0.3905302907757852,-0.7446949513653953,-1.60006704523162,-1.9999999618144426,-0.39053029079688245,-0.696098905198444,-1.6000670452287298,-1.9999999422309336,-1.8000002250782203,-0.0,-0.0,-1.6000670429961676,-1.6983926179573483,-0.0,-0.0,-1.6000670429689088,-1.64001003361494,-1.8000002241599649,-0.21474578751867915,0.2553050486346047,-0.21474578751604598,0.051759375861742694,-0.6090831570223603,-0.5,-0.6090831570277431,-0.43294895389894256,-0.8000002250782203,-0.0,-0.0,-0.0,-0.0,-0.6090831585608547,-0.7756279208002324,-0.6090831585552319,-0.6959749290934371,-0.8000002241599649],"PI":[1.4094697093195205,1.1553050486516738,0.19993295472427444,2.5319878931847827e-8,1.409469709319521,1.1593365066033265,0.19993295473789696,3.2089225816169276e-8,0.09999977490405489,0.0,0.0,0.19993295360711022,0.10160738120699944,0.0,0.0,0.19993295360855445,0.15998996745314972,0.09999977444492884,0.5852542124887001,1.1553050486516738,0.5852542124887001,0.8517593818162287,0.19091684071141002,0.4445645882288981,0.1909168407140313,0.36705106358087386,0.09999977490405489,0.0,0.0,0.0,0.0,0.1909168414286592,0.02437207649442671,0.1909168414261497,0.10402507575921015,0.09999977444492884],"CS":[0.6906065601804234,0.5635291550610951,2.012268039712624,2.0879505103222074,1.1694830729942218,1.2771378694232363,2.49114455249472,2.6080719346048102,2.8772595474944684],"V":[13.10055622296182,10.050296763280613,3.791099943977694,5.6982292815761854e-6,12.468734459303725,9.201445746025048,3.9986539736532665,5.766323293906119e-6,1.999995498092632,0.0,0.0,3.7910999302592248,2.612515904141323,0.0,0.0,3.9986539510664687,3.199796274852855,1.9999954889101312,7.294952815800063,14.933939548408993,6.838056830049376,12.216768485936594,3.4725980192143133,7.956215586751853,3.8183295929401497,7.341005024207557,1.9999929358224195,0.0,0.0,0.0,0.0,3.4725980277270554,1.4483075682879267,3.818329607182481,2.0804987466473537,1.9999929266399221],"pr_entry":[0.0,0.0,0.0,0.0,0.0,0.0,0.0,0.0,0.0,0.09477749153084203,0.06531289253022103,0.0,0.0,0.09996634203836617,0.07999490282630803,0.0,0.0,0.0,0.0,0.0,0.0,0.0,0.0,0.0,0.0,0.0,0.0,0.08681494221750782,0.036207684765201205,0.0954582306777982,0.052012465023372215,0.0,0.0,0.0,0.0,0.0],"pr_exit":[0.0,0.0,0.0,0.0,0.0,0.0,0.0,0.0,0.0,0.0,0.0,0.0,0.0,0.0,0.0,0.0,0.0,0.0,0.0,0.0,0.0,0.0,0.0,0.0,0.0,0.0,0.0,0.0,0.0,0.0,0.0,0.0,0.0,0.0,0.0,0.0],"pr_merger":[0.11959462379485894,0.0,0.04006155255352285,0.0,0.031080206753039595,0.0,0.0,0.0,0.0,0.0,0.0,0.0,0.0,0.0,0.0,0.0,0.0,0.0,0.0,0.0,0.0,0.0,0.031080206525901932,0.0,0.0,0.0,0.0,0.0,0.0,0.04006155291764839,0.0,0.0,0.0,0.0,0.0,0.0],"active_firms":[true,true,true,true,true,true,true,true,true,false,false,true,true,false,false,true,true,true,true,true,true,true,true,true,true,true,true,false,false,false,false,true,true,true,true,true,true,true,true,true,true,true,true,true,true],"active_outcomes":[1.0,1.0,1.0,1.0,1.0,1.0,1.0,1.0,1.0,0.0,0.0,0.0,0.0,0.0,0.0,1.0,1.0,1.0,0.0,0.0,0.0,0.0,1.0,0.0,1.0,0.0,0.0,0.0,0.0,1.0,1.0,0.0,0.0,1.0,1.0,0.0,1.0,0.0,1.0,0.0,1.0,0.0,1.0,0.0,0.0,0.0,0.0,1.0,1.0,0.0,0.0,1.0,1.0,0.0,1.0,0.0,1.0,0.0,1.0,0.0,1.0,0.0,0.0,0.0,0.0,0.0,0.0,1.0,1.0,1.0,1.0,0.0,1.0,1.0,1.0,1.0,1.0,1.0,1.0,1.0,1.0],"markets":[1,2,3,4,3,4,7,8,9],"marketnames":["20","21","30","31","40","41","43"],"idx_up":[1,2,3,4,5,6,7,8,9,1,2,3,4,5,6,7,8,9,1,2,3,4,5,6,7,8,9,1,2,3,4,5,6,7,8,9,1,2,3,4,5,6,7,8,9,1,2,3,4,5,6,7,8,9,1,2,3,4,5,6,7,8,9,1,2,3,4,5,6,7,8,9,1,2,3,4,5,6,7,8,9,10,11,12,13,14,15,16,17,18,10,11,12,13,14,15,16,17,18,10,11,12,13,14,15,16,17,18,10,11,12,13,14,15,16,17,18,10,11,12,13,14,15,16,17,18,10,11,12,13,14,15,16,17,18,10,11,12,13,14,15,16,17,18,10,11,12,13,14,15,16,17,18,10,11,12,13,14,15,16,17,18,19,20,21,22,23,24,25,26,27,19,20,21,22,23,24,25,26,27,19,20,21,22,23,24,25,26,27,19,20,21,22,23,24,25,26,27,19,20,21,22,23,24,25,26,27,19,20,21,22,23,24,25,26,27,19,20,21,22,23,24,25,26,27,19,20,21,22,23,24,25,26,27,19,20,21,22,23,24,25,26,27,28,29,30,31,32,33,34,35,36,28,29,30,31,32,33,34,35,36,28,29,30,31,32,33,34,35,36,28,29,30,31,32,33,34,35,36,28,29,30,31,32,33,34,35,36,28,29,30,31,32,33,34,35,36,28,29,30,31,32,33,34,35,36,28,29,30,31,32,33,34,35,36,28,29,30,31,32,33,34,35,36],"idx_entry":[1,2,3,4,5,6,7,8,9,3,4,3,4,7,8,7,8,9,1,2,3,4,5,6,7,8,9,5,6,7,8,5,6,7,8,9,10,11,12,13,14,15,16,17,18,12,13,12,13,16,17,16,17,18,10,11,12,13,14,15,16,17,18,14,15,16,17,14,15,16,17,18,19,20,21,22,23,24,25,26,27,21,22,21,22,25,26,25,26,27,19,20,21,22,23,24,25,26,27,23,24,25,26,23,24,25,26,27,28,29,30,31,32,33,34,35,36,30,31,30,31,34,35,34,35,36,28,29,30,31,32,33,34,35,36,32,33,34,35,32,33,34,35,36],"idx_exit":[1,2,10,10,5,6,14,14,15,1,2,1,2,5,6,5,6,6,1,2,3,4,1,1,3,3,13,1,2,3,4,1,2,3,4,4,10,11,1,1,14,15,5,5,6,10,11,10,11,14,15,14,15,15,10,11,12,13,10,10,12,12,4,10,11,12,13,10,11,12,13,13,19,20,19,19,23,24,23,23,33,19,20,19,20,23,24,23,24,24,19,20,21,22,28,28,30,30,31,19,20,21,22,19,20,21,22,22,28,29,28,28,32,33,32,32,24,28,29,28,29,32,33,32,33,33,28,29,30,31,19,19,21,21,22,28,29,30,31,28,29,30,31,31],"idx_merger":[2,2,4,4,6,6,8,8,9,1,2,3,4,5,6,17,9,9,1,2,3,4,6,6,8,8,9,1,2,13,4,5,6,17,8,9,11,11,13,13,15,15,17,17,18,10,11,12,13,14,15,8,18,18,10,11,12,13,15,15,17,17,18,10,11,4,13,14,15,8,17,18,20,20,22,22,24,24,26,26,27,19,20,21,22,23,24,35,27,27,19,20,21,22,33,24,35,26,27,19,20,22,22,23,24,26,26,27,29,29,31,31,33,33,35,35,36,28,29,30,31,32,33,26,36,36,28,29,30,31,24,33,26,35,36,28,29,31,31,32,33,35,35,36]}