{"policy":"nolearning","smax":[5,1],"alpha":0.7,"beta":0.95,"gamma":1.0,"sigma":7.0,"v0":1.0,"accuracy":1.0e-8,"cost_entry":[0,10],"value_exit":[0,1],"cost_merger":[0,10],"entry":true,"exit":true,"mergers":true,"filename":"nolearning_a7s70v10","verbose":true,"firms":[1,2,3,4],"rival":[2,1,4,3],"partner":[3,4,1,2],"merger_pairs":[1,2,1,2,3,4,4,3],"outcomes":[1,0,1,0,1,0,0,0,0,0,1,0,1,0,1,0,0,0,1,0,0,1,0,0,1,0,0,0,1,1,0,0,0,0,1,0,0,0,0,0,1,1,1,1,2],"ownership":[0,3,0,3,0,0,4,4,0,1,0,1,0,0,2,2],"S":[1,1,1,1,1,1,1,1,1,0,0,1,1,0,0,1,1,1,1,1,1,1,1,1,1,1,1,0,0,0,0,1,1,1,1,1,0,1,0,1,0,1,0,1,3],"ms":9,"scale":[2.6390158215457884,2.6390158215457884,2.6390158215457884,2.6390158215457884,2.6390158215457884,2.6390158215457884,2.6390158215457884,2.6390158215457884,2.6390158215457884,0.0,0.0,2.6390158215457884,2.6390158215457884,0.0,0.0,2.6390158215457884,2.6390158215457884,2.6390158215457884,1.0,1.0,1.0,1.0,1.0,1.0,1.0,1.0,1.0,0.0,0.0,0.0,0.0,1.0,1.0,1.0,1.0,1.0],"D":[0.9366280263615808,0.9553756421559031,0.4999999802699895,0.6917651236075082,0.9366280263652905,0.940388351244666,0.499999980271161,0.5574459758862792,0.5000000032318416,0.0,0.0,0.4999999846718709,0.30823487054261767,0.0,0.0,0.49999998467069934,0.4425540041526386,0.49999999673618956,0.8180714760191741,0.9553756421559031,0.818071476016417,0.8547519456951054,0.4983322602981321,0.940388351244666,0.4983322603061649,0.6501554152295721,0.5000000032318416,0.0,0.0,0.0,0.0,0.49833225414755156,0.059454658734747486,0.4983322541396765,0.3483707287518738,0.49999999673618956],"Q":[0.7662286720065443,0.9553756421559031,0.4090357218676497,0.6917651236075082,0.46675196143719366,0.940388351244666,0.24916612032156552,0.5574459758862792,0.5000000032318416,0.0,0.0,0.0,0.0,0.0,0.0,0.24916611943075334,0.3483707088748855,0.49999999673618956,0.0,0.0,0.0,0.0,0.46675195567638755,0.0,0.24916611723832147,0.0,0.0,0.0,0.0,0.4090357254687033,0.1629868220875972,0.0,0.0,0.24916612251399742,0.09270943934329287,0.0,0.17039935435503653,0.0,0.09096425840233982,0.0,0.0031241092517092736,0.0,0.0016677427112739857,0.0,0.0,0.0,0.0,0.0909642592031676,0.14524804845502048,0.0,0.0,0.0016677427259485763,0.0014738559344602206,0.0,0.05184280401262976,0.0,2.8680064022674327e-8,0.0,0.03158029886093846,0.0,1.7470601956675062e-8,0.0,0.0,0.0,0.0,0.0,0.0,0.031580298471164024,0.059454658734747486,1.747060174048945e-8,1.9876988285867028e-8,0.0,0.011529169625789412,0.04462435784409695,6.378075594087932e-9,5.849874113173087e-9,0.0002113763026070913,0.00015699002058651098,1.1693591824286245e-10,8.409380122380714e-11,3.1968888813620865e-11],"P":[-0.38475207318325844,-1.0383525361847106,-2.353301543097594,-2.6390157865348813,-0.3847520731921867,-0.7425522811949505,-2.35330154310345,-2.6390157616128267,-2.4961586776674487,-0.0,-0.0,-2.3533015443552747,-2.4325047679919627,-0.0,-0.0,-2.3533015443604604,-2.3827450044381706,-2.4961586767394985,-0.21476226103172294,0.6006632853610778,-0.2147622610290766,-0.016460913082028385,-0.7152355402340601,-0.5,-0.715235540243125,-0.5916554632858753,-0.8571428561216603,-0.0,-0.0,-0.0,-0.0,-0.7152355384708703,-0.8481124318255436,-0.7152355384753749,-0.7807693024292855,-0.8571428551937101],"PI":[2.111406605527256,1.5292347141272173,0.14285713358695143,2.42193244516125e-8,2.111406605527256,1.7834122219061466,0.14285713358435828,3.3409388325169956e-8,0.0714285724008615,0.0,0.0,0.14285713421579152,0.06365390785778305,0.0,0.0,0.14285713421286397,0.11341367625844477,0.07142857193688629,0.6423805961437373,1.5292347141272173,0.6423805961437373,0.8406819482103236,0.14190731688773733,0.470194175622333,0.14190731688550748,0.265487411824099,0.0714285724008615,0.0,0.0,0.0,0.0,0.14190731601492493,0.009030423531862996,0.1419073160104376,0.07637355787749145,0.07142857193688629],"CS":[0.6375535665533105,0.4853082144979858,2.6957713451586,2.7492182525002398,1.208838655460511,1.2924300557473158,3.267056434071886,3.3552529044751336,3.551343584454282],"V":[21.99301430305462,16.9905847672223,2.6677804345077365,5.793876157588022e-6,21.079673379442934,17.132432974696,2.857142239221048,5.900393807685537e-6,1.428573847887631,0.0,0.0,2.6677804414243447,1.6915325016861558,0.0,0.0,2.857142251791137,2.2682742602158577,1.4285738386081481,8.90176810536106,20.024514234876694,7.466911324375914,11.976545408055777,2.40696343740524,9.915651432786953,2.8381426933353215,5.309739691820621,1.4285705983161125,0.0,0.0,0.0,0.0,2.4069634308231693,0.8791390972763606,2.8381426758339607,1.5274701117666,1.4285705890366291],"pr_entry":[0.0,0.0,0.0,0.0,0.0,0.0,0.0,0.0,0.0,0.06669451070103624,0.0422883129899351,0.0,0.0,0.07142855572574403,0.0567068574725635,0.0,0.0,0.0,0.0,0.0,0.0,0.0,0.0,0.0,0.0,0.0,0.0,0.0601740838397269,0.021978476332319363,0.07095356210061901,0.038186751418134456,0.0,0.0,0.0,0.0,0.0],"pr_exit":[0.0,0.0,0.0,0.0,0.0,0.0,0.0,0.0,0.0,0.0,0.0,0.0,0.0,0.0,0.0,0.0,0.0,0.0,0.0,0.0,0.0,0.0,0.0,0.0,0.0,0.0,0.0,0.0,0.0,0.0,0.0,0.0,0.030215236676806367,0.0,0.0,0.0],"pr_merger":[0.1669850057298164,0.0,0.04755668774369872,0.0,0.09709059340187973,0.0,0.0,0.0,0.0,0.0,0.0,0.0,0.0,0.0,0.0,0.0,0.0,0.0,0.0,0.0,0.0,0.0,0.09709059358593022,0.0,0.0,0.0,0.0,0.0,0.0,0.04755668756075515,0.0,0.0,0.0,0.0,0.0,0.0],"active_firms":[true,true,true,true,true,true,true,true,true,false,false,true,true,false,false,true,true,true,true,true,true,true,true,true,true,true,true,false,false,false,false,true,true,true,true,true,true,true,true,true,true,true,true,true,true],"active_outcomes":[1.0,1.0,1.0,1.0,1.0,1.0,1.0,1.0,1.0,0.0,0.0,0.0,0.0,0.0,0.0,1.0,1.0,1.0,0.0,0.0,0.0,0.0,1.0,0.0,1.0,0.0,0.0,0.0,0.0,1.0,1.0,0.0,0.0,1.0,1.0,0.0,1.0,0.0,1.0,0.0,1.0,0.0,1.0,0.0,0.0,0.0,0.0,1.0,1.0,0.0,0.0,1.0,1.0,0.0,1.0,0.0,1.0,0.0,1.0,0.0,1.0,0.0,0.0,0.0,0.0,0.0,0.0,1.0,1.0,1.0,1.0,0.0,1.0,1.0,1.0,1.0,1.0,1.0,1.0,1.0,1.0],"markets":[1,2,3,4,3,4,7,8,9],"marketnames":["20","21","30","31","40","41","43"],"idx_up":[1,2,3,4,5,6,7,8,9,1,2,3,4,5,6,7,8,9,1,2,3,4,5,6,7,8,9,1,2,3,4,5,6,7,8,9,1,2,3,4,5,6,7,8,9,1,2,3,4,5,6,7,8,9,1,2,3,4,5,6,7,8,9,1,2,3,4,5,6,7,8,9,1,2,3,4,5,6,7,8,9,10,11,12,13,14,15,16,17,18,10,11,12,13,14,15,16,17,18,10,11,12,13,14,15,16,17,18,10,11,12,13,14,15,16,17,18,10,11,12,13,14,15,16,17,18,10,11,12,13,14,15,16,17,18,10,11,12,13,14,15,16,17,18,10,11,12,13,14,15,16,17,18,10,11,12,13,14,15,16,17,18,19,20,21,22,23,24,25,26,27,19,20,21,22,23,24,25,26,27,19,20,21,22,23,24,25,26,27,19,20,21,22,23,24,25,26,27,19,20,21,22,23,24,25,26,27,19,20,21,22,23,24,25,26,27,19,20,21,22,23,24,25,26,27,19,20,21,22,23,24,25,26,27,19,20,21,22,23,24,25,26,27,28,29,30,31,32,33,34,35,36,28,29,30,31,32,33,34,35,36,28,29,30,31,32,33,34,35,36,28,29,30,31,32,33,34,35,36,28,29,30,31,32,33,34,35,36,28,29,30,31,32,33,34,35,36,28,29,30,31,32,33,34,35,36,28,29,30,31,32,33,34,35,36,28,29,30,31,32,33,34,35,36],"idx_entry":[1,2,3,4,5,6,7,8,9,3,4,3,4,7,8,7,8,9,1,2,3,4,5,6,7,8,9,5,6,7,8,5,6,7,8,9,10,11,12,13,14,15,16,17,18,12,13,12,13,16,17,16,17,18,10,11,12,13,14,15,16,17,18,14,15,16,17,14,15,16,17,18,19,20,21,22,23,24,25,26,27,21,22,21,22,25,26,25,26,27,19,20,21,22,23,24,25,26,27,23,24,25,26,23,24,25,26,27,28,29,30,31,32,33,34,35,36,30,31,30,31,34,35,34,35,36,28,29,30,31,32,33,34,35,36,32,33,34,35,32,33,34,35,36],"idx_exit":[1,2,10,10,5,6,14,14,15,1,2,1,2,5,6,5,6,6,1,2,3,4,1,1,3,3,13,1,2,3,4,1,2,3,4,4,10,11,1,1,14,15,5,5,6,10,11,10,11,14,15,14,15,15,10,11,12,13,10,10,12,12,4,10,11,12,13,10,11,12,13,13,19,20,19,19,23,24,23,23,33,19,20,19,20,23,24,23,24,24,19,20,21,22,28,28,30,30,31,19,20,21,22,19,20,21,22,22,28,29,28,28,32,33,32,32,24,28,29,28,29,32,33,32,33,33,28,29,30,31,19,19,21,21,22,28,29,30,31,28,29,30,31,31],"idx_merger":[2,2,4,4,6,6,8,8,9,1,2,3,4,5,6,17,9,9,1,2,3,4,6,6,8,8,9,1,2,13,4,5,6,17,8,9,11,11,13,13,15,15,17,17,18,10,11,12,13,14,15,8,18,18,10,11,12,13,15,15,17,17,18,10,11,4,13,14,15,8,17,18,20,20,22,22,24,24,26,26,27,19,20,21,22,23,24,35,27,27,19,20,21,22,33,24,35,26,27,19,20,22,22,23,24,26,26,27,29,29,31,31,33,33,35,35,36,28,29,30,31,32,33,26,36,36,28,29,30,31,24,33,26,35,36,28,29,31,31,32,33,35,35,36]}