{"policy":"nolearning","smax":[5,1],"alpha":0.2,"beta":0.95,"gamma":1.0,"sigma":5.0,"v0":1.0,"accuracy":1.0e-8,"cost_entry":[0,10],"value_exit":[0,1],"cost_merger":[0,10],"entry":true,"exit":true,"mergers":true,"filename":"nolearning_a2s50v10","verbose":true,"firms":[1,2,3,4],"rival":[2,1,4,3],"partner":[3,4,1,2],"merger_pairs":[1,2,1,2,3,4,4,3],"outcomes":[1,0,1,0,1,0,0,0,0,0,1,0,1,0,1,0,0,0,1,0,0,1,0,0,1,0,0,0,1,1,0,0,0,0,1,0,0,0,0,0,1,1,1,1,2],"ownership":[0,3,0,3,0,0,4,4,0,1,0,1,0,0,2,2],"S":[1,1,1,1,1,1,1,1,1,0,0,1,1,0,0,1,1,1,1,1,1,1,1,1,1,1,1,0,0,0,0,1,1,1,1,1,0,1,0,1,0,1,0,1,3],"ms":9,"scale":[1.3195079107728942,1.3195079107728942,1.3195079107728942,1.3195079107728942,1.3195079107728942,1.3195079107728942,1.3195079107728942,1.3195079107728942,1.3195079107728942,0.0,0.0,1.3195079107728942,1.3195079107728942,0.0,0.0,1.3195079107728942,1.3195079107728942,1.3195079107728942,1.0,1.0,1.0,1.0,1.0,1.0,1.0,1.0,1.0,0.0,0.0,0.0,0.0,1.0,1.0,1.0,1.0,1.0],"D":[0.806565040952252,0.8943136390359118,0.49751799889328907,0.7955752621686975,0.8065650409508353,0.8368772839435265,0.49751799888997794,0.6217636962786443,0.4999830256705917,0.0,0.0,0.4975179944135357,0.20345108281399224,0.0,0.0,0.49751799441689665,0.3756941419830932,0.4999830299934447,0.7453054096194975,0.8943136390359118,0.7453054096148778,0.7955752621686975,0.48838223306319867,0.8368772839435265,0.4883822330620331,0.6217636962786443,0.4999830256705917,0.0,0.0,0.0,0.0,0.48838223679950565,0.15958849853593818,0.48838223680070325,0.3662786115682944,0.4999830299934447],"Q":[0.6011372882316849,0.8943136390359118,0.3708028559559371,0.7955752621686975,0.39391203581027917,0.8368772839435265,0.24297895128644154,0.6217636962786443,0.4999830256705917,0.0,0.0,0.0,0.0,0.0,0.0,0.24297895096192376,0.36381681860259635,0.4999830299934447,0.0,0.0,0.0,0.0,0.3939120388238538,0.0,0.24297895314649723,0.0,0.0,0.0,0.0,0.3708028526171527,0.0,0.0,0.0,0.2429789491018681,0.0,0.0,0.20542775272056715,0.0,0.12671514293735198,0.0,0.018740966316702277,0.0,0.011560094457039191,0.0,0.0,0.0,0.0,0.12671514179638302,0.20345108281399224,0.0,0.0,0.011560094353104776,0.01187732338049683,0.0,0.1441681213878126,0.0,0.0036997010417879972,0.0,0.0944701972529195,0.0,0.002424332673723461,0.0,0.0,0.0,0.0,0.0,0.0,0.0944701979756519,0.15958849853593818,0.002424332692282245,0.0024617929656980315,0.0,0.04926683765993551,0.1056863609640882,0.001264305651387283,0.0009736550173103304,0.004494563820593432,0.0035342175205354378,0.00011534132711969375,8.036877256454359e-5,3.394433596359711e-5],"P":[-0.28556864264839166,-0.37331202449688616,-0.921483703787923,-0.8303303236812051,-0.2855686426465755,-0.7064725076633935,-0.9214837037886016,-1.0551229244082792,-1.11951469765985,-0.0,-0.0,-0.9214837019870822,-1.068424765289591,-0.0,-0.0,-0.9214837019904429,-0.9991521126121029,-1.11951469852445,-0.21474578751884882,-0.053804113723991964,-0.21474578751398166,-0.5108224129083109,-0.6090831570268804,-0.38696459689049933,-0.609083157026679,-0.735615013635385,-0.8000067868869558,-0.0,-0.0,-0.0,-0.0,-0.6090831585569554,-0.7620213390604248,-0.6090831585577217,-0.6844039022982616,-0.8000067877515558],"PI":[0.8339392681369808,0.8461958862963065,0.19802420697025117,0.3891775870975214,0.8339392681369808,0.5130354031155038,0.19802420696859566,0.164384986362642,0.0999932118058433,0.0,0.0,0.1980242060831516,0.05108313782492117,0.0,0.0,0.1980242060828173,0.12035579671932747,0.09999321223809925,0.5852542124887004,0.8461958862963065,0.5852542124887001,0.3891775870975214,0.19091684071322793,0.5130354031155038,0.19091684071287063,0.164384986362642,0.0999932118058433,0.0,0.0,0.0,0.0,0.19091684142655183,0.037978657182939926,0.19091684142664575,0.11559610048256451,0.09999321223809925],"CS":[0.6021008176744329,0.506992300445597,1.3346464399366162,1.4444271162374756,1.0809773304684678,1.186589085725651,1.813522952738029,1.9433133861233656,2.196787146617801],"V":[8.957005860420365,10.202741867360947,3.8260638457582976,5.430458261359956,8.476838454410643,6.540979522306805,3.9604751868392847,3.287700017976842,1.9998629957976255,0.0,0.0,3.8260638337021606,1.7467960005697163,0.0,0.0,3.960475169123873,2.407113824206376,1.9998630044427403,7.140182879244248,10.202741867360947,6.635349426482806,5.430458261359956,3.517715970658038,6.540979522306805,3.8183281814398913,3.287700017976842,1.9998629957976255,0.0,0.0,0.0,0.0,3.5177159794248247,1.5876666125284848,3.818328195715265,2.3119199773078924,1.9998630044427403],"pr_entry":[0.0,0.0,0.0,0.0,0.0,0.0,0.0,0.0,0.0,0.09565157175281985,0.04366989647391122,0.0,0.0,0.09901186744844884,0.06017784282860654,0.0,0.0,0.0,0.0,0.0,0.0,0.0,0.0,0.0,0.0,0.0,0.0,0.08794288453899371,0.03969166180365931,0.09545819353391102,0.05779799675856127,0.0,0.0,0.0,0.0,0.0],"pr_exit":[0.0,0.0,0.0,0.25,0.0,0.0,0.0,0.25,0.0,0.0,0.0,0.0,0.0,0.0,0.0,0.0,0.0,0.0,0.0,0.0,0.0,0.0,0.0,0.25,0.0,0.25,0.0,0.0,0.0,0.0,0.0,0.0,0.0,0.0,0.0,0.0],"pr_merger":[0.1125167667437124,0.0,0.01019718128619681,0.0,0.027831600757877717,0.0,0.0,0.0,0.0,0.0,0.0,0.0,0.0,0.0,0.0,0.0,0.0,0.0,0.0,0.0,0.0,0.0,0.027831600525072775,0.0,0.0,0.0,0.0,0.0,0.0,0.010197181601105654,0.0,0.0,0.0,0.0,0.0,0.0],"active_firms":[true,true,true,true,true,true,true,true,true,false,false,true,true,false,false,true,true,true,true,true,true,true,true,true,true,true,true,false,false,false,false,true,true,true,true,true,true,true,true,true,true,true,true,true,true],"active_outcomes":[1.0,1.0,1.0,1.0,1.0,1.0,1.0,1.0,1.0,0.0,0.0,0.0,0.0,0.0,0.0,1.0,1.0,1.0,0.0,0.0,0.0,0.0,1.0,0.0,1.0,0.0,0.0,0.0,0.0,1.0,0.0,0.0,0.0,1.0,0.0,0.0,1.0,0.0,1.0,0.0,1.0,0.0,1.0,0.0,0.0,0.0,0.0,1.0,1.0,0.0,0.0,1.0,1.0,0.0,1.0,0.0,1.0,0.0,1.0,0.0,1.0,0.0,0.0,0.0,0.0,0.0,0.0,1.0,1.0,1.0,1.0,0.0,1.0,1.0,1.0,1.0,1.0,1.0,1.0,1.0,1.0],"markets":[1,2,3,4,3,4,7,8,9],"marketnames":["20","21","30","31","40","41","43"],"idx_up":[1,2,3,4,5,6,7,8,9,1,2,3,4,5,6,7,8,9,1,2,3,4,5,6,7,8,9,1,2,3,4,5,6,7,8,9,1,2,3,4,5,6,7,8,9,1,2,3,4,5,6,7,8,9,1,2,3,4,5,6,7,8,9,1,2,3,4,5,6,7,8,9,1,2,3,4,5,6,7,8,9,10,11,12,13,14,15,16,17,18,10,11,12,13,14,15,16,17,18,10,11,12,13,14,15,16,17,18,10,11,12,13,14,15,16,17,18,10,11,12,13,14,15,16,17,18,10,11,12,13,14,15,16,17,18,10,11,12,13,14,15,16,17,18,10,11,12,13,14,15,16,17,18,10,11,12,13,14,15,16,17,18,19,20,21,22,23,24,25,26,27,19,20,21,22,23,24,25,26,27,19,20,21,22,23,24,25,26,27,19,20,21,22,23,24,25,26,27,19,20,21,22,23,24,25,26,27,19,20,21,22,23,24,25,26,27,19,20,21,22,23,24,25,26,27,19,20,21,22,23,24,25,26,27,19,20,21,22,23,24,25,26,27,28,29,30,31,32,33,34,35,36,28,29,30,31,32,33,34,35,36,28,29,30,31,32,33,34,35,36,28,29,30,31,32,33,34,35,36,28,29,30,31,32,33,34,35,36,28,29,30,31,32,33,34,35,36,28,29,30,31,32,33,34,35,36,28,29,30,31,32,33,34,35,36,28,29,30,31,32,33,34,35,36],"idx_entry":[1,2,3,4,5,6,7,8,9,3,4,3,4,7,8,7,8,9,1,2,3,4,5,6,7,8,9,5,6,7,8,5,6,7,8,9,10,11,12,13,14,15,16,17,18,12,13,12,13,16,17,16,17,18,10,11,12,13,14,15,16,17,18,14,15,16,17,14,15,16,17,18,19,20,21,22,23,24,25,26,27,21,22,21,22,25,26,25,26,27,19,20,21,22,23,24,25,26,27,23,24,25,26,23,24,25,26,27,28,29,30,31,32,33,34,35,36,30,31,30,31,34,35,34,35,36,28,29,30,31,32,33,34,35,36,32,33,34,35,32,33,34,35,36],"idx_exit":[1,2,10,4,5,6,14,8,11,1,2,1,2,5,6,5,6,2,1,2,3,4,1,6,3,8,11,1,2,3,4,1,2,3,4,2,10,11,1,13,14,15,5,17,2,10,11,10,11,14,15,14,15,11,10,11,12,13,10,15,12,17,2,10,11,12,13,10,11,12,13,11,19,20,19,22,23,24,23,26,29,19,20,19,20,23,24,23,24,20,19,20,21,22,28,24,30,26,29,19,20,21,22,19,20,21,22,20,28,29,28,31,32,33,32,35,20,28,29,28,29,32,33,32,33,29,28,29,30,31,19,33,21,35,20,28,29,30,31,28,29,30,31,29],"idx_merger":[2,2,4,4,6,6,8,8,9,1,2,3,4,5,6,17,9,9,1,2,3,4,6,6,8,8,9,1,2,13,4,5,6,17,8,9,11,11,13,13,15,15,17,17,18,10,11,12,13,14,15,8,18,18,10,11,12,13,15,15,17,17,18,10,11,4,13,14,15,8,17,18,20,20,22,22,24,24,26,26,27,19,20,21,22,23,24,35,27,27,19,20,21,22,33,24,35,26,27,19,20,22,22,23,24,26,26,27,29,29,31,31,33,33,35,35,36,28,29,30,31,32,33,26,36,36,28,29,30,31,24,33,26,35,36,28,29,31,31,32,33,35,35,36]}