{"policy":"nolearning","smax":[5,1],"alpha":0.6,"beta":0.95,"gamma":1.0,"sigma":7.0,"v0":1.0,"accuracy":1.0e-8,"cost_entry":[0,10],"value_exit":[0,1],"cost_merger":[0,10],"entry":true,"exit":true,"mergers":true,"filename":"nolearning_a6s70v10","verbose":true,"firms":[1,2,3,4],"rival":[2,1,4,3],"partner":[3,4,1,2],"merger_pairs":[1,2,1,2,3,4,4,3],"outcomes":[1,0,1,0,1,0,0,0,0,0,1,0,1,0,1,0,0,0,1,0,0,1,0,0,1,0,0,0,1,1,0,0,0,0,1,0,0,0,0,0,1,1,1,1,2],"ownership":[0,3,0,3,0,0,4,4,0,1,0,1,0,0,2,2],"S":[1,1,1,1,1,1,1,1,1,0,0,1,1,0,0,1,1,1,1,1,1,1,1,1,1,1,1,0,0,0,0,1,1,1,1,1,0,1,0,1,0,1,0,1,3],"ms":9,"scale":[2.2973967099940698,2.2973967099940698,2.2973967099940698,2.2973967099940698,2.2973967099940698,2.2973967099940698,2.2973967099940698,2.2973967099940698,2.2973967099940698,0.0,0.0,2.2973967099940698,2.2973967099940698,0.0,0.0,2.2973967099940698,2.2973967099940698,2.2973967099940698,1.0,1.0,1.0,1.0,1.0,1.0,1.0,1.0,1.0,0.0,0.0,0.0,0.0,1.0,1.0,1.0,1.0,1.0],"D":[0.9262096338214871,0.9503241187338498,0.4999998112646744,0.6917650998365362,0.9262096338220599,0.9312553490066201,0.4999998112611225,0.5574458989569087,0.500000002074799,0.0,0.0,0.49999980561827584,0.30823483623571685,0.0,0.0,0.4999998056218276,0.4425538829073578,0.499999997575843,0.8180714760169152,0.9503241187338498,0.8180714760165809,0.8547519371866805,0.49833226029954325,0.9312553490066201,0.49833226029885314,0.6501553557885613,0.500000002074799,0.0,0.0,0.0,0.0,0.49833225414612503,0.06856172198504656,0.49833225414683796,0.3483707877459358,0.499999997575843],"Q":[0.7577056822414305,0.9503241187338498,0.4090355836093041,0.6917650998365362,0.4615601403337594,0.9312553490066201,0.24916603609475516,0.5574458989569087,0.500000002074799,0.0,0.0,0.0,0.0,0.0,0.0,0.24916603020850625,0.34837057052918374,0.499999997575843,0.0,0.0,0.0,0.0,0.4615601346344042,0.0,0.24916603301874876,0.0,0.0,0.0,0.0,0.4090355789901465,0.16298683735014435,0.0,0.0,0.2491660332845126,0.0927094568316527,0.0,0.1685039515800566,0.0,0.09096422765537034,0.0,0.0030893588538962458,0.0,0.0016677421476185821,0.0,0.0,0.0,0.0,0.09096422662812939,0.1452479988855725,0.0,0.0,0.0016677421288087955,0.0014738555465213246,0.0,0.06036579377548466,0.0,3.134171303593341e-7,0.0,0.036772119965783806,0.0,1.9091958534991304e-7,0.0,0.0,0.0,0.0,0.0,0.0,0.036772119511720824,0.06856172198504656,1.90919582992971e-7,2.172167520534408e-7,0.0,0.013424572403028183,0.04967588126615016,6.969991937017105e-8,6.392774701061537e-8,0.00024612670043535825,0.00018292900833329596,1.277881384976672e-9,9.18981515358778e-10,3.4935792820546444e-10],"P":[-0.3614103445631554,-0.859504324647296,-2.011682531936347,-2.2973966693867798,-0.3614103445643528,-0.7193129496554248,-2.011682531935945,-2.297396655743127,-2.154539566469559,-0.0,-0.0,-2.0116825303230894,-2.0908856691303765,-0.0,-0.0,-2.0116825303247174,-2.0411259452312565,-2.154539565826851,-0.21476226102955473,0.43789238534677377,-0.21476226102923388,-0.016460975213076382,-0.715235540233812,-0.5,-0.7152355402345925,-0.5916555278358514,-0.8571428564754893,-0.0,-0.0,-0.0,-0.0,-0.7152355384698087,-0.8466273606361562,-0.7152355384709912,-0.7807692832994928,-0.8571428558327812],"PI":[1.793129222609159,1.366463813938786,0.14285703510450298,2.809070600365693e-8,1.7931292226091586,1.469598942995844,0.1428570351036891,3.024196560581296e-8,0.07142857205865523,0.0,0.0,0.1428570342978753,0.06365389686148791,0.0,0.0,0.14285703429807609,0.1134136220214211,0.07142857173730127,0.6423805961437373,1.366463813938786,0.6423805961437373,0.8406818867353215,0.14190731688826283,0.46562767450331005,0.14190731688767735,0.2654873455841743,0.07142857205865523,0.0,0.0,0.0,0.0,0.14190731601504775,0.01051549226017667,0.14190731601466147,0.07637357747506177,0.07142857173730127],"CS":[0.6158097842704431,0.4699882603594651,2.3541523822847243,2.407599202392155,1.1870948731715114,1.2705849264921274,2.9254374711865374,3.0136338828701645,3.209724473940804],"V":[18.91980099509319,14.995811697787769,2.6677784027284908,4.1043997860174505e-6,18.053402678049693,14.306645990392466,2.8571398433560615,4.129334004160071e-6,1.428572774060382,0.0,0.0,2.667778393859933,1.6915313792879116,0.0,0.0,2.857139827243826,2.268272485108712,1.428572767633315,8.714194149242875,18.408705393963974,7.466910759052057,11.976544319894286,2.39590642830933,9.324468836221326,2.8381435178057703,5.3097402999894445,1.4285707836905852,0.0,0.0,0.0,0.0,2.3959064212816883,0.8934363550496466,2.8381435003454802,1.5274707402935082,1.4285707772635177],"pr_entry":[0.0,0.0,0.0,0.0,0.0,0.0,0.0,0.0,0.0,0.06669445889801331,0.04228828413907298,0.0,0.0,0.07142849455120397,0.05670681218650767,0.0,0.0,0.0,0.0,0.0,0.0,0.0,0.0,0.0,0.0,0.0,0.0,0.059897658768377285,0.022335907827927933,0.07095358379817945,0.038186767442590704,0.0,0.0,0.0,0.0,0.0],"pr_exit":[0.0,0.0,0.0,0.0,0.0,0.0,0.0,0.0,0.0,0.0,0.0,0.0,0.0,0.0,0.0,0.0,0.0,0.0,0.0,0.0,0.0,0.0,0.0,0.0,0.0,0.0,0.0,0.0,0.0,0.0,0.0,0.0,0.02664092172072066,0.0,0.0,0.0],"pr_merger":[0.15623351129689417,0.0,0.047556682761527705,0.0,0.08605812710288116,0.0,0.0,0.0,0.0,0.0,0.0,0.0,0.0,0.0,0.0,0.0,0.0,0.0,0.0,0.0,0.0,0.0,0.08605812729720189,0.0,0.0,0.0,0.0,0.0,0.0,0.04755668299609078,0.0,0.0,0.0,0.0,0.0,0.0],"active_firms":[true,true,true,true,true,true,true,true,true,false,false,true,true,false,false,true,true,true,true,true,true,true,true,true,true,true,true,false,false,false,false,true,true,true,true,true,true,true,true,true,true,true,true,true,true],"active_outcomes":[1.0,1.0,1.0,1.0,1.0,1.0,1.0,1.0,1.0,0.0,0.0,0.0,0.0,0.0,0.0,1.0,1.0,1.0,0.0,0.0,0.0,0.0,1.0,0.0,1.0,0.0,0.0,0.0,0.0,1.0,1.0,0.0,0.0,1.0,1.0,0.0,1.0,0.0,1.0,0.0,1.0,0.0,1.0,0.0,0.0,0.0,0.0,1.0,1.0,0.0,0.0,1.0,1.0,0.0,1.0,0.0,1.0,0.0,1.0,0.0,1.0,0.0,0.0,0.0,0.0,0.0,0.0,1.0,1.0,1.0,1.0,0.0,1.0,1.0,1.0,1.0,1.0,1.0,1.0,1.0,1.0],"markets":[1,2,3,4,3,4,7,8,9],"marketnames":["20","21","30","31","40","41","43"],"idx_up":[1,2,3,4,5,6,7,8,9,1,2,3,4,5,6,7,8,9,1,2,3,4,5,6,7,8,9,1,2,3,4,5,6,7,8,9,1,2,3,4,5,6,7,8,9,1,2,3,4,5,6,7,8,9,1,2,3,4,5,6,7,8,9,1,2,3,4,5,6,7,8,9,1,2,3,4,5,6,7,8,9,10,11,12,13,14,15,16,17,18,10,11,12,13,14,15,16,17,18,10,11,12,13,14,15,16,17,18,10,11,12,13,14,15,16,17,18,10,11,12,13,14,15,16,17,18,10,11,12,13,14,15,16,17,18,10,11,12,13,14,15,16,17,18,10,11,12,13,14,15,16,17,18,10,11,12,13,14,15,16,17,18,19,20,21,22,23,24,25,26,27,19,20,21,22,23,24,25,26,27,19,20,21,22,23,24,25,26,27,19,20,21,22,23,24,25,26,27,19,20,21,22,23,24,25,26,27,19,20,21,22,23,24,25,26,27,19,20,21,22,23,24,25,26,27,19,20,21,22,23,24,25,26,27,19,20,21,22,23,24,25,26,27,28,29,30,31,32,33,34,35,36,28,29,30,31,32,33,34,35,36,28,29,30,31,32,33,34,35,36,28,29,30,31,32,33,34,35,36,28,29,30,31,32,33,34,35,36,28,29,30,31,32,33,34,35,36,28,29,30,31,32,33,34,35,36,28,29,30,31,32,33,34,35,36,28,29,30,31,32,33,34,35,36],"idx_entry":[1,2,3,4,5,6,7,8,9,3,4,3,4,7,8,7,8,9,1,2,3,4,5,6,7,8,9,5,6,7,8,5,6,7,8,9,10,11,12,13,14,15,16,17,18,12,13,12,13,16,17,16,17,18,10,11,12,13,14,15,16,17,18,14,15,16,17,14,15,16,17,18,19,20,21,22,23,24,25,26,27,21,22,21,22,25,26,25,26,27,19,20,21,22,23,24,25,26,27,23,24,25,26,23,24,25,26,27,28,29,30,31,32,33,34,35,36,30,31,30,31,34,35,34,35,36,28,29,30,31,32,33,34,35,36,32,33,34,35,32,33,34,35,36],"idx_exit":[1,2,10,10,5,6,14,14,15,1,2,1,2,5,6,5,6,6,1,2,3,4,1,1,3,3,13,1,2,3,4,1,2,3,4,4,10,11,1,1,14,15,5,5,6,10,11,10,11,14,15,14,15,15,10,11,12,13,10,10,12,12,4,10,11,12,13,10,11,12,13,13,19,20,19,19,23,24,23,23,33,19,20,19,20,23,24,23,24,24,19,20,21,22,28,28,30,30,31,19,20,21,22,19,20,21,22,22,28,29,28,28,32,33,32,32,24,28,29,28,29,32,33,32,33,33,28,29,30,31,19,19,21,21,22,28,29,30,31,28,29,30,31,31],"idx_merger":[2,2,4,4,6,6,8,8,9,1,2,3,4,5,6,17,9,9,1,2,3,4,6,6,8,8,9,1,2,13,4,5,6,17,8,9,11,11,13,13,15,15,17,17,18,10,11,12,13,14,15,8,18,18,10,11,12,13,15,15,17,17,18,10,11,4,13,14,15,8,17,18,20,20,22,22,24,24,26,26,27,19,20,21,22,23,24,35,27,27,19,20,21,22,33,24,35,26,27,19,20,22,22,23,24,26,26,27,29,29,31,31,33,33,35,35,36,28,29,30,31,32,33,26,36,36,28,29,30,31,24,33,26,35,36,28,29,31,31,32,33,35,35,36]}