{"policy":"nolearning","smax":[5,1],"alpha":0.3,"beta":0.95,"gamma":1.0,"sigma":5.0,"v0":1.0,"accuracy":1.0e-8,"cost_entry":[0,10],"value_exit":[0,1],"cost_merger":[0,10],"entry":true,"exit":true,"mergers":true,"filename":"nolearning_a3s50v10","verbose":true,"firms":[1,2,3,4],"rival":[2,1,4,3],"partner":[3,4,1,2],"merger_pairs":[1,2,1,2,3,4,4,3],"outcomes":[1,0,1,0,1,0,0,0,0,0,1,0,1,0,1,0,0,0,1,0,0,1,0,0,1,0,0,0,1,1,0,0,0,0,1,0,0,0,0,0,1,1,1,1,2],"ownership":[0,3,0,3,0,0,4,4,0,1,0,1,0,0,2,2],"S":[1,1,1,1,1,1,1,1,1,0,0,1,1,0,0,1,1,1,1,1,1,1,1,1,1,1,1,0,0,0,0,1,1,1,1,1,0,1,0,1,0,1,0,1,3],"ms":9,"scale":[1.515716566510398,1.515716566510398,1.515716566510398,1.515716566510398,1.515716566510398,1.515716566510398,1.515716566510398,1.515716566510398,1.515716566510398,0.0,0.0,1.515716566510398,1.515716566510398,0.0,0.0,1.515716566510398,1.515716566510398,1.515716566510398,1.0,1.0,1.0,1.0,1.0,1.0,1.0,1.0,1.0,0.0,0.0,0.0,0.0,1.0,1.0,1.0,1.0,1.0],"D":[0.8326163309485871,0.9033243195587563,0.49906082115573647,0.7956996094980388,0.832616330949756,0.8559030610618472,0.49906082115674927,0.6222778621989393,0.4999936336662191,0.0,0.0,0.49906082553048836,0.20393420229282813,0.0,0.0,0.49906082552947373,0.3767636867812775,0.4999936391217589,0.7453054096204014,0.9033243195587563,0.7453054096194487,0.7956996094980388,0.4883822330631435,0.8559030610618472,0.48838223306444306,0.6222778621989393,0.4999936336662191,0.0,0.0,0.0,0.0,0.4883822367995052,0.14105240762444884,0.48838223679839904,0.36579461835225263,0.4999936391217589],"Q":[0.6205534555942724,0.9033243195587563,0.37195272973649457,0.7956996094980388,0.40663502299408316,0.8559030610618472,0.2437324382715079,0.6222778621989393,0.4999936336662191,0.0,0.0,0.0,0.0,0.0,0.0,0.24373244227053997,0.36486643281610187,0.4999936391217589,0.0,0.0,0.0,0.0,0.40663502610503893,0.0,0.24373244013497905,0.0,0.0,0.0,0.0,0.3719527329970208,0.0,0.0,0.0,0.24373244040706882,0.0,0.0,0.2120628753543147,0.0,0.12710809141924193,0.0,0.019346281850633966,0.0,0.011595942750262345,0.0,0.0,0.0,0.0,0.12710809253346755,0.20393420229282813,0.0,0.0,0.011595942851864913,0.011897253965175625,0.0,0.12475195402612896,0.0,0.001399946885933359,0.0,0.08174721006906033,0.0,0.0009173543858663778,0.0,0.0,0.0,0.0,0.0,0.0,0.08174721069446626,0.14105240762444884,0.0009173543928800665,0.0009281855361507541,0.0,0.0426317150252839,0.09667568044124378,0.0004784064278419548,0.00036618820913308887,0.0038892482867173912,0.0030445313137038945,4.364453503049418e-5,3.0265483632346047e-5,1.2727212021975974e-5],"P":[-0.3208568704228456,-0.48133026034504245,-1.1164664956631354,-1.0262412417319022,-0.320856870424523,-0.8217392986508709,-1.1164664956633683,-1.2509716919176253,-1.3157191097110024,-0.0,-0.0,-1.1164664974163292,-1.2644810498372887,-0.0,-0.0,-1.1164664974157497,-1.194810996820696,-1.3157191108021242,-0.21474578751980128,0.03438630616535554,-0.2147457875187975,-0.5105246752215042,-0.6090831570263788,-0.30602273214047293,-0.6090831570285775,-0.7352551254072273,-0.8000025432006044,-0.0,-0.0,-0.0,-0.0,-0.6090831585564761,-0.7671569074501997,-0.6090831585576897,-0.6846447469722722,-0.8000025442917262],"PI":[0.9948596961547618,0.9343863061777151,0.19925006820352084,0.38947532478517477,0.9948596961547618,0.5939772678683067,0.19925006820380894,0.1647448745897169,0.09999745514913248,0.0,0.0,0.1992500690751905,0.051235514680357065,0.0,0.0,0.19925006907507462,0.12090556554493832,0.0999974556946726,0.5852542124887001,0.9343863061777151,0.5852542124887002,0.38947532478517477,0.19091684071345133,0.5939772678683067,0.19091684071288553,0.1647448745897169,0.09999745514913248,0.0,0.0,0.0,0.0,0.19091684142678572,0.0328430788028717,0.1909168414257606,0.11535525442665576,0.0999974556946726],"CS":[0.6310313637072167,0.524815095104948,1.5290099838587259,1.6400090393165794,1.109907876502924,1.2164180764169663,2.0078864966552783,2.1386369442555724,2.3929830716853098],"V":[10.246208630492928,11.13452450632581,3.8513986266692743,5.439402205792481,9.67310101057761,7.290356917602506,3.9849926248642094,3.2948980733803928,1.999948045473295,0.0,0.0,3.8513986385105468,1.753278742144546,0.0,0.0,3.9849926422893653,2.4181094842818673,1.9999480563840895,7.269864052352134,11.13452450632581,6.6348957201151775,5.439402205792481,3.4420057772917487,7.290356917602506,3.818328435424217,3.2948980733803928,1.999948045473295,0.0,0.0,0.0,0.0,3.4420057855195956,1.5390485303419565,3.8183284496815926,2.3071033347190575,1.9999480563840895],"pr_entry":[0.0,0.0,0.0,0.0,0.0,0.0,0.0,0.0,0.0,0.096284942059744,0.04383196548517683,0.0,0.0,0.0996248045582708,0.06045273470360339,0.0,0.0,0.0,0.0,0.0,0.0,0.0,0.0,0.0,0.0,0.0,0.0,0.08605013242337928,0.0384762101874974,0.09545820021725875,0.057677581060326374,0.0,0.0,0.0,0.0,0.0],"pr_exit":[0.0,0.0,0.0,0.25,0.0,0.0,0.0,0.25,0.0,0.0,0.0,0.0,0.0,0.0,0.0,0.0,0.0,0.0,0.0,0.0,0.0,0.0,0.0,0.25,0.0,0.25,0.0,0.0,0.0,0.0,0.0,0.0,0.0,0.0,0.0,0.0],"pr_merger":[0.12533668510902213,0.0,0.01003108533165884,0.0,0.03779300942290355,0.0,0.0,0.0,0.0,0.0,0.0,0.0,0.0,0.0,0.0,0.0,0.0,0.0,0.0,0.0,0.0,0.0,0.03779300920219024,0.0,0.0,0.0,0.0,0.0,0.0,0.010031085022301522,0.0,0.0,0.0,0.0,0.0,0.0],"active_firms":[true,true,true,true,true,true,true,true,true,false,false,true,true,false,false,true,true,true,true,true,true,true,true,true,true,true,true,false,false,false,false,true,true,true,true,true,true,true,true,true,true,true,true,true,true],"active_outcomes":[1.0,1.0,1.0,1.0,1.0,1.0,1.0,1.0,1.0,0.0,0.0,0.0,0.0,0.0,0.0,1.0,1.0,1.0,0.0,0.0,0.0,0.0,1.0,0.0,1.0,0.0,0.0,0.0,0.0,1.0,0.0,0.0,0.0,1.0,0.0,0.0,1.0,0.0,1.0,0.0,1.0,0.0,1.0,0.0,0.0,0.0,0.0,1.0,1.0,0.0,0.0,1.0,1.0,0.0,1.0,0.0,1.0,0.0,1.0,0.0,1.0,0.0,0.0,0.0,0.0,0.0,0.0,1.0,1.0,1.0,1.0,0.0,1.0,1.0,1.0,1.0,1.0,1.0,1.0,1.0,1.0],"markets":[1,2,3,4,3,4,7,8,9],"marketnames":["20","21","30","31","40","41","43"],"idx_up":[1,2,3,4,5,6,7,8,9,1,2,3,4,5,6,7,8,9,1,2,3,4,5,6,7,8,9,1,2,3,4,5,6,7,8,9,1,2,3,4,5,6,7,8,9,1,2,3,4,5,6,7,8,9,1,2,3,4,5,6,7,8,9,1,2,3,4,5,6,7,8,9,1,2,3,4,5,6,7,8,9,10,11,12,13,14,15,16,17,18,10,11,12,13,14,15,16,17,18,10,11,12,13,14,15,16,17,18,10,11,12,13,14,15,16,17,18,10,11,12,13,14,15,16,17,18,10,11,12,13,14,15,16,17,18,10,11,12,13,14,15,16,17,18,10,11,12,13,14,15,16,17,18,10,11,12,13,14,15,16,17,18,19,20,21,22,23,24,25,26,27,19,20,21,22,23,24,25,26,27,19,20,21,22,23,24,25,26,27,19,20,21,22,23,24,25,26,27,19,20,21,22,23,24,25,26,27,19,20,21,22,23,24,25,26,27,19,20,21,22,23,24,25,26,27,19,20,21,22,23,24,25,26,27,19,20,21,22,23,24,25,26,27,28,29,30,31,32,33,34,35,36,28,29,30,31,32,33,34,35,36,28,29,30,31,32,33,34,35,36,28,29,30,31,32,33,34,35,36,28,29,30,31,32,33,34,35,36,28,29,30,31,32,33,34,35,36,28,29,30,31,32,33,34,35,36,28,29,30,31,32,33,34,35,36,28,29,30,31,32,33,34,35,36],"idx_entry":[1,2,3,4,5,6,7,8,9,3,4,3,4,7,8,7,8,9,1,2,3,4,5,6,7,8,9,5,6,7,8,5,6,7,8,9,10,11,12,13,14,15,16,17,18,12,13,12,13,16,17,16,17,18,10,11,12,13,14,15,16,17,18,14,15,16,17,14,15,16,17,18,19,20,21,22,23,24,25,26,27,21,22,21,22,25,26,25,26,27,19,20,21,22,23,24,25,26,27,23,24,25,26,23,24,25,26,27,28,29,30,31,32,33,34,35,36,30,31,30,31,34,35,34,35,36,28,29,30,31,32,33,34,35,36,32,33,34,35,32,33,34,35,36],"idx_exit":[1,2,10,4,5,6,14,8,11,1,2,1,2,5,6,5,6,2,1,2,3,4,1,6,3,8,11,1,2,3,4,1,2,3,4,2,10,11,1,13,14,15,5,17,2,10,11,10,11,14,15,14,15,11,10,11,12,13,10,15,12,17,2,10,11,12,13,10,11,12,13,11,19,20,19,22,23,24,23,26,29,19,20,19,20,23,24,23,24,20,19,20,21,22,28,24,30,26,29,19,20,21,22,19,20,21,22,20,28,29,28,31,32,33,32,35,20,28,29,28,29,32,33,32,33,29,28,29,30,31,19,33,21,35,20,28,29,30,31,28,29,30,31,29],"idx_merger":[2,2,4,4,6,6,8,8,9,1,2,3,4,5,6,17,9,9,1,2,3,4,6,6,8,8,9,1,2,13,4,5,6,17,8,9,11,11,13,13,15,15,17,17,18,10,11,12,13,14,15,8,18,18,10,11,12,13,15,15,17,17,18,10,11,4,13,14,15,8,17,18,20,20,22,22,24,24,26,26,27,19,20,21,22,23,24,35,27,27,19,20,21,22,33,24,35,26,27,19,20,22,22,23,24,26,26,27,29,29,31,31,33,33,35,35,36,28,29,30,31,32,33,26,36,36,28,29,30,31,24,33,26,35,36,28,29,31,31,32,33,35,35,36]}