{"policy":"nolearning","smax":[5,1],"alpha":0.8,"beta":0.95,"gamma":1.0,"sigma":3.0,"v0":1.0,"accuracy":1.0e-8,"cost_entry":[0,10],"value_exit":[0,1],"cost_merger":[0,10],"entry":true,"exit":true,"mergers":true,"filename":"nolearning_a8s30v10","verbose":true,"firms":[1,2,3,4],"rival":[2,1,4,3],"partner":[3,4,1,2],"merger_pairs":[1,2,1,2,3,4,4,3],"outcomes":[1,0,1,0,1,0,0,0,0,0,1,0,1,0,1,0,0,0,1,0,0,1,0,0,1,0,0,0,1,1,0,0,0,0,1,0,0,0,0,0,1,1,1,1,2],"ownership":[0,3,0,3,0,0,4,4,0,1,0,1,0,0,2,2],"S":[1,1,1,1,1,1,1,1,1,0,0,1,1,0,0,1,1,1,1,1,1,1,1,1,1,1,1,0,0,0,0,1,1,1,1,1,0,1,0,1,0,1,0,1,3],"ms":9,"scale":[3.0314331330207964,3.0314331330207964,3.0314331330207964,3.0314331330207964,3.0314331330207964,3.0314331330207964,3.0314331330207964,3.0314331330207964,3.0314331330207964,0.0,0.0,3.0314331330207964,3.0314331330207964,0.0,0.0,3.0314331330207964,3.0314331330207964,3.0314331330207964,1.0,1.0,1.0,1.0,1.0,1.0,1.0,1.0,1.0,0.0,0.0,0.0,0.0,1.0,1.0,1.0,1.0,1.0],"D":[0.8622609034048689,0.8990655008782223,0.4997928043004217,0.6147171760423875,0.8622609034026176,0.8767034925908713,0.499792804291316,0.543583564626551,0.4999896696269936,0.0,0.0,0.4997928001042313,0.3851319078197983,0.0,0.0,0.49979280011336524,0.4561553217203935,0.4999896744516638,0.6089389667941284,0.8990655008782223,0.6089389667986356,0.7355970537614013,0.4360635237936201,0.8767034925908713,0.4360635238049618,0.6300212321725908,0.4999896696269936,0.0,0.0,0.0,0.0,0.4360635173211235,0.10697637825906786,0.43606351731598403,0.3057155751033873,0.4999896744516638],"Q":[0.5250642636263326,0.8990655008782223,0.3043433138640914,0.6147171760423875,0.3760005279672158,0.8767034925908713,0.21794141141163476,0.543583564626551,0.4999896696269936,0.0,0.0,0.0,0.0,0.0,0.0,0.21794140634663847,0.30549981539620213,0.4999896744516638,0.0,0.0,0.0,0.0,0.37600052238623494,0.0,0.21794140816849056,0.0,0.0,0.0,0.0,0.30434331130886755,0.1208798777190138,0.0,0.0,0.21794140958978303,0.08643766754603972,0.0,0.33719663977853637,0.0,0.19544949043633034,0.0,0.11025985304916695,0.0,0.0639099847111907,0.0,0.0,0.0,0.0,0.19544948879536375,0.26425203010078446,0.0,0.0,0.06390998417694371,0.06421783877815168,0.0,0.08387470316779576,0.0,0.00025234162567655544,0.0,0.060062995826404356,0.0,0.00018070280354401077,0.0,0.0,0.0,0.0,0.0,0.0,0.06006299493488851,0.10697637825906786,0.000180702800855007,0.00021575970718520053,0.0,0.053864393427335296,0.10093449912177765,0.00016205396967052316,0.0001509161378142154,0.01761310583608942,0.01632012915006079,5.2989990919873835e-5,4.535394587021633e-5,2.065592134261132e-5],"P":[-0.6113988685684292,-1.380197251279423,-2.365042612740418,-3.031433087228459,-0.6113988685621107,-0.8279231930892582,-2.3650426127570183,-3.0314330104534943,-2.6981066815630523,-0.0,-0.0,-2.365042609941798,-2.4893114274607804,-0.0,-0.0,-2.365042609970563,-2.418513043875765,-2.698106683171309,-0.14761813366644838,0.6512358817413735,-0.1476181336727572,0.2607020002824532,-0.4089168890542917,-0.5,-0.40891688907912876,-0.0990475043615956,-0.6666735485422557,-0.0,-0.0,-0.0,-0.0,-0.4089168841066205,-0.6267362610149007,-0.4089168841188593,-0.5198893798854758,-0.6666735501505126],"PI":[2.0867009311374356,1.4845692150859011,0.33305718689014746,2.8149336378536093e-8,2.0867009311374356,1.9318248602966808,0.3330571868757827,6.662557097428757e-8,0.1666597823422956,0.0,0.0,0.3330571854925761,0.20878836673285192,0.0,0.0,0.3330571854842863,0.27958676045284403,0.16665978314637409,0.5190485329992037,1.4845692150859011,0.519048532999204,0.9273686770788778,0.2577497842138809,0.43835174629543566,0.2577497842097542,0.5676192014310782,0.1666597823422957,0.0,0.0,0.0,0.0,0.25774978254559633,0.039930402932063964,0.2577497825372216,0.14677729434155568,0.16665978314637409],"CS":[0.9737618745596532,0.8603218561739244,2.909193710699465,3.0288227755316064,1.346370668091436,1.467679362774201,3.281802504271695,3.429565149457975,3.826885237465088],"V":[15.40309958517459,9.237243813971597,6.483138396500385,6.164140725882394e-6,15.162917857974863,10.567769494334756,6.661137567507053,6.485528380992179e-6,3.3331951338911976,0.0,0.0,6.4831383772853455,5.000359846133558,0.0,0.0,6.661137539677176,5.591730856895614,3.3331951499727417,6.901461202262991,16.8481384426331,6.751445833981158,14.357313292872071,4.861859200386763,10.645227856573522,5.15498862127413,11.3523664309931,3.3331916807343784,0.0,0.0,0.0,0.0,4.861859178487208,2.351052413945627,5.154988587823522,2.9355425966694173,3.3331916968159234],"pr_entry":[0.0,0.0,0.0,0.0,0.0,0.0,0.0,0.0,0.0,0.1620784509437507,0.1250089895546886,0.0,0.0,0.16652843037349707,0.1397932656958624,0.0,0.0,0.0,0.0,0.0,0.0,0.0,0.0,0.0,0.0,0.0,0.0,0.12154647040093947,0.05877630542089979,0.12887470540227103,0.07338856058757531,0.0,0.0,0.0,0.0,0.0],"pr_exit":[0.0,0.0,0.0,0.0,0.0,0.0,0.0,0.0,0.0,0.0,0.0,0.0,0.0,0.0,0.0,0.0,0.0,0.0,0.0,0.0,0.0,0.0,0.0,0.0,0.0,0.0,0.0,0.0,0.0,0.0,0.0,0.0,0.0,0.0,0.0,0.0],"pr_merger":[0.09438687541858819,0.0,0.027125249689216903,0.0,0.029418629458587774,0.0,0.0,0.0,0.0,0.0,0.0,0.0,0.0,0.0,0.0,0.0,0.0,0.0,0.0,0.0,0.0,0.0,0.029418630054166072,0.0,0.0,0.0,0.0,0.0,0.0,0.027125250197348662,0.0,0.0,0.0,0.0,0.0,0.0],"active_firms":[true,true,true,true,true,true,true,true,true,false,false,true,true,false,false,true,true,true,true,true,true,true,true,true,true,true,true,false,false,false,false,true,true,true,true,true,true,true,true,true,true,true,true,true,true],"active_outcomes":[1.0,1.0,1.0,1.0,1.0,1.0,1.0,1.0,1.0,0.0,0.0,0.0,0.0,0.0,0.0,1.0,1.0,1.0,0.0,0.0,0.0,0.0,1.0,0.0,1.0,0.0,0.0,0.0,0.0,1.0,1.0,0.0,0.0,1.0,1.0,0.0,1.0,0.0,1.0,0.0,1.0,0.0,1.0,0.0,0.0,0.0,0.0,1.0,1.0,0.0,0.0,1.0,1.0,0.0,1.0,0.0,1.0,0.0,1.0,0.0,1.0,0.0,0.0,0.0,0.0,0.0,0.0,1.0,1.0,1.0,1.0,0.0,1.0,1.0,1.0,1.0,1.0,1.0,1.0,1.0,1.0],"markets":[1,2,3,4,3,4,7,8,9],"marketnames":["20","21","30","31","40","41","43"],"idx_up":[1,2,3,4,5,6,7,8,9,1,2,3,4,5,6,7,8,9,1,2,3,4,5,6,7,8,9,1,2,3,4,5,6,7,8,9,1,2,3,4,5,6,7,8,9,1,2,3,4,5,6,7,8,9,1,2,3,4,5,6,7,8,9,1,2,3,4,5,6,7,8,9,1,2,3,4,5,6,7,8,9,10,11,12,13,14,15,16,17,18,10,11,12,13,14,15,16,17,18,10,11,12,13,14,15,16,17,18,10,11,12,13,14,15,16,17,18,10,11,12,13,14,15,16,17,18,10,11,12,13,14,15,16,17,18,10,11,12,13,14,15,16,17,18,10,11,12,13,14,15,16,17,18,10,11,12,13,14,15,16,17,18,19,20,21,22,23,24,25,26,27,19,20,21,22,23,24,25,26,27,19,20,21,22,23,24,25,26,27,19,20,21,22,23,24,25,26,27,19,20,21,22,23,24,25,26,27,19,20,21,22,23,24,25,26,27,19,20,21,22,23,24,25,26,27,19,20,21,22,23,24,25,26,27,19,20,21,22,23,24,25,26,27,28,29,30,31,32,33,34,35,36,28,29,30,31,32,33,34,35,36,28,29,30,31,32,33,34,35,36,28,29,30,31,32,33,34,35,36,28,29,30,31,32,33,34,35,36,28,29,30,31,32,33,34,35,36,28,29,30,31,32,33,34,35,36,28,29,30,31,32,33,34,35,36,28,29,30,31,32,33,34,35,36],"idx_entry":[1,2,3,4,5,6,7,8,9,3,4,3,4,7,8,7,8,9,1,2,3,4,5,6,7,8,9,5,6,7,8,5,6,7,8,9,10,11,12,13,14,15,16,17,18,12,13,12,13,16,17,16,17,18,10,11,12,13,14,15,16,17,18,14,15,16,17,14,15,16,17,18,19,20,21,22,23,24,25,26,27,21,22,21,22,25,26,25,26,27,19,20,21,22,23,24,25,26,27,23,24,25,26,23,24,25,26,27,28,29,30,31,32,33,34,35,36,30,31,30,31,34,35,34,35,36,28,29,30,31,32,33,34,35,36,32,33,34,35,32,33,34,35,36],"idx_exit":[1,2,10,10,5,6,14,14,15,1,2,1,2,5,6,5,6,6,1,2,3,4,1,1,3,3,13,1,2,3,4,1,2,3,4,4,10,11,1,1,14,15,5,5,6,10,11,10,11,14,15,14,15,15,10,11,12,13,10,10,12,12,4,10,11,12,13,10,11,12,13,13,19,20,19,19,23,24,23,23,33,19,20,19,20,23,24,23,24,24,19,20,21,22,28,28,30,30,31,19,20,21,22,19,20,21,22,22,28,29,28,28,32,33,32,32,24,28,29,28,29,32,33,32,33,33,28,29,30,31,19,19,21,21,22,28,29,30,31,28,29,30,31,31],"idx_merger":[2,2,4,4,6,6,8,8,9,1,2,3,4,5,6,17,9,9,1,2,3,4,6,6,8,8,9,1,2,13,4,5,6,17,8,9,11,11,13,13,15,15,17,17,18,10,11,12,13,14,15,8,18,18,10,11,12,13,15,15,17,17,18,10,11,4,13,14,15,8,17,18,20,20,22,22,24,24,26,26,27,19,20,21,22,23,24,35,27,27,19,20,21,22,33,24,35,26,27,19,20,22,22,23,24,26,26,27,29,29,31,31,33,33,35,35,36,28,29,30,31,32,33,26,36,36,28,29,30,31,24,33,26,35,36,28,29,31,31,32,33,35,35,36]}