{"policy":"nolearning","smax":[5,1],"alpha":0.0,"beta":0.95,"gamma":1.0,"sigma":4.0,"v0":1.0,"accuracy":1.0e-8,"cost_entry":[0,10],"value_exit":[0,1],"cost_merger":[0,10],"entry":true,"exit":true,"mergers":true,"filename":"nolearning_a0s40v10","verbose":true,"firms":[1,2,3,4],"rival":[2,1,4,3],"partner":[3,4,1,2],"merger_pairs":[1,2,1,2,3,4,4,3],"outcomes":[1,0,1,0,1,0,0,0,0,0,1,0,1,0,1,0,0,0,1,0,0,1,0,0,1,0,0,0,1,1,0,0,0,0,1,0,0,0,0,0,1,1,1,1,2],"ownership":[0,3,0,3,0,0,4,4,0,1,0,1,0,0,2,2],"S":[1,1,1,1,1,1,1,1,1,0,0,1,1,0,0,1,1,1,1,1,1,1,1,1,1,1,1,0,0,0,0,1,1,1,1,1,0,1,0,1,0,1,0,1,3],"ms":9,"scale":[1.0,1.0,1.0,1.0,1.0,1.0,1.0,1.0,1.0,0.0,0.0,1.0,1.0,0.0,0.0,1.0,1.0,1.0,1.0,1.0,1.0,1.0,1.0,1.0,1.0,1.0,1.0,0.0,0.0,0.0,0.0,1.0,1.0,1.0,1.0,1.0],"D":[0.6882734745212638,0.841951664335115,0.47137681144712174,0.7561027021706097,0.6882734745209625,0.7561027021630289,0.4713768114402797,0.6059099477759033,0.4993825991339676,0.0,0.0,0.4713768064107714,0.2285910110950214,0.0,0.0,0.47137680642060564,0.36226031637467815,0.49938260457658773,0.6882734745179786,0.841951664335115,0.6882734745148354,0.7561027021706097,0.47137681144879084,0.7561027021630289,0.47137681144659327,0.6059099477759033,0.4993825991339676,0.0,0.0,0.0,0.0,0.47137680640928836,0.22859101110492688,0.47137680641135066,0.3622603153895926,0.49938260457658773],"Q":[0.4737203757273116,0.841951664335115,0.32443615582043495,0.7561027021706097,0.32443615582447194,0.7561027021630289,0.22219609836658102,0.6059099477759033,0.4993825991339676,0.0,0.0,0.0,0.0,0.0,0.0,0.2221960936269265,0.333001393266329,0.49938260457658773,0.0,0.0,0.0,0.0,0.32443615235591605,0.0,0.22219609599308446,0.0,0.0,0.0,0.0,0.3244361523540486,0.0,0.0,0.0,0.2221960960004231,0.0,0.0,0.21455309879395215,0.0,0.1469406556266868,0.0,0.03940116634057458,0.0,0.026984617080614216,0.0,0.0,0.0,0.0,0.14694065405672277,0.2285910110950214,0.0,0.0,0.026984616793256047,0.029258923108349173,0.0,0.21455309879066695,0.0,0.039401166340351866,0.0,0.14694065562431893,0.0,0.026984617079589174,0.0,0.0,0.0,0.0,0.0,0.0,0.1469406540533723,0.22859101110492688,0.026984616791339757,0.029258922123263566,0.0,0.09717342668806925,0.15804833566488502,0.017845215801754917,0.015306286734368783,0.01784521580134617,0.01530628673204419,0.003277148268185952,0.0025708137261547816,0.0012347962894446959],"P":[-0.198014992113026,-0.20910271233059152,-0.5270733380145588,-0.4874891968388295,-0.198014992112675,-0.4874891968565602,-0.5270733380239958,-0.6828136125302815,-0.7503083156297264,-0.0,-0.0,-0.5270733353434737,-0.675917696842322,-0.0,-0.0,-0.5270733353617553,-0.6079905292334448,-0.7503083169920637,-0.19801499210919804,-0.20910271233059152,-0.19801499210553564,-0.4874891968388295,-0.5270733380162564,-0.4874891968565602,-0.5270733380144993,-0.6828136125302815,-0.7503083156297264,-0.0,-0.0,-0.0,-0.0,-0.5270733353434995,-0.6759176968911231,-0.5270733353440017,-0.6079905208164772,-0.7503083169920637],"PI":[0.5519850078923307,0.6658972876713867,0.222926661975028,0.3875108031617905,0.5519850078923307,0.387510803144499,0.22292666196734381,0.1921863874670046,0.12469168232296549,0.0,0.0,0.2229266608522912,0.07408230135681687,0.0,0.0,0.22292666084832458,0.14200947490176244,0.12469168300161496,0.5519850078923307,0.6658972876713867,0.5519850078923307,0.3875108031617905,0.22292666197501712,0.387510803144499,0.22292666197480612,0.1921863874670046,0.12469168232296549,0.0,0.0,0.0,0.0,0.22292666085157767,0.07408230134887155,0.22292666085231627,0.1420094775647329,0.12469168300161496],"CS":[0.5828144982189694,0.5331341108154678,1.0065049572478841,1.116793427439924,1.0065049572536104,1.1167934274778921,1.430195416297762,1.5628037194197362,1.8474991127213973],"V":[6.713565339089463,7.987438474768458,4.458515068078928,5.5066978582175485,6.569358233598104,5.506697875979578,4.458515068029786,3.8437128082436263,2.4938257977780864,0.0,0.0,4.458515045674809,2.2618503171633226,0.0,0.0,4.458515045649513,2.840179829581999,2.4938258113510043,6.713565339151547,7.987438474768458,6.569358233673796,5.5066978582175485,4.458515068180226,5.506697875979578,4.458515068179015,3.8437128082436263,2.4938257977780864,0.0,0.0,0.0,0.0,4.4585150457244636,2.261850341454143,4.458515045729344,2.840179882841126,2.4938258113510043],"pr_entry":[0.0,0.0,0.0,0.0,0.0,0.0,0.0,0.0,0.0,0.11146285223224195,0.056546242616955344,0.0,0.0,0.11146285223161019,0.07100448301790098,0.0,0.0,0.0,0.0,0.0,0.0,0.0,0.0,0.0,0.0,0.0,0.0,0.11146285223348333,0.05654624322422538,0.11146285223360597,0.07100448434937877,0.0,0.0,0.0,0.0,0.0],"pr_exit":[0.0,0.0,0.0,0.25,0.0,0.0,0.0,0.0,0.0,0.0,0.0,0.0,0.0,0.0,0.0,0.0,0.0,0.0,0.0,0.0,0.0,0.0,0.0,0.25,0.0,0.0,0.0,0.0,0.0,0.0,0.0,0.0,0.0,0.0,0.0,0.0],"pr_merger":[0.06303743016225119,0.0,0.0,0.0,0.0,0.0,0.0,0.0,0.0,0.0,0.0,0.0,0.0,0.0,0.0,0.0,0.0,0.0,0.0,0.0,0.0,0.0,0.0,0.0,0.0,0.0,0.0,0.0,0.0,0.0,0.0,0.0,0.0,0.0,0.0,0.0],"active_firms":[true,true,true,true,true,true,true,true,true,false,false,true,true,false,false,true,true,true,true,true,true,true,true,true,true,true,true,false,false,false,false,true,true,true,true,true,true,true,true,true,true,true,true,true,true],"active_outcomes":[1.0,1.0,1.0,1.0,1.0,1.0,1.0,1.0,1.0,0.0,0.0,0.0,0.0,0.0,0.0,1.0,1.0,1.0,0.0,0.0,0.0,0.0,1.0,0.0,1.0,0.0,0.0,0.0,0.0,1.0,0.0,0.0,0.0,1.0,0.0,0.0,1.0,0.0,1.0,0.0,1.0,0.0,1.0,0.0,0.0,0.0,0.0,1.0,1.0,0.0,0.0,1.0,1.0,0.0,1.0,0.0,1.0,0.0,1.0,0.0,1.0,0.0,0.0,0.0,0.0,0.0,0.0,1.0,1.0,1.0,1.0,0.0,1.0,1.0,1.0,1.0,1.0,1.0,1.0,1.0,1.0],"markets":[1,2,3,4,3,4,7,8,9],"marketnames":["20","21","30","31","40","41","43"],"idx_up":[1,2,3,4,5,6,7,8,9,1,2,3,4,5,6,7,8,9,1,2,3,4,5,6,7,8,9,1,2,3,4,5,6,7,8,9,1,2,3,4,5,6,7,8,9,1,2,3,4,5,6,7,8,9,1,2,3,4,5,6,7,8,9,1,2,3,4,5,6,7,8,9,1,2,3,4,5,6,7,8,9,10,11,12,13,14,15,16,17,18,10,11,12,13,14,15,16,17,18,10,11,12,13,14,15,16,17,18,10,11,12,13,14,15,16,17,18,10,11,12,13,14,15,16,17,18,10,11,12,13,14,15,16,17,18,10,11,12,13,14,15,16,17,18,10,11,12,13,14,15,16,17,18,10,11,12,13,14,15,16,17,18,19,20,21,22,23,24,25,26,27,19,20,21,22,23,24,25,26,27,19,20,21,22,23,24,25,26,27,19,20,21,22,23,24,25,26,27,19,20,21,22,23,24,25,26,27,19,20,21,22,23,24,25,26,27,19,20,21,22,23,24,25,26,27,19,20,21,22,23,24,25,26,27,19,20,21,22,23,24,25,26,27,28,29,30,31,32,33,34,35,36,28,29,30,31,32,33,34,35,36,28,29,30,31,32,33,34,35,36,28,29,30,31,32,33,34,35,36,28,29,30,31,32,33,34,35,36,28,29,30,31,32,33,34,35,36,28,29,30,31,32,33,34,35,36,28,29,30,31,32,33,34,35,36,28,29,30,31,32,33,34,35,36],"idx_entry":[1,2,3,4,5,6,7,8,9,3,4,3,4,7,8,7,8,9,1,2,3,4,5,6,7,8,9,5,6,7,8,5,6,7,8,9,10,11,12,13,14,15,16,17,18,12,13,12,13,16,17,16,17,18,10,11,12,13,14,15,16,17,18,14,15,16,17,14,15,16,17,18,19,20,21,22,23,24,25,26,27,21,22,21,22,25,26,25,26,27,19,20,21,22,23,24,25,26,27,23,24,25,26,23,24,25,26,27,28,29,30,31,32,33,34,35,36,30,31,30,31,34,35,34,35,36,28,29,30,31,32,33,34,35,36,32,33,34,35,32,33,34,35,36],"idx_exit":[1,2,10,4,5,6,14,10,11,1,2,1,2,5,6,5,6,2,1,2,3,4,1,6,3,10,11,1,2,3,4,1,2,3,4,2,10,11,1,13,14,15,5,1,2,10,11,10,11,14,15,14,15,11,10,11,12,13,10,15,12,1,2,10,11,12,13,10,11,12,13,11,19,20,19,22,23,24,23,28,29,19,20,19,20,23,24,23,24,20,19,20,21,22,28,24,30,28,29,19,20,21,22,19,20,21,22,20,28,29,28,31,32,33,32,19,20,28,29,28,29,32,33,32,33,29,28,29,30,31,19,33,21,19,20,28,29,30,31,28,29,30,31,29],"idx_merger":[2,2,4,4,6,6,8,8,9,1,2,3,4,5,6,17,9,9,1,2,3,4,6,6,8,8,9,1,2,13,4,5,6,17,8,9,11,11,13,13,15,15,17,17,18,10,11,12,13,14,15,8,18,18,10,11,12,13,15,15,17,17,18,10,11,4,13,14,15,8,17,18,20,20,22,22,24,24,26,26,27,19,20,21,22,23,24,35,27,27,19,20,21,22,33,24,35,26,27,19,20,22,22,23,24,26,26,27,29,29,31,31,33,33,35,35,36,28,29,30,31,32,33,26,36,36,28,29,30,31,24,33,26,35,36,28,29,31,31,32,33,35,35,36]}