{"policy":"nolearning","smax":[5,1],"alpha":0.9,"beta":0.95,"gamma":1.0,"sigma":7.0,"v0":1.0,"accuracy":1.0e-8,"cost_entry":[0,10],"value_exit":[0,1],"cost_merger":[0,10],"entry":true,"exit":true,"mergers":true,"filename":"nolearning_a9s70v10","verbose":true,"firms":[1,2,3,4],"rival":[2,1,4,3],"partner":[3,4,1,2],"merger_pairs":[1,2,1,2,3,4,4,3],"outcomes":[1,0,1,0,1,0,0,0,0,0,1,0,1,0,1,0,0,0,1,0,0,1,0,0,1,0,0,0,1,1,0,0,0,0,1,0,0,0,0,0,1,1,1,1,2],"ownership":[0,3,0,3,0,0,4,4,0,1,0,1,0,0,2,2],"S":[1,1,1,1,1,1,1,1,1,0,0,1,1,0,0,1,1,1,1,1,1,1,1,1,1,1,1,0,0,0,0,1,1,1,1,1,0,1,0,1,0,1,0,1,3],"ms":9,"scale":[3.4822022531844965,3.4822022531844965,3.4822022531844965,3.4822022531844965,3.4822022531844965,3.4822022531844965,3.4822022531844965,3.4822022531844965,3.4822022531844965,0.0,0.0,3.4822022531844965,3.4822022531844965,0.0,0.0,3.4822022531844965,3.4822022531844965,3.4822022531844965,1.0,1.0,1.0,1.0,1.0,1.0,1.0,1.0,1.0,0.0,0.0,0.0,0.0,1.0,1.0,1.0,1.0,1.0],"D":[0.9531873718539794,0.964383330473442,0.500000002796824,0.6917651201209474,0.9531873718530003,0.9552734509100544,0.5000000027827187,0.5574459842026946,0.5000000020726094,0.0,0.0,0.4999999971073573,0.30823487986306414,0.0,0.0,0.4999999971214624,0.44255401574274894,0.4999999979273032,0.8180714760149672,0.964383330473442,0.8180714760194209,0.8547519464929272,0.49833226028811967,0.9552734509100544,0.4983322602914536,0.6501554213607178,0.5000000020726094,0.0,0.0,0.0,0.0,0.4983322541577144,0.044610684469538565,0.49833225415426763,0.3483707226669196,0.4999999979273032],"Q":[0.7797754002114123,0.964383330473442,0.40903574029771234,0.6917651201209474,0.4750040174935981,0.9552734509100544,0.24916613153244535,0.5574459842026946,0.5000000020726094,0.0,0.0,0.0,0.0,0.0,0.0,0.24916612564266571,0.34837072261259305,0.4999999979273032,0.0,0.0,0.0,0.0,0.4750040116501733,0.0,0.24916612846385233,0.0,0.0,0.0,0.0,0.40903573564332196,0.1629868263719798,0.0,0.0,0.2491661287112587,0.09270943715802314,0.0,0.17341197164256703,0.0,0.09096426249911163,0.0,0.0031793427092289446,0.0,0.001667742786421062,0.0,0.0,0.0,0.0,0.09096426146403536,0.14524805349108433,0.0,0.0,0.0016677427675380232,0.0014738559721327574,0.0,0.038296075803554874,0.0,7.838657031408381e-11,0.0,0.023328242794521545,0.0,4.774956456127591e-11,0.0,0.0,0.0,0.0,0.0,0.0,0.02332824250754114,0.044610684469538565,4.7749563973218416e-11,5.432654856327515e-11,0.0,0.00851655234246573,0.035616669526557974,1.7432160214815536e-11,1.598851159977406e-11,0.00015614284493685208,0.0001158646204070246,3.1960199149877244e-13,2.298399459198667e-13,8.737537174799129e-14],"P":[-0.4305226426102217,-1.4767207757276983,-3.1964879654418956,-3.4822022129494243,-0.43052264260708767,-0.7881900672013626,-3.1964879654421985,-3.4822021931429266,-3.339345109686857,-0.0,-0.0,-3.1964879638163337,-3.275691198881759,-0.0,-0.0,-3.196487963824697,-3.225931430469706,-3.339345109094671,-0.21476226102768495,1.0054814774567982,-0.2147622610319596,-0.016460911884102647,-0.7152355402376387,-0.5,-0.7152355402337595,-0.5916554562670616,-0.8571428565023607,-0.0,-0.0,-0.0,-0.0,-0.7152355384802325,-0.8504723181880791,-0.715235538474409,-0.7807693044112335,-0.8571428559101744],"PI":[2.908822467743668,1.9340529064325862,0.142857144670393,2.7833219527834066e-8,2.9088224677436676,2.5735183176978476,0.1428571446662115,3.34699320472232e-8,0.07142857204490673,0.0,0.0,0.14285714385761206,0.06365391001339894,0.0,0.0,0.14285714385746054,0.11341368171012853,0.07142857174881327,0.6423805961437373,1.9340529064325862,0.6423805961437375,0.840681950018942,0.14190731688310282,0.4776367254550272,0.14190731688598535,0.2654874188910386,0.07142857204490673,0.0,0.0,0.0,0.0,0.14190731601315348,0.0066705322327731634,0.14190731601507398,0.07637355585303005,0.07142857174881327],"CS":[0.6808205249536954,0.5175176540057772,3.5389577610690215,3.5924046784368704,1.2521056138592983,1.3358243123310847,4.110242849973612,4.198439326855165,4.3945300171856],"V":[29.68096294356783,21.921924225968077,2.6677820790186315,6.523329769377749e-6,28.624544883104534,24.10112083436994,2.8571439558391334,6.588662211913805e-6,1.4285749317879537,0.0,0.0,2.6677820701006,1.691533950853412,0.0,0.0,2.8571439396641356,2.2682756977141874,1.4285749258660925,9.360165211962057,24.01667711830778,7.466911050498629,11.976546130637278,2.457164740801145,11.29252116990646,2.838143213123835,5.309741051841499,1.428570712385653,0.0,0.0,0.0,0.0,2.4571647350337464,0.8564203077336893,2.8381431957056384,1.5274702204322752,1.4285707064637914],"pr_entry":[0.0,0.0,0.0,0.0,0.0,0.0,0.0,0.0,0.0,0.06669455335157248,0.04228835104115714,0.0,0.0,0.07142859988964936,0.056706895158001557,0.0,0.0,0.0,0.0,0.0,0.0,0.0,0.0,0.0,0.0,0.0,0.0,0.06142911620172096,0.0214105073168124,0.07095357578133066,0.03818675433103276,0.0,0.0,0.0,0.0,0.0],"pr_exit":[0.0,0.0,0.0,0.0,0.0,0.0,0.0,0.0,0.0,0.0,0.0,0.0,0.0,0.0,0.0,0.0,0.0,0.0,0.0,0.0,0.0,0.0,0.0,0.0,0.0,0.0,0.0,0.0,0.0,0.0,0.0,0.0,0.03589492683187595,0.0,0.0,0.0],"pr_merger":[0.19151117052823735,0.0,0.04755668989034602,0.0,0.11940827338502347,0.0,0.0,0.0,0.0,0.0,0.0,0.0,0.0,0.0,0.0,0.0,0.0,0.0,0.0,0.0,0.0,0.0,0.11940827355001345,0.0,0.0,0.0,0.0,0.0,0.0,0.0475566901261695,0.0,0.0,0.0,0.0,0.0,0.0],"active_firms":[true,true,true,true,true,true,true,true,true,false,false,true,true,false,false,true,true,true,true,true,true,true,true,true,true,true,true,false,false,false,false,true,true,true,true,true,true,true,true,true,true,true,true,true,true],"active_outcomes":[1.0,1.0,1.0,1.0,1.0,1.0,1.0,1.0,1.0,0.0,0.0,0.0,0.0,0.0,0.0,1.0,1.0,1.0,0.0,0.0,0.0,0.0,1.0,0.0,1.0,0.0,0.0,0.0,0.0,1.0,1.0,0.0,0.0,1.0,1.0,0.0,1.0,0.0,1.0,0.0,1.0,0.0,1.0,0.0,0.0,0.0,0.0,1.0,1.0,0.0,0.0,1.0,1.0,0.0,1.0,0.0,1.0,0.0,1.0,0.0,1.0,0.0,0.0,0.0,0.0,0.0,0.0,1.0,1.0,1.0,1.0,0.0,1.0,1.0,1.0,1.0,1.0,1.0,1.0,1.0,1.0],"markets":[1,2,3,4,3,4,7,8,9],"marketnames":["20","21","30","31","40","41","43"],"idx_up":[1,2,3,4,5,6,7,8,9,1,2,3,4,5,6,7,8,9,1,2,3,4,5,6,7,8,9,1,2,3,4,5,6,7,8,9,1,2,3,4,5,6,7,8,9,1,2,3,4,5,6,7,8,9,1,2,3,4,5,6,7,8,9,1,2,3,4,5,6,7,8,9,1,2,3,4,5,6,7,8,9,10,11,12,13,14,15,16,17,18,10,11,12,13,14,15,16,17,18,10,11,12,13,14,15,16,17,18,10,11,12,13,14,15,16,17,18,10,11,12,13,14,15,16,17,18,10,11,12,13,14,15,16,17,18,10,11,12,13,14,15,16,17,18,10,11,12,13,14,15,16,17,18,10,11,12,13,14,15,16,17,18,19,20,21,22,23,24,25,26,27,19,20,21,22,23,24,25,26,27,19,20,21,22,23,24,25,26,27,19,20,21,22,23,24,25,26,27,19,20,21,22,23,24,25,26,27,19,20,21,22,23,24,25,26,27,19,20,21,22,23,24,25,26,27,19,20,21,22,23,24,25,26,27,19,20,21,22,23,24,25,26,27,28,29,30,31,32,33,34,35,36,28,29,30,31,32,33,34,35,36,28,29,30,31,32,33,34,35,36,28,29,30,31,32,33,34,35,36,28,29,30,31,32,33,34,35,36,28,29,30,31,32,33,34,35,36,28,29,30,31,32,33,34,35,36,28,29,30,31,32,33,34,35,36,28,29,30,31,32,33,34,35,36],"idx_entry":[1,2,3,4,5,6,7,8,9,3,4,3,4,7,8,7,8,9,1,2,3,4,5,6,7,8,9,5,6,7,8,5,6,7,8,9,10,11,12,13,14,15,16,17,18,12,13,12,13,16,17,16,17,18,10,11,12,13,14,15,16,17,18,14,15,16,17,14,15,16,17,18,19,20,21,22,23,24,25,26,27,21,22,21,22,25,26,25,26,27,19,20,21,22,23,24,25,26,27,23,24,25,26,23,24,25,26,27,28,29,30,31,32,33,34,35,36,30,31,30,31,34,35,34,35,36,28,29,30,31,32,33,34,35,36,32,33,34,35,32,33,34,35,36],"idx_exit":[1,2,10,10,5,6,14,14,15,1,2,1,2,5,6,5,6,6,1,2,3,4,1,1,3,3,13,1,2,3,4,1,2,3,4,4,10,11,1,1,14,15,5,5,6,10,11,10,11,14,15,14,15,15,10,11,12,13,10,10,12,12,4,10,11,12,13,10,11,12,13,13,19,20,19,19,23,24,23,23,33,19,20,19,20,23,24,23,24,24,19,20,21,22,28,28,30,30,31,19,20,21,22,19,20,21,22,22,28,29,28,28,32,33,32,32,24,28,29,28,29,32,33,32,33,33,28,29,30,31,19,19,21,21,22,28,29,30,31,28,29,30,31,31],"idx_merger":[2,2,4,4,6,6,8,8,9,1,2,3,4,5,6,17,9,9,1,2,3,4,6,6,8,8,9,1,2,13,4,5,6,17,8,9,11,11,13,13,15,15,17,17,18,10,11,12,13,14,15,8,18,18,10,11,12,13,15,15,17,17,18,10,11,4,13,14,15,8,17,18,20,20,22,22,24,24,26,26,27,19,20,21,22,23,24,35,27,27,19,20,21,22,33,24,35,26,27,19,20,22,22,23,24,26,26,27,29,29,31,31,33,33,35,35,36,28,29,30,31,32,33,26,36,36,28,29,30,31,24,33,26,35,36,28,29,31,31,32,33,35,35,36]}