{"policy":"nolearning","smax":[5,1],"alpha":0.4,"beta":0.95,"gamma":1.0,"sigma":9.0,"v0":1.0,"accuracy":1.0e-8,"cost_entry":[0,10],"value_exit":[0,1],"cost_merger":[0,10],"entry":true,"exit":true,"mergers":true,"filename":"nolearning_a4s90v10","verbose":true,"firms":[1,2,3,4],"rival":[2,1,4,3],"partner":[3,4,1,2],"merger_pairs":[1,2,1,2,3,4,4,3],"outcomes":[1,0,1,0,1,0,0,0,0,0,1,0,1,0,1,0,0,0,1,0,0,1,0,0,1,0,0,0,1,1,0,0,0,0,1,0,0,0,0,0,1,1,1,1,2],"ownership":[0,3,0,3,0,0,4,4,0,1,0,1,0,0,2,2],"S":[1,1,1,1,1,1,1,1,1,0,0,1,1,0,0,1,1,1,1,1,1,1,1,1,1,1,1,0,0,0,0,1,1,1,1,1,0,1,0,1,0,1,0,1,3],"ms":9,"scale":[1.7411011265922482,1.7411011265922482,1.7411011265922482,1.7411011265922482,1.7411011265922482,1.7411011265922482,1.7411011265922482,1.7411011265922482,1.7411011265922482,0.0,0.0,1.7411011265922482,1.7411011265922482,0.0,0.0,1.7411011265922482,1.7411011265922482,1.7411011265922482,1.0,1.0,1.0,1.0,1.0,1.0,1.0,1.0,1.0,0.0,0.0,0.0,0.0,1.0,1.0,1.0,1.0,1.0],"D":[0.9240748433366996,0.9537947353818762,0.4999997134369117,0.877595340369949,0.9240748433377606,0.9294168917648884,0.4999997134356957,0.6262908504762634,0.500000002877037,0.0,0.0,0.49999970819713896,0.12240459974603357,0.0,0.0,0.4999997081983548,0.3737088607108538,0.49999999705158676,0.8607022208225216,0.9537947353818762,0.8607022208227187,0.877595340369949,0.49977234265214376,0.9294168917648884,0.4997723426524943,0.6262908504762634,0.500000002877037,0.0,0.0,0.0,0.0,0.49977233858809716,0.07055757200483422,0.4997723385877473,0.37348174122518724,0.49999999705158676],"Q":[0.795353269866121,0.9537947353818762,0.43035086376587284,0.877595340369949,0.4618270492408253,0.9294168917648884,0.24988602810933327,0.6262908504762634,0.500000002877037,0.0,0.0,0.0,0.0,0.0,0.0,0.24988602345948283,0.3734814525880519,0.49999999705158676,0.0,0.0,0.0,0.0,0.4618270454853421,0.0,0.24988602607696137,0.0,0.0,0.0,0.0,0.4303508592559888,0.0,0.0,0.0,0.2498860254918556,0.0,0.0,0.12872157347057867,0.0,0.06964884967103883,0.0,0.0004207486115932204,0.0,0.000227659249401071,0.0,0.0,0.0,0.0,0.06964884894115014,0.12240459974603357,0.0,0.0,0.00022765924701641146,0.0002274081228019266,0.0,0.0653489509564006,0.0,4.978008571159032e-7,0.0,0.03794529341131846,0.0,2.8905130545339655e-7,0.0,0.0,0.0,0.0,0.0,0.0,0.03794529310275506,0.07055757200483422,2.8905130310248556e-7,2.886371353341696e-7,0.0,0.010576205706899893,0.04620526461812385,8.056509230626828e-8,5.988401731473386e-8,3.4570148165973356e-5,2.5536230277457012e-5,2.6334086677758546e-10,1.7574749338267154e-10,7.13761524573451e-11],"P":[-0.27767166592426845,-0.5387369378436402,-1.518879031604679,-1.2872331472222969,-0.2776716659259487,-0.9540069205959774,-1.518879031604315,-1.5924412549257598,-1.6299900147830209,-0.0,-0.0,-1.5188790304402844,-1.6144925400261572,-0.0,-0.0,-1.518879030440461,-1.563689843420199,-1.6299900141357486,-0.20234829488629558,0.20236418874860806,-0.20234829488647835,-0.5461320206300486,-0.7778789127173743,-0.2129057940037291,-0.7778789127176582,-0.8513401283335116,-0.8888888881907726,-0.0,-0.0,-0.0,-0.0,-0.7778789118138413,-0.8804540045268888,-0.7778789118139697,-0.8226530358799582,-0.8888888875435004],"PI":[1.3523183496010744,1.1468086332401228,0.1111109838131348,0.3983124238381935,1.352318349601074,0.7315386504632069,0.11111098381304656,0.0931043174576972,0.05555555622428448,0.0,0.0,0.11111098323093849,0.015497473363033422,0.0,0.0,0.11111098323112041,0.06630016851147723,0.05555555590064834,0.6865405940342365,1.1468086332401228,0.6865405940342365,0.3983124238381935,0.11100997614367915,0.7315386504632069,0.11100997614361513,0.0931043174576972,0.05555555622428448,0.0,0.0,0.0,0.0,0.1110099756925295,0.008434875183483627,0.11100997569238759,0.06623585296055402,0.05555555590064834],"CS":[0.5054609495235693,0.37359373411834507,1.8149111532427717,1.8798375847414164,1.1413911131189112,1.207010487936862,2.450841316836516,2.527739435577141,2.672911609125551],"V":[18.63217436729336,19.392157755318333,2.5070478306909663,11.8970982099921,20.68704936207611,14.738780296727443,2.222217424451616,1.8620879547984597,1.1111111226279213,0.0,0.0,2.5070478282243593,0.7023667570091605,0.0,0.0,2.222217412813162,1.326003291911966,1.1111111161552034,12.73098360856396,19.392157755318333,14.697381664091543,11.8970982099921,2.402110471006865,14.738780296727443,2.2201972718033103,1.8620879547984597,1.1111111226279213,0.0,0.0,0.0,0.0,2.4021104690343997,0.6154379116813706,2.220197262778811,1.3247169793009381,1.1111111161552034],"pr_entry":[0.0,0.0,0.0,0.0,0.0,0.0,0.0,0.0,0.0,0.06267619572492492,0.01755916877268559,0.0,0.0,0.05555543235742213,0.03315008219474971,0.0,0.0,0.0,0.0,0.0,0.0,0.0,0.0,0.0,0.0,0.0,0.0,0.06005276125074159,0.015385947631773245,0.055504928607537474,0.033117924377378524,0.0,0.0,0.0,0.0,0.0],"pr_exit":[0.0,0.0,0.0,0.25,0.0,0.0,0.0,0.25,0.0,0.0,0.0,0.0,0.07440831227314412,0.0,0.0,0.0,0.0,0.0,0.0,0.0,0.0,0.0,0.0,0.25,0.0,0.25,0.0,0.0,0.0,0.0,0.0,0.0,0.09614052368226755,0.0,0.0,0.0],"pr_merger":[0.2108098492069766,0.0,0.19279736078746534,0.0,0.18589242626056474,0.0,0.0,0.0,0.0,0.0,0.0,0.0,0.0,0.0,0.0,0.0,0.0,0.0,0.0,0.0,0.0,0.0,0.18589242631967084,0.0,0.0,0.0,0.0,0.0,0.0,0.19279736086185756,0.0,0.0,0.0,0.0,0.0,0.0],"active_firms":[true,true,true,true,true,true,true,true,true,false,false,true,true,false,false,true,true,true,true,true,true,true,true,true,true,true,true,false,false,false,false,true,true,true,true,true,true,true,true,true,true,true,true,true,true],"active_outcomes":[1.0,1.0,1.0,1.0,1.0,1.0,1.0,1.0,1.0,0.0,0.0,0.0,0.0,0.0,0.0,1.0,1.0,1.0,0.0,0.0,0.0,0.0,1.0,0.0,1.0,0.0,0.0,0.0,0.0,1.0,0.0,0.0,0.0,1.0,0.0,0.0,1.0,0.0,1.0,0.0,1.0,0.0,1.0,0.0,0.0,0.0,0.0,1.0,1.0,0.0,0.0,1.0,1.0,0.0,1.0,0.0,1.0,0.0,1.0,0.0,1.0,0.0,0.0,0.0,0.0,0.0,0.0,1.0,1.0,1.0,1.0,0.0,1.0,1.0,1.0,1.0,1.0,1.0,1.0,1.0,1.0],"markets":[1,2,3,4,3,4,7,8,9],"marketnames":["20","21","30","31","40","41","43"],"idx_up":[1,2,3,4,5,6,7,8,9,1,2,3,4,5,6,7,8,9,1,2,3,4,5,6,7,8,9,1,2,3,4,5,6,7,8,9,1,2,3,4,5,6,7,8,9,1,2,3,4,5,6,7,8,9,1,2,3,4,5,6,7,8,9,1,2,3,4,5,6,7,8,9,1,2,3,4,5,6,7,8,9,10,11,12,13,14,15,16,17,18,10,11,12,13,14,15,16,17,18,10,11,12,13,14,15,16,17,18,10,11,12,13,14,15,16,17,18,10,11,12,13,14,15,16,17,18,10,11,12,13,14,15,16,17,18,10,11,12,13,14,15,16,17,18,10,11,12,13,14,15,16,17,18,10,11,12,13,14,15,16,17,18,19,20,21,22,23,24,25,26,27,19,20,21,22,23,24,25,26,27,19,20,21,22,23,24,25,26,27,19,20,21,22,23,24,25,26,27,19,20,21,22,23,24,25,26,27,19,20,21,22,23,24,25,26,27,19,20,21,22,23,24,25,26,27,19,20,21,22,23,24,25,26,27,19,20,21,22,23,24,25,26,27,28,29,30,31,32,33,34,35,36,28,29,30,31,32,33,34,35,36,28,29,30,31,32,33,34,35,36,28,29,30,31,32,33,34,35,36,28,29,30,31,32,33,34,35,36,28,29,30,31,32,33,34,35,36,28,29,30,31,32,33,34,35,36,28,29,30,31,32,33,34,35,36,28,29,30,31,32,33,34,35,36],"idx_entry":[1,2,3,4,5,6,7,8,9,3,4,3,4,7,8,7,8,9,1,2,3,4,5,6,7,8,9,5,6,7,8,5,6,7,8,9,10,11,12,13,14,15,16,17,18,12,13,12,13,16,17,16,17,18,10,11,12,13,14,15,16,17,18,14,15,16,17,14,15,16,17,18,19,20,21,22,23,24,25,26,27,21,22,21,22,25,26,25,26,27,19,20,21,22,23,24,25,26,27,23,24,25,26,23,24,25,26,27,28,29,30,31,32,33,34,35,36,30,31,30,31,34,35,34,35,36,28,29,30,31,32,33,34,35,36,32,33,34,35,32,33,34,35,36],"idx_exit":[1,2,10,4,5,6,14,8,11,1,2,1,2,5,6,5,6,2,1,2,3,4,1,6,3,8,11,1,2,3,4,1,2,3,4,2,10,11,1,13,14,15,5,17,2,10,11,10,11,14,15,14,15,11,10,11,12,13,10,15,12,17,2,10,11,12,13,10,11,12,13,11,19,20,19,22,23,24,23,26,29,19,20,19,20,23,24,23,24,20,19,20,21,22,28,24,30,26,29,19,20,21,22,19,20,21,22,20,28,29,28,31,32,33,32,35,20,28,29,28,29,32,33,32,33,29,28,29,30,31,19,33,21,35,20,28,29,30,31,28,29,30,31,29],"idx_merger":[2,2,4,4,6,6,8,8,9,1,2,3,4,5,6,17,9,9,1,2,3,4,6,6,8,8,9,1,2,13,4,5,6,17,8,9,11,11,13,13,15,15,17,17,18,10,11,12,13,14,15,8,18,18,10,11,12,13,15,15,17,17,18,10,11,4,13,14,15,8,17,18,20,20,22,22,24,24,26,26,27,19,20,21,22,23,24,35,27,27,19,20,21,22,33,24,35,26,27,19,20,22,22,23,24,26,26,27,29,29,31,31,33,33,35,35,36,28,29,30,31,32,33,26,36,36,28,29,30,31,24,33,26,35,36,28,29,31,31,32,33,35,35,36]}