{"policy":"nolearning","smax":[5,1],"alpha":0.5,"beta":0.95,"gamma":1.0,"sigma":8.0,"v0":1.0,"accuracy":1.0e-8,"cost_entry":[0,10],"value_exit":[0,1],"cost_merger":[0,10],"entry":true,"exit":true,"mergers":true,"filename":"nolearning_a5s80v10","verbose":true,"firms":[1,2,3,4],"rival":[2,1,4,3],"partner":[3,4,1,2],"merger_pairs":[1,2,1,2,3,4,4,3],"outcomes":[1,0,1,0,1,0,0,0,0,0,1,0,1,0,1,0,0,0,1,0,0,1,0,0,1,0,0,0,1,1,0,0,0,0,1,0,0,0,0,0,1,1,1,1,2],"ownership":[0,3,0,3,0,0,4,4,0,1,0,1,0,0,2,2],"S":[1,1,1,1,1,1,1,1,1,0,0,1,1,0,0,1,1,1,1,1,1,1,1,1,1,1,1,0,0,0,0,1,1,1,1,1,0,1,0,1,0,1,0,1,3],"ms":9,"scale":[2.0,2.0,2.0,2.0,2.0,2.0,2.0,2.0,2.0,0.0,0.0,2.0,2.0,0.0,0.0,2.0,2.0,2.0,1.0,1.0,1.0,1.0,1.0,1.0,1.0,1.0,1.0,0.0,0.0,0.0,0.0,1.0,1.0,1.0,1.0,1.0],"D":[0.9257949891771216,0.952390167213011,0.4999997949205026,0.7018533481785081,0.9257949891795993,0.9309035036829821,0.4999997949062247,0.5576430556683094,0.5000000025528374,0.0,0.0,0.4999997893156488,0.29814659132838706,0.0,0.0,0.49999978932992667,0.44235670795320614,0.49999999730768907,0.8419516643564993,0.952390167213011,0.8419516643636167,0.8706890025576492,0.4993825991434523,0.9309035036829821,0.49938259913933253,0.650444155950728,0.5000000025528374,0.0,0.0,0.0,0.0,0.4993826045667762,0.06902870563525784,0.49938260457093914,0.3490118233655024,0.49999999730768907],"Q":[0.7794746319905849,0.952390167213011,0.4209756595147842,0.7018533481785081,0.46232590797049256,0.9309035036829821,0.24969119714940374,0.5576430556683094,0.5000000025528374,0.0,0.0,0.0,0.0,0.0,0.0,0.24969119708049972,0.3490115873548983,0.49999999730768907,0.0,0.0,0.0,0.0,0.46232591299137865,0.0,0.24969119986520594,0.0,0.0,0.0,0.0,0.42097565479576826,0.16883565437914114,0.0,0.0,0.24969119436469756,0.09280110028241864,0.0,0.14632035718653671,0.0,0.07902413540571838,0.0,0.0011431682177281263,0.0,0.000617397891615014,0.0,0.0,0.0,0.0,0.07902413451988058,0.12931093694924592,0.0,0.0,0.000617397884729422,0.000544020315889158,0.0,0.06247703236591445,0.0,3.500530641636957e-7,0.0,0.03705669117295973,0.0,2.0762523125566075e-7,0.0,0.0,0.0,0.0,0.0,0.0,0.03705669157539751,0.06902870563525784,2.076252335139266e-7,2.3601060413623726e-7,0.0,0.01172797845696386,0.047609832786989,6.571078426135711e-8,6.049310483210318e-8,9.16280720434938e-5,6.779068176000723e-5,5.133836574407684e-10,3.6788051763114246e-10,1.3947340692516778e-10],"P":[-0.31547764211986107,-0.6872459674549898,-1.7500001024010088,-1.9999999663965122,-0.315477642124369,-0.6909357693154058,-1.7500001023968452,-1.999999940088555,-1.874999999296633,-0.0,-0.0,-1.7500001009997947,-1.8219001296476862,-0.0,-0.0,-1.7500001010027701,-1.7758423680510849,-1.8749999986409895,-0.2091027123506793,0.3127540325450102,-0.20910271235736502,-0.03333823930513446,-0.7503083155990056,-0.5,-0.7503083156023804,-0.6424033979565601,-0.8749999992966331,-0.0,-0.0,-0.0,-0.0,-0.7503083169565127,-0.8657316215539947,-0.750308316961961,-0.8079842263350335,-0.8749999986409895],"PI":[1.5595223580822626,1.2502540325650966,0.12499989752964226,2.358472040195586e-8,1.559522358082263,1.2186124788903565,0.12499989752815456,3.340920121259487e-8,0.06250000067078813,0.0,0.0,0.1249998968290361,0.05309986926157002,0.0,0.0,0.12499989683111787,0.09915763213150852,0.06250000034296636,0.6658972876713866,1.2502540325650966,0.6658972876713867,0.8416617642300335,0.1246916823406752,0.46545175184149107,0.12469168233796118,0.23259661998699366,0.06250000067078813,0.0,0.0,0.0,0.0,0.12469168301691864,0.009268372371872696,0.12469168301523731,0.06701577528174757,0.06250000034296636],"CS":[0.5557222463410868,0.4165497550467745,2.06725034761469,2.1135523150717175,1.1622216087346966,1.2358459852603867,2.6737497100023093,2.751368122910204,2.923286793095043],"V":[18.175610384216704,14.667966108256325,2.3263456156287976,5.9423792279648935e-6,18.090045686566533,13.337157637968915,2.4999966020053423,6.0624352978732226e-6,1.2500020362606248,0.0,0.0,2.3263456082136447,1.4203225390254959,0.0,0.0,2.4999965880646378,1.9831526880696293,1.250002029704207,9.16315400548398,18.392582388272306,7.871430053501439,12.094755300706133,2.217689021289868,11.265233873363465,2.4938296177008388,4.651922550016088,1.2499993391340873,0.0,0.0,0.0,0.0,2.2176890256279886,0.745592901145325,2.4938296312463244,1.3403145877609715,1.2499993325776688],"pr_entry":[0.0,0.0,0.0,0.0,0.0,0.0,0.0,0.0,0.0,0.05815863878793455,0.035508063029189484,0.0,0.0,0.0624999129271979,0.04957881726152948,0.0,0.0,0.0,0.0,0.0,0.0,0.0,0.0,0.0,0.0,0.0,0.0,0.05544222415221214,0.01863982133884683,0.06234573547976545,0.03350786348629537,0.0,0.0,0.0,0.0,0.0],"pr_exit":[0.0,0.0,0.0,0.0,0.0,0.0,0.0,0.0,0.0,0.0,0.0,0.0,0.0,0.0,0.0,0.0,0.0,0.0,0.0,0.0,0.0,0.0,0.0,0.0,0.0,0.0,0.0,0.0,0.0,0.0,0.0,0.0,0.06360178661153174,0.0,0.0,0.0],"pr_merger":[0.15541027360995519,0.0,0.04930090351596419,0.0,0.11934843565629497,0.0,0.0,0.0,0.0,0.0,0.0,0.0,0.0,0.0,0.0,0.0,0.0,0.0,0.0,0.0,0.0,0.0,0.11934843553345549,0.0,0.0,0.0,0.0,0.0,0.0,0.04930090371151399,0.0,0.0,0.0,0.0,0.0,0.0],"active_firms":[true,true,true,true,true,true,true,true,true,false,false,true,true,false,false,true,true,true,true,true,true,true,true,true,true,true,true,false,false,false,false,true,true,true,true,true,true,true,true,true,true,true,true,true,true],"active_outcomes":[1.0,1.0,1.0,1.0,1.0,1.0,1.0,1.0,1.0,0.0,0.0,0.0,0.0,0.0,0.0,1.0,1.0,1.0,0.0,0.0,0.0,0.0,1.0,0.0,1.0,0.0,0.0,0.0,0.0,1.0,1.0,0.0,0.0,1.0,1.0,0.0,1.0,0.0,1.0,0.0,1.0,0.0,1.0,0.0,0.0,0.0,0.0,1.0,1.0,0.0,0.0,1.0,1.0,0.0,1.0,0.0,1.0,0.0,1.0,0.0,1.0,0.0,0.0,0.0,0.0,0.0,0.0,1.0,1.0,1.0,1.0,0.0,1.0,1.0,1.0,1.0,1.0,1.0,1.0,1.0,1.0],"markets":[1,2,3,4,3,4,7,8,9],"marketnames":["20","21","30","31","40","41","43"],"idx_up":[1,2,3,4,5,6,7,8,9,1,2,3,4,5,6,7,8,9,1,2,3,4,5,6,7,8,9,1,2,3,4,5,6,7,8,9,1,2,3,4,5,6,7,8,9,1,2,3,4,5,6,7,8,9,1,2,3,4,5,6,7,8,9,1,2,3,4,5,6,7,8,9,1,2,3,4,5,6,7,8,9,10,11,12,13,14,15,16,17,18,10,11,12,13,14,15,16,17,18,10,11,12,13,14,15,16,17,18,10,11,12,13,14,15,16,17,18,10,11,12,13,14,15,16,17,18,10,11,12,13,14,15,16,17,18,10,11,12,13,14,15,16,17,18,10,11,12,13,14,15,16,17,18,10,11,12,13,14,15,16,17,18,19,20,21,22,23,24,25,26,27,19,20,21,22,23,24,25,26,27,19,20,21,22,23,24,25,26,27,19,20,21,22,23,24,25,26,27,19,20,21,22,23,24,25,26,27,19,20,21,22,23,24,25,26,27,19,20,21,22,23,24,25,26,27,19,20,21,22,23,24,25,26,27,19,20,21,22,23,24,25,26,27,28,29,30,31,32,33,34,35,36,28,29,30,31,32,33,34,35,36,28,29,30,31,32,33,34,35,36,28,29,30,31,32,33,34,35,36,28,29,30,31,32,33,34,35,36,28,29,30,31,32,33,34,35,36,28,29,30,31,32,33,34,35,36,28,29,30,31,32,33,34,35,36,28,29,30,31,32,33,34,35,36],"idx_entry":[1,2,3,4,5,6,7,8,9,3,4,3,4,7,8,7,8,9,1,2,3,4,5,6,7,8,9,5,6,7,8,5,6,7,8,9,10,11,12,13,14,15,16,17,18,12,13,12,13,16,17,16,17,18,10,11,12,13,14,15,16,17,18,14,15,16,17,14,15,16,17,18,19,20,21,22,23,24,25,26,27,21,22,21,22,25,26,25,26,27,19,20,21,22,23,24,25,26,27,23,24,25,26,23,24,25,26,27,28,29,30,31,32,33,34,35,36,30,31,30,31,34,35,34,35,36,28,29,30,31,32,33,34,35,36,32,33,34,35,32,33,34,35,36],"idx_exit":[1,2,10,10,5,6,14,14,15,1,2,1,2,5,6,5,6,6,1,2,3,4,1,1,3,3,13,1,2,3,4,1,2,3,4,4,10,11,1,1,14,15,5,5,6,10,11,10,11,14,15,14,15,15,10,11,12,13,10,10,12,12,4,10,11,12,13,10,11,12,13,13,19,20,19,19,23,24,23,23,33,19,20,19,20,23,24,23,24,24,19,20,21,22,28,28,30,30,31,19,20,21,22,19,20,21,22,22,28,29,28,28,32,33,32,32,24,28,29,28,29,32,33,32,33,33,28,29,30,31,19,19,21,21,22,28,29,30,31,28,29,30,31,31],"idx_merger":[2,2,4,4,6,6,8,8,9,1,2,3,4,5,6,17,9,9,1,2,3,4,6,6,8,8,9,1,2,13,4,5,6,17,8,9,11,11,13,13,15,15,17,17,18,10,11,12,13,14,15,8,18,18,10,11,12,13,15,15,17,17,18,10,11,4,13,14,15,8,17,18,20,20,22,22,24,24,26,26,27,19,20,21,22,23,24,35,27,27,19,20,21,22,33,24,35,26,27,19,20,22,22,23,24,26,26,27,29,29,31,31,33,33,35,35,36,28,29,30,31,32,33,26,36,36,28,29,30,31,24,33,26,35,36,28,29,31,31,32,33,35,35,36]}