{"policy":"nolearning","smax":[5,1],"alpha":0.9,"beta":0.95,"gamma":1.0,"sigma":3.0,"v0":1.0,"accuracy":1.0e-8,"cost_entry":[0,10],"value_exit":[0,1],"cost_merger":[0,10],"entry":true,"exit":true,"mergers":true,"filename":"nolearning_a9s30v10","verbose":true,"firms":[1,2,3,4],"rival":[2,1,4,3],"partner":[3,4,1,2],"merger_pairs":[1,2,1,2,3,4,4,3],"outcomes":[1,0,1,0,1,0,0,0,0,0,1,0,1,0,1,0,0,0,1,0,0,1,0,0,1,0,0,0,1,1,0,0,0,0,1,0,0,0,0,0,1,1,1,1,2],"ownership":[0,3,0,3,0,0,4,4,0,1,0,1,0,0,2,2],"S":[1,1,1,1,1,1,1,1,1,0,0,1,1,0,0,1,1,1,1,1,1,1,1,1,1,1,1,0,0,0,0,1,1,1,1,1,0,1,0,1,0,1,0,1,3],"ms":9,"scale":[3.4822022531844965,3.4822022531844965,3.4822022531844965,3.4822022531844965,3.4822022531844965,3.4822022531844965,3.4822022531844965,3.4822022531844965,3.4822022531844965,0.0,0.0,3.4822022531844965,3.4822022531844965,0.0,0.0,3.4822022531844965,3.4822022531844965,3.4822022531844965,1.0,1.0,1.0,1.0,1.0,1.0,1.0,1.0,1.0,0.0,0.0,0.0,0.0,1.0,1.0,1.0,1.0,1.0],"D":[0.8815133194864204,0.9101608615811863,0.4999463636021838,0.7134218318871118,0.8815133194891708,0.89240864814805,0.4999463635981284,0.6033886952088063,0.499997325329664,0.0,0.0,0.499946357194029,0.2865443610163946,0.0,0.0,0.49994635719808267,0.39655089848344255,0.49999733191975815,0.6089389667984048,0.9101608615811863,0.6089389667900357,0.7134218318871118,0.43606352380044017,0.89240864814805,0.4360635237936673,0.6033886952088063,0.499997325329664,0.0,0.0,0.0,0.0,0.43606351731618365,0.093553677888165,0.4360635173223191,0.3253086470429299,0.49999733191975815],"Q":[0.536787809987093,0.9101608615811863,0.3044368221023493,0.7134218318871118,0.38439580437347104,0.89240864814805,0.21800837301842996,0.6033886952088063,0.499997325329664,0.0,0.0,0.0,0.0,0.0,0.0,0.2180083669922765,0.3252591005625094,0.49999733191975815,0.0,0.0,0.0,0.0,0.38439579865751256,0.0,0.21800836978310298,0.0,0.0,0.0,0.0,0.30443681820017415,0.0,0.0,0.0,0.21800837022760344,0.0,0.0,0.34472550949932745,0.0,0.19550954149983452,0.0,0.11272171645818721,0.0,0.06392962079659549,0.0,0.0,0.0,0.0,0.19550953899385487,0.2865443610163946,0.0,0.0,0.0639296199782027,0.07129179792093315,0.0,0.0721511568113118,0.0,6.532648751219289e-5,0.0,0.05166771942696911,0.0,4.678054763390486e-5,0.0,0.0,0.0,0.0,0.0,0.0,0.05166771865867107,0.093553677888165,4.6780546939663796e-5,4.954648042047714e-5,0.0,0.04633552370226773,0.08983913841881373,4.1952716274937516e-5,3.380709649355848e-5,0.015151242425188992,0.014037673963785031,1.3718109215189582e-5,1.0859827330646165e-5,5.3427505779110116e-6],"P":[-0.6689465194065353,-1.6270345656999772,-2.8156070939096214,-2.900627362949866,-0.6689465194153127,-1.933131033362503,-2.815607093901859,-3.0619755358541796,-3.148870696291225,-0.0,-0.0,-2.8156070896370595,-3.0149926350074074,-0.0,-0.0,-2.815607089634704,-2.9298220496019867,-3.1488706984879347,-0.14761813367243437,0.8551676874845193,-0.14761813366071966,-0.4184251097653693,-0.40891688906440615,0.5490712198219936,-0.4089168890575678,-0.5797732826696831,-0.6666684431067287,-0.0,-0.0,-0.0,-0.0,-0.4089168841077456,-0.6322635512827532,-0.40891688411077465,-0.5059469375259001,-0.6666684453034382],"PI":[2.4799224004468163,1.688501020818487,0.3332618258742923,0.41490822357073626,2.4799224004468163,1.382404553166396,0.3332618258754697,0.2535600506618198,0.1666648868946084,0.0,0.0,0.3332618237386991,0.13387628150126768,0.0,0.0,0.33326182374257884,0.21904686603511117,0.16666488799294585,0.5190485329992037,1.688501020818487,0.5190485329992037,0.41490822357073626,0.25774978421350153,1.382404553166396,0.2577497842124802,0.2535600506618198,0.1666648868946084,0.0,0.0,0.0,0.0,0.25774978254218583,0.03440309727103101,0.2577497825444916,0.16071973332086553,0.16666488799294585],"CS":[1.0239487871624264,0.8991388770744018,3.359655792283595,3.5275072981779716,1.3965575807086508,1.5178975462188244,3.7322645858224965,3.9060407385362805,4.277639042889577],"V":[17.73286614964128,15.148431941884885,6.665221183978703,6.348272869171884,17.424806071658377,12.399118909552582,6.665221183985525,5.071194404567428,3.3332924653666898,0.0,0.0,6.665221141305456,3.7067995581443585,0.0,0.0,6.6652211413279545,4.3809287866627775,3.3332924873333987,7.158280281995252,15.148431941884885,6.670367408971316,6.348272869171884,4.656365609351599,12.399118909552582,5.15498365391434,5.071194404567428,3.3332924653666898,0.0,0.0,0.0,0.0,4.656365591248178,2.394400590353174,5.154983620554752,3.2143884369017055,3.3332924873333987],"pr_entry":[0.0,0.0,0.0,0.0,0.0,0.0,0.0,0.0,0.0,0.16663050835694748,0.09266997600556023,0.0,0.0,0.16663050835750987,0.10952320843757016,0.0,0.0,0.0,0.0,0.0,0.0,0.0,0.0,0.0,0.0,0.0,0.0,0.11640912293524594,0.059860004460335105,0.12887457468448055,0.08035970272581158,0.0,0.0,0.0,0.0,0.0],"pr_exit":[0.0,0.0,0.0,0.25,0.0,0.0,0.0,0.25,0.0,0.0,0.0,0.0,0.0,0.0,0.0,0.0,0.0,0.0,0.0,0.0,0.0,0.0,0.0,0.25,0.0,0.25,0.0,0.0,0.0,0.0,0.0,0.0,0.0,0.0,0.0,0.0],"pr_merger":[0.1424541241040246,0.0,0.0,0.0,0.07054253566220836,0.0,0.0,0.0,0.0,0.0,0.0,0.0,0.0,0.0,0.0,0.0,0.0,0.0,0.0,0.0,0.0,0.0,0.07054253617834731,0.0,0.0,0.0,0.0,0.0,0.0,0.0,0.0,0.0,0.0,0.0,0.0,0.0],"active_firms":[true,true,true,true,true,true,true,true,true,false,false,true,true,false,false,true,true,true,true,true,true,true,true,true,true,true,true,false,false,false,false,true,true,true,true,true,true,true,true,true,true,true,true,true,true],"active_outcomes":[1.0,1.0,1.0,1.0,1.0,1.0,1.0,1.0,1.0,0.0,0.0,0.0,0.0,0.0,0.0,1.0,1.0,1.0,0.0,0.0,0.0,0.0,1.0,0.0,1.0,0.0,0.0,0.0,0.0,1.0,0.0,0.0,0.0,1.0,0.0,0.0,1.0,0.0,1.0,0.0,1.0,0.0,1.0,0.0,0.0,0.0,0.0,1.0,1.0,0.0,0.0,1.0,1.0,0.0,1.0,0.0,1.0,0.0,1.0,0.0,1.0,0.0,0.0,0.0,0.0,0.0,0.0,1.0,1.0,1.0,1.0,0.0,1.0,1.0,1.0,1.0,1.0,1.0,1.0,1.0,1.0],"markets":[1,2,3,4,3,4,7,8,9],"marketnames":["20","21","30","31","40","41","43"],"idx_up":[1,2,3,4,5,6,7,8,9,1,2,3,4,5,6,7,8,9,1,2,3,4,5,6,7,8,9,1,2,3,4,5,6,7,8,9,1,2,3,4,5,6,7,8,9,1,2,3,4,5,6,7,8,9,1,2,3,4,5,6,7,8,9,1,2,3,4,5,6,7,8,9,1,2,3,4,5,6,7,8,9,10,11,12,13,14,15,16,17,18,10,11,12,13,14,15,16,17,18,10,11,12,13,14,15,16,17,18,10,11,12,13,14,15,16,17,18,10,11,12,13,14,15,16,17,18,10,11,12,13,14,15,16,17,18,10,11,12,13,14,15,16,17,18,10,11,12,13,14,15,16,17,18,10,11,12,13,14,15,16,17,18,19,20,21,22,23,24,25,26,27,19,20,21,22,23,24,25,26,27,19,20,21,22,23,24,25,26,27,19,20,21,22,23,24,25,26,27,19,20,21,22,23,24,25,26,27,19,20,21,22,23,24,25,26,27,19,20,21,22,23,24,25,26,27,19,20,21,22,23,24,25,26,27,19,20,21,22,23,24,25,26,27,28,29,30,31,32,33,34,35,36,28,29,30,31,32,33,34,35,36,28,29,30,31,32,33,34,35,36,28,29,30,31,32,33,34,35,36,28,29,30,31,32,33,34,35,36,28,29,30,31,32,33,34,35,36,28,29,30,31,32,33,34,35,36,28,29,30,31,32,33,34,35,36,28,29,30,31,32,33,34,35,36],"idx_entry":[1,2,3,4,5,6,7,8,9,3,4,3,4,7,8,7,8,9,1,2,3,4,5,6,7,8,9,5,6,7,8,5,6,7,8,9,10,11,12,13,14,15,16,17,18,12,13,12,13,16,17,16,17,18,10,11,12,13,14,15,16,17,18,14,15,16,17,14,15,16,17,18,19,20,21,22,23,24,25,26,27,21,22,21,22,25,26,25,26,27,19,20,21,22,23,24,25,26,27,23,24,25,26,23,24,25,26,27,28,29,30,31,32,33,34,35,36,30,31,30,31,34,35,34,35,36,28,29,30,31,32,33,34,35,36,32,33,34,35,32,33,34,35,36],"idx_exit":[1,2,10,4,5,6,14,8,11,1,2,1,2,5,6,5,6,2,1,2,3,4,1,6,3,8,11,1,2,3,4,1,2,3,4,2,10,11,1,13,14,15,5,17,2,10,11,10,11,14,15,14,15,11,10,11,12,13,10,15,12,17,2,10,11,12,13,10,11,12,13,11,19,20,19,22,23,24,23,26,29,19,20,19,20,23,24,23,24,20,19,20,21,22,28,24,30,26,29,19,20,21,22,19,20,21,22,20,28,29,28,31,32,33,32,35,20,28,29,28,29,32,33,32,33,29,28,29,30,31,19,33,21,35,20,28,29,30,31,28,29,30,31,29],"idx_merger":[2,2,4,4,6,6,8,8,9,1,2,3,4,5,6,17,9,9,1,2,3,4,6,6,8,8,9,1,2,13,4,5,6,17,8,9,11,11,13,13,15,15,17,17,18,10,11,12,13,14,15,8,18,18,10,11,12,13,15,15,17,17,18,10,11,4,13,14,15,8,17,18,20,20,22,22,24,24,26,26,27,19,20,21,22,23,24,35,27,27,19,20,21,22,33,24,35,26,27,19,20,22,22,23,24,26,26,27,29,29,31,31,33,33,35,35,36,28,29,30,31,32,33,26,36,36,28,29,30,31,24,33,26,35,36,28,29,31,31,32,33,35,35,36]}