{"policy":"nolearning","smax":[5,1],"alpha":0.8,"beta":0.95,"gamma":1.0,"sigma":4.0,"v0":1.0,"accuracy":1.0e-8,"cost_entry":[0,10],"value_exit":[0,1],"cost_merger":[0,10],"entry":true,"exit":true,"mergers":true,"filename":"nolearning_a8s40v10","verbose":true,"firms":[1,2,3,4],"rival":[2,1,4,3],"partner":[3,4,1,2],"merger_pairs":[1,2,1,2,3,4,4,3],"outcomes":[1,0,1,0,1,0,0,0,0,0,1,0,1,0,1,0,0,0,1,0,0,1,0,0,1,0,0,0,1,1,0,0,0,0,1,0,0,0,0,0,1,1,1,1,2],"ownership":[0,3,0,3,0,0,4,4,0,1,0,1,0,0,2,2],"S":[1,1,1,1,1,1,1,1,1,0,0,1,1,0,0,1,1,1,1,1,1,1,1,1,1,1,1,0,0,0,0,1,1,1,1,1,0,1,0,1,0,1,0,1,3],"ms":9,"scale":[3.0314331330207964,3.0314331330207964,3.0314331330207964,3.0314331330207964,3.0314331330207964,3.0314331330207964,3.0314331330207964,3.0314331330207964,3.0314331330207964,0.0,0.0,3.0314331330207964,3.0314331330207964,0.0,0.0,3.0314331330207964,3.0314331330207964,3.0314331330207964,1.0,1.0,1.0,1.0,1.0,1.0,1.0,1.0,1.0,0.0,0.0,0.0,0.0,1.0,1.0,1.0,1.0,1.0],"D":[0.8993526387220836,0.9264306745219147,0.49998998915735626,0.7598540405026435,0.899352638721418,0.9080680721066146,0.499989989149382,0.6167071786920296,0.49999981957146217,0.0,0.0,0.4999899940648612,0.2401411080198597,0.0,0.0,0.49998999407283645,0.38328231178233846,0.49999981378685066,0.688273474520454,0.9264306745219147,0.6882734745126162,0.7598540405026435,0.4713768114421573,0.9080680721066146,0.4713768114453178,0.6167071786920296,0.49999981957146217,0.0,0.0,0.0,0.0,0.4713768064168909,0.08715785150214385,0.4713768064136607,0.3529698473558339,0.49999981378685066],"Q":[0.6190005654723871,0.9264306745219147,0.3441298470588589,0.7598540405026435,0.4239339792025925,0.9080680721066146,0.2356836868398147,0.6167071786920296,0.49999981957146217,0.0,0.0,0.0,0.0,0.0,0.0,0.2356836866448388,0.3529601692573883,0.49999981378685066,0.0,0.0,0.0,0.0,0.4239339746831059,0.0,0.2356836843240365,0.0,0.0,0.0,0.0,0.3441298504365644,0.0,0.0,0.0,0.235683689160617,0.0,0.0,0.2803520732496965,0.0,0.15586014209849736,0.0,0.05148468483571965,0.0,0.02862261798553077,0.0,0.0,0.0,0.0,0.15586014362829684,0.2401411080198597,0.0,0.0,0.028622618267380686,0.030322142524950146,0.0,0.06927290904806686,0.0,1.3777017192865011e-5,0.0,0.047442832239564796,0.0,9.43544488612728e-6,0.0,0.0,0.0,0.0,0.0,0.0,0.047442831733785,0.08715785150214385,9.435444785409718e-6,9.67809844558293e-6,0.0,0.03137445222984945,0.07356932547808524,6.239760589572219e-6,4.851477496832799e-6,0.0057616973052321335,0.004774076391241591,1.145888110120686e-6,8.3142718640149e-7,3.66641687183787e-7],"P":[-0.5475130698178883,-1.3323554480524034,-2.5314431361283924,-2.5109163596065533,-0.54751306981605,-1.6717314184811674,-2.5314431361341416,-2.7053117108301876,-2.7814332232096537,-0.0,-0.0,-2.531443138582194,-2.702424670638305,-0.0,-0.0,-2.5314431385959177,-2.626061263541221,-2.7814332217635003,-0.19801499211208246,0.6990776849683931,-0.19801499210294962,-0.4794832265857569,-0.5270733380169699,0.35970171453962907,-0.5270733380183412,-0.6738785778093912,-0.7500000901888573,-0.0,-0.0,-0.0,-0.0,-0.5270733353517633,-0.7261300826057158,-0.5270733353497452,-0.613619248393197,-0.7500000887427039],"PI":[2.23392006321626,1.5740776857504017,0.24998999312501965,0.39551677342821157,2.23392006321626,1.2347017145620593,0.24998999311815806,0.20112142219020263,0.12499990979845318,0.0,0.0,0.2499899943518468,0.0790084567044418,0.0,0.0,0.24998999434897262,0.1553718672656601,0.12499990907537727,0.5519850078923307,1.5740776857504017,0.5519850078923308,0.39551677342821157,0.22292666197154365,1.2347017145620593,0.22292666197239192,0.20112142219020263,0.12499990979845318,0.0,0.0,0.0,0.0,0.22292666085127777,0.023869913591155426,0.2229266608507014,0.1363807549158856,0.12499990907537727],"CS":[0.8654403351230439,0.7243022964922097,2.9961421858436768,3.1309773333343323,1.2891307941585195,1.4080592055321053,3.419832644896523,3.5719510458923853,3.8780069938927686],"V":[18.18973437765932,16.13786807324881,4.999789520503954,5.716050559185149,17.603187775338764,12.371104649106563,4.9997895204599425,4.022423237062123,2.500000988156454,0.0,0.0,4.999789545094537,2.442137299086555,0.0,0.0,4.999789545076107,3.1074369459831086,2.500000973695013,7.609949998112619,16.13785739999136,6.569358233651385,5.716039885927702,3.8763469214517916,12.371093975849114,4.45851506813073,4.022412563804678,2.499990314899008,0.0,0.0,0.0,0.0,3.876346911126543,1.818806601926297,4.458515045697038,2.727606021336398,2.4999903004375654],"pr_entry":[0.0,0.0,0.0,0.0,0.0,0.0,0.0,0.0,0.0,0.12499472501959583,0.0610534290385227,0.0,0.0,0.12499472501913508,0.07768592312414337,0.0,0.0,0.0,0.0,0.0,0.0,0.0,0.0,0.0,0.0,0.0,0.0,0.09690865371652367,0.04547015295109267,0.11146285223279832,0.0681901385900135,0.0,0.0,0.0,0.0,0.0],"pr_exit":[0.0,0.0,0.0,0.25,0.0,0.0,0.0,0.25,0.0,0.0,0.0,0.0,0.0,0.0,0.0,0.0,0.0,0.0,0.0,0.0,0.0,0.0,0.0,0.25,0.0,0.25,0.0,0.0,0.0,0.0,0.0,0.0,0.0,0.0,0.0,0.0],"pr_merger":[0.1764579324673213,0.0,0.0,0.0,0.08670259372535524,0.0,0.0,0.0,0.0,0.0,0.0,0.0,0.0,0.0,0.0,0.0,0.0,0.0,0.0,0.0,0.0,0.0,0.08670259402132371,0.0,0.0,0.0,0.0,0.0,0.0,0.0,0.0,0.0,0.0,0.0,0.0,0.0],"active_firms":[true,true,true,true,true,true,true,true,true,false,false,true,true,false,false,true,true,true,true,true,true,true,true,true,true,true,true,false,false,false,false,true,true,true,true,true,true,true,true,true,true,true,true,true,true],"active_outcomes":[1.0,1.0,1.0,1.0,1.0,1.0,1.0,1.0,1.0,0.0,0.0,0.0,0.0,0.0,0.0,1.0,1.0,1.0,0.0,0.0,0.0,0.0,1.0,0.0,1.0,0.0,0.0,0.0,0.0,1.0,0.0,0.0,0.0,1.0,0.0,0.0,1.0,0.0,1.0,0.0,1.0,0.0,1.0,0.0,0.0,0.0,0.0,1.0,1.0,0.0,0.0,1.0,1.0,0.0,1.0,0.0,1.0,0.0,1.0,0.0,1.0,0.0,0.0,0.0,0.0,0.0,0.0,1.0,1.0,1.0,1.0,0.0,1.0,1.0,1.0,1.0,1.0,1.0,1.0,1.0,1.0],"markets":[1,2,3,4,3,4,7,8,9],"marketnames":["20","21","30","31","40","41","43"],"idx_up":[1,2,3,4,5,6,7,8,9,1,2,3,4,5,6,7,8,9,1,2,3,4,5,6,7,8,9,1,2,3,4,5,6,7,8,9,1,2,3,4,5,6,7,8,9,1,2,3,4,5,6,7,8,9,1,2,3,4,5,6,7,8,9,1,2,3,4,5,6,7,8,9,1,2,3,4,5,6,7,8,9,10,11,12,13,14,15,16,17,18,10,11,12,13,14,15,16,17,18,10,11,12,13,14,15,16,17,18,10,11,12,13,14,15,16,17,18,10,11,12,13,14,15,16,17,18,10,11,12,13,14,15,16,17,18,10,11,12,13,14,15,16,17,18,10,11,12,13,14,15,16,17,18,10,11,12,13,14,15,16,17,18,19,20,21,22,23,24,25,26,27,19,20,21,22,23,24,25,26,27,19,20,21,22,23,24,25,26,27,19,20,21,22,23,24,25,26,27,19,20,21,22,23,24,25,26,27,19,20,21,22,23,24,25,26,27,19,20,21,22,23,24,25,26,27,19,20,21,22,23,24,25,26,27,19,20,21,22,23,24,25,26,27,28,29,30,31,32,33,34,35,36,28,29,30,31,32,33,34,35,36,28,29,30,31,32,33,34,35,36,28,29,30,31,32,33,34,35,36,28,29,30,31,32,33,34,35,36,28,29,30,31,32,33,34,35,36,28,29,30,31,32,33,34,35,36,28,29,30,31,32,33,34,35,36,28,29,30,31,32,33,34,35,36],"idx_entry":[1,2,3,4,5,6,7,8,9,3,4,3,4,7,8,7,8,9,1,2,3,4,5,6,7,8,9,5,6,7,8,5,6,7,8,9,10,11,12,13,14,15,16,17,18,12,13,12,13,16,17,16,17,18,10,11,12,13,14,15,16,17,18,14,15,16,17,14,15,16,17,18,19,20,21,22,23,24,25,26,27,21,22,21,22,25,26,25,26,27,19,20,21,22,23,24,25,26,27,23,24,25,26,23,24,25,26,27,28,29,30,31,32,33,34,35,36,30,31,30,31,34,35,34,35,36,28,29,30,31,32,33,34,35,36,32,33,34,35,32,33,34,35,36],"idx_exit":[1,2,10,4,5,6,14,8,11,1,2,1,2,5,6,5,6,2,1,2,3,4,1,6,3,8,11,1,2,3,4,1,2,3,4,2,10,11,1,13,14,15,5,17,2,10,11,10,11,14,15,14,15,11,10,11,12,13,10,15,12,17,2,10,11,12,13,10,11,12,13,11,19,20,19,22,23,24,23,26,29,19,20,19,20,23,24,23,24,20,19,20,21,22,28,24,30,26,29,19,20,21,22,19,20,21,22,20,28,29,28,31,32,33,32,35,20,28,29,28,29,32,33,32,33,29,28,29,30,31,19,33,21,35,20,28,29,30,31,28,29,30,31,29],"idx_merger":[2,2,4,4,6,6,8,8,9,1,2,3,4,5,6,17,9,9,1,2,3,4,6,6,8,8,9,1,2,13,4,5,6,17,8,9,11,11,13,13,15,15,17,17,18,10,11,12,13,14,15,8,18,18,10,11,12,13,15,15,17,17,18,10,11,4,13,14,15,8,17,18,20,20,22,22,24,24,26,26,27,19,20,21,22,23,24,35,27,27,19,20,21,22,33,24,35,26,27,19,20,22,22,23,24,26,26,27,29,29,31,31,33,33,35,35,36,28,29,30,31,32,33,26,36,36,28,29,30,31,24,33,26,35,36,28,29,31,31,32,33,35,35,36]}