{"policy":"nolearning","smax":[5,1],"alpha":0.1,"beta":0.95,"gamma":1.0,"sigma":3.0,"v0":1.0,"accuracy":1.0e-8,"cost_entry":[0,10],"value_exit":[0,1],"cost_merger":[0,10],"entry":true,"exit":true,"mergers":true,"filename":"nolearning_a1s30v10","verbose":true,"firms":[1,2,3,4],"rival":[2,1,4,3],"partner":[3,4,1,2],"merger_pairs":[1,2,1,2,3,4,4,3],"outcomes":[1,0,1,0,1,0,0,0,0,0,1,0,1,0,1,0,0,0,1,0,0,1,0,0,1,0,0,0,1,1,0,0,0,0,1,0,0,0,0,0,1,1,1,1,2],"ownership":[0,3,0,3,0,0,4,4,0,1,0,1,0,0,2,2],"S":[1,1,1,1,1,1,1,1,1,0,0,1,1,0,0,1,1,1,1,1,1,1,1,1,1,1,1,0,0,0,0,1,1,1,1,1,0,1,0,1,0,1,0,1,3],"ms":9,"scale":[1.148698354997035,1.148698354997035,1.148698354997035,1.148698354997035,1.148698354997035,1.148698354997035,1.148698354997035,1.148698354997035,1.148698354997035,0.0,0.0,1.148698354997035,1.148698354997035,0.0,0.0,1.148698354997035,1.148698354997035,1.148698354997035,1.0,1.0,1.0,1.0,1.0,1.0,1.0,1.0,1.0,0.0,0.0,0.0,0.0,1.0,1.0,1.0,1.0,1.0],"D":[0.6475923024398134,0.8018977193524851,0.45466592082583196,0.7037710390034134,0.6475923024389141,0.7237008852845229,0.45466592082506874,0.5831903322158019,0.49711902527516905,0.0,0.0,0.45466592645881376,0.2635698072876523,0.0,0.0,0.45466592646028636,0.36161193371545997,0.4971190213731416,0.6089389667932413,0.8018977193524851,0.6089389667889725,0.7037710390034134,0.4360635238025492,0.7237008852845229,0.4360635238021657,0.5831903322158019,0.49711902527516905,0.0,0.0,0.0,0.0,0.4360635173146673,0.23345582085661587,0.4360635173146346,0.33984835092981064,0.4971190213731416],"Q":[0.3943441875509563,0.8018977193524851,0.27686379606183886,0.7037710390034134,0.28239138138891906,0.7237008852845229,0.19826322358773588,0.5831903322158019,0.49711902527516905,0.0,0.0,0.0,0.0,0.0,0.0,0.19826322309538946,0.2948425356903348,0.4971190213731416,0.0,0.0,0.0,0.0,0.2823913771874167,0.0,0.1982632206380766,0.0,0.0,0.0,0.0,0.276863799491981,0.0,0.0,0.0,0.19826322604504878,0.0,0.0,0.2532481148888571,0.0,0.1778021247639931,0.0,0.08280954386257836,0.0,0.0581394765992562,0.0,0.0,0.0,0.0,0.17780212696683279,0.2635698072876523,0.0,0.0,0.05813947731984816,0.06676939802512516,0.0,0.21459477924228507,0.0,0.055211371235152636,0.0,0.15367214241363014,0.0,0.03953707416938101,0.0,0.0,0.0,0.0,0.0,0.0,0.1536721401272506,0.23345582085661587,0.03953707358116856,0.04500581523947581,0.0,0.1378129183179014,0.1981022806475149,0.0354567814802017,0.032659153708934366,0.045063415020205146,0.042843293858861146,0.011594004964095489,0.010191918829262432,0.005761953351689354],"P":[-0.20282419945813773,-0.3073821110832834,-0.5374522471950371,-0.5860704940855755,-0.20282419945682403,-0.5454873500087327,-0.5374522471970852,-0.7488355889630848,-0.8172746681857989,-0.0,-0.0,-0.537452251324796,-0.6960643603797315,-0.0,-0.0,-0.5374522513284833,-0.6265499091813418,-0.8172746668775851,-0.1476181336652068,-0.1586837560862483,-0.14761813365923118,-0.43737213908854045,-0.40891688906756335,-0.3967889950116976,-0.4089168890661849,-0.6001372339660497,-0.6685763131887638,-0.0,-0.0,-0.0,-0.0,-0.40891688410813154,-0.5651479083606058,-0.40891688410702126,-0.49506552477627425,-0.66857631188055],"PI":[0.6125408222037487,0.6746495772486366,0.2779127744550011,0.39596119424592585,0.6125408222037488,0.4365443383234012,0.27791277445360346,0.23319609936406893,0.16475702014070465,0.0,0.0,0.2779127760204787,0.11930065473312294,0.0,0.0,0.2779127760197024,0.18881510917793493,0.1647570194978183,0.5190485329992037,0.6746495772486366,0.5190485329992038,0.39596119424592585,0.2577497842133714,0.4365443383234012,0.2577497842137458,0.23319609936406893,0.16475702014070465,0.0,0.0,0.0,0.0,0.2577497825411213,0.10151875200489112,0.25774978254158615,0.17160114873239252,0.1647570194978183],"CS":[0.6606193926440784,0.6355512950627793,1.113146915751725,1.236437392128292,1.0332281861876609,1.1459627404494381,1.4857557093013198,1.6246140722658913,1.9498753062554999],"V":[7.443264639343357,7.908145004632176,5.5582372514949565,5.90157101767161,7.396772372576327,6.119653858146618,5.55823725148685,4.663908675663025,3.2951301370238206,0.0,0.0,5.55823728281321,3.247702819404485,0.0,0.0,5.558237282808711,3.7762892620570967,3.2951301241661306,6.716856223072512,7.908145004632176,6.670363956308876,5.90157101767161,5.154978763672826,6.119653858146618,5.154978763674889,4.663908675663025,3.2951301370238206,0.0,0.0,0.0,0.0,5.154978730229266,2.9302999609505482,5.154978730231819,3.4320112712381596,3.2951301241661306],"pr_entry":[0.0,0.0,0.0,0.0,0.0,0.0,0.0,0.0,0.0,0.1389559080735074,0.08119255111137788,0.0,0.0,0.13895590807339492,0.09440721454945163,0.0,0.0,0.0,0.0,0.0,0.0,0.0,0.0,0.0,0.0,0.0,0.0,0.12887444599178438,0.07325748136566881,0.12887444599184825,0.0858002663817307,0.0,0.0,0.0,0.0,0.0],"pr_exit":[0.0,0.0,0.0,0.25,0.0,0.0,0.0,0.25,0.0,0.0,0.0,0.0,0.0,0.0,0.0,0.0,0.0,0.0,0.0,0.0,0.0,0.0,0.0,0.25,0.0,0.25,0.0,0.0,0.0,0.0,0.0,0.0,0.0,0.0,0.0,0.0],"pr_merger":[0.038599140167524484,0.0,0.0,0.0,0.0,0.0,0.0,0.0,0.0,0.0,0.0,0.0,0.0,0.0,0.0,0.0,0.0,0.0,0.0,0.0,0.0,0.0,0.0,0.0,0.0,0.0,0.0,0.0,0.0,0.0,0.0,0.0,0.0,0.0,0.0,0.0],"active_firms":[true,true,true,true,true,true,true,true,true,false,false,true,true,false,false,true,true,true,true,true,true,true,true,true,true,true,true,false,false,false,false,true,true,true,true,true,true,true,true,true,true,true,true,true,true],"active_outcomes":[1.0,1.0,1.0,1.0,1.0,1.0,1.0,1.0,1.0,0.0,0.0,0.0,0.0,0.0,0.0,1.0,1.0,1.0,0.0,0.0,0.0,0.0,1.0,0.0,1.0,0.0,0.0,0.0,0.0,1.0,0.0,0.0,0.0,1.0,0.0,0.0,1.0,0.0,1.0,0.0,1.0,0.0,1.0,0.0,0.0,0.0,0.0,1.0,1.0,0.0,0.0,1.0,1.0,0.0,1.0,0.0,1.0,0.0,1.0,0.0,1.0,0.0,0.0,0.0,0.0,0.0,0.0,1.0,1.0,1.0,1.0,0.0,1.0,1.0,1.0,1.0,1.0,1.0,1.0,1.0,1.0],"markets":[1,2,3,4,3,4,7,8,9],"marketnames":["20","21","30","31","40","41","43"],"idx_up":[1,2,3,4,5,6,7,8,9,1,2,3,4,5,6,7,8,9,1,2,3,4,5,6,7,8,9,1,2,3,4,5,6,7,8,9,1,2,3,4,5,6,7,8,9,1,2,3,4,5,6,7,8,9,1,2,3,4,5,6,7,8,9,1,2,3,4,5,6,7,8,9,1,2,3,4,5,6,7,8,9,10,11,12,13,14,15,16,17,18,10,11,12,13,14,15,16,17,18,10,11,12,13,14,15,16,17,18,10,11,12,13,14,15,16,17,18,10,11,12,13,14,15,16,17,18,10,11,12,13,14,15,16,17,18,10,11,12,13,14,15,16,17,18,10,11,12,13,14,15,16,17,18,10,11,12,13,14,15,16,17,18,19,20,21,22,23,24,25,26,27,19,20,21,22,23,24,25,26,27,19,20,21,22,23,24,25,26,27,19,20,21,22,23,24,25,26,27,19,20,21,22,23,24,25,26,27,19,20,21,22,23,24,25,26,27,19,20,21,22,23,24,25,26,27,19,20,21,22,23,24,25,26,27,19,20,21,22,23,24,25,26,27,28,29,30,31,32,33,34,35,36,28,29,30,31,32,33,34,35,36,28,29,30,31,32,33,34,35,36,28,29,30,31,32,33,34,35,36,28,29,30,31,32,33,34,35,36,28,29,30,31,32,33,34,35,36,28,29,30,31,32,33,34,35,36,28,29,30,31,32,33,34,35,36,28,29,30,31,32,33,34,35,36],"idx_entry":[1,2,3,4,5,6,7,8,9,3,4,3,4,7,8,7,8,9,1,2,3,4,5,6,7,8,9,5,6,7,8,5,6,7,8,9,10,11,12,13,14,15,16,17,18,12,13,12,13,16,17,16,17,18,10,11,12,13,14,15,16,17,18,14,15,16,17,14,15,16,17,18,19,20,21,22,23,24,25,26,27,21,22,21,22,25,26,25,26,27,19,20,21,22,23,24,25,26,27,23,24,25,26,23,24,25,26,27,28,29,30,31,32,33,34,35,36,30,31,30,31,34,35,34,35,36,28,29,30,31,32,33,34,35,36,32,33,34,35,32,33,34,35,36],"idx_exit":[1,2,10,4,5,6,14,8,11,1,2,1,2,5,6,5,6,2,1,2,3,4,1,6,3,8,11,1,2,3,4,1,2,3,4,2,10,11,1,13,14,15,5,17,2,10,11,10,11,14,15,14,15,11,10,11,12,13,10,15,12,17,2,10,11,12,13,10,11,12,13,11,19,20,19,22,23,24,23,26,29,19,20,19,20,23,24,23,24,20,19,20,21,22,28,24,30,26,29,19,20,21,22,19,20,21,22,20,28,29,28,31,32,33,32,35,20,28,29,28,29,32,33,32,33,29,28,29,30,31,19,33,21,35,20,28,29,30,31,28,29,30,31,29],"idx_merger":[2,2,4,4,6,6,8,8,9,1,2,3,4,5,6,17,9,9,1,2,3,4,6,6,8,8,9,1,2,13,4,5,6,17,8,9,11,11,13,13,15,15,17,17,18,10,11,12,13,14,15,8,18,18,10,11,12,13,15,15,17,17,18,10,11,4,13,14,15,8,17,18,20,20,22,22,24,24,26,26,27,19,20,21,22,23,24,35,27,27,19,20,21,22,33,24,35,26,27,19,20,22,22,23,24,26,26,27,29,29,31,31,33,33,35,35,36,28,29,30,31,32,33,26,36,36,28,29,30,31,24,33,26,35,36,28,29,31,31,32,33,35,35,36]}