{"policy":"nolearning","smax":[5,1],"alpha":0.1,"beta":0.95,"gamma":1.0,"sigma":6.0,"v0":1.0,"accuracy":1.0e-8,"cost_entry":[0,10],"value_exit":[0,1],"cost_merger":[0,10],"entry":true,"exit":true,"mergers":true,"filename":"nolearning_a1s60v10","verbose":true,"firms":[1,2,3,4],"rival":[2,1,4,3],"partner":[3,4,1,2],"merger_pairs":[1,2,1,2,3,4,4,3],"outcomes":[1,0,1,0,1,0,0,0,0,0,1,0,1,0,1,0,0,0,1,0,0,1,0,0,1,0,0,0,1,1,0,0,0,0,1,0,0,0,0,0,1,1,1,1,2],"ownership":[0,3,0,3,0,0,4,4,0,1,0,1,0,0,2,2],"S":[1,1,1,1,1,1,1,1,1,0,0,1,1,0,0,1,1,1,1,1,1,1,1,1,1,1,1,0,0,0,0,1,1,1,1,1,0,1,0,1,0,1,0,1,3],"ms":9,"scale":[1.148698354997035,1.148698354997035,1.148698354997035,1.148698354997035,1.148698354997035,1.148698354997035,1.148698354997035,1.148698354997035,1.148698354997035,0.0,0.0,1.148698354997035,1.148698354997035,0.0,0.0,1.148698354997035,1.148698354997035,1.148698354997035,1.0,1.0,1.0,1.0,1.0,1.0,1.0,1.0,1.0,0.0,0.0,0.0,0.0,1.0,1.0,1.0,1.0,1.0],"D":[0.8151101885942196,0.9059050268051021,0.49814449523887616,0.8236004953684463,0.8151101885966685,0.8433716976012356,0.49814449523600335,0.6243409936533623,0.4999953464468652,0.0,0.0,0.4981444895591702,0.17579874140840454,0.0,0.0,0.4981444895618137,0.373784428945598,0.49999535233511183,0.7869367222340061,0.9059050268051021,0.7869367222303968,0.8236004953684463,0.49554143164859316,0.8433716976012356,0.49554143164100595,0.6243409936533623,0.4999953464468652,0.0,0.0,0.0,0.0,0.4955414365566666,0.15537000465359557,0.495541436564631,0.3711467660961496,0.49999535233511183],"Q":[0.6414401400718778,0.9059050268051021,0.39200819628039674,0.8236004953684463,0.4039208698085478,0.8433716976012356,0.24685123633333536,0.6243409936533623,0.4999953464468652,0.0,0.0,0.0,0.0,0.0,0.0,0.246851235974216,0.3692947052419216,0.49999535233511183,0.0,0.0,0.0,0.0,0.4039208738091685,0.0,0.2468512387860121,0.0,0.0,0.0,0.0,0.3920081918108275,0.0,0.0,0.0,0.2468512335215393,0.0,0.0,0.1736700485223418,0.0,0.10613629895847942,0.0,0.007268444978952187,0.0,0.004442020116655917,0.0,0.0,0.0,0.0,0.10613629774834266,0.17579874140840454,0.0,0.0,0.004442020066058424,0.004489723703676409,0.0,0.14549658216212838,0.0,0.0029203341391724953,0.0,0.09162056184004534,0.0,0.0018389617861312758,0.0,0.0,0.0,0.0,0.0,0.0,0.09162056274749807,0.15537000465359557,0.001838961804402925,0.0018520608542279893,0.0,0.039393229243651996,0.09409497319489786,0.0007906810627810475,0.0006007632231491277,0.0016486868157882023,0.001258297745168768,3.309161164875037e-5,2.251654681166184e-5,9.301218023015035e-6],"P":[-0.24726054520402527,-0.26306833152170916,-0.816597451248924,-0.6762858416785577,-0.2472605452067334,-0.616653175131657,-0.8165974512376596,-0.9268659699572436,-0.9820332365364107,-0.0,-0.0,-0.8165974493486365,-0.9464823699235185,-0.0,-0.0,-0.8165974493392181,-0.8825493316892676,-0.9820332375177943,-0.21775977351870748,-0.11436997652467407,-0.21775977351511974,-0.5275874866815226,-0.6696127698174403,-0.46795482013462186,-0.6696127698219403,-0.7781676149602085,-0.8333348815393756,-0.0,-0.0,-0.0,-0.0,-0.6696127714681847,-0.8026749312346264,-0.6696127714779153,-0.7349673034238269,-0.8333348825207592],"PI":[0.7347711431463404,0.8022966901558184,0.1654342370659774,0.38907917998735075,0.7347711431463406,0.44871184654361873,0.16543423707063465,0.13849905170023868,0.08333178364532771,0.0,0.0,0.16543423612635963,0.03554931566858493,0.0,0.0,0.1654342361319293,0.09948236069152251,0.08333178413600584,0.615573559826775,0.8022966901558184,0.6155735598267749,0.38907917998735075,0.16372056104307892,0.44871184654361873,0.16372056103834226,0.13849905170023868,0.08333178364532771,0.0,0.0,0.0,0.0,0.16372056184663147,0.030658396852347163,0.16372056184444087,0.09836602824398871,0.08333178413600584],"CS":[0.5390268873422311,0.44185545434831663,1.19043597985266,1.2841652908289454,1.0679626961934938,1.1609462566310114,1.7193717887012878,1.8314903629397172,2.0464187294540315],"V":[8.518728582503941,10.3036105069517,3.081979286312189,5.360654814464132,7.852468095650522,5.95969341806099,3.308675011335552,2.7699737306228482,1.6666333397575843,0.0,0.0,3.0819792743437016,1.3286567324327077,0.0,0.0,3.3086749925615324,1.9896434256134274,1.6666333495711028,7.55541700954317,10.303609837111154,6.869110138372055,5.3606541446235845,2.9807021639338,5.959692748220443,3.274400975240869,2.769973060782301,1.6666326699170377,0.0,0.0,0.0,0.0,2.980702173643197,1.2711219548578334,3.27440099136277,1.9673162073969186,1.6666326797305548],"pr_entry":[0.0,0.0,0.0,0.0,0.0,0.0,0.0,0.0,0.0,0.07704946720048217,0.033216411399944044,0.0,0.0,0.08271686201130535,0.04974108065583961,0.0,0.0,0.0,0.0,0.0,0.0,0.0,0.0,0.0,0.0,0.0,0.0,0.07451754057954822,0.03177804139380366,0.08186001130311392,0.0491828994513929,0.0,0.0,0.0,0.0,0.0],"pr_exit":[0.0,0.0,0.0,0.25,0.0,0.0,0.0,0.25,0.0,0.0,0.0,0.0,0.0,0.0,0.0,0.0,0.0,0.0,0.0,0.0,0.0,0.0,0.0,0.25,0.0,0.25,0.0,0.0,0.0,0.0,0.0,0.0,0.0,0.0,0.0,0.0],"pr_merger":[0.11977353615755941,0.0,0.019777275605809674,0.0,0.028011258323473252,0.0,0.0,0.0,0.0,0.0,0.0,0.0,0.0,0.0,0.0,0.0,0.0,0.0,0.0,0.0,0.0,0.0,0.02801125806747783,0.0,0.0,0.0,0.0,0.0,0.0,0.01977727591894931,0.0,0.0,0.0,0.0,0.0,0.0],"active_firms":[true,true,true,true,true,true,true,true,true,false,false,true,true,false,false,true,true,true,true,true,true,true,true,true,true,true,true,false,false,false,false,true,true,true,true,true,true,true,true,true,true,true,true,true,true],"active_outcomes":[1.0,1.0,1.0,1.0,1.0,1.0,1.0,1.0,1.0,0.0,0.0,0.0,0.0,0.0,0.0,1.0,1.0,1.0,0.0,0.0,0.0,0.0,1.0,0.0,1.0,0.0,0.0,0.0,0.0,1.0,0.0,0.0,0.0,1.0,0.0,0.0,1.0,0.0,1.0,0.0,1.0,0.0,1.0,0.0,0.0,0.0,0.0,1.0,1.0,0.0,0.0,1.0,1.0,0.0,1.0,0.0,1.0,0.0,1.0,0.0,1.0,0.0,0.0,0.0,0.0,0.0,0.0,1.0,1.0,1.0,1.0,0.0,1.0,1.0,1.0,1.0,1.0,1.0,1.0,1.0,1.0],"markets":[1,2,3,4,3,4,7,8,9],"marketnames":["20","21","30","31","40","41","43"],"idx_up":[1,2,3,4,5,6,7,8,9,1,2,3,4,5,6,7,8,9,1,2,3,4,5,6,7,8,9,1,2,3,4,5,6,7,8,9,1,2,3,4,5,6,7,8,9,1,2,3,4,5,6,7,8,9,1,2,3,4,5,6,7,8,9,1,2,3,4,5,6,7,8,9,1,2,3,4,5,6,7,8,9,10,11,12,13,14,15,16,17,18,10,11,12,13,14,15,16,17,18,10,11,12,13,14,15,16,17,18,10,11,12,13,14,15,16,17,18,10,11,12,13,14,15,16,17,18,10,11,12,13,14,15,16,17,18,10,11,12,13,14,15,16,17,18,10,11,12,13,14,15,16,17,18,10,11,12,13,14,15,16,17,18,19,20,21,22,23,24,25,26,27,19,20,21,22,23,24,25,26,27,19,20,21,22,23,24,25,26,27,19,20,21,22,23,24,25,26,27,19,20,21,22,23,24,25,26,27,19,20,21,22,23,24,25,26,27,19,20,21,22,23,24,25,26,27,19,20,21,22,23,24,25,26,27,19,20,21,22,23,24,25,26,27,28,29,30,31,32,33,34,35,36,28,29,30,31,32,33,34,35,36,28,29,30,31,32,33,34,35,36,28,29,30,31,32,33,34,35,36,28,29,30,31,32,33,34,35,36,28,29,30,31,32,33,34,35,36,28,29,30,31,32,33,34,35,36,28,29,30,31,32,33,34,35,36,28,29,30,31,32,33,34,35,36],"idx_entry":[1,2,3,4,5,6,7,8,9,3,4,3,4,7,8,7,8,9,1,2,3,4,5,6,7,8,9,5,6,7,8,5,6,7,8,9,10,11,12,13,14,15,16,17,18,12,13,12,13,16,17,16,17,18,10,11,12,13,14,15,16,17,18,14,15,16,17,14,15,16,17,18,19,20,21,22,23,24,25,26,27,21,22,21,22,25,26,25,26,27,19,20,21,22,23,24,25,26,27,23,24,25,26,23,24,25,26,27,28,29,30,31,32,33,34,35,36,30,31,30,31,34,35,34,35,36,28,29,30,31,32,33,34,35,36,32,33,34,35,32,33,34,35,36],"idx_exit":[1,2,10,4,5,6,14,8,11,1,2,1,2,5,6,5,6,2,1,2,3,4,1,6,3,8,11,1,2,3,4,1,2,3,4,2,10,11,1,13,14,15,5,17,2,10,11,10,11,14,15,14,15,11,10,11,12,13,10,15,12,17,2,10,11,12,13,10,11,12,13,11,19,20,19,22,23,24,23,26,29,19,20,19,20,23,24,23,24,20,19,20,21,22,28,24,30,26,29,19,20,21,22,19,20,21,22,20,28,29,28,31,32,33,32,35,20,28,29,28,29,32,33,32,33,29,28,29,30,31,19,33,21,35,20,28,29,30,31,28,29,30,31,29],"idx_merger":[2,2,4,4,6,6,8,8,9,1,2,3,4,5,6,17,9,9,1,2,3,4,6,6,8,8,9,1,2,13,4,5,6,17,8,9,11,11,13,13,15,15,17,17,18,10,11,12,13,14,15,8,18,18,10,11,12,13,15,15,17,17,18,10,11,4,13,14,15,8,17,18,20,20,22,22,24,24,26,26,27,19,20,21,22,23,24,35,27,27,19,20,21,22,33,24,35,26,27,19,20,22,22,23,24,26,26,27,29,29,31,31,33,33,35,35,36,28,29,30,31,32,33,26,36,36,28,29,30,31,24,33,26,35,36,28,29,31,31,32,33,35,35,36]}