{"policy":"nolearning","smax":[5,1],"alpha":0.9,"beta":0.95,"gamma":0.1,"sigma":9.0,"v0":1.0,"accuracy":1.0e-8,"cost_entry":[0,10],"value_exit":[0,1],"cost_merger":[0,10],"entry":true,"exit":true,"mergers":true,"filename":"nolearning_a9s90v10","verbose":true,"firms":[1,2,3,4],"rival":[2,1,4,3],"partner":[3,4,1,2],"merger_pairs":[1,2,1,2,3,4,4,3],"outcomes":[1,0,1,0,1,0,0,0,0,0,1,0,1,0,1,0,0,0,1,0,0,1,0,0,1,0,0,0,1,1,0,0,0,0,1,0,0,0,0,0,1,1,1,1,2],"ownership":[0,3,0,3,0,0,4,4,0,1,0,1,0,0,2,2],"S":[1,1,1,1,1,1,1,1,1,0,0,1,1,0,0,1,1,1,1,1,1,1,1,1,1,1,1,0,0,0,0,1,1,1,1,1,0,1,0,1,0,1,0,1,3],"ms":9,"scale":[3.4822022531844965,3.4822022531844965,3.4822022531844965,3.4822022531844965,3.4822022531844965,3.4822022531844965,3.4822022531844965,3.4822022531844965,3.4822022531844965,0.0,0.0,3.4822022531844965,3.4822022531844965,0.0,0.0,3.4822022531844965,3.4822022531844965,3.4822022531844965,1.0,1.0,1.0,1.0,1.0,1.0,1.0,1.0,1.0,0.0,0.0,0.0,0.0,1.0,1.0,1.0,1.0,1.0],"D":[0.9644362972172501,0.9727986705317668,0.5000000019067699,0.9018927796774605,0.9669548499921612,0.968012262003866,0.5000000018904939,0.6263556148683004,0.49999999688509256,0.0,0.0,0.4999999980931237,0.09810722032246669,0.0,0.0,0.499999998109497,0.37364438513169496,0.5000000031149074,0.8876842954353535,0.9727986705317668,0.8912880341303598,0.9018927796774605,0.4999030055916494,0.968012262003866,0.4999772081859779,0.6263556148683004,0.49999999688509256,0.0,0.0,0.0,0.0,0.4999030014333743,0.031877222146705596,0.49997720395018885,0.3736216276744375,0.5000000031149074],"Q":[0.884156103581716,0.9727986705317668,0.4456440187647045,0.9018927796774605,0.4834553928428681,0.968012262003866,0.2499886050381928,0.6263556148683004,0.49999999688509256,0.0,0.0,0.0,0.0,0.0,0.0,0.24998860102988602,0.373621627674433,0.5000000031149074,0.0,0.0,0.0,0.0,0.48345538882140693,0.0,0.24998860292029826,0.0,0.0,0.0,0.0,0.44564401536564724,0.0,0.0,0.0,0.24998860314778057,0.0,0.0,0.08028019363553408,0.0,0.05435598314206541,0.0,4.4068327886163484e-5,0.0,2.2793932002823584e-5,0.0,0.0,0.0,0.0,0.054355982727476417,0.09810722032246669,0.0,0.0,2.2793931830456018e-5,2.275745726195239e-5,0.0,0.003528191853637526,0.0,8.069860744268333e-15,0.0,0.016447612748781298,0.0,4.5268715510056595e-15,0.0,0.0,0.0,0.0,0.0,0.0,0.016447612611967363,0.031877222146705596,4.526871512654149e-15,4.519477978951819e-15,0.0,0.03203551092911233,0.027201329468233133,9.842950788168556e-14,7.286629368561646e-14,0.00014992464709014358,0.00011051584942832581,4.12759622797107e-17,2.7528338654408446e-17,1.1173715998047729e-17],"P":[-0.35791811387413336,-1.439818420756362,-3.259980029543435,-2.915928381648129,-0.11979929041789791,-1.7454256315436467,-3.2599800295373953,-3.333516610424882,-3.371091140631606,-0.0,-0.0,-3.259980028695958,-3.3590045562287765,-0.0,-0.0,-3.2599800286971736,-3.3048092357491488,-3.3710911413238076,-0.010725067320948857,1.0423838324281345,0.022068812977797402,-0.4337261284636327,-0.7778208779843658,0.7367766216408498,-0.7777879069613948,-0.8513143572403856,-0.8888888874471097,-0.0,-0.0,-0.0,-0.0,-0.7778208770601255,-0.8852303492242899,-0.777787906020065,-0.8226134330187693,-0.8888888881393111],"PI":[3.01317302677107,1.986828276901664,0.11111111224425743,0.5107183160586515,3.251291852475175,1.6812210661099916,0.11111111224366035,0.09313008719278672,0.05555555593034432,0.0,0.0,0.11111111182051887,0.012086583598455308,0.0,0.0,0.11111111182354966,0.06628190492628655,0.055555556276445275,0.8781638216070603,1.986828276901664,0.9109577030649315,0.5107183160586515,0.11106801087532932,1.6812210661099916,0.11110098190260462,0.09313008719278672,0.05555555593034432,0.0,0.0,0.0,0.0,0.11106801041347794,0.0036585376534771334,0.1111009814320045,0.06627545788310804,0.055555556276445275],"CS":[0.3823233638808772,0.43246350020198465,3.327715084328906,3.393092477664431,0.9783753047579781,1.0442259651114865,4.19180570783278,4.268777530638355,4.414012735562016],"V":[36.15268678899244,34.35908506926658,3.7892225738564966,20.370885221614007,45.518332894003954,28.573805100558875,2.2222223103342054,1.862601828000441,1.1111112417945348,0.0,0.0,3.78922257226083,0.6605085879465109,0.0,0.0,2.222222301931993,1.3256382105678477,1.1111112487165575,21.539857135321775,34.359084940306246,27.09498702108209,20.37088509265369,3.0335396733638977,28.57380497159854,2.222019574563297,1.8626016990401235,1.111111112834217,0.0,0.0,0.0,0.0,3.0335396716055802,0.557051675923958,2.222019565151296,1.325509140750656,1.11111111975624],"pr_entry":[0.0,0.0,0.0,0.0,0.0,0.0,0.0,0.0,0.0,0.09473056202217066,0.01651271483492245,0.0,0.0,0.055555557634432706,0.033140955411620036,0.0,0.0,0.0,0.0,0.0,0.0,0.0,0.0,0.0,0.0,0.0,0.0,0.07583848985701369,0.013926291961300704,0.05555048904524451,0.033137728496514425,0.0,0.0,0.0,0.0,0.0],"pr_exit":[0.0,0.0,0.0,0.25,0.0,0.0,0.0,0.25,0.0,0.0,0.0,0.0,0.08487285165077552,0.0,0.0,0.0,0.0,0.0,0.0,0.0,0.0,0.0,0.0,0.25,0.0,0.25,0.0,0.0,0.0,0.0,0.0,0.0,0.11073708038699295,0.0,0.0,0.0],"pr_merger":[0.25,0.0,0.25,0.0,0.25,0.0,0.0,0.0,0.0,0.0,0.0,0.0,0.0,0.0,0.0,0.0,0.0,0.0,0.0,0.0,0.0,0.0,0.25,0.0,0.0,0.0,0.0,0.0,0.0,0.25,0.0,0.0,0.0,0.0,0.0,0.0],"active_firms":[true,true,true,true,true,true,true,true,true,false,false,true,true,false,false,true,true,true,true,true,true,true,true,true,true,true,true,false,false,false,false,true,true,true,true,true,true,true,true,true,true,true,true,true,true],"active_outcomes":[1.0,1.0,1.0,1.0,1.0,1.0,1.0,1.0,1.0,0.0,0.0,0.0,0.0,0.0,0.0,1.0,1.0,1.0,0.0,0.0,0.0,0.0,1.0,0.0,1.0,0.0,0.0,0.0,0.0,1.0,0.0,0.0,0.0,1.0,0.0,0.0,0.1,0.0,0.1,0.0,0.1,0.0,0.1,0.0,0.0,0.0,0.0,0.1,0.1,0.0,0.0,0.1,0.1,0.0,0.1,0.0,0.1,0.0,0.1,0.0,0.1,0.0,0.0,0.0,0.0,0.0,0.0,0.1,0.1,0.1,0.1,0.0,1.0,1.0,1.0,1.0,1.0,1.0,1.0,1.0,1.0],"markets":[1,2,3,4,3,4,7,8,9],"marketnames":["20","21","30","31","40","41","43"],"idx_up":[1,2,3,4,5,6,7,8,9,1,2,3,4,5,6,7,8,9,1,2,3,4,5,6,7,8,9,1,2,3,4,5,6,7,8,9,1,2,3,4,5,6,7,8,9,1,2,3,4,5,6,7,8,9,1,2,3,4,5,6,7,8,9,1,2,3,4,5,6,7,8,9,1,2,3,4,5,6,7,8,9,10,11,12,13,14,15,16,17,18,10,11,12,13,14,15,16,17,18,10,11,12,13,14,15,16,17,18,10,11,12,13,14,15,16,17,18,10,11,12,13,14,15,16,17,18,10,11,12,13,14,15,16,17,18,10,11,12,13,14,15,16,17,18,10,11,12,13,14,15,16,17,18,10,11,12,13,14,15,16,17,18,19,20,21,22,23,24,25,26,27,19,20,21,22,23,24,25,26,27,19,20,21,22,23,24,25,26,27,19,20,21,22,23,24,25,26,27,19,20,21,22,23,24,25,26,27,19,20,21,22,23,24,25,26,27,19,20,21,22,23,24,25,26,27,19,20,21,22,23,24,25,26,27,19,20,21,22,23,24,25,26,27,28,29,30,31,32,33,34,35,36,28,29,30,31,32,33,34,35,36,28,29,30,31,32,33,34,35,36,28,29,30,31,32,33,34,35,36,28,29,30,31,32,33,34,35,36,28,29,30,31,32,33,34,35,36,28,29,30,31,32,33,34,35,36,28,29,30,31,32,33,34,35,36,28,29,30,31,32,33,34,35,36],"idx_entry":[1,2,3,4,5,6,7,8,9,3,4,3,4,7,8,7,8,9,1,2,3,4,5,6,7,8,9,5,6,7,8,5,6,7,8,9,10,11,12,13,14,15,16,17,18,12,13,12,13,16,17,16,17,18,10,11,12,13,14,15,16,17,18,14,15,16,17,14,15,16,17,18,19,20,21,22,23,24,25,26,27,21,22,21,22,25,26,25,26,27,19,20,21,22,23,24,25,26,27,23,24,25,26,23,24,25,26,27,28,29,30,31,32,33,34,35,36,30,31,30,31,34,35,34,35,36,28,29,30,31,32,33,34,35,36,32,33,34,35,32,33,34,35,36],"idx_exit":[1,2,10,4,5,6,14,8,11,1,2,1,2,5,6,5,6,2,1,2,3,4,1,6,3,8,11,1,2,3,4,1,2,3,4,2,10,11,1,13,14,15,5,17,2,10,11,10,11,14,15,14,15,11,10,11,12,13,10,15,12,17,2,10,11,12,13,10,11,12,13,11,19,20,19,22,23,24,23,26,29,19,20,19,20,23,24,23,24,20,19,20,21,22,28,24,30,26,29,19,20,21,22,19,20,21,22,20,28,29,28,31,32,33,32,35,20,28,29,28,29,32,33,32,33,29,28,29,30,31,19,33,21,35,20,28,29,30,31,28,29,30,31,29],"idx_merger":[2,2,4,4,6,6,8,8,9,1,2,3,4,5,6,17,9,9,1,2,3,4,6,6,8,8,9,1,2,13,4,5,6,17,8,9,11,11,13,13,15,15,17,17,18,10,11,12,13,14,15,8,18,18,10,11,12,13,15,15,17,17,18,10,11,4,13,14,15,8,17,18,20,20,22,22,24,24,26,26,27,19,20,21,22,23,24,35,27,27,19,20,21,22,33,24,35,26,27,19,20,22,22,23,24,26,26,27,29,29,31,31,33,33,35,35,36,28,29,30,31,32,33,26,36,36,28,29,30,31,24,33,26,35,36,28,29,31,31,32,33,35,35,36]}