{"policy":"nolearning","smax":[5,1],"alpha":0.9,"beta":0.95,"gamma":1.0,"sigma":2.0,"v0":1.0,"accuracy":1.0e-8,"cost_entry":[0,10],"value_exit":[0,1],"cost_merger":[0,10],"entry":true,"exit":true,"mergers":true,"filename":"nolearning_a9s20v10","verbose":true,"firms":[1,2,3,4],"rival":[2,1,4,3],"partner":[3,4,1,2],"merger_pairs":[1,2,1,2,3,4,4,3],"outcomes":[1,0,1,0,1,0,0,0,0,0,1,0,1,0,1,0,0,0,1,0,0,1,0,0,1,0,0,0,1,1,0,0,0,0,1,0,0,0,0,0,1,1,1,1,2],"ownership":[0,3,0,3,0,0,4,4,0,1,0,1,0,0,2,2],"S":[1,1,1,1,1,1,1,1,1,0,0,1,1,0,0,1,1,1,1,1,1,1,1,1,1,1,1,0,0,0,0,1,1,1,1,1,0,1,0,1,0,1,0,1,3],"ms":9,"scale":[3.4822022531844965,3.4822022531844965,3.4822022531844965,3.4822022531844965,3.4822022531844965,3.4822022531844965,3.4822022531844965,3.4822022531844965,3.4822022531844965,0.0,0.0,3.4822022531844965,3.4822022531844965,0.0,0.0,3.4822022531844965,3.4822022531844965,3.4822022531844965,1.0,1.0,1.0,1.0,1.0,1.0,1.0,1.0,1.0,0.0,0.0,0.0,0.0,1.0,1.0,1.0,1.0,1.0],"D":[0.8171031163658162,0.860105401728175,0.49827244491259426,0.5776189355987443,0.8171031163823456,0.8364121852806272,0.49827244493224987,0.5257642756795141,0.49976410465767585,0.0,0.0,0.4982724389448339,0.42069308125929183,0.0,0.0,0.49827243892506523,0.4717724538104316,0.49976410068980065,0.5000000000051422,0.860105401728175,0.5000000000037602,0.6804115837929624,0.37458639061405274,0.8364121852806272,0.37458639059110876,0.604944726184999,0.49976410465767585,0.0,0.0,0.0,0.0,0.37458639352248635,0.11527766048664993,0.3745863935377597,0.2595140859420435,0.49976410068980065],"Q":[0.4085515581871099,0.860105401728175,0.2491362224581707,0.5776189355987443,0.3060757071251571,0.8364121852806272,0.18664607667817845,0.5257642756795141,0.49976410465767585,0.0,0.0,0.0,0.0,0.0,0.0,0.18664607589620377,0.2578959493489751,0.49976410068980065,0.0,0.0,0.0,0.0,0.30607570950164725,0.0,0.18664607814641349,0.0,0.0,0.0,0.0,0.24913621947429052,0.1027926481942181,0.0,0.0,0.18664607442796893,0.07918045050548483,0.0,0.40855155817870636,0.0,0.24913622245442357,0.0,0.20495169975554128,0.0,0.12498029010765796,0.0,0.0,0.0,0.0,0.2491362194705434,0.3179004330650737,0.0,0.0,0.12498028860089253,0.13469605395597167,0.0,0.09144844181803233,0.0,0.0017275580712989348,0.0,0.06851068348889566,0.0,0.0012942394849613816,0.0,0.0,0.0,0.0,0.0,0.0,0.0685106840208391,0.11527766048664993,0.0012942394951424023,0.001618136593068437,0.0,0.0914484418161513,0.139894598271825,0.0017275580712729519,0.0016879831419639262,0.04587551610791973,0.048310154232722724,0.0008666371625810369,0.0008451339169858293,0.00047179465252337343],"P":[-0.7484213918491394,-1.6951425446704809,-2.4856454665600114,-3.4822021782425985,-0.748421391904441,-0.9257398825239493,-2.4856454665633922,-3.48220225318435,-2.9824380372633374,-0.0,-0.0,-2.4856454605715603,-2.619101910524185,-0.0,-0.0,-2.48564546053538,-2.5356404852365686,-2.9824380352784634,-1.0284696278376635e-11,0.7870597085140156,-7.52008462098859e-12,0.5645121976704076,-0.2005290699141888,-0.5,-0.20052906986827268,0.2656456783160893,-0.500235784078841,-0.0,-0.0,-0.0,-0.0,-0.20052907379638216,-0.43485094308930256,-0.20052907380147852,-0.3247677092735778,-0.5002357820939669],"PI":[2.233780861258346,1.5370597085036826,0.4965567865656207,4.328785936640709e-8,2.2337808612583463,2.1382562780318812,0.49655678658352403,7.705045977878895e-14,0.24976421590978343,0.0,0.0,0.4965567836022888,0.363100342589717,0.0,0.0,0.49655678360061584,0.4465617679479343,0.2497642149187502,0.4999999999999999,1.5370597085036826,0.5000000000000001,1.0645122222803305,0.2994709301017037,0.4182060926403136,0.29947093010056025,0.7656456783161538,0.24976421590978343,0.0,0.0,0.0,0.0,0.299470930972695,0.06514906110690177,0.2994709309829966,0.17523229072641963,0.2497642149187502],"CS":[1.1959899714664175,1.1272740409300679,3.1805231935499605,3.335951471149109,1.540911861180905,1.658897790154806,3.5254450831890094,3.6818487669878674,4.176056952908569],"V":[16.050538190730954,6.660523429576118,9.82948611938319,4.676102472262785e-6,16.00924437986461,8.157656144961592,9.931127673372924,4.3512050269492725e-6,4.995282427516282,0.0,0.0,9.829486073992522,8.304806903374123,0.0,0.0,9.931127613714834,8.931228550091708,4.995282407695641,7.098943156487813,18.7972734333759,7.056108027645193,17.55604539790397,5.953643538766848,13.987380499655673,5.989412367457882,15.312895681549328,4.995279325867864,0.0,0.0,0.0,0.0,5.953643552657042,3.084664656572789,5.9894123851065855,3.5046426848355092,4.99527930604723],"pr_entry":[0.0,0.0,0.0,0.0,0.0,0.0,0.0,0.0,0.0,0.24573714077653266,0.20762016288925927,0.0,0.0,0.2482781797398478,0.22328070479325723,0.0,0.0,0.0,0.0,0.0,0.0,0.0,0.0,0.0,0.0,0.0,0.0,0.14884108018100822,0.07711661187501695,0.14973530142430497,0.08761606300287078,0.0,0.0,0.0,0.0,0.0],"pr_exit":[0.0,0.0,0.0,0.0,0.0,0.0,0.0,0.0,0.0,0.0,0.0,0.0,0.0,0.0,0.0,0.0,0.0,0.0,0.0,0.0,0.0,0.0,0.0,0.0,0.0,0.0,0.0,0.0,0.0,0.0,0.0,0.0,0.0,0.0,0.0,0.0],"pr_merger":[0.05320421142466625,0.0,0.015460567830111672,0.0,0.0039211912614383945,0.0,0.0,0.0,0.0,0.0,0.0,0.0,0.0,0.0,0.0,0.0,0.0,0.0,0.0,0.0,0.0,0.0,0.003921190890854654,0.0,0.0,0.0,0.0,0.0,0.0,0.015460569018286695,0.0,0.0,0.0,0.0,0.0,0.0],"active_firms":[true,true,true,true,true,true,true,true,true,false,false,true,true,false,false,true,true,true,true,true,true,true,true,true,true,true,true,false,false,false,false,true,true,true,true,true,true,true,true,true,true,true,true,true,true],"active_outcomes":[1.0,1.0,1.0,1.0,1.0,1.0,1.0,1.0,1.0,0.0,0.0,0.0,0.0,0.0,0.0,1.0,1.0,1.0,0.0,0.0,0.0,0.0,1.0,0.0,1.0,0.0,0.0,0.0,0.0,1.0,1.0,0.0,0.0,1.0,1.0,0.0,1.0,0.0,1.0,0.0,1.0,0.0,1.0,0.0,0.0,0.0,0.0,1.0,1.0,0.0,0.0,1.0,1.0,0.0,1.0,0.0,1.0,0.0,1.0,0.0,1.0,0.0,0.0,0.0,0.0,0.0,0.0,1.0,1.0,1.0,1.0,0.0,1.0,1.0,1.0,1.0,1.0,1.0,1.0,1.0,1.0],"markets":[1,2,3,4,3,4,7,8,9],"marketnames":["20","21","30","31","40","41","43"],"idx_up":[1,2,3,4,5,6,7,8,9,1,2,3,4,5,6,7,8,9,1,2,3,4,5,6,7,8,9,1,2,3,4,5,6,7,8,9,1,2,3,4,5,6,7,8,9,1,2,3,4,5,6,7,8,9,1,2,3,4,5,6,7,8,9,1,2,3,4,5,6,7,8,9,1,2,3,4,5,6,7,8,9,10,11,12,13,14,15,16,17,18,10,11,12,13,14,15,16,17,18,10,11,12,13,14,15,16,17,18,10,11,12,13,14,15,16,17,18,10,11,12,13,14,15,16,17,18,10,11,12,13,14,15,16,17,18,10,11,12,13,14,15,16,17,18,10,11,12,13,14,15,16,17,18,10,11,12,13,14,15,16,17,18,19,20,21,22,23,24,25,26,27,19,20,21,22,23,24,25,26,27,19,20,21,22,23,24,25,26,27,19,20,21,22,23,24,25,26,27,19,20,21,22,23,24,25,26,27,19,20,21,22,23,24,25,26,27,19,20,21,22,23,24,25,26,27,19,20,21,22,23,24,25,26,27,19,20,21,22,23,24,25,26,27,28,29,30,31,32,33,34,35,36,28,29,30,31,32,33,34,35,36,28,29,30,31,32,33,34,35,36,28,29,30,31,32,33,34,35,36,28,29,30,31,32,33,34,35,36,28,29,30,31,32,33,34,35,36,28,29,30,31,32,33,34,35,36,28,29,30,31,32,33,34,35,36,28,29,30,31,32,33,34,35,36],"idx_entry":[1,2,3,4,5,6,7,8,9,3,4,3,4,7,8,7,8,9,1,2,3,4,5,6,7,8,9,5,6,7,8,5,6,7,8,9,10,11,12,13,14,15,16,17,18,12,13,12,13,16,17,16,17,18,10,11,12,13,14,15,16,17,18,14,15,16,17,14,15,16,17,18,19,20,21,22,23,24,25,26,27,21,22,21,22,25,26,25,26,27,19,20,21,22,23,24,25,26,27,23,24,25,26,23,24,25,26,27,28,29,30,31,32,33,34,35,36,30,31,30,31,34,35,34,35,36,28,29,30,31,32,33,34,35,36,32,33,34,35,32,33,34,35,36],"idx_exit":[1,2,10,10,5,6,14,14,15,1,2,1,2,5,6,5,6,6,1,2,3,4,1,1,3,3,13,1,2,3,4,1,2,3,4,4,10,11,1,1,14,15,5,5,6,10,11,10,11,14,15,14,15,15,10,11,12,13,10,10,12,12,4,10,11,12,13,10,11,12,13,13,19,20,19,19,23,24,23,23,33,19,20,19,20,23,24,23,24,24,19,20,21,22,28,28,30,30,31,19,20,21,22,19,20,21,22,22,28,29,28,28,32,33,32,32,24,28,29,28,29,32,33,32,33,33,28,29,30,31,19,19,21,21,22,28,29,30,31,28,29,30,31,31],"idx_merger":[2,2,4,4,6,6,8,8,9,1,2,3,4,5,6,17,9,9,1,2,3,4,6,6,8,8,9,1,2,13,4,5,6,17,8,9,11,11,13,13,15,15,17,17,18,10,11,12,13,14,15,8,18,18,10,11,12,13,15,15,17,17,18,10,11,4,13,14,15,8,17,18,20,20,22,22,24,24,26,26,27,19,20,21,22,23,24,35,27,27,19,20,21,22,33,24,35,26,27,19,20,22,22,23,24,26,26,27,29,29,31,31,33,33,35,35,36,28,29,30,31,32,33,26,36,36,28,29,30,31,24,33,26,35,36,28,29,31,31,32,33,35,35,36]}