{"policy":"nolearning","smax":[5,1],"alpha":0.2,"beta":0.95,"gamma":1.0,"sigma":8.0,"v0":1.0,"accuracy":1.0e-8,"cost_entry":[0,10],"value_exit":[0,1],"cost_merger":[0,10],"entry":true,"exit":true,"mergers":true,"filename":"nolearning_a2s80v10","verbose":true,"firms":[1,2,3,4],"rival":[2,1,4,3],"partner":[3,4,1,2],"merger_pairs":[1,2,1,2,3,4,4,3],"outcomes":[1,0,1,0,1,0,0,0,0,0,1,0,1,0,1,0,0,0,1,0,0,1,0,0,1,0,0,0,1,1,0,0,0,0,1,0,0,0,0,0,1,1,1,1,2],"ownership":[0,3,0,3,0,0,4,4,0,1,0,1,0,0,2,2],"S":[1,1,1,1,1,1,1,1,1,0,0,1,1,0,0,1,1,1,1,1,1,1,1,1,1,1,1,0,0,0,0,1,1,1,1,1,0,1,0,1,0,1,0,1,3],"ms":9,"scale":[1.3195079107728942,1.3195079107728942,1.3195079107728942,1.3195079107728942,1.3195079107728942,1.3195079107728942,1.3195079107728942,1.3195079107728942,1.3195079107728942,0.0,0.0,1.3195079107728942,1.3195079107728942,0.0,0.0,1.3195079107728942,1.3195079107728942,1.3195079107728942,1.0,1.0,1.0,1.0,1.0,1.0,1.0,1.0,1.0,0.0,0.0,0.0,0.0,1.0,1.0,1.0,1.0,1.0],"D":[0.8828536138233541,0.936938575217549,0.49995192338545197,0.8632997681194776,0.8828536138216542,0.8950540725289531,0.4999519233920715,0.6261524850086829,0.4999999816506377,0.0,0.0,0.4999519167900318,0.1366888987479349,0.0,0.0,0.4999519167834232,0.37379946009948306,0.49999998608203144,0.84195166436203,0.936938575217549,0.8419516643651996,0.8632997681194776,0.49938259914476846,0.8950540725289531,0.49938259915911604,0.6261524850086829,0.4999999816506377,0.0,0.0,0.0,0.0,0.4993826045654498,0.10483844876858733,0.49938260455113215,0.3732301671405715,0.49999998608203144],"Q":[0.7433200695466059,0.936938575217549,0.420935353996964,0.8632997681194776,0.44088173233460937,0.8950540725289531,0.2496672909581319,0.6261524850086829,0.4999999816506377,0.0,0.0,0.0,0.0,0.0,0.0,0.24966729035363674,0.37318219160350896,0.49999998608203144,0.0,0.0,0.0,0.0,0.44088173712027745,0.0,0.2496672936538807,0.0,0.0,0.0,0.0,0.42093534844393904,0.0,0.0,0.0,0.24966728765788793,0.0,0.0,0.13953354427674822,0.0,0.07901656938848796,0.0,0.001090144366767311,0.0,0.0006173387800588691,0.0,0.0,0.0,0.0,0.07901656834609279,0.1366888987479349,0.0,0.0,0.0006173387718985349,0.00061726849597412,0.0,0.09863159481542406,0.0,8.0961924296474e-5,0.0,0.05850086681015909,0.0,4.802054309619915e-5,0.0,0.0,0.0,0.0,0.0,0.0,0.05850086744517237,0.10483844876858733,4.8020543614694476e-5,4.7975537062513454e-5,0.0,0.01851479136122177,0.06306142478245107,1.5197900219718746e-5,1.1333132587446745e-5,0.0001446519230143513,0.00010747870245956116,1.187377945224843e-7,7.935477167032607e-8,3.226733077003956e-8],"P":[-0.25246688593169564,-0.32841073522527087,-1.069531946710223,-0.8623031268056283,-0.25246688592964095,-0.7239631241602407,-1.0695319467258866,-1.1523274495140616,-1.1945079136720107,-0.0,-0.0,-1.0695319450612093,-1.1747165359536231,-0.0,-0.0,-1.0695319450735656,-1.1198913490310707,-1.194507914225935,-0.20910271235587446,-0.008902824452376668,-0.20910271235885178,-0.5427952160327341,-0.7503083155983183,-0.40445521338734647,-0.7503083156049198,-0.8328195387411674,-0.8750000028991165,-0.0,-0.0,-0.0,-0.0,-0.7503083169551642,-0.8603603937330053,-0.7503083169545904,-0.8005647419762589,-0.8750000034530407],"PI":[0.9420410248788276,0.9285971755597272,0.12497596403326514,0.39470478398205655,0.9420410248788277,0.5330447866310419,0.12497596402708877,0.10468046126211586,0.062499996256771516,0.0,0.0,0.12497596320899614,0.019791373572245637,0.0,0.0,0.12497596320116656,0.07461656300600876,0.06249999653373361,0.6658972876713867,0.9285971755597272,0.6658972876713868,0.39470478398205655,0.12469168234134703,0.5330447866310419,0.12469168234163282,0.10468046126211586,0.062499996256771516,0.0,0.0,0.0,0.0,0.12469168301726086,0.014639599707688028,0.12469168301397239,0.07443525468592388,0.06249999653373361],"CS":[0.4986481666643897,0.381416012936994,1.3867941603867855,1.459432763437153,1.1051475290466213,1.1782374898914099,1.9932935227853432,2.0796274162202653,2.2427947162984543],"V":[12.794605487872229,14.431986390962482,2.2519824464962506,8.05390770822498,12.72664210440049,9.751419647399171,2.499518523624429,2.0936087286956493,1.2499999697212705,0.0,0.0,2.251982441038093,0.8500245529844005,0.0,0.0,2.4995185071059876,1.4923311492627787,1.2499999752605069,10.001301957086167,14.431986186014381,9.728710368591715,8.053907503276884,2.267347229541466,9.751419442451073,2.493832688614258,2.093608523747556,1.2499997647731769,0.0,0.0,0.0,0.0,2.267347233712149,0.788872702746202,2.493832702061037,1.4887047802389899,1.2499997703124122],"pr_entry":[0.0,0.0,0.0,0.0,0.0,0.0,0.0,0.0,0.0,0.05629956192137875,0.02125061350081741,0.0,0.0,0.06248796168170582,0.037308278585704464,0.0,0.0,0.0,0.0,0.0,0.0,0.0,0.0,0.0,0.0,0.0,0.0,0.05668368166356565,0.019721817087810123,0.062345816290712244,0.03721761909350173,0.0,0.0,0.0,0.0,0.0],"pr_exit":[0.0,0.0,0.0,0.25,0.0,0.0,0.0,0.25,0.0,0.0,0.0,0.0,0.03749386499182589,0.0,0.0,0.0,0.0,0.0,0.0,0.0,0.0,0.0,0.0,0.25,0.0,0.25,0.0,0.0,0.0,0.0,0.0,0.0,0.05278182912189877,0.0,0.0,0.0],"pr_merger":[0.1670853045968863,0.0,0.1144893834742808,0.0,0.12595084922372393,0.0,0.0,0.0,0.0,0.0,0.0,0.0,0.0,0.0,0.0,0.0,0.0,0.0,0.0,0.0,0.0,0.0,0.12595084910496573,0.0,0.0,0.0,0.0,0.0,0.0,0.11448938362797376,0.0,0.0,0.0,0.0,0.0,0.0],"active_firms":[true,true,true,true,true,true,true,true,true,false,false,true,true,false,false,true,true,true,true,true,true,true,true,true,true,true,true,false,false,false,false,true,true,true,true,true,true,true,true,true,true,true,true,true,true],"active_outcomes":[1.0,1.0,1.0,1.0,1.0,1.0,1.0,1.0,1.0,0.0,0.0,0.0,0.0,0.0,0.0,1.0,1.0,1.0,0.0,0.0,0.0,0.0,1.0,0.0,1.0,0.0,0.0,0.0,0.0,1.0,0.0,0.0,0.0,1.0,0.0,0.0,1.0,0.0,1.0,0.0,1.0,0.0,1.0,0.0,0.0,0.0,0.0,1.0,1.0,0.0,0.0,1.0,1.0,0.0,1.0,0.0,1.0,0.0,1.0,0.0,1.0,0.0,0.0,0.0,0.0,0.0,0.0,1.0,1.0,1.0,1.0,0.0,1.0,1.0,1.0,1.0,1.0,1.0,1.0,1.0,1.0],"markets":[1,2,3,4,3,4,7,8,9],"marketnames":["20","21","30","31","40","41","43"],"idx_up":[1,2,3,4,5,6,7,8,9,1,2,3,4,5,6,7,8,9,1,2,3,4,5,6,7,8,9,1,2,3,4,5,6,7,8,9,1,2,3,4,5,6,7,8,9,1,2,3,4,5,6,7,8,9,1,2,3,4,5,6,7,8,9,1,2,3,4,5,6,7,8,9,1,2,3,4,5,6,7,8,9,10,11,12,13,14,15,16,17,18,10,11,12,13,14,15,16,17,18,10,11,12,13,14,15,16,17,18,10,11,12,13,14,15,16,17,18,10,11,12,13,14,15,16,17,18,10,11,12,13,14,15,16,17,18,10,11,12,13,14,15,16,17,18,10,11,12,13,14,15,16,17,18,10,11,12,13,14,15,16,17,18,19,20,21,22,23,24,25,26,27,19,20,21,22,23,24,25,26,27,19,20,21,22,23,24,25,26,27,19,20,21,22,23,24,25,26,27,19,20,21,22,23,24,25,26,27,19,20,21,22,23,24,25,26,27,19,20,21,22,23,24,25,26,27,19,20,21,22,23,24,25,26,27,19,20,21,22,23,24,25,26,27,28,29,30,31,32,33,34,35,36,28,29,30,31,32,33,34,35,36,28,29,30,31,32,33,34,35,36,28,29,30,31,32,33,34,35,36,28,29,30,31,32,33,34,35,36,28,29,30,31,32,33,34,35,36,28,29,30,31,32,33,34,35,36,28,29,30,31,32,33,34,35,36,28,29,30,31,32,33,34,35,36],"idx_entry":[1,2,3,4,5,6,7,8,9,3,4,3,4,7,8,7,8,9,1,2,3,4,5,6,7,8,9,5,6,7,8,5,6,7,8,9,10,11,12,13,14,15,16,17,18,12,13,12,13,16,17,16,17,18,10,11,12,13,14,15,16,17,18,14,15,16,17,14,15,16,17,18,19,20,21,22,23,24,25,26,27,21,22,21,22,25,26,25,26,27,19,20,21,22,23,24,25,26,27,23,24,25,26,23,24,25,26,27,28,29,30,31,32,33,34,35,36,30,31,30,31,34,35,34,35,36,28,29,30,31,32,33,34,35,36,32,33,34,35,32,33,34,35,36],"idx_exit":[1,2,10,4,5,6,14,8,11,1,2,1,2,5,6,5,6,2,1,2,3,4,1,6,3,8,11,1,2,3,4,1,2,3,4,2,10,11,1,13,14,15,5,17,2,10,11,10,11,14,15,14,15,11,10,11,12,13,10,15,12,17,2,10,11,12,13,10,11,12,13,11,19,20,19,22,23,24,23,26,29,19,20,19,20,23,24,23,24,20,19,20,21,22,28,24,30,26,29,19,20,21,22,19,20,21,22,20,28,29,28,31,32,33,32,35,20,28,29,28,29,32,33,32,33,29,28,29,30,31,19,33,21,35,20,28,29,30,31,28,29,30,31,29],"idx_merger":[2,2,4,4,6,6,8,8,9,1,2,3,4,5,6,17,9,9,1,2,3,4,6,6,8,8,9,1,2,13,4,5,6,17,8,9,11,11,13,13,15,15,17,17,18,10,11,12,13,14,15,8,18,18,10,11,12,13,15,15,17,17,18,10,11,4,13,14,15,8,17,18,20,20,22,22,24,24,26,26,27,19,20,21,22,23,24,35,27,27,19,20,21,22,33,24,35,26,27,19,20,22,22,23,24,26,26,27,29,29,31,31,33,33,35,35,36,28,29,30,31,32,33,26,36,36,28,29,30,31,24,33,26,35,36,28,29,31,31,32,33,35,35,36]}