{"policy":"nolearning","smax":[5,1],"alpha":0.1,"beta":0.95,"gamma":1.0,"sigma":5.0,"v0":1.0,"accuracy":1.0e-8,"cost_entry":[0,10],"value_exit":[0,1],"cost_merger":[0,10],"entry":true,"exit":true,"mergers":true,"filename":"nolearning_a1s50v10","verbose":true,"firms":[1,2,3,4],"rival":[2,1,4,3],"partner":[3,4,1,2],"merger_pairs":[1,2,1,2,3,4,4,3],"outcomes":[1,0,1,0,1,0,0,0,0,0,1,0,1,0,1,0,0,0,1,0,0,1,0,0,1,0,0,0,1,1,0,0,0,0,1,0,0,0,0,0,1,1,1,1,2],"ownership":[0,3,0,3,0,0,4,4,0,1,0,1,0,0,2,2],"S":[1,1,1,1,1,1,1,1,1,0,0,1,1,0,0,1,1,1,1,1,1,1,1,1,1,1,1,0,0,0,0,1,1,1,1,1,0,1,0,1,0,1,0,1,3],"ms":9,"scale":[1.148698354997035,1.148698354997035,1.148698354997035,1.148698354997035,1.148698354997035,1.148698354997035,1.148698354997035,1.148698354997035,1.148698354997035,0.0,0.0,1.148698354997035,1.148698354997035,0.0,0.0,1.148698354997035,1.148698354997035,1.148698354997035,1.0,1.0,1.0,1.0,1.0,1.0,1.0,1.0,1.0,0.0,0.0,0.0,0.0,1.0,1.0,1.0,1.0,1.0],"D":[0.7774211928900396,0.8850840259855373,0.4942806997548593,0.7953086173898579,0.7774211928847918,0.8164255853491051,0.4942806997567448,0.6206717637699775,0.4999601338029772,0.0,0.0,0.49428070320148815,0.20241942469644994,0.0,0.0,0.49428070320061374,0.37342670160796865,0.49996013727263244,0.7453054096178467,0.8850840259855373,0.7453054096149534,0.7953086173898579,0.48838223307038187,0.8164255853491051,0.48838223306966644,0.6206717637699775,0.4999601338029772,0.0,0.0,0.0,0.0,0.4883822367926625,0.1794832642543997,0.48838223679268633,0.36730622351325093,0.49996013727263244],"Q":[0.5794162206125061,0.8850840259855373,0.36839007939556123,0.7953086173898579,0.3796786982173147,0.8164255853491051,0.24139791191043636,0.6206717637699775,0.4999601338029772,0.0,0.0,0.0,0.0,0.0,0.0,0.2413979154325776,0.3615917256511807,0.49996013727263244,0.0,0.0,0.0,0.0,0.3796787011110946,0.0,0.2413979137506532,0.0,0.0,0.0,0.0,0.3683900819643524,0.0,0.0,0.0,0.24139791359236076,0.0,0.0,0.1980049722775336,0.0,0.12589062035929804,0.0,0.018063793556382577,0.0,0.011484874095655262,0.0,0.0,0.0,0.0,0.12589062123713574,0.20241942469644994,0.0,0.0,0.011484874175675383,0.011834975956787938,0.0,0.1658891890053407,0.0,0.008525248255039778,0.0,0.10870353485306716,0.0,0.005586407566869372,0.0,0.0,0.0,0.0,0.0,0.0,0.10870353568156794,0.1794832642543997,0.005586407609455495,0.005714497862070206,0.0,0.05668961810461965,0.11491597401446288,0.0029133487886126605,0.002271957913692117,0.005171736580573054,0.004091150396495172,0.00026578186631670195,0.00018703675998371432,7.972892439042891e-5],"P":[-0.2501402102269722,-0.2784973159545785,-0.7532220463107012,-0.6601580035500614,-0.25014021022090666,-0.6039601343619638,-0.7532220463291388,-0.8850744260417643,-0.9487142981043842,-0.0,-0.0,-0.753222047705305,-0.8979399855688994,-0.0,-0.0,-0.7532220477226259,-0.8295018630845252,-0.9487142987983707,-0.21474578751710977,-0.1297989609575434,-0.21474578751406154,-0.5114596485530263,-0.6090831570327493,-0.45526177936492873,-0.6090831570265024,-0.7363760710447292,-0.8000159431073491,-0.0,-0.0,-0.0,-0.0,-0.6090831585570802,-0.7562511534375658,-0.609083158551136,-0.683891306845022,-0.8000159438013356],"PI":[0.6985581447882032,0.7702010390524952,0.19547630659394985,0.38854035144844795,0.6985581447882032,0.444738220644018,0.19547630658558218,0.16362392895663913,0.09998405584251194,0.0,0.0,0.19547630726768417,0.05075836487746308,0.0,0.0,0.19547630725877696,0.1191964931397232,0.09998405618942212,0.5852542124887002,0.7702010390524952,0.5852542124887,0.38854035144844795,0.1909168407131697,0.444738220644018,0.1909168407159409,0.16362392895663913,0.09998405584251194,0.0,0.0,0.0,0.0,0.1909168414238158,0.04374883863927051,0.1909168414267281,0.11610869030246401,0.09998405618942212],"CS":[0.5740328374449961,0.4902472301754252,1.1676904145962175,1.27495907492994,1.0529093502400038,1.1573222300783264,1.646566927409933,1.7743774910854533,2.02600506055028],"V":[7.87279152149732,9.398251898452228,3.773870230635517,5.411446387220138,7.478459104446483,5.909115987900833,3.90951235145283,3.272467978601518,1.9996768692971125,0.0,0.0,3.7738702398178567,1.7330700288454177,0.0,0.0,3.909512364916658,2.38392369732122,1.999676876235282,7.036070001866155,9.398251156246639,6.63622843565148,5.411445645014549,3.599258466511196,5.909115245695244,3.8183227470122483,3.272467236395925,1.9996761270915189,0.0,0.0,0.0,0.0,3.5992584757613346,1.6434843203934726,3.8183227612279182,2.32216720661656,1.9996761340296902],"pr_entry":[0.0,0.0,0.0,0.0,0.0,0.0,0.0,0.0,0.0,0.09434673196926743,0.04332674017482544,0.0,0.0,0.09773779099099686,0.0595980843205657,0.0,0.0,0.0,0.0,0.0,0.0,0.0,0.0,0.0,0.0,0.0,0.0,0.08998144027635087,0.04108709701677772,0.09545805052108394,0.0580541714819499,0.0,0.0,0.0,0.0,0.0],"pr_exit":[0.0,0.0,0.0,0.25,0.0,0.0,0.0,0.25,0.0,0.0,0.0,0.0,0.0,0.0,0.0,0.0,0.0,0.0,0.0,0.0,0.0,0.0,0.0,0.25,0.0,0.25,0.0,0.0,0.0,0.0,0.0,0.0,0.0,0.0,0.0,0.0],"pr_merger":[0.1006157606599392,0.0,0.010512108870043325,0.0,0.01884114659694658,0.0,0.0,0.0,0.0,0.0,0.0,0.0,0.0,0.0,0.0,0.0,0.0,0.0,0.0,0.0,0.0,0.0,0.0188411463535602,0.0,0.0,0.0,0.0,0.0,0.0,0.010512108630267325,0.0,0.0,0.0,0.0,0.0,0.0],"active_firms":[true,true,true,true,true,true,true,true,true,false,false,true,true,false,false,true,true,true,true,true,true,true,true,true,true,true,true,false,false,false,false,true,true,true,true,true,true,true,true,true,true,true,true,true,true],"active_outcomes":[1.0,1.0,1.0,1.0,1.0,1.0,1.0,1.0,1.0,0.0,0.0,0.0,0.0,0.0,0.0,1.0,1.0,1.0,0.0,0.0,0.0,0.0,1.0,0.0,1.0,0.0,0.0,0.0,0.0,1.0,0.0,0.0,0.0,1.0,0.0,0.0,1.0,0.0,1.0,0.0,1.0,0.0,1.0,0.0,0.0,0.0,0.0,1.0,1.0,0.0,0.0,1.0,1.0,0.0,1.0,0.0,1.0,0.0,1.0,0.0,1.0,0.0,0.0,0.0,0.0,0.0,0.0,1.0,1.0,1.0,1.0,0.0,1.0,1.0,1.0,1.0,1.0,1.0,1.0,1.0,1.0],"markets":[1,2,3,4,3,4,7,8,9],"marketnames":["20","21","30","31","40","41","43"],"idx_up":[1,2,3,4,5,6,7,8,9,1,2,3,4,5,6,7,8,9,1,2,3,4,5,6,7,8,9,1,2,3,4,5,6,7,8,9,1,2,3,4,5,6,7,8,9,1,2,3,4,5,6,7,8,9,1,2,3,4,5,6,7,8,9,1,2,3,4,5,6,7,8,9,1,2,3,4,5,6,7,8,9,10,11,12,13,14,15,16,17,18,10,11,12,13,14,15,16,17,18,10,11,12,13,14,15,16,17,18,10,11,12,13,14,15,16,17,18,10,11,12,13,14,15,16,17,18,10,11,12,13,14,15,16,17,18,10,11,12,13,14,15,16,17,18,10,11,12,13,14,15,16,17,18,10,11,12,13,14,15,16,17,18,19,20,21,22,23,24,25,26,27,19,20,21,22,23,24,25,26,27,19,20,21,22,23,24,25,26,27,19,20,21,22,23,24,25,26,27,19,20,21,22,23,24,25,26,27,19,20,21,22,23,24,25,26,27,19,20,21,22,23,24,25,26,27,19,20,21,22,23,24,25,26,27,19,20,21,22,23,24,25,26,27,28,29,30,31,32,33,34,35,36,28,29,30,31,32,33,34,35,36,28,29,30,31,32,33,34,35,36,28,29,30,31,32,33,34,35,36,28,29,30,31,32,33,34,35,36,28,29,30,31,32,33,34,35,36,28,29,30,31,32,33,34,35,36,28,29,30,31,32,33,34,35,36,28,29,30,31,32,33,34,35,36],"idx_entry":[1,2,3,4,5,6,7,8,9,3,4,3,4,7,8,7,8,9,1,2,3,4,5,6,7,8,9,5,6,7,8,5,6,7,8,9,10,11,12,13,14,15,16,17,18,12,13,12,13,16,17,16,17,18,10,11,12,13,14,15,16,17,18,14,15,16,17,14,15,16,17,18,19,20,21,22,23,24,25,26,27,21,22,21,22,25,26,25,26,27,19,20,21,22,23,24,25,26,27,23,24,25,26,23,24,25,26,27,28,29,30,31,32,33,34,35,36,30,31,30,31,34,35,34,35,36,28,29,30,31,32,33,34,35,36,32,33,34,35,32,33,34,35,36],"idx_exit":[1,2,10,4,5,6,14,8,11,1,2,1,2,5,6,5,6,2,1,2,3,4,1,6,3,8,11,1,2,3,4,1,2,3,4,2,10,11,1,13,14,15,5,17,2,10,11,10,11,14,15,14,15,11,10,11,12,13,10,15,12,17,2,10,11,12,13,10,11,12,13,11,19,20,19,22,23,24,23,26,29,19,20,19,20,23,24,23,24,20,19,20,21,22,28,24,30,26,29,19,20,21,22,19,20,21,22,20,28,29,28,31,32,33,32,35,20,28,29,28,29,32,33,32,33,29,28,29,30,31,19,33,21,35,20,28,29,30,31,28,29,30,31,29],"idx_merger":[2,2,4,4,6,6,8,8,9,1,2,3,4,5,6,17,9,9,1,2,3,4,6,6,8,8,9,1,2,13,4,5,6,17,8,9,11,11,13,13,15,15,17,17,18,10,11,12,13,14,15,8,18,18,10,11,12,13,15,15,17,17,18,10,11,4,13,14,15,8,17,18,20,20,22,22,24,24,26,26,27,19,20,21,22,23,24,35,27,27,19,20,21,22,33,24,35,26,27,19,20,22,22,23,24,26,26,27,29,29,31,31,33,33,35,35,36,28,29,30,31,32,33,26,36,36,28,29,30,31,24,33,26,35,36,28,29,31,31,32,33,35,35,36]}