{"policy":"nolearning","smax":[5,1],"alpha":0.9,"beta":0.95,"gamma":1.0,"sigma":9.0,"v0":1.0,"accuracy":1.0e-8,"cost_entry":[0,10],"value_exit":[0,1],"cost_merger":[0,10],"entry":true,"exit":true,"mergers":true,"filename":"nolearning_a9s90v10","verbose":true,"firms":[1,2,3,4],"rival":[2,1,4,3],"partner":[3,4,1,2],"merger_pairs":[1,2,1,2,3,4,4,3],"outcomes":[1,0,1,0,1,0,0,0,0,0,1,0,1,0,1,0,0,0,1,0,0,1,0,0,1,0,0,0,1,1,0,0,0,0,1,0,0,0,0,0,1,1,1,1,2],"ownership":[0,3,0,3,0,0,4,4,0,1,0,1,0,0,2,2],"S":[1,1,1,1,1,1,1,1,1,0,0,1,1,0,0,1,1,1,1,1,1,1,1,1,1,1,1,0,0,0,0,1,1,1,1,1,0,1,0,1,0,1,0,1,3],"ms":9,"scale":[3.4822022531844965,3.4822022531844965,3.4822022531844965,3.4822022531844965,3.4822022531844965,3.4822022531844965,3.4822022531844965,3.4822022531844965,3.4822022531844965,0.0,0.0,3.4822022531844965,3.4822022531844965,0.0,0.0,3.4822022531844965,3.4822022531844965,3.4822022531844965,1.0,1.0,1.0,1.0,1.0,1.0,1.0,1.0,1.0,0.0,0.0,0.0,0.0,1.0,1.0,1.0,1.0,1.0],"D":[0.9643397316678923,0.9727986705317668,0.500000001885379,0.8775953484989619,0.9643397316653186,0.9655664434549037,0.500000001884387,0.6262909341678466,0.49999999688509256,0.0,0.0,0.4999999981145305,0.12240465150102867,0.0,0.0,0.4999999981155227,0.37370906583210844,0.5000000031149074,0.8607022208263453,0.9727986705317668,0.8607022208240098,0.8775953484989619,0.49977234264342174,0.9655664434549037,0.4997723426551329,0.6262909341678466,0.49999999688509256,0.0,0.0,0.0,0.0,0.499772338596827,0.034421590321550566,0.49977233858511155,0.3734816576395907,0.5000000031149074],"Q":[0.8300093486776369,0.9727986705317668,0.4303511120347548,0.8775953484989619,0.4819503267985051,0.9655664434549037,0.24988617226933088,0.6262909341678466,0.49999999688509256,0.0,0.0,0.0,0.0,0.0,0.0,0.2498861683507461,0.3734816576395455,0.5000000031149074,0.0,0.0,0.0,0.0,0.481950322896213,0.0,0.24988617023432022,0.0,0.0,0.0,0.0,0.4303511087891771,0.0,0.0,0.0,0.24988617038575672,0.0,0.0,0.13433038299025546,0.0,0.06964888985062422,0.0,0.0004390819706005919,0.0,0.00022765938073589044,0.0,0.0,0.0,0.0,0.06964888932535339,0.12240465150102867,0.0,0.0,0.0002276593790198558,0.00022740819256297372,0.0,0.030692872148708455,0.0,7.792932024791405e-14,0.0,0.017822015844916682,0.0,4.5250166667876885e-14,0.0,0.0,0.0,0.0,0.0,0.0,0.017822015700614046,0.034421590321550566,4.525016629937093e-14,4.518529814167906e-14,0.0,0.004967396183399202,0.027201329468233133,1.2612237984975037e-14,9.37466286757166e-15,1.6236789150539632e-5,1.1966223545725586e-5,4.1225270002941386e-17,2.751274867355172e-17,1.1173715998047729e-17],"P":[-0.3663785015694418,-1.439818420756362,-3.2599800295361816,-3.028334244048145,-0.3663785015611263,-1.8687890276817924,-3.2599800295306083,-3.333542344577604,-3.371091140631606,-0.0,-0.0,-3.259980028698215,-3.3555936530362853,-0.0,-0.0,-3.259980028693083,-3.3047909153688924,-3.3710911413238076,-0.2023482948898393,1.0423838324281345,-0.2023482948876749,-0.5461319908636484,-0.7778789127174024,0.613413225502704,-0.7778789127188699,-0.8513400913931073,-0.8888888874471097,-0.0,-0.0,-0.0,-0.0,-0.7778789118177496,-0.8849279217308845,-0.777878911814009,-0.8226530627978795,-0.8888888881393111],"PI":[3.0047126405569076,1.986828276901664,0.11111111224313056,0.3983124536505465,3.0047126405569076,1.5578576699717506,0.11111111224569678,0.09310435303471754,0.05555555593034432,0.0,0.0,0.11111111182414751,0.015497481578174876,0.0,0.0,0.11111111182693395,0.06630022532309404,0.055555556276445275,0.6865405940342364,1.986828276901664,0.6865405940342364,0.3983124536505465,0.11100997614172776,1.5578576699717506,0.11100997614359563,0.09310435303471754,0.05555555593034432,0.0,0.0,0.0,0.0,0.11100997569251532,0.003960963935628894,0.1110099756917825,0.06623582808355234,0.055555556276445275],"CS":[0.5894288314357137,0.43246350020198465,3.556012087075626,3.620938650771661,1.2253589950204011,1.291233850431183,4.191942250663707,4.268840473440744,4.414012735562016],"V":[36.19349018919725,33.583464407868114,3.61827607548964,18.371534281638553,43.21106228393201,27.441601794918395,2.222222303992487,1.8620871366590963,1.1111112297837389,0.0,0.0,3.618276073907242,0.7023674160936431,0.0,0.0,2.2222222956172315,1.3260046075627159,1.1111112367057616,19.365363916332555,33.58346429148142,23.643419509547613,18.371534165251866,3.0500111350960024,27.441601678531708,2.220199465658617,1.8620870202724085,1.111111113397052,0.0,0.0,0.0,0.0,3.050011133394679,0.560538522563865,2.2201994566223613,1.3247165464455888,1.1111111203190749],"pr_entry":[0.0,0.0,0.0,0.0,0.0,0.0,0.0,0.0,0.0,0.09045689962399328,0.01755918552593865,0.0,0.0,0.05555555746816572,0.0331501153220953,0.0,0.0,0.0,0.0,0.0,0.0,0.0,0.0,0.0,0.0,0.0,0.0,0.07625027644526448,0.014013463120721787,0.05550498634027838,0.033117913641106216,0.0,0.0,0.0,0.0,0.0],"pr_exit":[0.0,0.0,0.0,0.25,0.0,0.0,0.0,0.25,0.0,0.0,0.0,0.0,0.07440814474061347,0.0,0.0,0.0,0.0,0.0,0.0,0.0,0.0,0.0,0.0,0.25,0.0,0.25,0.0,0.0,0.0,0.0,0.0,0.0,0.10986536879278214,0.0,0.0,0.0],"pr_merger":[0.25,0.0,0.25,0.0,0.25,0.0,0.0,0.0,0.0,0.0,0.0,0.0,0.0,0.0,0.0,0.0,0.0,0.0,0.0,0.0,0.0,0.0,0.25,0.0,0.0,0.0,0.0,0.0,0.0,0.25,0.0,0.0,0.0,0.0,0.0,0.0],"active_firms":[true,true,true,true,true,true,true,true,true,false,false,true,true,false,false,true,true,true,true,true,true,true,true,true,true,true,true,false,false,false,false,true,true,true,true,true,true,true,true,true,true,true,true,true,true],"active_outcomes":[1.0,1.0,1.0,1.0,1.0,1.0,1.0,1.0,1.0,0.0,0.0,0.0,0.0,0.0,0.0,1.0,1.0,1.0,0.0,0.0,0.0,0.0,1.0,0.0,1.0,0.0,0.0,0.0,0.0,1.0,0.0,0.0,0.0,1.0,0.0,0.0,1.0,0.0,1.0,0.0,1.0,0.0,1.0,0.0,0.0,0.0,0.0,1.0,1.0,0.0,0.0,1.0,1.0,0.0,1.0,0.0,1.0,0.0,1.0,0.0,1.0,0.0,0.0,0.0,0.0,0.0,0.0,1.0,1.0,1.0,1.0,0.0,1.0,1.0,1.0,1.0,1.0,1.0,1.0,1.0,1.0],"markets":[1,2,3,4,3,4,7,8,9],"marketnames":["20","21","30","31","40","41","43"],"idx_up":[1,2,3,4,5,6,7,8,9,1,2,3,4,5,6,7,8,9,1,2,3,4,5,6,7,8,9,1,2,3,4,5,6,7,8,9,1,2,3,4,5,6,7,8,9,1,2,3,4,5,6,7,8,9,1,2,3,4,5,6,7,8,9,1,2,3,4,5,6,7,8,9,1,2,3,4,5,6,7,8,9,10,11,12,13,14,15,16,17,18,10,11,12,13,14,15,16,17,18,10,11,12,13,14,15,16,17,18,10,11,12,13,14,15,16,17,18,10,11,12,13,14,15,16,17,18,10,11,12,13,14,15,16,17,18,10,11,12,13,14,15,16,17,18,10,11,12,13,14,15,16,17,18,10,11,12,13,14,15,16,17,18,19,20,21,22,23,24,25,26,27,19,20,21,22,23,24,25,26,27,19,20,21,22,23,24,25,26,27,19,20,21,22,23,24,25,26,27,19,20,21,22,23,24,25,26,27,19,20,21,22,23,24,25,26,27,19,20,21,22,23,24,25,26,27,19,20,21,22,23,24,25,26,27,19,20,21,22,23,24,25,26,27,28,29,30,31,32,33,34,35,36,28,29,30,31,32,33,34,35,36,28,29,30,31,32,33,34,35,36,28,29,30,31,32,33,34,35,36,28,29,30,31,32,33,34,35,36,28,29,30,31,32,33,34,35,36,28,29,30,31,32,33,34,35,36,28,29,30,31,32,33,34,35,36,28,29,30,31,32,33,34,35,36],"idx_entry":[1,2,3,4,5,6,7,8,9,3,4,3,4,7,8,7,8,9,1,2,3,4,5,6,7,8,9,5,6,7,8,5,6,7,8,9,10,11,12,13,14,15,16,17,18,12,13,12,13,16,17,16,17,18,10,11,12,13,14,15,16,17,18,14,15,16,17,14,15,16,17,18,19,20,21,22,23,24,25,26,27,21,22,21,22,25,26,25,26,27,19,20,21,22,23,24,25,26,27,23,24,25,26,23,24,25,26,27,28,29,30,31,32,33,34,35,36,30,31,30,31,34,35,34,35,36,28,29,30,31,32,33,34,35,36,32,33,34,35,32,33,34,35,36],"idx_exit":[1,2,10,4,5,6,14,8,11,1,2,1,2,5,6,5,6,2,1,2,3,4,1,6,3,8,11,1,2,3,4,1,2,3,4,2,10,11,1,13,14,15,5,17,2,10,11,10,11,14,15,14,15,11,10,11,12,13,10,15,12,17,2,10,11,12,13,10,11,12,13,11,19,20,19,22,23,24,23,26,29,19,20,19,20,23,24,23,24,20,19,20,21,22,28,24,30,26,29,19,20,21,22,19,20,21,22,20,28,29,28,31,32,33,32,35,20,28,29,28,29,32,33,32,33,29,28,29,30,31,19,33,21,35,20,28,29,30,31,28,29,30,31,29],"idx_merger":[2,2,4,4,6,6,8,8,9,1,2,3,4,5,6,17,9,9,1,2,3,4,6,6,8,8,9,1,2,13,4,5,6,17,8,9,11,11,13,13,15,15,17,17,18,10,11,12,13,14,15,8,18,18,10,11,12,13,15,15,17,17,18,10,11,4,13,14,15,8,17,18,20,20,22,22,24,24,26,26,27,19,20,21,22,23,24,35,27,27,19,20,21,22,33,24,35,26,27,19,20,22,22,23,24,26,26,27,29,29,31,31,33,33,35,35,36,28,29,30,31,32,33,26,36,36,28,29,30,31,24,33,26,35,36,28,29,31,31,32,33,35,35,36]}