{"policy":"nolearning","smax":[5,1],"alpha":0.2,"beta":0.95,"gamma":1.0,"sigma":5.0,"v0":1.0,"accuracy":1.0e-8,"cost_entry":[0,10],"value_exit":[0,1],"cost_merger":[0,10],"entry":true,"exit":true,"mergers":true,"filename":"nolearning_a2s50v10","verbose":true,"firms":[1,2,3,4],"rival":[2,1,4,3],"partner":[3,4,1,2],"merger_pairs":[1,2,1,2,3,4,4,3],"outcomes":[1,0,1,0,1,0,0,0,0,0,1,0,1,0,1,0,0,0,1,0,0,1,0,0,1,0,0,0,1,1,0,0,0,0,1,0,0,0,0,0,1,1,1,1,2],"ownership":[0,3,0,3,0,0,4,4,0,1,0,1,0,0,2,2],"S":[1,1,1,1,1,1,1,1,1,0,0,1,1,0,0,1,1,1,1,1,1,1,1,1,1,1,1,0,0,0,0,1,1,1,1,1,0,1,0,1,0,1,0,1,3],"ms":9,"scale":[1.3195079107728942,1.3195079107728942,1.3195079107728942,1.3195079107728942,1.3195079107728942,1.3195079107728942,1.3195079107728942,1.3195079107728942,1.3195079107728942,0.0,0.0,1.3195079107728942,1.3195079107728942,0.0,0.0,1.3195079107728942,1.3195079107728942,1.3195079107728942,1.0,1.0,1.0,1.0,1.0,1.0,1.0,1.0,1.0,0.0,0.0,0.0,0.0,1.0,1.0,1.0,1.0,1.0],"D":[0.8065650409521956,0.8943136390385381,0.4975179989120571,0.7955752621638756,0.8065650409532569,0.836877283949701,0.49751799888331516,0.6217636962661292,0.4999830256770173,0.0,0.0,0.49751799439488054,0.2034510828187859,0.0,0.0,0.49751799442375505,0.3756941419954003,0.49998302998701616,0.7453054096212064,0.8943136390385381,0.7453054096339896,0.7955752621638756,0.48838223307038353,0.836877283949701,0.48838223306891204,0.6217636962661292,0.4999830256770173,0.0,0.0,0.0,0.0,0.48838223679177695,0.15958849852994805,0.48838223679383475,0.36627861158112524,0.49998302998701616],"Q":[0.6011372882330214,0.8943136390385381,0.3708028559794336,0.7955752621638756,0.3939120358172569,0.836877283949701,0.24297895128660996,0.6217636962661292,0.4999830256770173,0.0,0.0,0.0,0.0,0.0,0.0,0.2429789509618561,0.363816818615221,0.49998302998701616,0.0,0.0,0.0,0.0,0.3939120388188028,0.0,0.24297895313982604,0.0,0.0,0.0,0.0,0.37080285261275747,0.0,0.0,0.0,0.24297894910864,0.0,0.0,0.2054277527191743,0.0,0.12671514293262354,0.0,0.018740966317197134,0.0,0.011560094456879179,0.0,0.0,0.0,0.0,0.1267151417821231,0.2034510828187859,0.0,0.0,0.011560094353258936,0.011877323380179284,0.0,0.14416812138818505,0.0,0.003699701041798656,0.0,0.0944701972531266,0.0,0.002424332673662041,0.0,0.0,0.0,0.0,0.0,0.0,0.09447019797297415,0.15958849852994805,0.002424332692152583,0.0024617929659042346,0.0,0.0492668376596192,0.10568636096146189,0.0012643056512636334,0.0009736550173384766,0.004494563820642346,0.0035342175203510054,0.0001153413271150951,8.03687725663378e-5,3.394433596663506e-5],"P":[-0.28556864264831966,-0.37331202449966483,-0.92148370380002,-0.8303303236777082,-0.2855686426496799,-0.7064725076693499,-0.9214837037938071,-1.0551229244040339,-1.1195146976521855,-0.0,-0.0,-0.9214837019841353,-1.068424765288522,-0.0,-0.0,-0.921483702001084,-0.9991521126022908,-1.1195146985142144,-0.21474578752064957,-0.05380411372677063,-0.21474578753411794,-0.510822412904814,-0.6090831570251423,-0.3869645968964557,-0.609083157029586,-0.7356150136311397,-0.8000067868792913,-0.0,-0.0,-0.0,-0.0,-0.6090831585491098,-0.7620213390633548,-0.609083158554999,-0.6844039023105489,-0.8000067877413202],"PI":[0.8339392681369806,0.8461958862963065,0.19802420697170284,0.3891775870979447,0.8339392681369807,0.5130354031143043,0.19802420696335388,0.16438498636197277,0.0999932118109605,0.0,0.0,0.1980242060771925,0.051083137826342294,0.0,0.0,0.19802420608025298,0.1203557967269565,0.09999321224193121,0.5852542124887001,0.8461958862963065,0.5852542124887001,0.3891775870979447,0.1909168407168855,0.5130354031143043,0.19091684071414,0.16438498636197277,0.0999932118109605,0.0,0.0,0.0,0.0,0.1909168414273622,0.03797865718104681,0.19091684142529045,0.1155961004821133,0.09999321224193121],"CS":[0.6021008176757171,0.506992300450567,1.3346464399561762,1.4444271162316942,1.080977330466291,1.186589085736088,1.813522952746003,1.9433133861189007,2.1967871465999016],"V":[8.95700871805156,10.202749588946547,3.826063273723964,5.430452134650637,8.476837060756381,6.540973761663632,3.9604702634378603,3.287689386255237,1.999860661590987,0.0,0.0,3.8260632616532355,1.746791008219439,0.0,0.0,3.96047024577594,2.4071102201888745,1.9998606702103532,7.1401847007979695,10.202747910235038,6.635346706088875,5.430450455939126,3.517711588962329,6.540972082952118,3.818322006591664,3.287687707543725,1.9998589828794735,0.0,0.0,0.0,0.0,3.5177115976959,1.5876606675282354,3.8183220208145947,2.3119151167344323,1.9998589914988398],"pr_entry":[0.0,0.0,0.0,0.0,0.0,0.0,0.0,0.0,0.0,0.09565155669813792,0.04366976509611656,0.0,0.0,0.09901173788672861,0.06017774798583995,0.0,0.0,0.0,0.0,0.0,0.0,0.0,0.0,0.0,0.0,0.0,0.0,0.08794276923016117,0.03969150535626163,0.09545803103656063,0.057797868848745236,0.0,0.0,0.0,0.0,0.0],"pr_exit":[0.0,0.0,0.0,0.25,0.0,0.0,0.0,0.25,0.0,0.0,0.0,0.0,0.0,0.0,0.0,0.0,0.0,0.0,0.0,0.0,0.0,0.0,0.0,0.25,0.0,0.25,0.0,0.0,0.0,0.0,0.0,0.0,0.0,0.0,0.0,0.0],"pr_merger":[0.1125170361417196,0.0,0.010196910005357652,0.0,0.027831405586660286,0.0,0.0,0.0,0.0,0.0,0.0,0.0,0.0,0.0,0.0,0.0,0.0,0.0,0.0,0.0,0.0,0.0,0.02783140535473331,0.0,0.0,0.0,0.0,0.0,0.0,0.010196910320468867,0.0,0.0,0.0,0.0,0.0,0.0],"active_firms":[true,true,true,true,true,true,true,true,true,false,false,true,true,false,false,true,true,true,true,true,true,true,true,true,true,true,true,false,false,false,false,true,true,true,true,true,true,true,true,true,true,true,true,true,true],"active_outcomes":[1.0,1.0,1.0,1.0,1.0,1.0,1.0,1.0,1.0,0.0,0.0,0.0,0.0,0.0,0.0,1.0,1.0,1.0,0.0,0.0,0.0,0.0,1.0,0.0,1.0,0.0,0.0,0.0,0.0,1.0,0.0,0.0,0.0,1.0,0.0,0.0,1.0,0.0,1.0,0.0,1.0,0.0,1.0,0.0,0.0,0.0,0.0,1.0,1.0,0.0,0.0,1.0,1.0,0.0,1.0,0.0,1.0,0.0,1.0,0.0,1.0,0.0,0.0,0.0,0.0,0.0,0.0,1.0,1.0,1.0,1.0,0.0,1.0,1.0,1.0,1.0,1.0,1.0,1.0,1.0,1.0],"markets":[1,2,3,4,3,4,7,8,9],"marketnames":["20","21","30","31","40","41","43"],"idx_up":[1,2,3,4,5,6,7,8,9,1,2,3,4,5,6,7,8,9,1,2,3,4,5,6,7,8,9,1,2,3,4,5,6,7,8,9,1,2,3,4,5,6,7,8,9,1,2,3,4,5,6,7,8,9,1,2,3,4,5,6,7,8,9,1,2,3,4,5,6,7,8,9,1,2,3,4,5,6,7,8,9,10,11,12,13,14,15,16,17,18,10,11,12,13,14,15,16,17,18,10,11,12,13,14,15,16,17,18,10,11,12,13,14,15,16,17,18,10,11,12,13,14,15,16,17,18,10,11,12,13,14,15,16,17,18,10,11,12,13,14,15,16,17,18,10,11,12,13,14,15,16,17,18,10,11,12,13,14,15,16,17,18,19,20,21,22,23,24,25,26,27,19,20,21,22,23,24,25,26,27,19,20,21,22,23,24,25,26,27,19,20,21,22,23,24,25,26,27,19,20,21,22,23,24,25,26,27,19,20,21,22,23,24,25,26,27,19,20,21,22,23,24,25,26,27,19,20,21,22,23,24,25,26,27,19,20,21,22,23,24,25,26,27,28,29,30,31,32,33,34,35,36,28,29,30,31,32,33,34,35,36,28,29,30,31,32,33,34,35,36,28,29,30,31,32,33,34,35,36,28,29,30,31,32,33,34,35,36,28,29,30,31,32,33,34,35,36,28,29,30,31,32,33,34,35,36,28,29,30,31,32,33,34,35,36,28,29,30,31,32,33,34,35,36],"idx_entry":[1,2,3,4,5,6,7,8,9,3,4,3,4,7,8,7,8,9,1,2,3,4,5,6,7,8,9,5,6,7,8,5,6,7,8,9,10,11,12,13,14,15,16,17,18,12,13,12,13,16,17,16,17,18,10,11,12,13,14,15,16,17,18,14,15,16,17,14,15,16,17,18,19,20,21,22,23,24,25,26,27,21,22,21,22,25,26,25,26,27,19,20,21,22,23,24,25,26,27,23,24,25,26,23,24,25,26,27,28,29,30,31,32,33,34,35,36,30,31,30,31,34,35,34,35,36,28,29,30,31,32,33,34,35,36,32,33,34,35,32,33,34,35,36],"idx_exit":[1,2,10,4,5,6,14,8,11,1,2,1,2,5,6,5,6,2,1,2,3,4,1,6,3,8,11,1,2,3,4,1,2,3,4,2,10,11,1,13,14,15,5,17,2,10,11,10,11,14,15,14,15,11,10,11,12,13,10,15,12,17,2,10,11,12,13,10,11,12,13,11,19,20,19,22,23,24,23,26,29,19,20,19,20,23,24,23,24,20,19,20,21,22,28,24,30,26,29,19,20,21,22,19,20,21,22,20,28,29,28,31,32,33,32,35,20,28,29,28,29,32,33,32,33,29,28,29,30,31,19,33,21,35,20,28,29,30,31,28,29,30,31,29],"idx_merger":[2,2,4,4,6,6,8,8,9,1,2,3,4,5,6,17,9,9,1,2,3,4,6,6,8,8,9,1,2,13,4,5,6,17,8,9,11,11,13,13,15,15,17,17,18,10,11,12,13,14,15,8,18,18,10,11,12,13,15,15,17,17,18,10,11,4,13,14,15,8,17,18,20,20,22,22,24,24,26,26,27,19,20,21,22,23,24,35,27,27,19,20,21,22,33,24,35,26,27,19,20,22,22,23,24,26,26,27,29,29,31,31,33,33,35,35,36,28,29,30,31,32,33,26,36,36,28,29,30,31,24,33,26,35,36,28,29,31,31,32,33,35,35,36]}