{"policy":"nolearning","smax":[5,1],"alpha":0.8,"beta":0.95,"gamma":1.0,"sigma":9.0,"v0":1.0,"accuracy":1.0e-8,"cost_entry":[0,10],"value_exit":[0,1],"cost_merger":[0,10],"entry":true,"exit":true,"mergers":true,"filename":"nolearning_a8s90v10","verbose":true,"firms":[1,2,3,4],"rival":[2,1,4,3],"partner":[3,4,1,2],"merger_pairs":[1,2,1,2,3,4,4,3],"outcomes":[1,0,1,0,1,0,0,0,0,0,1,0,1,0,1,0,0,0,1,0,0,1,0,0,1,0,0,0,1,1,0,0,0,0,1,0,0,0,0,0,1,1,1,1,2],"ownership":[0,3,0,3,0,0,4,4,0,1,0,1,0,0,2,2],"S":[1,1,1,1,1,1,1,1,1,0,0,1,1,0,0,1,1,1,1,1,1,1,1,1,1,1,1,0,0,0,0,1,1,1,1,1,0,1,0,1,0,1,0,1,3],"ms":9,"scale":[3.0314331330207964,3.0314331330207964,3.0314331330207964,3.0314331330207964,3.0314331330207964,3.0314331330207964,3.0314331330207964,3.0314331330207964,3.0314331330207964,0.0,0.0,3.0314331330207964,3.0314331330207964,0.0,0.0,3.0314331330207964,3.0314331330207964,3.0314331330207964,1.0,1.0,1.0,1.0,1.0,1.0,1.0,1.0,1.0,0.0,0.0,0.0,0.0,1.0,1.0,1.0,1.0,1.0],"D":[0.9585771759728663,0.9695332968279213,0.4999999978279704,0.8775953479511713,0.958577175970974,0.9602228866932722,0.49999999783582105,0.6262909414209091,0.4999999980751021,0.0,0.0,0.5000000021667965,0.12240465204828688,0.0,0.0,0.500000002158946,0.37370905857647774,0.5000000019248972,0.860702220824171,0.9695332968279213,0.8607022208185976,0.8775953479511713,0.4997723426430743,0.9602228866932722,0.49977234265516185,0.6262909414209091,0.4999999980751021,0.0,0.0,0.0,0.0,0.4997723385971454,0.03976321027036214,0.4997723385850926,0.37348165038847986,0.5000000019248972],"Q":[0.8250495041912083,0.9695332968279213,0.4303511085398281,0.8775953479511713,0.4790703608391961,0.9602228866932722,0.24988617024598458,0.6262909414209091,0.4999999980751021,0.0,0.0,0.0,0.0,0.0,0.0,0.24988617037152824,0.37348165038586834,0.5000000019248972,0.0,0.0,0.0,0.0,0.47907035696086103,0.0,0.24988616821094908,0.0,0.0,0.0,0.0,0.4303511122742654,0.0,0.0,0.0,0.24988617240656197,0.0,0.0,0.133527671781658,0.0,0.06964888928814227,0.0,0.0004364581709168288,0.0,0.00022765937888733964,0.0,0.0,0.0,0.0,0.06964888989253111,0.12240465204828688,0.0,0.0,0.00022765938085573956,0.0002274081906094081,0.0,0.03565271663296279,0.0,4.504014309763666e-12,0.0,0.02070198180387821,0.0,2.6152852036389552e-12,0.0,0.0,0.0,0.0,0.0,0.0,0.020701981636284388,0.03976321027036214,2.6152851823404717e-12,2.611536033897587e-12,0.0,0.005770107394170888,0.03046670317207869,7.289387381324832e-13,5.418193576146282e-13,1.8860588863494752e-5,1.3903036365679398e-5,2.38266169147175e-15,1.5901308232046771e-15,6.457977074904434e-16],"P":[-0.3490686714188368,-1.207948812645031,-2.8092109084428665,-2.577565125768547,-0.3490686714135413,-1.6347617581925835,-2.8092109084493937,-2.8827732248504336,-2.920322021012656,-0.0,-0.0,-2.8092109094070503,-2.9048245372069106,-0.0,-0.0,-2.8092109094100883,-2.8540217938369685,-2.920322021440411,-0.2023482948878243,0.8234843203757654,-0.20234829488265935,-0.5461319927477506,-0.7778789127102015,0.3966713748282129,-0.7778789127213961,-0.8513400918296372,-0.8888888879918599,-0.0,-0.0,-0.0,-0.0,-0.7778789118106966,-0.8842877932068918,-0.7778789118165242,-0.8226530615944113,-0.8888888884196144],"PI":[2.5712533505323845,1.7679287648479374,0.11111111180629173,0.3983124517484426,2.571253350532385,1.3411158192994077,0.1111111118047727,0.0931043538395624,0.05555555579019259,0.0,0.0,0.1111111122883834,0.015497481116920887,0.0,0.0,0.11111111228511983,0.0663002245471805,0.05555555600407025,0.6865405940342364,1.7679287648479374,0.6865405940342362,0.3983124517484426,0.11100997614524939,1.3411158192994077,0.11100997614233955,0.0931043538395624,0.05555555579019248,0.0,0.0,0.0,0.0,0.11100997569611096,0.004601088809561989,0.11100997569052126,0.06623582724706334,0.05555555600407025],"CS":[0.5727849540141541,0.4198669959371521,3.105242966879641,3.1701695344455203,1.208715117596395,1.2745650411734084,3.7411731304846936,3.8180713528633285,3.96324361622337],"V":[31.9514540294215,29.89751823545436,3.2537627828453246,16.689908027064345,37.35343323410974,24.157410362245656,2.2222222932879463,1.8620871594369688,1.1111112515262411,0.0,0.0,3.253762784663831,0.7023674171939464,0.0,0.0,2.222222302894888,1.3260046114780264,1.1111112558037881,17.52455362418416,29.89751809187903,21.322512447643682,16.689907883489013,2.8228230757908777,24.15741021867033,2.220199436606899,1.8620870158616367,1.1111111079509095,0.0,0.0,0.0,0.0,2.822823074292929,0.5683935209081281,2.220199427570537,1.3247165219913764,1.1111111122284552],"pr_entry":[0.0,0.0,0.0,0.0,0.0,0.0,0.0,0.0,0.0,0.08134406737489043,0.017559185574233232,0.0,0.0,0.05555555764762547,0.03315011544554858,0.0,0.0,0.0,0.0,0.0,0.0,0.0,0.0,0.0,0.0,0.0,0.0,0.0705705757604474,0.014209838082959992,0.05550498557578989,0.03311791301958719,0.0,0.0,0.0,0.0,0.0],"pr_exit":[0.0,0.0,0.0,0.25,0.0,0.0,0.0,0.25,0.0,0.0,0.0,0.0,0.07440814425766767,0.0,0.0,0.0,0.0,0.0,0.0,0.0,0.0,0.0,0.0,0.25,0.0,0.25,0.0,0.0,0.0,0.0,0.0,0.0,0.10790161917040009,0.0,0.0,0.0],"pr_merger":[0.25,0.0,0.25,0.0,0.24608154546354574,0.0,0.0,0.0,0.0,0.0,0.0,0.0,0.0,0.0,0.0,0.0,0.0,0.0,0.0,0.0,0.0,0.0,0.2460815455114645,0.0,0.0,0.0,0.0,0.0,0.0,0.25,0.0,0.0,0.0,0.0,0.0,0.0],"active_firms":[true,true,true,true,true,true,true,true,true,false,false,true,true,false,false,true,true,true,true,true,true,true,true,true,true,true,true,false,false,false,false,true,true,true,true,true,true,true,true,true,true,true,true,true,true],"active_outcomes":[1.0,1.0,1.0,1.0,1.0,1.0,1.0,1.0,1.0,0.0,0.0,0.0,0.0,0.0,0.0,1.0,1.0,1.0,0.0,0.0,0.0,0.0,1.0,0.0,1.0,0.0,0.0,0.0,0.0,1.0,0.0,0.0,0.0,1.0,0.0,0.0,1.0,0.0,1.0,0.0,1.0,0.0,1.0,0.0,0.0,0.0,0.0,1.0,1.0,0.0,0.0,1.0,1.0,0.0,1.0,0.0,1.0,0.0,1.0,0.0,1.0,0.0,0.0,0.0,0.0,0.0,0.0,1.0,1.0,1.0,1.0,0.0,1.0,1.0,1.0,1.0,1.0,1.0,1.0,1.0,1.0],"markets":[1,2,3,4,3,4,7,8,9],"marketnames":["20","21","30","31","40","41","43"],"idx_up":[1,2,3,4,5,6,7,8,9,1,2,3,4,5,6,7,8,9,1,2,3,4,5,6,7,8,9,1,2,3,4,5,6,7,8,9,1,2,3,4,5,6,7,8,9,1,2,3,4,5,6,7,8,9,1,2,3,4,5,6,7,8,9,1,2,3,4,5,6,7,8,9,1,2,3,4,5,6,7,8,9,10,11,12,13,14,15,16,17,18,10,11,12,13,14,15,16,17,18,10,11,12,13,14,15,16,17,18,10,11,12,13,14,15,16,17,18,10,11,12,13,14,15,16,17,18,10,11,12,13,14,15,16,17,18,10,11,12,13,14,15,16,17,18,10,11,12,13,14,15,16,17,18,10,11,12,13,14,15,16,17,18,19,20,21,22,23,24,25,26,27,19,20,21,22,23,24,25,26,27,19,20,21,22,23,24,25,26,27,19,20,21,22,23,24,25,26,27,19,20,21,22,23,24,25,26,27,19,20,21,22,23,24,25,26,27,19,20,21,22,23,24,25,26,27,19,20,21,22,23,24,25,26,27,19,20,21,22,23,24,25,26,27,28,29,30,31,32,33,34,35,36,28,29,30,31,32,33,34,35,36,28,29,30,31,32,33,34,35,36,28,29,30,31,32,33,34,35,36,28,29,30,31,32,33,34,35,36,28,29,30,31,32,33,34,35,36,28,29,30,31,32,33,34,35,36,28,29,30,31,32,33,34,35,36,28,29,30,31,32,33,34,35,36],"idx_entry":[1,2,3,4,5,6,7,8,9,3,4,3,4,7,8,7,8,9,1,2,3,4,5,6,7,8,9,5,6,7,8,5,6,7,8,9,10,11,12,13,14,15,16,17,18,12,13,12,13,16,17,16,17,18,10,11,12,13,14,15,16,17,18,14,15,16,17,14,15,16,17,18,19,20,21,22,23,24,25,26,27,21,22,21,22,25,26,25,26,27,19,20,21,22,23,24,25,26,27,23,24,25,26,23,24,25,26,27,28,29,30,31,32,33,34,35,36,30,31,30,31,34,35,34,35,36,28,29,30,31,32,33,34,35,36,32,33,34,35,32,33,34,35,36],"idx_exit":[1,2,10,4,5,6,14,8,11,1,2,1,2,5,6,5,6,2,1,2,3,4,1,6,3,8,11,1,2,3,4,1,2,3,4,2,10,11,1,13,14,15,5,17,2,10,11,10,11,14,15,14,15,11,10,11,12,13,10,15,12,17,2,10,11,12,13,10,11,12,13,11,19,20,19,22,23,24,23,26,29,19,20,19,20,23,24,23,24,20,19,20,21,22,28,24,30,26,29,19,20,21,22,19,20,21,22,20,28,29,28,31,32,33,32,35,20,28,29,28,29,32,33,32,33,29,28,29,30,31,19,33,21,35,20,28,29,30,31,28,29,30,31,29],"idx_merger":[2,2,4,4,6,6,8,8,9,1,2,3,4,5,6,17,9,9,1,2,3,4,6,6,8,8,9,1,2,13,4,5,6,17,8,9,11,11,13,13,15,15,17,17,18,10,11,12,13,14,15,8,18,18,10,11,12,13,15,15,17,17,18,10,11,4,13,14,15,8,17,18,20,20,22,22,24,24,26,26,27,19,20,21,22,23,24,35,27,27,19,20,21,22,33,24,35,26,27,19,20,22,22,23,24,26,26,27,29,29,31,31,33,33,35,35,36,28,29,30,31,32,33,26,36,36,28,29,30,31,24,33,26,35,36,28,29,31,31,32,33,35,35,36]}