{"policy":"nolearning","smax":[5,1],"alpha":0.2,"beta":0.95,"gamma":1.0,"sigma":8.0,"v0":1.0,"accuracy":1.0e-8,"cost_entry":[0,10],"value_exit":[0,1],"cost_merger":[0,10],"entry":true,"exit":true,"mergers":true,"filename":"nolearning_a2s80v10","verbose":true,"firms":[1,2,3,4],"rival":[2,1,4,3],"partner":[3,4,1,2],"merger_pairs":[1,2,1,2,3,4,4,3],"outcomes":[1,0,1,0,1,0,0,0,0,0,1,0,1,0,1,0,0,0,1,0,0,1,0,0,1,0,0,0,1,1,0,0,0,0,1,0,0,0,0,0,1,1,1,1,2],"ownership":[0,3,0,3,0,0,4,4,0,1,0,1,0,0,2,2],"S":[1,1,1,1,1,1,1,1,1,0,0,1,1,0,0,1,1,1,1,1,1,1,1,1,1,1,1,0,0,0,0,1,1,1,1,1,0,1,0,1,0,1,0,1,3],"ms":9,"scale":[1.3195079107728942,1.3195079107728942,1.3195079107728942,1.3195079107728942,1.3195079107728942,1.3195079107728942,1.3195079107728942,1.3195079107728942,1.3195079107728942,0.0,0.0,1.3195079107728942,1.3195079107728942,0.0,0.0,1.3195079107728942,1.3195079107728942,1.3195079107728942,1.0,1.0,1.0,1.0,1.0,1.0,1.0,1.0,1.0,0.0,0.0,0.0,0.0,1.0,1.0,1.0,1.0,1.0],"D":[0.8828536138233541,0.936938575217549,0.49995192338545197,0.7018491925939895,0.8828536138216542,0.8950540725289531,0.4999519233920715,0.5576207894527302,0.4999999816506377,0.0,0.0,0.4999519167900318,0.2981368138469728,0.0,0.0,0.4999519167834232,0.442324535724359,0.49999998608203144,0.84195166436203,0.936938575217549,0.8419516643651996,0.8706872008007496,0.49938259914476846,0.8950540725289531,0.49938259915911604,0.6504277850863418,0.4999999816506377,0.0,0.0,0.0,0.0,0.4993826045654498,0.10483844876858733,0.49938260455113215,0.3490281478210876,0.49999998608203144],"Q":[0.7433200695466059,0.936938575217549,0.420935353996964,0.7018491925939895,0.44088173233460937,0.8950540725289531,0.2496672909581319,0.5576207894527302,0.4999999816506377,0.0,0.0,0.0,0.0,0.0,0.0,0.24966729035363674,0.3489735580929604,0.49999998608203144,0.0,0.0,0.0,0.0,0.44088173712027745,0.0,0.2496672936538807,0.0,0.0,0.0,0.0,0.42093534844393904,0.16883800820676007,0.0,0.0,0.24966728765788793,0.09280699563361167,0.0,0.13953354427674822,0.0,0.07901656938848796,0.0,0.001090144366767311,0.0,0.0006173387800588691,0.0,0.0,0.0,0.0,0.07901656834609279,0.12929880564021276,0.0,0.0,0.0006173387718985349,0.0005439819977869235,0.0,0.09863159481542406,0.0,8.0961924296474e-5,0.0,0.05850086681015909,0.0,4.802054309619915e-5,0.0,0.0,0.0,0.0,0.0,0.0,0.05850086744517237,0.10483844876858733,4.8020543614694476e-5,5.458972812719676e-5,0.0,0.01851479136122177,0.06306142478245107,1.5197900219718746e-5,1.3993559037609874e-5,0.0001446519230143513,0.00010747870245956116,1.187377945224843e-7,8.509478347745499e-8,3.226733077003956e-8],"P":[-0.25246688593169564,-0.32841073522527087,-1.069531946710223,-1.319507875531574,-0.25246688592964095,-0.6284183375475872,-1.0695319467258866,-1.3195078524564832,-1.1945079136720107,-0.0,-0.0,-1.0695319450612093,-1.1414105215733688,-0.0,-0.0,-1.0695319450735656,-1.0953632122529866,-1.194507914225935,-0.20910271235587446,-0.008902824452376668,-0.20910271235885178,-0.033351709412923,-0.7503083155983183,-0.5,-0.7503083156049198,-0.642420143238877,-0.8750000028991165,-0.0,-0.0,-0.0,-0.0,-0.7503083169551642,-0.8603603937330053,-0.7503083169545904,-0.8079794099415899,-0.8750000034530407],"PI":[0.9420410248788276,0.9285971755597272,0.12497596403326514,2.4734092203001214e-8,0.9420410248788277,0.6185625369976071,0.12497596402708877,3.251844315854333e-8,0.062499996256771516,0.0,0.0,0.12497596320899614,0.053097388170410785,0.0,0.0,0.12497596320116656,0.09914469970789454,0.06249999653373361,0.6658972876713867,0.9285971755597272,0.6658972876713868,0.8416482942900917,0.12469168234134703,0.44752703626447654,0.12469168234163282,0.2325798742246286,0.062499996256771516,0.0,0.0,0.0,0.0,0.12469168301726086,0.014639599707688028,0.12469168301397239,0.06702059089159923,0.06249999653373361],"CS":[0.4986481666643897,0.381416012936994,1.3867941603867855,1.4330744344258803,1.1051475290466213,1.1782374898914099,1.9932935227853432,2.0708977718043773,2.2427947162984543],"V":[11.629345802720538,10.483471097151014,2.325975199785675,2.4783217133067207e-6,11.478294305587523,7.671999810142489,2.4995175607701614,2.573444517701558e-6,1.2500000264377245,0.0,0.0,2.325975191029113,1.420206499790958,0.0,0.0,2.4995175442517357,1.9828930273260483,1.2500000319769562,8.771287118464606,14.792612447135308,7.871386161909995,12.094254565119664,2.155816850287021,9.373499839632363,2.4938314696903245,4.651592162583063,1.2499995607806555,0.0,0.0,0.0,0.0,2.1558168553491575,0.8009221554134194,2.493831483137094,1.3404113217091478,1.2499995663198866],"pr_entry":[0.0,0.0,0.0,0.0,0.0,0.0,0.0,0.0,0.0,0.058149377705523496,0.035505160948922025,0.0,0.0,0.062487936343436024,0.049572324411004065,0.0,0.0,0.0,0.0,0.0,0.0,0.0,0.0,0.0,0.0,0.0,0.0,0.05389542061386887,0.02002305288642891,0.062345784213766374,0.03351028238993549,0.0,0.0,0.0,0.0,0.0],"pr_exit":[0.0,0.0,0.0,0.0,0.0,0.0,0.0,0.0,0.0,0.0,0.0,0.0,0.0,0.0,0.0,0.0,0.0,0.0,0.0,0.0,0.0,0.0,0.0,0.0,0.0,0.0,0.0,0.0,0.0,0.0,0.0,0.0,0.0497694711357109,0.0,0.0,0.0],"pr_merger":[0.13022067482704602,0.0,0.049298453962116184,0.0,0.09315657586020112,0.0,0.0,0.0,0.0,0.0,0.0,0.0,0.0,0.0,0.0,0.0,0.0,0.0,0.0,0.0,0.0,0.0,0.09315657572054929,0.0,0.0,0.0,0.0,0.0,0.0,0.04929845419312823,0.0,0.0,0.0,0.0,0.0,0.0],"active_firms":[true,true,true,true,true,true,true,true,true,false,false,true,true,false,false,true,true,true,true,true,true,true,true,true,true,true,true,false,false,false,false,true,true,true,true,true,true,true,true,true,true,true,true,true,true],"active_outcomes":[1.0,1.0,1.0,1.0,1.0,1.0,1.0,1.0,1.0,0.0,0.0,0.0,0.0,0.0,0.0,1.0,1.0,1.0,0.0,0.0,0.0,0.0,1.0,0.0,1.0,0.0,0.0,0.0,0.0,1.0,1.0,0.0,0.0,1.0,1.0,0.0,1.0,0.0,1.0,0.0,1.0,0.0,1.0,0.0,0.0,0.0,0.0,1.0,1.0,0.0,0.0,1.0,1.0,0.0,1.0,0.0,1.0,0.0,1.0,0.0,1.0,0.0,0.0,0.0,0.0,0.0,0.0,1.0,1.0,1.0,1.0,0.0,1.0,1.0,1.0,1.0,1.0,1.0,1.0,1.0,1.0],"markets":[1,2,3,4,3,4,7,8,9],"marketnames":["20","21","30","31","40","41","43"],"idx_up":[1,2,3,4,5,6,7,8,9,1,2,3,4,5,6,7,8,9,1,2,3,4,5,6,7,8,9,1,2,3,4,5,6,7,8,9,1,2,3,4,5,6,7,8,9,1,2,3,4,5,6,7,8,9,1,2,3,4,5,6,7,8,9,1,2,3,4,5,6,7,8,9,1,2,3,4,5,6,7,8,9,10,11,12,13,14,15,16,17,18,10,11,12,13,14,15,16,17,18,10,11,12,13,14,15,16,17,18,10,11,12,13,14,15,16,17,18,10,11,12,13,14,15,16,17,18,10,11,12,13,14,15,16,17,18,10,11,12,13,14,15,16,17,18,10,11,12,13,14,15,16,17,18,10,11,12,13,14,15,16,17,18,19,20,21,22,23,24,25,26,27,19,20,21,22,23,24,25,26,27,19,20,21,22,23,24,25,26,27,19,20,21,22,23,24,25,26,27,19,20,21,22,23,24,25,26,27,19,20,21,22,23,24,25,26,27,19,20,21,22,23,24,25,26,27,19,20,21,22,23,24,25,26,27,19,20,21,22,23,24,25,26,27,28,29,30,31,32,33,34,35,36,28,29,30,31,32,33,34,35,36,28,29,30,31,32,33,34,35,36,28,29,30,31,32,33,34,35,36,28,29,30,31,32,33,34,35,36,28,29,30,31,32,33,34,35,36,28,29,30,31,32,33,34,35,36,28,29,30,31,32,33,34,35,36,28,29,30,31,32,33,34,35,36],"idx_entry":[1,2,3,4,5,6,7,8,9,3,4,3,4,7,8,7,8,9,1,2,3,4,5,6,7,8,9,5,6,7,8,5,6,7,8,9,10,11,12,13,14,15,16,17,18,12,13,12,13,16,17,16,17,18,10,11,12,13,14,15,16,17,18,14,15,16,17,14,15,16,17,18,19,20,21,22,23,24,25,26,27,21,22,21,22,25,26,25,26,27,19,20,21,22,23,24,25,26,27,23,24,25,26,23,24,25,26,27,28,29,30,31,32,33,34,35,36,30,31,30,31,34,35,34,35,36,28,29,30,31,32,33,34,35,36,32,33,34,35,32,33,34,35,36],"idx_exit":[1,2,10,10,5,6,14,14,15,1,2,1,2,5,6,5,6,6,1,2,3,4,1,1,3,3,13,1,2,3,4,1,2,3,4,4,10,11,1,1,14,15,5,5,6,10,11,10,11,14,15,14,15,15,10,11,12,13,10,10,12,12,4,10,11,12,13,10,11,12,13,13,19,20,19,19,23,24,23,23,33,19,20,19,20,23,24,23,24,24,19,20,21,22,28,28,30,30,31,19,20,21,22,19,20,21,22,22,28,29,28,28,32,33,32,32,24,28,29,28,29,32,33,32,33,33,28,29,30,31,19,19,21,21,22,28,29,30,31,28,29,30,31,31],