{"policy":"nolearning","smax":[5,1],"alpha":0.2,"beta":0.95,"gamma":1.0,"sigma":9.0,"v0":1.0,"accuracy":1.0e-8,"cost_entry":[0,10],"value_exit":[0,1],"cost_merger":[0,10],"entry":true,"exit":true,"mergers":true,"filename":"nolearning_a2s90v10","verbose":true,"firms":[1,2,3,4],"rival":[2,1,4,3],"partner":[3,4,1,2],"merger_pairs":[1,2,1,2,3,4,4,3],"outcomes":[1,0,1,0,1,0,0,0,0,0,1,0,1,0,1,0,0,0,1,0,0,1,0,0,1,0,0,0,1,1,0,0,0,0,1,0,0,0,0,0,1,1,1,1,2],"ownership":[0,3,0,3,0,0,4,4,0,1,0,1,0,0,2,2],"S":[1,1,1,1,1,1,1,1,1,0,0,1,1,0,0,1,1,1,1,1,1,1,1,1,1,1,1,0,0,0,0,1,1,1,1,1,0,1,0,1,0,1,0,1,3],"ms":9,"scale":[1.3195079107728942,1.3195079107728942,1.3195079107728942,1.3195079107728942,1.3195079107728942,1.3195079107728942,1.3195079107728942,1.3195079107728942,1.3195079107728942,0.0,0.0,1.3195079107728942,1.3195079107728942,0.0,0.0,1.3195079107728942,1.3195079107728942,1.3195079107728942,1.0,1.0,1.0,1.0,1.0,1.0,1.0,1.0,1.0,0.0,0.0,0.0,0.0,1.0,1.0,1.0,1.0,1.0],"D":[0.8970238469746615,0.9445676498087134,0.49998714480181794,0.8775950224220535,0.8970238469754662,0.9065900614201509,0.4999871448000629,0.6262868700648312,0.4999999951191293,0.0,0.0,0.499987149438507,0.1224023158600815,0.0,0.0,0.499987149440262,0.3737002931124139,0.5000000017082834,0.8607022208229484,0.9445676498087134,0.8607022208234492,0.8775950224220535,0.4997723426546164,0.9065900614201509,0.4997723426528296,0.6262868700648312,0.4999999951191293,0.0,0.0,0.0,0.0,0.49977233858562486,0.09337521658265614,0.49977233858741227,0.37348571691251786,0.5000000017082834],"Q":[0.7720704172222359,0.9445676498087134,0.4303400459141001,0.8775950224220535,0.4483077094199847,0.9065900614201509,0.24987974665302698,0.6262868700648312,0.4999999951191293,0.0,0.0,0.0,0.0,0.0,0.0,0.2498797469394137,0.37347288790126437,0.5000000017082834,0.0,0.0,0.0,0.0,0.4483077057700024,0.0,0.24987974462037055,0.0,0.0,0.0,0.0,0.43034004990490865,0.0,0.0,0.0,0.2498797489720701,0.0,0.0,0.12495342975242561,0.0,0.06964709888771786,0.0,0.0004084317854791106,0.0,0.00022765352666539594,0.0,0.0,0.0,0.0,0.06964709953359835,0.1224023158600815,0.0,0.0,0.00022765352877816562,0.00022740521114948605,0.0,0.08863180360071259,0.0,2.212500444040126e-5,0.0,0.05146463323463167,0.0,1.2847027732495366e-5,0.0,0.0,0.0,0.0,0.0,0.0,0.05146463281562249,0.09337521658265614,1.2847027627990728e-5,1.282901125347669e-5,0.0,0.014344349424625853,0.0554323501912866,3.5807552348019447e-6,2.6617178649999976e-6,4.6886974279883175e-5,3.472199719298072e-5,1.1704314613908252e-8,7.811501470241316e-9,3.172587402200544e-9],"P":[-0.240509445507053,-0.317285285807237,-1.0972913986677753,-0.8656411102678145,-0.24050944550802061,-0.7247579689407082,-1.0972913986678312,-1.170849615825367,-1.208396798522714,-0.0,-0.0,-1.097291399698177,-1.1928996490057286,-0.0,-0.0,-1.097291399699013,-1.1420990645750966,-1.2083967992548421,-0.20234829488669134,0.0022226249656571717,-0.20234829488715514,-0.5461331994949203,-0.7778789127179728,-0.405250058167814,-0.7778789127177751,-0.8513417050524728,-0.8888888877498198,-0.0,-0.0,-0.0,-0.0,-0.7778789118133403,-0.8774453145498131,-0.7778789118139375,-0.8226519104838504,-0.8888888884819479],"PI":[0.9678873541925207,0.9466670694489304,0.11110539941525703,0.39831124496588105,0.9678873541925209,0.5391943862952726,0.11110539941483906,0.09310273825186134,0.055555555582771136,0.0,0.0,0.11110539993041826,0.015497144447320478,0.0,0.0,0.11110539993039027,0.06629773782485213,0.05555555594883531,0.6865405940342363,0.9466670694489304,0.6865405940342366,0.39831124496588105,0.11100997614392924,0.5391943862952726,0.11100997614363117,0.09310273825186134,0.055555555582771136,0.0,0.0,0.0,0.0,0.11100997569223071,0.011443570297130497,0.11100997569232927,0.0662369783560045,0.05555555594883531],"CS":[0.47159990918248496,0.3533637766261699,1.3933263133731772,1.4582467669067485,1.1075300727768504,1.172868802159886,2.0292564769669212,2.1061500793681565,2.2513183941482704],"V":[14.045551118642107,15.96206111691922,2.2998865768783223,10.3323115575071,15.336943730968827,11.60464347678315,2.222105453079157,1.8620565385013812,1.1111111078145446,0.0,0.0,2.2998865794160075,0.7023479931777241,0.0,0.0,2.222105463390113,1.3259546488753302,1.111111115135825,11.42537443912064,15.96206111691922,12.702543198249446,10.3323115575071,2.258625146883584,11.60464347678315,2.2201969889491533,1.8620565385013812,1.1111111078145446,0.0,0.0,0.0,0.0,2.2586251446436747,0.6523569077492833,2.2201969799231764,1.3247394583308605,1.111111115135825],"pr_entry":[0.0,0.0,0.0,0.0,0.0,0.0,0.0,0.0,0.0,0.057497164443515325,0.017558699620460673,0.0,0.0,0.055552633248940074,0.03314886608027574,0.0,0.0,0.0,0.0,0.0,0.0,0.0,0.0,0.0,0.0,0.0,0.0,0.056465628309452155,0.016308922478788523,0.05550492116396967,0.033118486315127794,0.0,0.0,0.0,0.0,0.0],"pr_exit":[0.0,0.0,0.0,0.25,0.0,0.0,0.0,0.25,0.0,0.0,0.0,0.0,0.07441300379539326,0.0,0.0,0.0,0.0,0.0,0.0,0.0,0.0,0.0,0.0,0.25,0.0,0.25,0.0,0.0,0.0,0.0,0.0,0.0,0.08691077521211477,0.0,0.0,0.0],"pr_merger":[0.17967562530694708,0.0,0.16243483064333133,0.0,0.16077027732503574,0.0,0.0,0.0,0.0,0.0,0.0,0.0,0.0,0.0,0.0,0.0,0.0,0.0,0.0,0.0,0.0,0.0,0.16077027739045802,0.0,0.0,0.0,0.0,0.0,0.0,0.16243483056910288,0.0,0.0,0.0,0.0,0.0,0.0],"active_firms":[true,true,true,true,true,true,true,true,true,false,false,true,true,false,false,true,true,true,true,true,true,true,true,true,true,true,true,false,false,false,false,true,true,true,true,true,true,true,true,true,true,true,true,true,true],"active_outcomes":[1.0,1.0,1.0,1.0,1.0,1.0,1.0,1.0,1.0,0.0,0.0,0.0,0.0,0.0,0.0,1.0,1.0,1.0,0.0,0.0,0.0,0.0,1.0,0.0,1.0,0.0,0.0,0.0,0.0,1.0,0.0,0.0,0.0,1.0,0.0,0.0,1.0,0.0,1.0,0.0,1.0,0.0,1.0,0.0,0.0,0.0,0.0,1.0,1.0,0.0,0.0,1.0,1.0,0.0,1.0,0.0,1.0,0.0,1.0,0.0,1.0,0.0,0.0,0.0,0.0,0.0,0.0,1.0,1.0,1.0,1.0,0.0,1.0,1.0,1.0,1.0,1.0,1.0,1.0,1.0,1.0],"markets":[1,2,3,4,3,4,7,8,9],"marketnames":["20","21","30","31","40","41","43"],"idx_up":[1,2,3,4,5,6,7,8,9,1,2,3,4,5,6,7,8,9,1,2,3,4,5,6,7,8,9,1,2,3,4,5,6,7,8,9,1,2,3,4,5,6,7,8,9,1,2,3,4,5,6,7,8,9,1,2,3,4,5,6,7,8,9,1,2,3,4,5,6,7,8,9,1,2,3,4,5,6,7,8,9,10,11,12,13,14,15,16,17,18,10,11,12,13,14,15,16,17,18,10,11,12,13,14,15,16,17,18,10,11,12,13,14,15,16,17,18,10,11,12,13,14,15,16,17,18,10,11,12,13,14,15,16,17,18,10,11,12,13,14,15,16,17,18,10,11,12,13,14,15,16,17,18,10,11,12,13,14,15,16,17,18,19,20,21,22,23,24,25,26,27,19,20,21,22,23,24,25,26,27,19,20,21,22,23,24,25,26,27,19,20,21,22,23,24,25,26,27,19,20,21,22,23,24,25,26,27,19,20,21,22,23,24,25,26,27,19,20,21,22,23,24,25,26,27,19,20,21,22,23,24,25,26,27,19,20,21,22,23,24,25,26,27,28,29,30,31,32,33,34,35,36,28,29,30,31,32,33,34,35,36,28,29,30,31,32,33,34,35,36,28,29,30,31,32,33,34,35,36,28,29,30,31,32,33,34,35,36,28,29,30,31,32,33,34,35,36,28,29,30,31,32,33,34,35,36,28,29,30,31,32,33,34,35,36,28,29,30,31,32,33,34,35,36],"idx_entry":[1,2,3,4,5,6,7,8,9,3,4,3,4,7,8,7,8,9,1,2,3,4,5,6,7,8,9,5,6,7,8,5,6,7,8,9,10,11,12,13,14,15,16,17,18,12,13,12,13,16,17,16,17,18,10,11,12,13,14,15,16,17,18,14,15,16,17,14,15,16,17,18,19,20,21,22,23,24,25,26,27,21,22,21,22,25,26,25,26,27,19,20,21,22,23,24,25,26,27,23,24,25,26,23,24,25,26,27,28,29,30,31,32,33,34,35,36,30,31,30,31,34,35,34,35,36,28,29,30,31,32,33,34,35,36,32,33,34,35,32,33,34,35,36],"idx_exit":[1,2,10,4,5,6,14,8,11,1,2,1,2,5,6,5,6,2,1,2,3,4,1,6,3,8,11,1,2,3,4,1,2,3,4,2,10,11,1,13,14,15,5,17,2,10,11,10,11,14,15,14,15,11,10,11,12,13,10,15,12,17,2,10,11,12,13,10,11,12,13,11,19,20,19,22,23,24,23,26,29,19,20,19,20,23,24,23,24,20,19,20,21,22,28,24,30,26,29,19,20,21,22,19,20,21,22,20,28,29,28,31,32,33,32,35,20,28,29,28,29,32,33,32,33,29,28,29,30,31,19,33,21,35,20,28,29,30,31,28,29,30,31,29],"idx_merger":[2,2,4,4,6,6,8,8,9,1,2,3,4,5,6,17,9,9,1,2,3,4,6,6,8,8,9,1,2,13,4,5,6,17,8,9,11,11,13,13,15,15,17,17,18,10,11,12,13,14,15,8,18,18,10,11,12,13,15,15,17,17,18,10,11,4,13,14,15,8,17,18,20,20,22,22,24,24,26,26,27,19,20,21,22,23,24,35,27,27,19,20,21,22,33,24,35,26,27,19,20,22,22,23,24,26,26,27,29,29,31,31,33,33,35,35,36,28,29,30,31,32,33,26,36,36,28,29,30,31,24,33,26,35,36,28,29,31,31,32,33,35,35,36]}