{"policy":"nolearning","smax":[5,1],"alpha":0.8,"beta":0.95,"gamma":1.0,"sigma":7.0,"v0":1.0,"accuracy":1.0e-8,"cost_entry":[0,10],"value_exit":[0,1],"cost_merger":[0,10],"entry":true,"exit":true,"mergers":true,"filename":"nolearning_a8s70v10","verbose":true,"firms":[1,2,3,4],"rival":[2,1,4,3],"partner":[3,4,1,2],"merger_pairs":[1,2,1,2,3,4,4,3],"outcomes":[1,0,1,0,1,0,0,0,0,0,1,0,1,0,1,0,0,0,1,0,0,1,0,0,1,0,0,0,1,1,0,0,0,0,1,0,0,0,0,0,1,1,1,1,2],"ownership":[0,3,0,3,0,0,4,4,0,1,0,1,0,0,2,2],"S":[1,1,1,1,1,1,1,1,1,0,0,1,1,0,0,1,1,1,1,1,1,1,1,1,1,1,1,0,0,0,0,1,1,1,1,1,0,1,0,1,0,1,0,1,3],"ms":9,"scale":[3.0314331330207964,3.0314331330207964,3.0314331330207964,3.0314331330207964,3.0314331330207964,3.0314331330207964,3.0314331330207964,3.0314331330207964,3.0314331330207964,0.0,0.0,3.0314331330207964,3.0314331330207964,0.0,0.0,3.0314331330207964,3.0314331330207964,3.0314331330207964,1.0,1.0,1.0,1.0,1.0,1.0,1.0,1.0,1.0,0.0,0.0,0.0,0.0,1.0,1.0,1.0,1.0,1.0],"D":[0.945550210547561,0.9600643767595266,0.5000000005963253,0.8457059753660792,0.9455502105519427,0.9483510440205021,0.5000000006124258,0.6258342978667976,0.49999999762289876,0.0,0.0,0.4999999971555719,0.15429402432762912,0.0,0.0,0.49999999713947135,0.3741657010079083,0.5000000023750513,0.8180714760171865,0.9600643767595266,0.8180714760148526,0.8457059753660792,0.4983322602834437,0.9483510440205021,0.4983322602974984,0.6258342978667976,0.49999999762289876,0.0,0.0,0.0,0.0,0.4983322541622704,0.051514138257549386,0.4983322541482141,0.3724940185309185,0.5000000023750513],"Q":[0.7735276563910048,0.9600643767595266,0.409035738495263,0.8457059753660792,0.47119817363583566,0.9483510440205021,0.24916613045394043,0.6258342978667976,0.49999999762289876,0.0,0.0,0.0,0.0,0.0,0.0,0.24916612564861312,0.37249401741065197,0.5000000023750513,0.0,0.0,0.0,0.0,0.4711981678479589,0.0,0.24916612737929875,0.0,0.0,0.0,0.0,0.40903573568048074,0.0,0.0,0.0,0.2491661287232557,0.0,0.0,0.17202255415655626,0.0,0.09096426210106238,0.0,0.0031538690681480195,0.0,0.0016677427791865365,0.0,0.0,0.0,0.0,0.0909642614750912,0.15429402432762912,0.0,0.0,0.0016677427676025504,0.0016716835972563457,0.0,0.0445438196261817,0.0,1.839108905690244e-9,0.0,0.02713408664760805,0.0,1.1203022288856485e-9,0.0,0.0,0.0,0.0,0.0,0.0,0.02713408631431145,0.051514138257549386,1.1203022150614254e-9,1.1202665627520292e-9,0.0,0.009905969826257164,0.0399356232404734,4.089940530503122e-10,3.0629173829200555e-10,0.00018161648613790565,0.0001348177219484989,7.498514943932167e-12,5.0275471550533525e-12,2.0500045660224838e-12],"P":[-0.4077840012684784,-1.2428402524188455,-2.7457188466349964,-2.568495105683446,-0.40778400128063574,-1.6484705917957703,-2.7457188466300355,-2.8405322273010762,-2.88857598866315,-0.0,-0.0,-2.745718845651924,-2.862512546724102,-0.0,-0.0,-2.7457188456377635,-2.803166410795184,-2.888575989342029,-0.21476226102981524,0.7885928806019509,-0.21476226102757487,-0.5370619726626495,-0.7152355402311531,0.38296254122502615,-0.7152355402351102,-0.8090990942802798,-0.8571428556423533,-0.0,-0.0,-0.0,-0.0,-0.7152355384763935,-0.8493839885643865,-0.7152355384722922,-0.7723413880548134,-0.8571428563212324],"PI":[2.4807919889313297,1.7171643091916384,0.14285714336327865,0.3915094559433826,2.48079198893133,1.311533969812,0.14285714337035924,0.1194723342932368,0.07142857183923736,0.0,0.0,0.1428571428717424,0.026063437051499518,0.0,0.0,0.14285714287422258,0.0854095781383237,0.07142857217867671,0.6423805961437373,1.7171643091916384,0.6423805961437373,0.3915094559433826,0.14190731688500324,1.311533969812,0.1419073168870336,0.1194723342932368,0.07142857183923747,0.0,0.0,0.0,0.0,0.14190731601636392,0.007758854036894835,0.14190731601440504,0.0848014712166335,0.07142857217867682],"CS":[0.6592310986896396,0.5011669446877363,3.088188642887249,3.170595021072482,1.2305161876028377,1.3141812817311993,3.659473731781152,3.757681566619401,3.943760896573231],"V":[27.981577947508214,23.274647063258403,2.5897789422785213,5.40268537135009,27.028726085981482,17.710798065520006,2.857143044794663,2.3894473392595406,1.4285730681300026,0.0,0.0,2.589778936305426,1.0508412646592409,0.0,0.0,2.857143034871933,1.7081929095226571,1.4285730749187875,10.276486103334435,23.274644995725858,7.210481410133025,5.402683303817549,2.6502108868670744,17.710795997987475,2.8381444669297093,2.389445271726997,1.428571000597459,0.0,0.0,0.0,0.0,2.650210882299441,0.8453834740501537,2.838144449477156,1.696028715934573,1.4285710073862443],"pr_entry":[0.0,0.0,0.0,0.0,0.0,0.0,0.0,0.0,0.0,0.06474447364417647,0.0262710330272785,0.0,0.0,0.07142857610520291,0.04270482451011404,0.0,0.0,0.0,0.0,0.0,0.0,0.0,0.0,0.0,0.0,0.0,0.0,0.06625526971486459,0.021134586801550427,0.07095360877533555,0.04240071696626156,0.0,0.0,0.0,0.0,0.0],"pr_exit":[0.0,0.0,0.0,0.25,0.0,0.0,0.0,0.25,0.0,0.0,0.0,0.0,0.0,0.0,0.0,0.0,0.0,0.0,0.0,0.0,0.0,0.0,0.0,0.25,0.0,0.25,0.0,0.0,0.0,0.0,0.0,0.0,0.03865413198449574,0.0,0.0,0.0],"pr_merger":[0.23842517645941483,0.0,0.026021102025041286,0.0,0.16397365747416642,0.0,0.0,0.0,0.0,0.0,0.0,0.0,0.0,0.0,0.0,0.0,0.0,0.0,0.0,0.0,0.0,0.0,0.1639736576113661,0.0,0.0,0.0,0.0,0.0,0.0,0.02602110218137469,0.0,0.0,0.0,0.0,0.0,0.0],"active_firms":[true,true,true,true,true,true,true,true,true,false,false,true,true,false,false,true,true,true,true,true,true,true,true,true,true,true,true,false,false,false,false,true,true,true,true,true,true,true,true,true,true,true,true,true,true],"active_outcomes":[1.0,1.0,1.0,1.0,1.0,1.0,1.0,1.0,1.0,0.0,0.0,0.0,0.0,0.0,0.0,1.0,1.0,1.0,0.0,0.0,0.0,0.0,1.0,0.0,1.0,0.0,0.0,0.0,0.0,1.0,0.0,0.0,0.0,1.0,0.0,0.0,1.0,0.0,1.0,0.0,1.0,0.0,1.0,0.0,0.0,0.0,0.0,1.0,1.0,0.0,0.0,1.0,1.0,0.0,1.0,0.0,1.0,0.0,1.0,0.0,1.0,0.0,0.0,0.0,0.0,0.0,0.0,1.0,1.0,1.0,1.0,0.0,1.0,1.0,1.0,1.0,1.0,1.0,1.0,1.0,1.0],"markets":[1,2,3,4,3,4,7,8,9],"marketnames":["20","21","30","31","40","41","43"],"idx_up":[1,2,3,4,5,6,7,8,9,1,2,3,4,5,6,7,8,9,1,2,3,4,5,6,7,8,9,1,2,3,4,5,6,7,8,9,1,2,3,4,5,6,7,8,9,1,2,3,4,5,6,7,8,9,1,2,3,4,5,6,7,8,9,1,2,3,4,5,6,7,8,9,1,2,3,4,5,6,7,8,9,10,11,12,13,14,15,16,17,18,10,11,12,13,14,15,16,17,18,10,11,12,13,14,15,16,17,18,10,11,12,13,14,15,16,17,18,10,11,12,13,14,15,16,17,18,10,11,12,13,14,15,16,17,18,10,11,12,13,14,15,16,17,18,10,11,12,13,14,15,16,17,18,10,11,12,13,14,15,16,17,18,19,20,21,22,23,24,25,26,27,19,20,21,22,23,24,25,26,27,19,20,21,22,23,24,25,26,27,19,20,21,22,23,24,25,26,27,19,20,21,22,23,24,25,26,27,19,20,21,22,23,24,25,26,27,19,20,21,22,23,24,25,26,27,19,20,21,22,23,24,25,26,27,19,20,21,22,23,24,25,26,27,28,29,30,31,32,33,34,35,36,28,29,30,31,32,33,34,35,36,28,29,30,31,32,33,34,35,36,28,29,30,31,32,33,34,35,36,28,29,30,31,32,33,34,35,36,28,29,30,31,32,33,34,35,36,28,29,30,31,32,33,34,35,36,28,29,30,31,32,33,34,35,36,28,29,30,31,32,33,34,35,36],"idx_entry":[1,2,3,4,5,6,7,8,9,3,4,3,4,7,8,7,8,9,1,2,3,4,5,6,7,8,9,5,6,7,8,5,6,7,8,9,10,11,12,13,14,15,16,17,18,12,13,12,13,16,17,16,17,18,10,11,12,13,14,15,16,17,18,14,15,16,17,14,15,16,17,18,19,20,21,22,23,24,25,26,27,21,22,21,22,25,26,25,26,27,19,20,21,22,23,24,25,26,27,23,24,25,26,23,24,25,26,27,28,29,30,31,32,33,34,35,36,30,31,30,31,34,35,34,35,36,28,29,30,31,32,33,34,35,36,32,33,34,35,32,33,34,35,36],"idx_exit":[1,2,10,4,5,6,14,8,11,1,2,1,2,5,6,5,6,2,1,2,3,4,1,6,3,8,11,1,2,3,4,1,2,3,4,2,10,11,1,13,14,15,5,17,2,10,11,10,11,14,15,14,15,11,10,11,12,13,10,15,12,17,2,10,11,12,13,10,11,12,13,11,19,20,19,22,23,24,23,26,29,19,20,19,20,23,24,23,24,20,19,20,21,22,28,24,30,26,29,19,20,21,22,19,20,21,22,20,28,29,28,31,32,33,32,35,20,28,29,28,29,32,33,32,33,29,28,29,30,31,19,33,21,35,20,28,29,30,31,28,29,30,31,29],"idx_merger":[2,2,4,4,6,6,8,8,9,1,2,3,4,5,6,17,9,9,1,2,3,4,6,6,8,8,9,1,2,13,4,5,6,17,8,9,11,11,13,13,15,15,17,17,18,10,11,12,13,14,15,8,18,18,10,11,12,13,15,15,17,17,18,10,11,4,13,14,15,8,17,18,20,20,22,22,24,24,26,26,27,19,20,21,22,23,24,35,27,27,19,20,21,22,33,24,35,26,27,19,20,22,22,23,24,26,26,27,29,29,31,31,33,33,35,35,36,28,29,30,31,32,33,26,36,36,28,29,30,31,24,33,26,35,36,28,29,31,31,32,33,35,35,36]}