{"policy":"nolearning","smax":[5,1],"alpha":0.5,"beta":0.95,"gamma":1.0,"sigma":7.0,"v0":1.0,"accuracy":1.0e-8,"cost_entry":[0,10],"value_exit":[0,1],"cost_merger":[0,10],"entry":true,"exit":true,"mergers":true,"filename":"nolearning_a5s70v10","verbose":true,"firms":[1,2,3,4],"rival":[2,1,4,3],"partner":[3,4,1,2],"merger_pairs":[1,2,1,2,3,4,4,3],"outcomes":[1,0,1,0,1,0,0,0,0,0,1,0,1,0,1,0,0,0,1,0,0,1,0,0,1,0,0,0,1,1,0,0,0,0,1,0,0,0,0,0,1,1,1,1,2],"ownership":[0,3,0,3,0,0,4,4,0,1,0,1,0,0,2,2],"S":[1,1,1,1,1,1,1,1,1,0,0,1,1,0,0,1,1,1,1,1,1,1,1,1,1,1,1,0,0,0,0,1,1,1,1,1,0,1,0,1,0,1,0,1,3],"ms":9,"scale":[2.0,2.0,2.0,2.0,2.0,2.0,2.0,2.0,2.0,0.0,0.0,2.0,2.0,0.0,0.0,2.0,2.0,2.0,1.0,1.0,1.0,1.0,1.0,1.0,1.0,1.0,1.0,0.0,0.0,0.0,0.0,1.0,1.0,1.0,1.0,1.0],"D":[0.9140581639189657,0.9449265245802758,0.4999984658306337,0.8457059111699798,0.9140581639186118,0.9208202722040868,0.4999984658313215,0.6258338122768626,0.5000000002297265,0.0,0.0,0.49999846209146553,0.1542936702735053,0.0,0.0,0.49999846209077764,0.37416464998035914,0.4999999969688753,0.8180714760155313,0.9449265245802758,0.8180714760135691,0.8457059111699798,0.4983322602994039,0.9208202722040868,0.49833226029764804,0.6258338122768626,0.5000000002297265,0.0,0.0,0.0,0.0,0.4983322541463118,0.07896646707723222,0.4983322541480593,0.3724944998990899,0.4999999969688753],"Q":[0.7477649113212347,0.9449265245802758,0.4090344829465866,0.8457059111699798,0.4555046708706849,0.9208202722040868,0.24916536562307906,0.6258338122768626,0.5000000002297265,0.0,0.0,0.0,0.0,0.0,0.0,0.24916536068426043,0.37249296902658985,0.4999999969688753,0.0,0.0,0.0,0.0,0.4555046652464009,0.0,0.24916536254829366,0.0,0.0,0.0,0.0,0.4090344798876798,0.0,0.0,0.0,0.2491653637590449,0.0,0.0,0.16629325259773098,0.0,0.09096398288404707,0.0,0.0030488278015260465,0.0,0.001667737659948818,0.0,0.0,0.0,0.0,0.09096398220378572,0.1542936702735053,0.0,0.0,0.0016677376474722875,0.0016716809537692938,0.0,0.07030656469429664,0.0,2.5131793026847508e-6,0.0,0.04282758942871898,0.0,1.5309155240835636e-6,0.0,0.0,0.0,0.0,0.0,0.0,0.04282758889991096,0.07896646707723222,1.5309155051915494e-6,1.5308725000480198e-6,0.0,0.015635271386737738,0.05507347541972414,5.58898598052453e-7,4.18556514807081e-7,0.0002866577527581284,0.0002132607186810964,1.0246871459561942e-8,6.870278404628834e-9,2.8013982248346877e-9],"P":[-0.33774620904265157,-0.7030313544494358,-1.714286590826298,-1.5370621651598493,-0.3377462090420083,-1.0978931931033755,-1.7142865908266123,-1.8090993420085018,-1.8571428570210062,-0.0,-0.0,-1.714286589757961,-1.8310794817311358,-0.0,-0.0,-1.7142865897578823,-1.7717336581701222,-1.8571428565551702,-0.2147622610282264,0.29696864555056424,-0.21476226102634285,-0.5370621651598493,-0.7152355402358034,-0.09789319310337552,-0.7152355402349405,-0.8090993420085018,-0.8571428570210062,-0.0,-0.0,-0.0,-0.0,-0.7152355384718936,-0.8448947322000214,-0.7152355384720351,-0.772341211887728,-0.8571428565551702],"PI":[1.5193966481298142,1.2255400747296823,0.14285626625409106,0.3915092634285473,1.519396648129814,0.8306782354837093,0.14285626625413048,0.11947208655698087,0.07142857152231495,0.0,0.0,0.14285626571992743,0.026063366748205766,0.0,0.0,0.14285626571977028,0.08540919589307325,0.07142857128939709,0.6423805961437373,1.2255400747296823,0.6423805961437373,0.3915092634285473,0.14190731688723077,0.8306782354837093,0.14190731688716074,0.11947208655698087,0.07142857152231495,0.0,0.0,0.0,0.0,0.14190731601406195,0.012248115023232295,0.14190731601448905,0.08480164642551363,0.07142857128939709],"CS":[0.5940322757972358,0.45525273443171493,2.0567568255826987,2.1391622838901276,1.165317364699725,1.2486681688365187,2.628041914487075,2.7262490398991135,2.912327765564932],"V":[17.54485777609024,16.730894948863376,2.5897598147141796,5.402678160467493,16.618649800593314,11.59613822614571,2.857122133223914,2.3894431853004643,1.4285713725338494,0.0,0.0,2.58975980825529,1.050836326355943,0.0,0.0,2.8571221225367696,1.7081837156072113,1.4285713678754957,9.190394847373092,16.730894948863376,7.210483640126839,5.402678160467493,2.4557112123226603,11.59613822614571,2.838143163375123,2.3894431853004643,1.4285713725338494,0.0,0.0,0.0,0.0,2.455711206340243,0.8949501751832838,2.8381431459217863,1.6960327216953583,1.4285713678754957],"pr_entry":[0.0,0.0,0.0,0.0,0.0,0.0,0.0,0.0,0.0,0.06474399029903466,0.02627090778730453,0.0,0.0,0.07142804886360525,0.04270459262405625,0.0,0.0,0.0,0.0,0.0,0.0,0.0,0.0,0.0,0.0,0.0,0.0,0.06139277871194213,0.022373753982653566,0.07095357447124467,0.04240081777025906,0.0,0.0,0.0,0.0,0.0],"pr_exit":[0.0,0.0,0.0,0.25,0.0,0.0,0.0,0.25,0.0,0.0,0.0,0.0,0.0,0.0,0.0,0.0,0.0,0.0,0.0,0.0,0.0,0.0,0.0,0.25,0.0,0.25,0.0,0.0,0.0,0.0,0.0,0.0,0.02626246017346434,0.0,0.0,0.0],"pr_merger":[0.1868590582800679,0.0,0.026021218057845553,0.0,0.1136351793693254,0.0,0.0,0.0,0.0,0.0,0.0,0.0,0.0,0.0,0.0,0.0,0.0,0.0,0.0,0.0,0.0,0.0,0.11363517953936944,0.0,0.0,0.0,0.0,0.0,0.0,0.026021218226817987,0.0,0.0,0.0,0.0,0.0,0.0],"active_firms":[true,true,true,true,true,true,true,true,true,false,false,true,true,false,false,true,true,true,true,true,true,true,true,true,true,true,true,false,false,false,false,true,true,true,true,true,true,true,true,true,true,true,true,true,true],"active_outcomes":[1.0,1.0,1.0,1.0,1.0,1.0,1.0,1.0,1.0,0.0,0.0,0.0,0.0,0.0,0.0,1.0,1.0,1.0,0.0,0.0,0.0,0.0,1.0,0.0,1.0,0.0,0.0,0.0,0.0,1.0,0.0,0.0,0.0,1.0,0.0,0.0,1.0,0.0,1.0,0.0,1.0,0.0,1.0,0.0,0.0,0.0,0.0,1.0,1.0,0.0,0.0,1.0,1.0,0.0,1.0,0.0,1.0,0.0,1.0,0.0,1.0,0.0,0.0,0.0,0.0,0.0,0.0,1.0,1.0,1.0,1.0,0.0,1.0,1.0,1.0,1.0,1.0,1.0,1.0,1.0,1.0],"markets":[1,2,3,4,3,4,7,8,9],"marketnames":["20","21","30","31","40","41","43"],"idx_up":[1,2,3,4,5,6,7,8,9,1,2,3,4,5,6,7,8,9,1,2,3,4,5,6,7,8,9,1,2,3,4,5,6,7,8,9,1,2,3,4,5,6,7,8,9,1,2,3,4,5,6,7,8,9,1,2,3,4,5,6,7,8,9,1,2,3,4,5,6,7,8,9,1,2,3,4,5,6,7,8,9,10,11,12,13,14,15,16,17,18,10,11,12,13,14,15,16,17,18,10,11,12,13,14,15,16,17,18,10,11,12,13,14,15,16,17,18,10,11,12,13,14,15,16,17,18,10,11,12,13,14,15,16,17,18,10,11,12,13,14,15,16,17,18,10,11,12,13,14,15,16,17,18,10,11,12,13,14,15,16,17,18,19,20,21,22,23,24,25,26,27,19,20,21,22,23,24,25,26,27,19,20,21,22,23,24,25,26,27,19,20,21,22,23,24,25,26,27,19,20,21,22,23,24,25,26,27,19,20,21,22,23,24,25,26,27,19,20,21,22,23,24,25,26,27,19,20,21,22,23,24,25,26,27,19,20,21,22,23,24,25,26,27,28,29,30,31,32,33,34,35,36,28,29,30,31,32,33,34,35,36,28,29,30,31,32,33,34,35,36,28,29,30,31,32,33,34,35,36,28,29,30,31,32,33,34,35,36,28,29,30,31,32,33,34,35,36,28,29,30,31,32,33,34,35,36,28,29,30,31,32,33,34,35,36,28,29,30,31,32,33,34,35,36],"idx_entry":[1,2,3,4,5,6,7,8,9,3,4,3,4,7,8,7,8,9,1,2,3,4,5,6,7,8,9,5,6,7,8,5,6,7,8,9,10,11,12,13,14,15,16,17,18,12,13,12,13,16,17,16,17,18,10,11,12,13,14,15,16,17,18,14,15,16,17,14,15,16,17,18,19,20,21,22,23,24,25,26,27,21,22,21,22,25,26,25,26,27,19,20,21,22,23,24,25,26,27,23,24,25,26,23,24,25,26,27,28,29,30,31,32,33,34,35,36,30,31,30,31,34,35,34,35,36,28,29,30,31,32,33,34,35,36,32,33,34,35,32,33,34,35,36],"idx_exit":[1,2,10,4,5,6,14,8,11,1,2,1,2,5,6,5,6,2,1,2,3,4,1,6,3,8,11,1,2,3,4,1,2,3,4,2,10,11,1,13,14,15,5,17,2,10,11,10,11,14,15,14,15,11,10,11,12,13,10,15,12,17,2,10,11,12,13,10,11,12,13,11,19,20,19,22,23,24,23,26,29,19,20,19,20,23,24,23,24,20,19,20,21,22,28,24,30,26,29,19,20,21,22,19,20,21,22,20,28,29,28,31,32,33,32,35,20,28,29,28,29,32,33,32,33,29,28,29,30,31,19,33,21,35,20,28,29,30,31,28,29,30,31,29],"idx_merger":[2,2,4,4,6,6,8,8,9,1,2,3,4,5,6,17,9,9,1,2,3,4,6,6,8,8,9,1,2,13,4,5,6,17,8,9,11,11,13,13,15,15,17,17,18,10,11,12,13,14,15,8,18,18,10,11,12,13,15,15,17,17,18,10,11,4,13,14,15,8,17,18,20,20,22,22,24,24,26,26,27,19,20,21,22,23,24,35,27,27,19,20,21,22,33,24,35,26,27,19,20,22,22,23,24,26,26,27,29,29,31,31,33,33,35,35,36,28,29,30,31,32,33,26,36,36,28,29,30,31,24,33,26,35,36,28,29,31,31,32,33,35,35,36]}