{"policy":"nolearning","smax":[5,1],"alpha":0.6,"beta":0.95,"gamma":1.0,"sigma":1.0,"v0":1.0,"accuracy":1.0e-8,"cost_entry":[0,10],"value_exit":[0,1],"cost_merger":[0,10],"entry":true,"exit":true,"mergers":true,"filename":"nolearning_a6s10v10","verbose":true,"firms":[1,2,3,4],"rival":[2,1,4,3],"partner":[3,4,1,2],"merger_pairs":[1,2,1,2,3,4,4,3],"outcomes":[1,0,1,0,1,0,0,0,0,0,1,0,1,0,1,0,0,0,1,0,0,1,0,0,1,0,0,0,1,1,0,0,0,0,1,0,0,0,0,0,1,1,1,1,2],"ownership":[0,3,0,3,0,0,4,4,0,1,0,1,0,0,2,2],"S":[1,1,1,1,1,1,1,1,1,0,0,1,1,0,0,1,1,1,1,1,1,1,1,1,1,1,1,0,0,0,0,1,1,1,1,1,0,1,0,1,0,1,0,1,3],"ms":9,"scale":[2.2973967099940698,2.2973967099940698,2.2973967099940698,2.2973967099940698,2.2973967099940698,2.2973967099940698,2.2973967099940698,2.2973967099940698,2.2973967099940698,0.0,0.0,2.2973967099940698,2.2973967099940698,0.0,0.0,2.2973967099940698,2.2973967099940698,2.2973967099940698,1.0,1.0,1.0,1.0,1.0,1.0,1.0,1.0,1.0,0.0,0.0,0.0,0.0,1.0,1.0,1.0,1.0,1.0],"D":[0.5357662148355764,0.635333354851994,0.3958582505582133,0.5158235623938215,0.5357662148818948,0.5808290867782879,0.39585825055484436,0.4518742250513031,0.449018484272224,0.0,0.0,0.3958582469175951,0.3337113836359364,0.0,0.0,0.39585824691017635,0.36806410238608833,0.4490184891664259,0.36189625587963914,0.635333354851994,0.36189625592030217,0.5158235623938215,0.28625374224036837,0.5808290867782879,0.28625374223725714,0.4518742250513031,0.449018484272224,0.0,0.0,0.0,0.0,0.2862537502032735,0.18577842190380278,0.2862537501988397,0.23279842156884184,0.4490184891664259],"Q":[0.19389178717580144,0.635333354851994,0.14325961875217824,0.5158235623938215,0.15336508397589974,0.5808290867782879,0.11331590561681795,0.4518742250513031,0.449018484272224,0.0,0.0,0.0,0.0,0.0,0.0,0.11331590772517622,0.15632313966562478,0.4490184891664259,0.0,0.0,0.0,0.0,0.15336508824215525,0.0,0.1133159087684761,0.0,0.0,0.0,0.0,0.14325961743465213,0.0,0.0,0.0,0.1133159045735181,0.0,0.0,0.34187442765977494,0.0,0.25259863180603503,0.0,0.22903604266383984,0.0,0.16922643616955033,0.0,0.0,0.0,0.0,0.2525986294829429,0.3337113836359364,0.0,0.0,0.16922643461148204,0.21174096272046358,0.0,0.16800446870383767,0.0,0.07537701973347177,0.0,0.13288865826446863,0.0,0.059621932046921046,0.0,0.0,0.0,0.0,0.0,0.0,0.1328886619611182,0.18577842190380278,0.059621933705187355,0.07647528190321706,0.0,0.296229316460586,0.36466664514800584,0.13290648279071993,0.15046505397024204,0.19845646489251834,0.2333924913179092,0.0890396367828709,0.10358639065939153,0.10196302656135002],"P":[-0.14330962689612883,-0.9262814520526459,-0.6421560494637115,-1.26471531298231,-0.14330962708235556,-1.10456585216563,-0.6421560494034083,-1.3851973155191697,-1.389925250827472,-0.0,-0.0,-0.6421560402669392,-0.7965456408653985,-0.0,-0.0,-0.6421560401964055,-0.7149576967105632,-1.389925256277361,0.5671432936802934,0.37111525794142386,0.5671432935042077,0.03268139701175965,0.40105813392748,0.19283085782843967,0.4010581339559986,-0.08780060552509994,-0.09252854083340223,-0.0,-0.0,-0.0,-0.0,0.40105810610983506,0.2281668649725787,0.40105810614297377,0.3034383806605592,-0.09252854628329121],"PI":[1.1540870829375915,0.871115256716682,0.655240672130369,0.5326813970244342,1.1540870829375913,0.6928308578334544,0.6552406721486641,0.4121993944706134,0.40747145911528915,0.0,0.0,0.6552406697448879,0.5008510869104033,0.0,0.0,0.6552406697605294,0.5824389950049212,0.40747146110953675,0.567143290409784,0.871115256716682,0.567143290409784,0.5326813970244342,0.4010581339330484,0.6928308578334544,0.4010581339368529,0.4121993944706134,0.40747145911528915,0.0,0.0,0.0,0.0,0.4010581371266362,0.22816690200914652,0.4010581371299103,0.3034383976300254,0.40747146110953675],"CS":[1.216621406824738,1.2964537161292276,2.0181095349889606,2.1817064937407484,1.6171855233498507,1.7427158029733811,2.4186736512811318,2.555031394529167,2.976292196663915],"V":[14.839913022384232,9.985647336686212,13.10479507177578,8.864593675081741,14.83991302242203,9.220087218809256,13.104795071851854,8.243977781025464,8.149419234655756,0.0,0.0,13.104795024024183,11.228495819134915,0.0,0.0,13.104795024089219,11.648764004033666,8.14941927454064,8.711727033313359,9.98564513129031,8.71172703331824,8.864591469685841,8.021150743713322,9.220085013413357,8.02115074372656,8.243975575629564,8.149417029259864,0.0,0.0,0.0,0.0,8.021150807576209,5.806945438580653,8.021150807587603,6.068759336392412,8.149417069144743],"pr_entry":[0.0,0.0,0.0,0.0,0.0,0.0,0.0,0.0,0.0,0.25,0.25,0.0,0.0,0.25,0.25,0.0,0.0,0.0,0.0,0.0,0.0,0.0,0.0,0.0,0.0,0.0,0.0,0.20052875448544388,0.1451736246274004,0.20052875448572868,0.15171897207269433,0.0,0.0,0.0,0.0,0.0],"pr_exit":[0.0,0.0,0.0,0.25,0.0,0.0,0.0,0.0,0.0,0.0,0.0,0.0,0.0,0.0,0.0,0.0,0.0,0.0,0.0,0.0,0.0,0.0,0.0,0.25,0.0,0.0,0.0,0.0,0.0,0.0,0.0,0.0,0.0,0.0,0.0,0.0],"pr_merger":[0.0,0.0,0.0,0.0,0.0,0.0,0.0,0.0,0.0,0.0,0.0,0.0,0.0,0.0,0.0,0.0,0.0,0.0,0.0,0.0,0.0,0.0,0.0,0.0,0.0,0.0,0.0,0.0,0.0,0.0,0.0,0.0,0.0,0.0,0.0,0.0],"active_firms":[true,true,true,true,true,true,true,true,true,false,false,true,true,false,false,true,true,true,true,true,true,true,true,true,true,true,true,false,false,false,false,true,true,true,true,true,true,true,true,true,true,true,true,true,true],"active_outcomes":[1.0,1.0,1.0,1.0,1.0,1.0,1.0,1.0,1.0,0.0,0.0,0.0,0.0,0.0,0.0,1.0,1.0,1.0,0.0,0.0,0.0,0.0,1.0,0.0,1.0,0.0,0.0,0.0,0.0,1.0,0.0,0.0,0.0,1.0,0.0,0.0,1.0,0.0,1.0,0.0,1.0,0.0,1.0,0.0,0.0,0.0,0.0,1.0,1.0,0.0,0.0,1.0,1.0,0.0,1.0,0.0,1.0,0.0,1.0,0.0,1.0,0.0,0.0,0.0,0.0,0.0,0.0,1.0,1.0,1.0,1.0,0.0,1.0,1.0,1.0,1.0,1.0,1.0,1.0,1.0,1.0],"markets":[1,2,3,4,3,4,7,8,9],"marketnames":["20","21","30","31","40","41","43"],"idx_up":[1,2,3,4,5,6,7,8,9,1,2,3,4,5,6,7,8,9,1,2,3,4,5,6,7,8,9,1,2,3,4,5,6,7,8,9,1,2,3,4,5,6,7,8,9,1,2,3,4,5,6,7,8,9,1,2,3,4,5,6,7,8,9,1,2,3,4,5,6,7,8,9,1,2,3,4,5,6,7,8,9,10,11,12,13,14,15,16,17,18,10,11,12,13,14,15,16,17,18,10,11,12,13,14,15,16,17,18,10,11,12,13,14,15,16,17,18,10,11,12,13,14,15,16,17,18,10,11,12,13,14,15,16,17,18,10,11,12,13,14,15,16,17,18,10,11,12,13,14,15,16,17,18,10,11,12,13,14,15,16,17,18,19,20,21,22,23,24,25,26,27,19,20,21,22,23,24,25,26,27,19,20,21,22,23,24,25,26,27,19,20,21,22,23,24,25,26,27,19,20,21,22,23,24,25,26,27,19,20,21,22,23,24,25,26,27,19,20,21,22,23,24,25,26,27,19,20,21,22,23,24,25,26,27,19,20,21,22,23,24,25,26,27,28,29,30,31,32,33,34,35,36,28,29,30,31,32,33,34,35,36,28,29,30,31,32,33,34,35,36,28,29,30,31,32,33,34,35,36,28,29,30,31,32,33,34,35,36,28,29,30,31,32,33,34,35,36,28,29,30,31,32,33,34,35,36,28,29,30,31,32,33,34,35,36,28,29,30,31,32,33,34,35,36],"idx_entry":[1,2,3,4,5,6,7,8,9,3,4,3,4,7,8,7,8,9,1,2,3,4,5,6,7,8,9,5,6,7,8,5,6,7,8,9,10,11,12,13,14,15,16,17,18,12,13,12,13,16,17,16,17,18,10,11,12,13,14,15,16,17,18,14,15,16,17,14,15,16,17,18,19,20,21,22,23,24,25,26,27,21,22,21,22,25,26,25,26,27,19,20,21,22,23,24,25,26,27,23,24,25,26,23,24,25,26,27,28,29,30,31,32,33,34,35,36,30,31,30,31,34,35,34,35,36,28,29,30,31,32,33,34,35,36,32,33,34,35,32,33,34,35,36],"idx_exit":[1,2,10,4,5,6,14,10,11,1,2,1,2,5,6,5,6,2,1,2,3,4,1,6,3,10,11,1,2,3,4,1,2,3,4,2,10,11,1,13,14,15,5,1,2,10,11,10,11,14,15,14,15,11,10,11,12,13,10,15,12,1,2,10,11,12,13,10,11,12,13,11,19,20,19,22,23,24,23,28,29,19,20,19,20,23,24,23,24,20,19,20,21,22,28,24,30,28,29,19,20,21,22,19,20,21,22,20,28,29,28,31,32,33,32,19,20,28,29,28,29,32,33,32,33,29,28,29,30,31,19,33,21,19,20,28,29,30,31,28,29,30,31,29],"idx_merger":[2,2,4,4,6,6,8,8,9,1,2,3,4,5,6,17,9,9,1,2,3,4,6,6,8,8,9,1,2,13,4,5,6,17,8,9,11,11,13,13,15,15,17,17,18,10,11,12,13,14,15,8,18,18,10,11,12,13,15,15,17,17,18,10,11,4,13,14,15,8,17,18,20,20,22,22,24,24,26,26,27,19,20,21,22,23,24,35,27,27,19,20,21,22,33,24,35,26,27,19,20,22,22,23,24,26,26,27,29,29,31,31,33,33,35,35,36,28,29,30,31,32,33,26,36,36,28,29,30,31,24,33,26,35,36,28,29,31,31,32,33,35,35,36]}