{"policy":"nolearning","smax":[5,1],"alpha":0.6,"beta":0.95,"gamma":1.0,"sigma":4.0,"v0":1.0,"accuracy":1.0e-8,"cost_entry":[0,10],"value_exit":[0,1],"cost_merger":[0,10],"entry":true,"exit":true,"mergers":true,"filename":"nolearning_a6s40v10","verbose":true,"firms":[1,2,3,4],"rival":[2,1,4,3],"partner":[3,4,1,2],"merger_pairs":[1,2,1,2,3,4,4,3],"outcomes":[1,0,1,0,1,0,0,0,0,0,1,0,1,0,1,0,0,0,1,0,0,1,0,0,1,0,0,0,1,1,0,0,0,0,1,0,0,0,0,0,1,1,1,1,2],"ownership":[0,3,0,3,0,0,4,4,0,1,0,1,0,0,2,2],"S":[1,1,1,1,1,1,1,1,1,0,0,1,1,0,0,1,1,1,1,1,1,1,1,1,1,1,1,0,0,0,0,1,1,1,1,1,0,1,0,1,0,1,0,1,3],"ms":9,"scale":[2.2973967099940698,2.2973967099940698,2.2973967099940698,2.2973967099940698,2.2973967099940698,2.2973967099940698,2.2973967099940698,2.2973967099940698,2.2973967099940698,0.0,0.0,2.2973967099940698,2.2973967099940698,0.0,0.0,2.2973967099940698,2.2973967099940698,2.2973967099940698,1.0,1.0,1.0,1.0,1.0,1.0,1.0,1.0,1.0,0.0,0.0,0.0,0.0,1.0,1.0,1.0,1.0,1.0],"D":[0.8638036223902521,0.9082343397901416,0.49981161500282856,0.7598332574770604,0.8638036223897972,0.8792068982432355,0.49981161500261184,0.6166441120258099,0.49999654261591625,0.0,0.0,0.49981161065718216,0.24007536118376915,0.0,0.0,0.4998116106574005,0.3831579850744061,0.4999965488613305,0.6882734745174741,0.9082343397901416,0.6882734745149948,0.7598332574770604,0.47137681144346977,0.8792068982432355,0.4713768114437078,0.6166441120258099,0.49999654261591625,0.0,0.0,0.0,0.0,0.47137680641365987,0.11431743321723987,0.47137680641452423,0.35302429241867117,0.4999965488613305],"Q":[0.594533120483319,0.9082343397901416,0.34400707686094767,0.7598332574770604,0.40717699723542167,0.8792068982432355,0.2355996054024612,0.6166441120258099,0.49999654261591625,0.0,0.0,0.0,0.0,0.0,0.0,0.23559960084058498,0.3528420478429245,0.4999965488613305,0.0,0.0,0.0,0.0,0.4071769928906536,0.0,0.23559960288881682,0.0,0.0,0.0,0.0,0.34400707386995455,0.0,0.0,0.0,0.23559960335422933,0.0,0.0,0.26927050190693314,0.0,0.15580453814188086,0.0,0.049449632263722045,0.0,0.02861240671133379,0.0,0.0,0.0,0.0,0.1558045367872276,0.24007536118376915,0.0,0.0,0.028612406462586167,0.030315937231481613,0.0,0.0937403540341551,0.0,0.0002593237840925185,0.0,0.06419981420804811,0.0,0.00017760268701726508,0.0,0.0,0.0,0.0,0.0,0.0,0.06419981352300623,0.11431743321723987,0.00017760268512239774,0.00018224457574665424,0.0,0.042456023575592805,0.09176566020985842,0.00011745055589676557,9.138133917042116e-5,0.007796749879148338,0.006475668539524584,2.1568967848155082e-5,1.5658324037312873e-5,6.908522753275264e-6],"P":[-0.46181191420465834,-0.935231389111622,-1.7975850239617883,-1.7769249798901683,-0.46181191420369194,-1.2625694046846583,-1.7975850239626527,-1.9713289387060078,-2.0473984339450597,-0.0,-0.0,-1.7975850217881462,-1.968416716744399,-0.0,-0.0,-1.7975850217892282,-1.892106542875596,-2.047398435506424,-0.19801499210861015,0.3621653208824478,-0.19801499210572127,-0.47952826989609854,-0.5270733380092872,0.03482730530941147,-0.5270733380142272,-0.673932228711938,-0.75000172395099,-0.0,-0.0,-0.0,-0.0,-0.5270733353416709,-0.7177318072882501,-0.527073335346943,-0.6135867361966071,-0.7500017255123543],"PI":[1.5855847958073648,1.2371653208966964,0.24981168599308126,0.3954717301095689,1.5855847958073648,0.9098273053184933,0.24981168599254092,0.20106777128616185,0.12499827368444444,0.0,0.0,0.249811684907488,0.07897999070164861,0.0,0.0,0.24981168490705633,0.15529016380358368,0.12499827446511044,0.5519850078923307,1.2371653208966964,0.5519850078923307,0.3954717301095689,0.22292666197578576,0.9098273053184933,0.22292666197356978,0.20106777128616185,0.12499827368444444,0.0,0.0,0.0,0.0,0.22292666085450705,0.03226817526967646,0.22292666085243065,0.13641326903538212,0.12499827446511044],"CS":[0.7898216195404933,0.669049798894453,2.2623732784550468,2.3970378348565955,1.2135120785707987,1.3318463749576843,2.6860637374939618,2.8380474918659018,3.143975476874041],"V":[13.761935159545743,13.124935999312827,4.9962194099413635,5.714824910916653,13.294600606138275,9.74811797454963,4.996219409937923,4.0213536760198885,2.499962762877622,0.0,0.0,4.996219388231207,2.4410537306702444,0.0,0.0,4.99621938822846,3.1057988513984065,2.4999627784909175,7.197336602865491,13.124935999312827,6.569361040218138,5.714824910916653,3.9692493818995542,9.74811797454963,4.458520398178854,4.0213536760198885,2.499962762877622,0.0,0.0,0.0,0.0,3.969249369889769,1.8867709955707075,4.4585203757563105,2.7282614817039943,2.4999627784909175],"pr_entry":[0.0,0.0,0.0,0.0,0.0,0.0,0.0,0.0,0.0,0.12490546587694762,0.061026336194809995,0.0,0.0,0.12490546587687903,0.07764496546302166,0.0,0.0,0.0,0.0,0.0,0.0,0.0,0.0,0.0,0.0,0.0,0.0,0.09923121748416672,0.04716926818158525,0.11146299249747052,0.06820653191233192,0.0,0.0,0.0,0.0,0.0],"pr_exit":[0.0,0.0,0.0,0.25,0.0,0.0,0.0,0.25,0.0,0.0,0.0,0.0,0.0,0.0,0.0,0.0,0.0,0.0,0.0,0.0,0.0,0.0,0.0,0.25,0.0,0.25,0.0,0.0,0.0,0.0,0.0,0.0,0.0,0.0,0.0,0.0],"pr_merger":[0.1401909452528282,0.0,0.0,0.0,0.057961959096024085,0.0,0.0,0.0,0.0,0.0,0.0,0.0,0.0,0.0,0.0,0.0,0.0,0.0,0.0,0.0,0.0,0.0,0.057961959428783794,0.0,0.0,0.0,0.0,0.0,0.0,0.0,0.0,0.0,0.0,0.0,0.0,0.0],"active_firms":[true,true,true,true,true,true,true,true,true,false,false,true,true,false,false,true,true,true,true,true,true,true,true,true,true,true,true,false,false,false,false,true,true,true,true,true,true,true,true,true,true,true,true,true,true],"active_outcomes":[1.0,1.0,1.0,1.0,1.0,1.0,1.0,1.0,1.0,0.0,0.0,0.0,0.0,0.0,0.0,1.0,1.0,1.0,0.0,0.0,0.0,0.0,1.0,0.0,1.0,0.0,0.0,0.0,0.0,1.0,0.0,0.0,0.0,1.0,0.0,0.0,1.0,0.0,1.0,0.0,1.0,0.0,1.0,0.0,0.0,0.0,0.0,1.0,1.0,0.0,0.0,1.0,1.0,0.0,1.0,0.0,1.0,0.0,1.0,0.0,1.0,0.0,0.0,0.0,0.0,0.0,0.0,1.0,1.0,1.0,1.0,0.0,1.0,1.0,1.0,1.0,1.0,1.0,1.0,1.0,1.0],"markets":[1,2,3,4,3,4,7,8,9],"marketnames":["20","21","30","31","40","41","43"],"idx_up":[1,2,3,4,5,6,7,8,9,1,2,3,4,5,6,7,8,9,1,2,3,4,5,6,7,8,9,1,2,3,4,5,6,7,8,9,1,2,3,4,5,6,7,8,9,1,2,3,4,5,6,7,8,9,1,2,3,4,5,6,7,8,9,1,2,3,4,5,6,7,8,9,1,2,3,4,5,6,7,8,9,10,11,12,13,14,15,16,17,18,10,11,12,13,14,15,16,17,18,10,11,12,13,14,15,16,17,18,10,11,12,13,14,15,16,17,18,10,11,12,13,14,15,16,17,18,10,11,12,13,14,15,16,17,18,10,11,12,13,14,15,16,17,18,10,11,12,13,14,15,16,17,18,10,11,12,13,14,15,16,17,18,19,20,21,22,23,24,25,26,27,19,20,21,22,23,24,25,26,27,19,20,21,22,23,24,25,26,27,19,20,21,22,23,24,25,26,27,19,20,21,22,23,24,25,26,27,19,20,21,22,23,24,25,26,27,19,20,21,22,23,24,25,26,27,19,20,21,22,23,24,25,26,27,19,20,21,22,23,24,25,26,27,28,29,30,31,32,33,34,35,36,28,29,30,31,32,33,34,35,36,28,29,30,31,32,33,34,35,36,28,29,30,31,32,33,34,35,36,28,29,30,31,32,33,34,35,36,28,29,30,31,32,33,34,35,36,28,29,30,31,32,33,34,35,36,28,29,30,31,32,33,34,35,36,28,29,30,31,32,33,34,35,36],"idx_entry":[1,2,3,4,5,6,7,8,9,3,4,3,4,7,8,7,8,9,1,2,3,4,5,6,7,8,9,5,6,7,8,5,6,7,8,9,10,11,12,13,14,15,16,17,18,12,13,12,13,16,17,16,17,18,10,11,12,13,14,15,16,17,18,14,15,16,17,14,15,16,17,18,19,20,21,22,23,24,25,26,27,21,22,21,22,25,26,25,26,27,19,20,21,22,23,24,25,26,27,23,24,25,26,23,24,25,26,27,28,29,30,31,32,33,34,35,36,30,31,30,31,34,35,34,35,36,28,29,30,31,32,33,34,35,36,32,33,34,35,32,33,34,35,36],"idx_exit":[1,2,10,4,5,6,14,8,11,1,2,1,2,5,6,5,6,2,1,2,3,4,1,6,3,8,11,1,2,3,4,1,2,3,4,2,10,11,1,13,14,15,5,17,2,10,11,10,11,14,15,14,15,11,10,11,12,13,10,15,12,17,2,10,11,12,13,10,11,12,13,11,19,20,19,22,23,24,23,26,29,19,20,19,20,23,24,23,24,20,19,20,21,22,28,24,30,26,29,19,20,21,22,19,20,21,22,20,28,29,28,31,32,33,32,35,20,28,29,28,29,32,33,32,33,29,28,29,30,31,19,33,21,35,20,28,29,30,31,28,29,30,31,29],"idx_merger":[2,2,4,4,6,6,8,8,9,1,2,3,4,5,6,17,9,9,1,2,3,4,6,6,8,8,9,1,2,13,4,5,6,17,8,9,11,11,13,13,15,15,17,17,18,10,11,12,13,14,15,8,18,18,10,11,12,13,15,15,17,17,18,10,11,4,13,14,15,8,17,18,20,20,22,22,24,24,26,26,27,19,20,21,22,23,24,35,27,27,19,20,21,22,33,24,35,26,27,19,20,22,22,23,24,26,26,27,29,29,31,31,33,33,35,35,36,28,29,30,31,32,33,26,36,36,28,29,30,31,24,33,26,35,36,28,29,31,31,32,33,35,35,36]}