{"policy":"nolearning","smax":[5,1],"alpha":0.2,"beta":0.95,"gamma":1.0,"sigma":3.0,"v0":1.0,"accuracy":1.0e-8,"cost_entry":[0,10],"value_exit":[0,1],"cost_merger":[0,10],"entry":true,"exit":true,"mergers":true,"filename":"nolearning_a2s30v10","verbose":true,"firms":[1,2,3,4],"rival":[2,1,4,3],"partner":[3,4,1,2],"merger_pairs":[1,2,1,2,3,4,4,3],"outcomes":[1,0,1,0,1,0,0,0,0,0,1,0,1,0,1,0,0,0,1,0,0,1,0,0,1,0,0,0,1,1,0,0,0,0,1,0,0,0,0,0,1,1,1,1,2],"ownership":[0,3,0,3,0,0,4,4,0,1,0,1,0,0,2,2],"S":[1,1,1,1,1,1,1,1,1,0,0,1,1,0,0,1,1,1,1,1,1,1,1,1,1,1,1,0,0,0,0,1,1,1,1,1,0,1,0,1,0,1,0,1,3],"ms":9,"scale":[1.3195079107728942,1.3195079107728942,1.3195079107728942,1.3195079107728942,1.3195079107728942,1.3195079107728942,1.3195079107728942,1.3195079107728942,1.3195079107728942,0.0,0.0,1.3195079107728942,1.3195079107728942,0.0,0.0,1.3195079107728942,1.3195079107728942,1.3195079107728942,1.0,1.0,1.0,1.0,1.0,1.0,1.0,1.0,1.0,0.0,0.0,0.0,0.0,1.0,1.0,1.0,1.0,1.0],"D":[0.6854802731942053,0.816942250849868,0.4703402753359327,0.6057965964158731,0.6854802731899701,0.7484947498071214,0.4703402753581829,0.5269507658929543,0.4982623604030178,0.0,0.0,0.4703402715992341,0.37103582412021785,0.0,0.0,0.470340271582641,0.4344922338635639,0.4982623543987943,0.6089389667912288,0.816942250849868,0.6089389667903453,0.7293444694003278,0.4360635238060871,0.7484947498071214,0.43606352381468605,0.6168585889111466,0.4982623604030178,0.0,0.0,0.0,0.0,0.4360635173170815,0.21358062675498993,0.43606351730819737,0.31545724473273123,0.4982623543987943],"Q":[0.4174156493146488,0.816942250849868,0.2864085213029494,0.6057965964158731,0.29891294342677766,0.7484947498071214,0.20509823786465903,0.5269507658929543,0.4982623604030178,0.0,0.0,0.0,0.0,0.0,0.0,0.20509823315801926,0.2837115636083609,0.4982623543987943,0.0,0.0,0.0,0.0,0.29891293897869226,0.0,0.20509823480439535,0.0,0.0,0.0,0.0,0.286408519027528,0.12354787298445467,0.0,0.0,0.2050982362182829,0.08990782301819233,0.0,0.2680646238795566,0.0,0.1839317540329833,0.0,0.08765439078450027,0.0,0.060143802689128584,0.0,0.0,0.0,0.0,0.1839317525717061,0.2474879511357632,0.0,0.0,0.06014380220633887,0.06087284723701062,0.0,0.19152331747658008,0.0,0.03612192645986784,0.0,0.13715058037930944,0.0,0.025867049731744127,0.0,0.0,0.0,0.0,0.0,0.0,0.1371505783383892,0.21358062675498993,0.025867049345782784,0.0317456811243703,0.0,0.12299640932921442,0.183057749150132,0.02319752660496524,0.023167579463908884,0.04021856809233123,0.03792462343788875,0.007585353981649052,0.006811319119111491,0.0034752851981878084],"P":[-0.25969097427359994,-0.40904841134996306,-0.6901730418931007,-1.3195078659623172,-0.2596909742670517,-0.4941545311634137,-0.6901730419406585,-1.3195078588280995,-0.9873289919444334,-0.0,-0.0,-0.6901730392448772,-0.7895360113659154,-0.0,-0.0,-0.6901730392649065,-0.7300671374880301,-0.9873289899360458,-0.14761813366238966,-0.08954050057706886,-0.14761813366115284,0.2315777273618405,-0.4089168890857831,-0.5,-0.40891688909161333,-0.1299992465631727,-0.6678210811715392,-0.0,-0.0,-0.0,-0.0,-0.4089168841254924,-0.57613793606699,-0.40891688411795835,-0.5130569612856459,-0.6678210791631516],"PI":[0.7264836031673819,0.7437928327662136,0.2960015355074252,2.7146095046246124e-8,0.7264836031673821,0.6177726713732602,0.29600153549905966,2.7372349344910354e-8,0.16551225217159135,0.0,0.0,0.2960015344013566,0.19663856045702555,0.0,0.0,0.29600153438149346,0.25610743831480715,0.1655122511778188,0.5190485329992037,0.7437928327662136,0.5190485329992038,0.8982444040879831,0.25774978420751765,0.3742473749035607,0.257749784210058,0.5366674371166756,0.16551225217159135,0.0,0.0,0.0,0.0,0.2577497825349778,0.09052872527247588,0.2577497825330119,0.15360970933461382,0.1655122511778188],"CS":[0.6985333721604129,0.6618785597491855,1.254569872616089,1.3508944956625617,1.0711421657175884,1.1866122517916062,1.6271786662095522,1.7589505155945444,2.1184086374906834],"V":[8.226304834337586,4.34481320426523,5.790721571445657,2.906639583778224e-6,8.17882469800983,3.599011042169134,5.920022478133011,2.9084795812228054e-6,3.3102414813484295,0.0,0.0,5.790721555548926,4.63851542359251,0.0,0.0,5.920022455781718,5.122141962121132,3.3102414614730122,6.784502229104619,12.829054295477139,6.752758239368857,13.673831016887386,5.136458250805746,9.787107613199293,5.154988249547505,10.73333132617176,3.310240909643708,0.0,0.0,0.0,0.0,5.136458225492215,2.7046944802458817,5.154988216006642,3.072190478855428,3.310240889768291],"pr_entry":[0.0,0.0,0.0,0.0,0.0,0.0,0.0,0.0,0.0,0.14476802783953124,0.11596287586893357,0.0,0.0,0.1480005505631638,0.1280535401001665,0.0,0.0,0.0,0.0,0.0,0.0,0.0,0.0,0.0,0.0,0.0,0.0,0.1284114451018182,0.06761735648507625,0.1288746956177271,0.07680475709265303,0.0,0.0,0.0,0.0,0.0],"pr_exit":[0.0,0.0,0.0,0.0,0.0,0.0,0.0,0.0,0.0,0.0,0.0,0.0,0.0,0.0,0.0,0.0,0.0,0.0,0.0,0.0,0.0,0.0,0.0,0.0,0.0,0.0,0.0,0.0,0.0,0.0,0.0,0.0,0.0,0.0,0.0,0.0],"pr_merger":[0.05189959744800961,0.0,0.02734395861064374,0.0,0.001567471762860584,0.0,0.0,0.0,0.0,0.0,0.0,0.0,0.0,0.0,0.0,0.0,0.0,0.0,0.0,0.0,0.0,0.0,0.0015674724261400153,0.0,0.0,0.0,0.0,0.0,0.0,0.027343959028857688,0.0,0.0,0.0,0.0,0.0,0.0],"active_firms":[true,true,true,true,true,true,true,true,true,false,false,true,true,false,false,true,true,true,true,true,true,true,true,true,true,true,true,false,false,false,false,true,true,true,true,true,true,true,true,true,true,true,true,true,true],"active_outcomes":[1.0,1.0,1.0,1.0,1.0,1.0,1.0,1.0,1.0,0.0,0.0,0.0,0.0,0.0,0.0,1.0,1.0,1.0,0.0,0.0,0.0,0.0,1.0,0.0,1.0,0.0,0.0,0.0,0.0,1.0,1.0,0.0,0.0,1.0,1.0,0.0,1.0,0.0,1.0,0.0,1.0,0.0,1.0,0.0,0.0,0.0,0.0,1.0,1.0,0.0,0.0,1.0,1.0,0.0,1.0,0.0,1.0,0.0,1.0,0.0,1.0,0.0,0.0,0.0,0.0,0.0,0.0,1.0,1.0,1.0,1.0,0.0,1.0,1.0,1.0,1.0,1.0,1.0,1.0,1.0,1.0],"markets":[1,2,3,4,3,4,7,8,9],"marketnames":["20","21","30","31","40","41","43"],"idx_up":[1,2,3,4,5,6,7,8,9,1,2,3,4,5,6,7,8,9,1,2,3,4,5,6,7,8,9,1,2,3,4,5,6,7,8,9,1,2,3,4,5,6,7,8,9,1,2,3,4,5,6,7,8,9,1,2,3,4,5,6,7,8,9,1,2,3,4,5,6,7,8,9,1,2,3,4,5,6,7,8,9,10,11,12,13,14,15,16,17,18,10,11,12,13,14,15,16,17,18,10,11,12,13,14,15,16,17,18,10,11,12,13,14,15,16,17,18,10,11,12,13,14,15,16,17,18,10,11,12,13,14,15,16,17,18,10,11,12,13,14,15,16,17,18,10,11,12,13,14,15,16,17,18,10,11,12,13,14,15,16,17,18,19,20,21,22,23,24,25,26,27,19,20,21,22,23,24,25,26,27,19,20,21,22,23,24,25,26,27,19,20,21,22,23,24,25,26,27,19,20,21,22,23,24,25,26,27,19,20,21,22,23,24,25,26,27,19,20,21,22,23,24,25,26,27,19,20,21,22,23,24,25,26,27,19,20,21,22,23,24,25,26,27,28,29,30,31,32,33,34,35,36,28,29,30,31,32,33,34,35,36,28,29,30,31,32,33,34,35,36,28,29,30,31,32,33,34,35,36,28,29,30,31,32,33,34,35,36,28,29,30,31,32,33,34,35,36,28,29,30,31,32,33,34,35,36,28,29,30,31,32,33,34,35,36,28,29,30,31,32,33,34,35,36],"idx_entry":[1,2,3,4,5,6,7,8,9,3,4,3,4,7,8,7,8,9,1,2,3,4,5,6,7,8,9,5,6,7,8,5,6,7,8,9,10,11,12,13,14,15,16,17,18,12,13,12,13,16,17,16,17,18,10,11,12,13,14,15,16,17,18,14,15,16,17,14,15,16,17,18,19,20,21,22,23,24,25,26,27,21,22,21,22,25,26,25,26,27,19,20,21,22,23,24,25,26,27,23,24,25,26,23,24,25,26,27,28,29,30,31,32,33,34,35,36,30,31,30,31,34,35,34,35,36,28,29,30,31,32,33,34,35,36,32,33,34,35,32,33,34,35,36],"idx_exit":[1,2,10,10,5,6,14,14,15,1,2,1,2,5,6,5,6,6,1,2,3,4,1,1,3,3,13,1,2,3,4,1,2,3,4,4,10,11,1,1,14,15,5,5,6,10,11,10,11,14,15,14,15,15,10,11,12,13,10,10,12,12,4,10,11,12,13,10,11,12,13,13,19,20,19,19,23,24,23,23,33,19,20,19,20,23,24,23,24,24,19,20,21,22,28,28,30,30,31,19,20,21,22,19,20,21,22,22,28,29,28,28,32,33,32,32,24,28,29,28,29,32,33,32,33,33,28,29,30,31,19,19,21,21,22,28,29,30,31,28,29,30,31,31],"idx_merger":[2,2,4,4,6,6,8,8,9,1,2,3,4,5,6,17,9,9,1,2,3,4,6,6,8,8,9,1,2,13,4,5,6,17,8,9,11,11,13,13,15,15,17,17,18,10,11,12,13,14,15,8,18,18,10,11,12,13,15,15,17,17,18,10,11,4,13,14,15,8,17,18,20,20,22,22,24,24,26,26,27,19,20,21,22,23,24,35,27,27,19,20,21,22,33,24,35,26,27,19,20,22,22,23,24,26,26,27,29,29,31,31,33,33,35,35,36,28,29,30,31,32,33,26,36,36,28,29,30,31,24,33,26,35,36,28,29,31,31,32,33,35,35,36]}