{"policy":"nolearning","smax":[5,1],"alpha":0.1,"beta":0.95,"gamma":1.0,"sigma":7.0,"v0":1.0,"accuracy":1.0e-8,"cost_entry":[0,10],"value_exit":[0,1],"cost_merger":[0,10],"entry":true,"exit":true,"mergers":true,"filename":"nolearning_a1s70v10","verbose":true,"firms":[1,2,3,4],"rival":[2,1,4,3],"partner":[3,4,1,2],"merger_pairs":[1,2,1,2,3,4,4,3],"outcomes":[1,0,1,0,1,0,0,0,0,0,1,0,1,0,1,0,0,0,1,0,0,1,0,0,1,0,0,0,1,1,0,0,0,0,1,0,0,0,0,0,1,1,1,1,2],"ownership":[0,3,0,3,0,0,4,4,0,1,0,1,0,0,2,2],"S":[1,1,1,1,1,1,1,1,1,0,0,1,1,0,0,1,1,1,1,1,1,1,1,1,1,1,1,0,0,0,0,1,1,1,1,1,0,1,0,1,0,1,0,1,3],"ms":9,"scale":[1.148698354997035,1.148698354997035,1.148698354997035,1.148698354997035,1.148698354997035,1.148698354997035,1.148698354997035,1.148698354997035,1.148698354997035,0.0,0.0,1.148698354997035,1.148698354997035,0.0,0.0,1.148698354997035,1.148698354997035,1.148698354997035,1.0,1.0,1.0,1.0,1.0,1.0,1.0,1.0,1.0,0.0,0.0,0.0,0.0,1.0,1.0,1.0,1.0,1.0],"D":[0.8428073835055597,0.9205762139571654,0.4994072468944218,0.8456809811267171,0.8428073835067167,0.8638906158520281,0.4994072468755012,0.6256457552841478,0.4999994598899022,0.0,0.0,0.4994072523873444,0.1541571006098156,0.0,0.0,0.49940725240625533,0.3737599873641232,0.49999945522763495,0.8180714760159646,0.9205762139571654,0.8180714760161649,0.8456809811267171,0.4983322602857948,0.8638906158520281,0.49833226030492606,0.6256457552841478,0.4999994598899022,0.0,0.0,0.0,0.0,0.4983322541600754,0.1357157802984202,0.4983322541407892,0.3726809278659772,0.49999945522763495],"Q":[0.6894766802215464,0.9205762139571654,0.40855082360008893,0.8456809811267171,0.41999810840845886,0.8638906158520281,0.2488707421481286,0.6256457552841478,0.4999994598899022,0.0,0.0,0.0,0.0,0.0,0.0,0.24887074182586716,0.37208932677059847,0.49999945522763495,0.0,0.0,0.0,0.0,0.41999810324565734,0.0,0.2488707390697142,0.0,0.0,0.0,0.0,0.40855082809369225,0.0,0.0,0.0,0.24887074490428202,0.0,0.0,0.15333070328401333,0.0,0.09085642329433287,0.0,0.0028111718526005356,0.0,0.0016657656576583918,0.0,0.0,0.0,0.0,0.09085642429365218,0.1541571006098156,0.0,0.0,0.0016657656761061436,0.0016706605935247003,0.0,0.12859479579441827,0.0,0.0009698243223837379,0.0,0.07833415187733594,0.0,0.0005907732525154431,0.0,0.0,0.0,0.0,0.0,0.0,0.07833415091441809,0.1357157802984202,0.0005907732452078545,0.0005916010953787014,0.0,0.028597820700022068,0.0794237860428346,0.00021567639585004923,0.000161918263467339,0.0005243137015292022,0.00039360384955169437,3.9542205202957975e-6,2.656256350359099e-6,1.0848824628722888e-6],"P":[-0.23989521893568497,-0.2493635987690448,-0.8633223795101006,-0.6858353071554384,-0.2398952189369327,-0.6239103555165901,-0.8633223795035064,-0.9578935960249129,-1.0058413664420258,-0.0,-0.0,-0.8633223810813697,-0.979805119119252,-0.0,-0.0,-0.8633223810855977,-0.9205795211098986,-1.005841365775987,-0.2147622610286423,-0.1006652437720097,-0.21476226102883458,-0.5371369521584033,-0.7152355402385165,-0.47521200051955503,-0.7152355402373584,-0.8091952410278778,-0.8571430114449907,-0.0,-0.0,-0.0,-0.0,-0.7152355384824536,-0.834710454527232,-0.7152355384702823,-0.7722735482823833,-0.857143010778952],"PI":[0.7659459932255137,0.8279061849684536,0.14251883024773995,0.3914344764259841,0.7659459932255136,0.4533594280629154,0.14251883024563364,0.11937618753892319,0.07142841711900258,0.0,0.0,0.1425188310305849,0.02603609155552872,0.0,0.0,0.14251883103387017,0.08526169247117465,0.07142841678598415,0.6423805961437373,0.8279061849684536,0.6423805961437373,0.3914344764259841,0.1419073168820033,0.4533594280629154,0.14190731688802838,0.11937618753892319,0.07142841711900258,0.0,0.0,0.0,0.0,0.14190731601271897,0.022432399639007915,0.14190731601329226,0.08486930532574806,0.07142841678598409],"CS":[0.5077749661942246,0.4029484936736809,1.2059616344308366,1.2880144241439988,1.0790600551046277,1.1611210978458153,1.7772467233322065,1.875182126572128,2.0610265837928265],"V":[9.28407964096304,11.207962950180445,2.5839069331128393,5.399919860237328,8.333130122317185,6.077974617844893,2.8503700326708725,2.3875189661724163,1.4285672614629046,0.0,0.0,2.5839069426181815,1.0494485089265415,0.0,0.0,2.850370048435544,1.705231699965577,1.4285672548025652,8.18898027464991,11.20796237587591,7.210532047855288,5.3999192859327865,2.5189452977787887,6.0779740435403555,2.8381392384501143,2.3875183918678764,1.4285666871583649,0.0,0.0,0.0,0.0,2.5189452878255234,1.007466676973709,2.838139220955459,1.6973834130621508,1.4285666804980257],"pr_entry":[0.0,0.0,0.0,0.0,0.0,0.0,0.0,0.0,0.0,0.06459766492296484,0.026236208525901722,0.0,0.0,0.07125924256320192,0.04263078967090532,0.0,0.0,0.0,0.0,0.0,0.0,0.0,0.0,0.0,0.0,0.0,0.0,0.06297362376081872,0.02518666223626484,0.07095347118268859,0.04243458178253691,0.0,0.0,0.0,0.0,0.0],"pr_exit":[0.0,0.0,0.0,0.25,0.0,0.0,0.0,0.25,0.0,0.0,0.0,0.0,0.0,0.0,0.0,0.0,0.0,0.0,0.0,0.0,0.0,0.0,0.0,0.25,0.0,0.25,0.0,0.0,0.0,0.0,0.0,0.0,0.0,0.0,0.0,0.0],"pr_merger":[0.13231644228882095,0.0,0.026026757248868417,0.0,0.03392927478867399,0.0,0.0,0.0,0.0,0.0,0.0,0.0,0.0,0.0,0.0,0.0,0.0,0.0,0.0,0.0,0.0,0.0,0.033929275050940434,0.0,0.0,0.0,0.0,0.0,0.0,0.02602675700013186,0.0,0.0,0.0,0.0,0.0,0.0],"active_firms":[true,true,true,true,true,true,true,true,true,false,false,true,true,false,false,true,true,true,true,true,true,true,true,true,true,true,true,false,false,false,false,true,true,true,true,true,true,true,true,true,true,true,true,true,true],"active_outcomes":[1.0,1.0,1.0,1.0,1.0,1.0,1.0,1.0,1.0,0.0,0.0,0.0,0.0,0.0,0.0,1.0,1.0,1.0,0.0,0.0,0.0,0.0,1.0,0.0,1.0,0.0,0.0,0.0,0.0,1.0,0.0,0.0,0.0,1.0,0.0,0.0,1.0,0.0,1.0,0.0,1.0,0.0,1.0,0.0,0.0,0.0,0.0,1.0,1.0,0.0,0.0,1.0,1.0,0.0,1.0,0.0,1.0,0.0,1.0,0.0,1.0,0.0,0.0,0.0,0.0,0.0,0.0,1.0,1.0,1.0,1.0,0.0,1.0,1.0,1.0,1.0,1.0,1.0,1.0,1.0,1.0],"markets":[1,2,3,4,3,4,7,8,9],"marketnames":["20","21","30","31","40","41","43"],"idx_up":[1,2,3,4,5,6,7,8,9,1,2,3,4,5,6,7,8,9,1,2,3,4,5,6,7,8,9,1,2,3,4,5,6,7,8,9,1,2,3,4,5,6,7,8,9,1,2,3,4,5,6,7,8,9,1,2,3,4,5,6,7,8,9,1,2,3,4,5,6,7,8,9,1,2,3,4,5,6,7,8,9,10,11,12,13,14,15,16,17,18,10,11,12,13,14,15,16,17,18,10,11,12,13,14,15,16,17,18,10,11,12,13,14,15,16,17,18,10,11,12,13,14,15,16,17,18,10,11,12,13,14,15,16,17,18,10,11,12,13,14,15,16,17,18,10,11,12,13,14,15,16,17,18,10,11,12,13,14,15,16,17,18,19,20,21,22,23,24,25,26,27,19,20,21,22,23,24,25,26,27,19,20,21,22,23,24,25,26,27,19,20,21,22,23,24,25,26,27,19,20,21,22,23,24,25,26,27,19,20,21,22,23,24,25,26,27,19,20,21,22,23,24,25,26,27,19,20,21,22,23,24,25,26,27,19,20,21,22,23,24,25,26,27,28,29,30,31,32,33,34,35,36,28,29,30,31,32,33,34,35,36,28,29,30,31,32,33,34,35,36,28,29,30,31,32,33,34,35,36,28,29,30,31,32,33,34,35,36,28,29,30,31,32,33,34,35,36,28,29,30,31,32,33,34,35,36,28,29,30,31,32,33,34,35,36,28,29,30,31,32,33,34,35,36],"idx_entry":[1,2,3,4,5,6,7,8,9,3,4,3,4,7,8,7,8,9,1,2,3,4,5,6,7,8,9,5,6,7,8,5,6,7,8,9,10,11,12,13,14,15,16,17,18,12,13,12,13,16,17,16,17,18,10,11,12,13,14,15,16,17,18,14,15,16,17,14,15,16,17,18,19,20,21,22,23,24,25,26,27,21,22,21,22,25,26,25,26,27,19,20,21,22,23,24,25,26,27,23,24,25,26,23,24,25,26,27,28,29,30,31,32,33,34,35,36,30,31,30,31,34,35,34,35,36,28,29,30,31,32,33,34,35,36,32,33,34,35,32,33,34,35,36],"idx_exit":[1,2,10,4,5,6,14,8,11,1,2,1,2,5,6,5,6,2,1,2,3,4,1,6,3,8,11,1,2,3,4,1,2,3,4,2,10,11,1,13,14,15,5,17,2,10,11,10,11,14,15,14,15,11,10,11,12,13,10,15,12,17,2,10,11,12,13,10,11,12,13,11,19,20,19,22,23,24,23,26,29,19,20,19,20,23,24,23,24,20,19,20,21,22,28,24,30,26,29,19,20,21,22,19,20,21,22,20,28,29,28,31,32,33,32,35,20,28,29,28,29,32,33,32,33,29,28,29,30,31,19,33,21,35,20,28,29,30,31,28,29,30,31,29],"idx_merger":[2,2,4,4,6,6,8,8,9,1,2,3,4,5,6,17,9,9,1,2,3,4,6,6,8,8,9,1,2,13,4,5,6,17,8,9,11,11,13,13,15,15,17,17,18,10,11,12,13,14,15,8,18,18,10,11,12,13,15,15,17,17,18,10,11,4,13,14,15,8,17,18,20,20,22,22,24,24,26,26,27,19,20,21,22,23,24,35,27,27,19,20,21,22,33,24,35,26,27,19,20,22,22,23,24,26,26,27,29,29,31,31,33,33,35,35,36,28,29,30,31,32,33,26,36,36,28,29,30,31,24,33,26,35,36,28,29,31,31,32,33,35,35,36]}