{"policy":"nolearning","smax":[5,1],"alpha":0.9,"beta":0.95,"gamma":1.0,"sigma":8.0,"v0":1.0,"accuracy":1.0e-8,"cost_entry":[0,10],"value_exit":[0,1],"cost_merger":[0,10],"entry":true,"exit":true,"mergers":true,"filename":"nolearning_a9s80v10","verbose":true,"firms":[1,2,3,4],"rival":[2,1,4,3],"partner":[3,4,1,2],"merger_pairs":[1,2,1,2,3,4,4,3],"outcomes":[1,0,1,0,1,0,0,0,0,0,1,0,1,0,1,0,0,0,1,0,0,1,0,0,1,0,0,0,1,1,0,0,0,0,1,0,0,0,0,0,1,1,1,1,2],"ownership":[0,3,0,3,0,0,4,4,0,1,0,1,0,0,2,2],"S":[1,1,1,1,1,1,1,1,1,0,0,1,1,0,0,1,1,1,1,1,1,1,1,1,1,1,1,0,0,0,0,1,1,1,1,1,0,1,0,1,0,1,0,1,3],"ms":9,"scale":[3.4822022531844965,3.4822022531844965,3.4822022531844965,3.4822022531844965,3.4822022531844965,3.4822022531844965,3.4822022531844965,3.4822022531844965,3.4822022531844965,0.0,0.0,3.4822022531844965,3.4822022531844965,0.0,0.0,3.4822022531844965,3.4822022531844965,3.4822022531844965,1.0,1.0,1.0,1.0,1.0,1.0,1.0,1.0,1.0,0.0,0.0,0.0,0.0,1.0,1.0,1.0,1.0,1.0],"D":[0.9595018092882563,0.9691457791914275,0.49999999764938946,0.8633013186130758,0.9595018092918434,0.9610754136103814,0.4999999976490022,0.6261676992757549,0.4999999981634295,0.0,0.0,0.5000000023476651,0.1366986813865771,0.0,0.0,0.5000000023480522,0.3738323007227733,0.5000000018365696,0.8419516643642089,0.9691457791914275,0.8419516643612063,0.8633013186130758,0.4993825991451281,0.9610754136103814,0.49938259914305866,0.6261676992757549,0.4999999981634295,0.0,0.0,0.0,0.0,0.499382604565145,0.038887661219953615,0.49938260456722083,0.3732150018142087,0.5000000018365696],"Q":[0.8078541452907172,0.9691457791914275,0.42097583020150275,0.8633013186130758,0.47915850740861377,0.9610754136103814,0.24969129839748197,0.6261676992757549,0.4999999981634295,0.0,0.0,0.0,0.0,0.0,0.0,0.2496913034561869,0.37321500181273937,0.5000000018365696,0.0,0.0,0.0,0.0,0.4791585126091298,0.0,0.24969130110956306,0.0,0.0,0.0,0.0,0.42097583415722367,0.0,0.0,0.0,0.2496913007441058,0.0,0.0,0.15164766399753918,0.0,0.07902416744788672,0.0,0.0011847892740997749,0.0,0.0006173981419571922,0.0,0.0,0.0,0.0,0.07902416819044135,0.1366986813865771,0.0,0.0,0.0006173981477595618,0.0006172989100339458,0.0,0.034097519073491636,0.0,2.479912447017716e-12,0.0,0.020224091736514373,0.0,1.4708981238029144e-12,0.0,0.0,0.0,0.0,0.0,0.0,0.020224091956015232,0.038887661219953615,1.4708981397794206e-12,1.4693480470350023e-12,0.0,0.0064006716382519245,0.03085422080857233,4.655208266361099e-13,3.470699638987502e-13,5.000701562708257e-5,3.692516966501503e-5,3.637010077934684e-15,2.430306776227378e-15,9.880827799008305e-16],"P":[-0.39564461272160956,-1.4565474694279334,-3.23220225032515,-3.0249922837101972,-0.39564461273314794,-1.8765332975742521,-3.2322022503247796,-3.3150149920062537,-3.3572022522233067,-0.0,-0.0,-3.232202251499719,-3.3374092286102526,-0.0,-0.0,-3.232202251499542,-3.282575213237545,-3.357202252682449,-0.20910271235792122,1.025654783756563,-0.209102712355101,-0.5427900305257007,-0.7503083156039565,0.6056689556102444,-0.7503083156040932,-0.8328127388217572,-0.8749999990388102,-0.0,-0.0,-0.0,-0.0,-0.7503083169606358,-0.869942357967448,-0.7503083169618101,-0.8005695726539446,-0.8749999994979527],"PI":[2.9615576404966317,1.963154783776597,0.12500000084202062,0.3947099695302067,2.9615576404966317,1.5431689556344648,0.125000000842109,0.10468726268019501,0.06250000025102358,0.0,0.0,0.1250000014293051,0.0197930155332734,0.0,0.0,0.12500000142949025,0.07462703562984586,0.06250000048059484,0.6658972876713867,1.963154783776597,0.6658972876713863,0.3947099695302067,0.12469168233862123,1.5431689556344648,0.12469168233803625,0.10468726268019501,0.06250000025102358,0.0,0.0,0.0,0.0,0.12469168301445233,0.005057637522427882,0.12469168301438423,0.07443042730376649,0.06250000048059484],"CS":[0.6314190438307287,0.4707704741634383,3.5494524448546927,3.6221165103338455,1.23791840622967,1.3117874008942907,4.1559518072453185,4.242305121577153,4.405489046861246],"V":[35.6863754656283,30.49618014149356,2.836882244986287,12.655406047855863,37.91194571785361,24.293528674544973,2.499998335960884,2.093746289983313,1.2500000014380246,0.0,0.0,2.8368822473415447,0.8501134687911077,0.0,0.0,2.499998347708465,1.4925406650919875,1.2500000060294494,14.953592770547631,30.49618014149356,15.297557968105084,12.655406047855863,2.8776297299345526,24.293528674544973,2.493831968697284,2.093746289983313,1.2500000014380246,0.0,0.0,0.0,0.0,2.8776297323950053,0.676735540971762,2.4938319822241914,1.4886084967674194,1.2500000060294494],"pr_entry":[0.0,0.0,0.0,0.0,0.0,0.0,0.0,0.0,0.0,0.0709220566325657,0.02125283662927226,0.0,0.0,0.06249995648102567,0.03731351656479319,0.0,0.0,0.0,0.0,0.0,0.0,0.0,0.0,0.0,0.0,0.0,0.0,0.07194074264012365,0.016918388425414873,0.06234579734762653,0.03721521235430666,0.0,0.0,0.0,0.0,0.0],"pr_exit":[0.0,0.0,0.0,0.25,0.0,0.0,0.0,0.25,0.0,0.0,0.0,0.0,0.03747163370727741,0.0,0.0,0.0,0.0,0.0,0.0,0.0,0.0,0.0,0.0,0.25,0.0,0.25,0.0,0.0,0.0,0.0,0.0,0.0,0.08081611574585126,0.0,0.0,0.0],"pr_merger":[0.25,0.0,0.212420311919926,0.0,0.23357875819139046,0.0,0.0,0.0,0.0,0.0,0.0,0.0,0.0,0.0,0.0,0.0,0.0,0.0,0.0,0.0,0.0,0.0,0.2335787581125878,0.0,0.0,0.0,0.0,0.0,0.0,0.2124203118464052,0.0,0.0,0.0,0.0,0.0,0.0],"active_firms":[true,true,true,true,true,true,true,true,true,false,false,true,true,false,false,true,true,true,true,true,true,true,true,true,true,true,true,false,false,false,false,true,true,true,true,true,true,true,true,true,true,true,true,true,true],"active_outcomes":[1.0,1.0,1.0,1.0,1.0,1.0,1.0,1.0,1.0,0.0,0.0,0.0,0.0,0.0,0.0,1.0,1.0,1.0,0.0,0.0,0.0,0.0,1.0,0.0,1.0,0.0,0.0,0.0,0.0,1.0,0.0,0.0,0.0,1.0,0.0,0.0,1.0,0.0,1.0,0.0,1.0,0.0,1.0,0.0,0.0,0.0,0.0,1.0,1.0,0.0,0.0,1.0,1.0,0.0,1.0,0.0,1.0,0.0,1.0,0.0,1.0,0.0,0.0,0.0,0.0,0.0,0.0,1.0,1.0,1.0,1.0,0.0,1.0,1.0,1.0,1.0,1.0,1.0,1.0,1.0,1.0],"markets":[1,2,3,4,3,4,7,8,9],"marketnames":["20","21","30","31","40","41","43"],"idx_up":[1,2,3,4,5,6,7,8,9,1,2,3,4,5,6,7,8,9,1,2,3,4,5,6,7,8,9,1,2,3,4,5,6,7,8,9,1,2,3,4,5,6,7,8,9,1,2,3,4,5,6,7,8,9,1,2,3,4,5,6,7,8,9,1,2,3,4,5,6,7,8,9,1,2,3,4,5,6,7,8,9,10,11,12,13,14,15,16,17,18,10,11,12,13,14,15,16,17,18,10,11,12,13,14,15,16,17,18,10,11,12,13,14,15,16,17,18,10,11,12,13,14,15,16,17,18,10,11,12,13,14,15,16,17,18,10,11,12,13,14,15,16,17,18,10,11,12,13,14,15,16,17,18,10,11,12,13,14,15,16,17,18,19,20,21,22,23,24,25,26,27,19,20,21,22,23,24,25,26,27,19,20,21,22,23,24,25,26,27,19,20,21,22,23,24,25,26,27,19,20,21,22,23,24,25,26,27,19,20,21,22,23,24,25,26,27,19,20,21,22,23,24,25,26,27,19,20,21,22,23,24,25,26,27,19,20,21,22,23,24,25,26,27,28,29,30,31,32,33,34,35,36,28,29,30,31,32,33,34,35,36,28,29,30,31,32,33,34,35,36,28,29,30,31,32,33,34,35,36,28,29,30,31,32,33,34,35,36,28,29,30,31,32,33,34,35,36,28,29,30,31,32,33,34,35,36,28,29,30,31,32,33,34,35,36,28,29,30,31,32,33,34,35,36],"idx_entry":[1,2,3,4,5,6,7,8,9,3,4,3,4,7,8,7,8,9,1,2,3,4,5,6,7,8,9,5,6,7,8,5,6,7,8,9,10,11,12,13,14,15,16,17,18,12,13,12,13,16,17,16,17,18,10,11,12,13,14,15,16,17,18,14,15,16,17,14,15,16,17,18,19,20,21,22,23,24,25,26,27,21,22,21,22,25,26,25,26,27,19,20,21,22,23,24,25,26,27,23,24,25,26,23,24,25,26,27,28,29,30,31,32,33,34,35,36,30,31,30,31,34,35,34,35,36,28,29,30,31,32,33,34,35,36,32,33,34,35,32,33,34,35,36],"idx_exit":[1,2,10,4,5,6,14,8,11,1,2,1,2,5,6,5,6,2,1,2,3,4,1,6,3,8,11,1,2,3,4,1,2,3,4,2,10,11,1,13,14,15,5,17,2,10,11,10,11,14,15,14,15,11,10,11,12,13,10,15,12,17,2,10,11,12,13,10,11,12,13,11,19,20,19,22,23,24,23,26,29,19,20,19,20,23,24,23,24,20,19,20,21,22,28,24,30,26,29,19,20,21,22,19,20,21,22,20,28,29,28,31,32,33,32,35,20,28,29,28,29,32,33,32,33,29,28,29,30,31,19,33,21,35,20,28,29,30,31,28,29,30,31,29],"idx_merger":[2,2,4,4,6,6,8,8,9,1,2,3,4,5,6,17,9,9,1,2,3,4,6,6,8,8,9,1,2,13,4,5,6,17,8,9,11,11,13,13,15,15,17,17,18,10,11,12,13,14,15,8,18,18,10,11,12,13,15,15,17,17,18,10,11,4,13,14,15,8,17,18,20,20,22,22,24,24,26,26,27,19,20,21,22,23,24,35,27,27,19,20,21,22,33,24,35,26,27,19,20,22,22,23,24,26,26,27,29,29,31,31,33,33,35,35,36,28,29,30,31,32,33,26,36,36,28,29,30,31,24,33,26,35,36,28,29,31,31,32,33,35,35,36]}