{"policy":"nolearning","smax":[5,1],"alpha":0.3,"beta":0.95,"gamma":1.0,"sigma":1.0,"v0":1.0,"accuracy":1.0e-8,"cost_entry":[0,10],"value_exit":[0,1],"cost_merger":[0,10],"entry":true,"exit":true,"mergers":true,"filename":"nolearning_a3s10v10","verbose":true,"firms":[1,2,3,4],"rival":[2,1,4,3],"partner":[3,4,1,2],"merger_pairs":[1,2,1,2,3,4,4,3],"outcomes":[1,0,1,0,1,0,0,0,0,0,1,0,1,0,1,0,0,0,1,0,0,1,0,0,1,0,0,0,1,1,0,0,0,0,1,0,0,0,0,0,1,1,1,1,2],"ownership":[0,3,0,3,0,0,4,4,0,1,0,1,0,0,2,2],"S":[1,1,1,1,1,1,1,1,1,0,0,1,1,0,0,1,1,1,1,1,1,1,1,1,1,1,1,0,0,0,0,1,1,1,1,1,0,1,0,1,0,1,0,1,3],"ms":9,"scale":[1.515716566510398,1.515716566510398,1.515716566510398,1.515716566510398,1.515716566510398,1.515716566510398,1.515716566510398,1.515716566510398,1.515716566510398,0.0,0.0,1.515716566510398,1.515716566510398,0.0,0.0,1.515716566510398,1.515716566510398,1.515716566510398,1.0,1.0,1.0,1.0,1.0,1.0,1.0,1.0,1.0,0.0,0.0,0.0,0.0,1.0,1.0,1.0,1.0,1.0],"D":[0.4360109466169362,0.5601980475639424,0.3347274243035525,0.4119415165402224,0.43601094662107004,0.4939959391792495,0.33472742429894864,0.35606216440533217,0.40985383979820605,0.0,0.0,0.3347274284145753,0.339544130303812,0.0,0.0,0.33472742842603287,0.3548708314369426,0.4098538427321863,0.36189625588962626,0.5601980475639424,0.36189625589877705,0.5025706549494898,0.2862537422436176,0.4939959391792495,0.28625374223907213,0.43162981449928756,0.40985383979820605,0.0,0.0,0.0,0.0,0.2862537502002735,0.21796979398911887,0.2862537501951795,0.23974431406107283,0.4098538427321863],"Q":[0.1577907291075609,0.5601980475639424,0.12113660160209694,0.4119415165402224,0.12480976512946351,0.4939959391792495,0.09581697783561977,0.35606216440533217,0.40985383979820605,0.0,0.0,0.0,0.0,0.0,0.0,0.09581698168014044,0.11781291724012494,0.4098538427321863,0.0,0.0,0.0,0.0,0.12480976859865257,0.0,0.0958169804987471,0.0,0.0,0.0,0.0,0.1211366030898607,0.09062913840926749,0.0,0.0,0.09581697901701307,0.07556765009395539,0.0,0.27822021750937526,0.0,0.21359082270145557,0.0,0.18639141289295397,0.0,0.14309346596458178,0.0,0.0,0.0,0.0,0.21359082532471463,0.2489149918945445,0.0,0.0,0.14309346772887935,0.16149026410286227,0.0,0.20410552678206537,0.0,0.1196230512068194,0.0,0.1614439771141541,0.0,0.09461978538643927,0.0,0.0,0.0,0.0,0.0,0.0,0.16144398160162093,0.21796979398911887,0.09461978801629195,0.1219313968209479,0.0,0.3598835266009985,0.43980195243605746,0.21092209607505294,0.24851435315596562,0.24110109466315488,0.2880342668316316,0.14130557387228726,0.1671356073367774,0.18029231746960758],"P":[0.2573674924609878,-0.3788412132993624,-0.012573288896441033,-1.5157164489042734,0.2573674924441767,-0.03944784175679676,-0.012573288903421789,-1.5157164056928585,-0.6684688273807022,-0.0,-0.0,-0.012573301178143948,-0.0016108371136388992,-0.0,-0.0,-0.012573301233108325,0.03436064623485773,-0.6684688309600029,0.5671432936370454,0.1368753532110356,0.5671432935974193,1.010335662823336,0.40105813391554596,-0.5,0.40105813395397416,0.7594165738564703,-0.15275226087030425,-0.0,-0.0,-0.0,-0.0,0.40105810611973186,0.2787229616065506,0.40105810616007637,0.31534693745594206,-0.15275226444960488],"PI":[0.7730840589835134,0.6368753531923895,0.5031432776749196,4.8446845328998155e-8,0.7730840589835133,0.7292707551656082,0.5031432776656627,5.726104119133168e-8,0.3472477391426546,0.0,0.0,0.503143279743353,0.5141057130760415,0.0,0.0,0.5031432797421773,0.5500771892783675,0.3472477401614726,0.567143290409784,0.6368753531923895,0.567143290409784,1.0103357107334408,0.40105813393418455,0.24699796958962475,0.4010581339388163,0.7594166494006404,0.3472477391426546,0.0,0.0,0.0,0.0,0.401058137125266,0.2787229805105358,0.4010581371296778,0.3153469492727077,0.3472477401614726],"CS":[1.0219748371008879,1.1091128339505385,1.5562664265963813,1.6799367483862955,1.422538953518488,1.532357896321499,1.956830542990497,2.0766318485463175,2.406322939948852],"V":[11.001778767844456,2.323833714162532,10.062854311106083,3.094755946276607e-6,11.00177876782533,2.5365968707153135,10.062854311067584,3.1388733415476812e-6,6.944947641661347,0.0,0.0,10.062854352602734,10.821484500204345,0.0,0.0,10.062854352597835,11.001531308658391,6.944947662037677,8.711729500821885,14.990640645682477,8.711729500827786,16.444230983740354,8.02115344367658,13.405988482977728,8.021153443692688,15.188314325798652,6.944946963328452,0.0,0.0,0.0,0.0,8.021153507494498,6.179544287691538,8.021153507509842,6.306932005125183,6.944946983704784],"pr_entry":[0.0,0.0,0.0,0.0,0.0,0.0,0.0,0.0,0.0,0.25,0.25,0.0,0.0,0.25,0.25,0.0,0.0,0.0,0.0,0.0,0.0,0.0,0.0,0.0,0.0,0.0,0.0,0.20052882553593648,0.15448859800764508,0.20052882553632015,0.15767329094348617,0.0,0.0,0.0,0.0,0.0],"pr_exit":[0.0,0.0,0.0,0.0,0.0,0.0,0.0,0.0,0.0,0.0,0.0,0.0,0.0,0.0,0.0,0.0,0.0,0.0,0.0,0.0,0.0,0.0,0.0,0.0,0.0,0.0,0.0,0.0,0.0,0.0,0.0,0.0,0.0,0.0,0.0,0.0],"pr_merger":[0.0,0.0,0.0,0.0,0.0,0.0,0.0,0.0,0.0,0.0,0.0,0.0,0.0,0.0,0.0,0.0,0.0,0.0,0.0,0.0,0.0,0.0,0.0,0.0,0.0,0.0,0.0,0.0,0.0,0.0,0.0,0.0,0.0,0.0,0.0,0.0],"active_firms":[true,true,true,true,true,true,true,true,true,false,false,true,true,false,false,true,true,true,true,true,true,true,true,true,true,true,true,false,false,false,false,true,true,true,true,true,true,true,true,true,true,true,true,true,true],"active_outcomes":[1.0,1.0,1.0,1.0,1.0,1.0,1.0,1.0,1.0,0.0,0.0,0.0,0.0,0.0,0.0,1.0,1.0,1.0,0.0,0.0,0.0,0.0,1.0,0.0,1.0,0.0,0.0,0.0,0.0,1.0,1.0,0.0,0.0,1.0,1.0,0.0,1.0,0.0,1.0,0.0,1.0,0.0,1.0,0.0,0.0,0.0,0.0,1.0,1.0,0.0,0.0,1.0,1.0,0.0,1.0,0.0,1.0,0.0,1.0,0.0,1.0,0.0,0.0,0.0,0.0,0.0,0.0,1.0,1.0,1.0,1.0,0.0,1.0,1.0,1.0,1.0,1.0,1.0,1.0,1.0,1.0],"markets":[1,2,3,4,3,4,7,8,9],"marketnames":["20","21","30","31","40","41","43"],"idx_up":[1,2,3,4,5,6,7,8,9,1,2,3,4,5,6,7,8,9,1,2,3,4,5,6,7,8,9,1,2,3,4,5,6,7,8,9,1,2,3,4,5,6,7,8,9,1,2,3,4,5,6,7,8,9,1,2,3,4,5,6,7,8,9,1,2,3,4,5,6,7,8,9,1,2,3,4,5,6,7,8,9,10,11,12,13,14,15,16,17,18,10,11,12,13,14,15,16,17,18,10,11,12,13,14,15,16,17,18,10,11,12,13,14,15,16,17,18,10,11,12,13,14,15,16,17,18,10,11,12,13,14,15,16,17,18,10,11,12,13,14,15,16,17,18,10,11,12,13,14,15,16,17,18,10,11,12,13,14,15,16,17,18,19,20,21,22,23,24,25,26,27,19,20,21,22,23,24,25,26,27,19,20,21,22,23,24,25,26,27,19,20,21,22,23,24,25,26,27,19,20,21,22,23,24,25,26,27,19,20,21,22,23,24,25,26,27,19,20,21,22,23,24,25,26,27,19,20,21,22,23,24,25,26,27,19,20,21,22,23,24,25,26,27,28,29,30,31,32,33,34,35,36,28,29,30,31,32,33,34,35,36,28,29,30,31,32,33,34,35,36,28,29,30,31,32,33,34,35,36,28,29,30,31,32,33,34,35,36,28,29,30,31,32,33,34,35,36,28,29,30,31,32,33,34,35,36,28,29,30,31,32,33,34,35,36,28,29,30,31,32,33,34,35,36],"idx_entry":[1,2,3,4,5,6,7,8,9,3,4,3,4,7,8,7,8,9,1,2,3,4,5,6,7,8,9,5,6,7,8,5,6,7,8,9,10,11,12,13,14,15,16,17,18,12,13,12,13,16,17,16,17,18,10,11,12,13,14,15,16,17,18,14,15,16,17,14,15,16,17,18,19,20,21,22,23,24,25,26,27,21,22,21,22,25,26,25,26,27,19,20,21,22,23,24,25,26,27,23,24,25,26,23,24,25,26,27,28,29,30,31,32,33,34,35,36,30,31,30,31,34,35,34,35,36,28,29,30,31,32,33,34,35,36,32,33,34,35,32,33,34,35,36],"idx_exit":[1,2,10,10,5,6,14,14,15,1,2,1,2,5,6,5,6,6,1,2,3,4,1,1,3,3,13,1,2,3,4,1,2,3,4,4,10,11,1,1,14,15,5,5,6,10,11,10,11,14,15,14,15,15,10,11,12,13,10,10,12,12,4,10,11,12,13,10,11,12,13,13,19,20,19,19,23,24,23,23,33,19,20,19,20,23,24,23,24,24,19,20,21,22,28,28,30,30,31,19,20,21,22,19,20,21,22,22,28,29,28,28,32,33,32,32,24,28,29,28,29,32,33,32,33,33,28,29,30,31,19,19,21,21,22,28,29,30,31,28,29,30,31,31],"idx_merger":[2,2,4,4,6,6,8,8,9,1,2,3,4,5,6,17,9,9,1,2,3,4,6,6,8,8,9,1,2,13,4,5,6,17,8,9,11,11,13,13,15,15,17,17,18,10,11,12,13,14,15,8,18,18,10,11,12,13,15,15,17,17,18,10,11,4,13,14,15,8,17,18,20,20,22,22,24,24,26,26,27,19,20,21,22,23,24,35,27,27,19,20,21,22,33,24,35,26,27,19,20,22,22,23,24,26,26,27,29,29,31,31,33,33,35,35,36,28,29,30,31,32,33,26,36,36,28,29,30,31,24,33,26,35,36,28,29,31,31,32,33,35,35,36]}