{"policy":"nolearning","smax":[5,1],"alpha":0.2,"beta":0.95,"gamma":1.0,"sigma":4.0,"v0":1.0,"accuracy":1.0e-8,"cost_entry":[0,10],"value_exit":[0,1],"cost_merger":[0,10],"entry":true,"exit":true,"mergers":true,"filename":"nolearning_a2s40v10","verbose":true,"firms":[1,2,3,4],"rival":[2,1,4,3],"partner":[3,4,1,2],"merger_pairs":[1,2,1,2,3,4,4,3],"outcomes":[1,0,1,0,1,0,0,0,0,0,1,0,1,0,1,0,0,0,1,0,0,1,0,0,1,0,0,0,1,1,0,0,0,0,1,0,0,0,0,0,1,1,1,1,2],"ownership":[0,3,0,3,0,0,4,4,0,1,0,1,0,0,2,2],"S":[1,1,1,1,1,1,1,1,1,0,0,1,1,0,0,1,1,1,1,1,1,1,1,1,1,1,1,0,0,0,0,1,1,1,1,1,0,1,0,1,0,1,0,1,3],"ms":9,"scale":[1.3195079107728942,1.3195079107728942,1.3195079107728942,1.3195079107728942,1.3195079107728942,1.3195079107728942,1.3195079107728942,1.3195079107728942,1.3195079107728942,0.0,0.0,1.3195079107728942,1.3195079107728942,0.0,0.0,1.3195079107728942,1.3195079107728942,1.3195079107728942,1.0,1.0,1.0,1.0,1.0,1.0,1.0,1.0,1.0,0.0,0.0,0.0,0.0,1.0,1.0,1.0,1.0,1.0],"D":[0.7581798774597037,0.8652073183600454,0.491062378521156,0.7587734322469003,0.7581798774659335,0.8019086058335101,0.4910623785481638,0.6134810641618779,0.49982754488159176,0.0,0.0,0.4910623752978788,0.23674867778577688,0.0,0.0,0.4910623752711659,0.37694483579204946,0.49982754040391614,0.6882734745225932,0.8652073183600454,0.6882734745302908,0.7587734322469003,0.4713768114423654,0.8019086058335101,0.47137681144308935,0.6134810641618779,0.49982754488159176,0.0,0.0,0.0,0.0,0.4713768064157846,0.18642003530169232,0.471376806416422,0.35575225106005154,0.49982754040391614],"Q":[0.5218350985723043,0.8652073183600454,0.33798520947586475,0.7587734322469003,0.357388413139655,0.8019086058335101,0.2314754182196928,0.6134810641618779,0.49982754488159176,0.0,0.0,0.0,0.0,0.0,0.0,0.23147541420658477,0.34694024386594363,0.49982754040391614,0.0,0.0,0.0,0.0,0.3573884093286026,0.0,0.23147541575128558,0.0,0.0,0.0,0.0,0.3379852072573686,0.0,0.0,0.0,0.231475416674992,0.0,0.0,0.23634477888739952,0.0,0.1530771690452912,0.0,0.04340305499767594,0.0,0.028111544577185482,0.0,0.0,0.0,0.0,0.1530771680405102,0.23674867778577688,0.0,0.0,0.028111544389589193,0.030004591926105845,0.0,0.16643837595028899,0.0,0.012303057797057378,0.0,0.11398839830271035,0.0,0.008425976548404558,0.0,0.0,0.0,0.0,0.0,0.0,0.11398839708718202,0.18642003530169232,0.00842597645855164,0.008812007194107891,0.0,0.0753817465900073,0.13479268163995467,0.005572188383908044,0.004477889967322786,0.0138433271441742,0.011671358864797544,0.0010232931737139532,0.0007620928519646735,0.0003449147144920591],"P":[-0.2856816270894927,-0.39215786115139684,-0.828288575677369,-0.8013228652058124,-0.28568162709798733,-0.6884860507842983,-0.8282885756952485,-0.9961084899064171,-1.0695941085829241,-0.0,-0.0,-0.8282885740363977,-0.9919618002891943,-0.0,-0.0,-0.8282885740269278,-0.9182593279748755,-1.069594107463119,-0.19801499211457504,-0.07264995037850264,-0.1980149921235441,-0.4818149544329182,-0.5270733380131569,-0.36897814001140405,-0.5270733380194869,-0.6766005791335229,-0.7500861978100299,-0.0,-0.0,-0.0,-0.0,-0.5270733353472533,-0.6927161254057486,-0.5270733353535372,-0.6119505307714252,-0.7500861966902248],"PI":[0.7838262850777022,0.8023500496140707,0.24121933506758933,0.39318504556395106,0.7838262850777022,0.5060218599939234,0.24121933507207619,0.1983994208625014,0.12491380218063651,0.0,0.0,0.24121933429007256,0.07754610857088994,0.0,0.0,0.24121933428160097,0.15124858115459172,0.124913801621313,0.5519850078923307,0.8023500496140707,0.5519850078923308,0.39318504556395106,0.22292666197343938,0.5060218599939234,0.222926661970798,0.1983994208625014,0.12491380218063651,0.0,0.0,0.0,0.0,0.22292666085288046,0.05728387074950115,0.22292666085021984,0.13804947220072367,0.124913801621313],"CS":[0.6462975302354653,0.5729248612335703,1.2974918536518418,1.4240713513485665,1.069987989273396,1.184574867764369,1.7211823126872343,1.8667810572952166,2.166340139105935],"V":[8.37876852761477,9.240644260154589,4.824371702427491,5.653364802333339,8.142580048203993,6.492726058060698,4.824371702456266,3.967977083186157,2.498270999122775,0.0,0.0,4.8243716867011734,2.3872517503381463,0.0,0.0,4.824371686646828,3.0249643246297166,2.498270987936357,6.7876114820266835,9.24064289283357,6.569360008479337,5.65336343501232,4.299148273303097,6.492724690739678,4.458518438764602,3.967975715865139,2.498269631801756,0.0,0.0,0.0,0.0,4.2991482578923375,2.0981145629984788,4.458518416353131,2.760981907932256,2.498269620615339],"pr_entry":[0.0,0.0,0.0,0.0,0.0,0.0,0.0,0.0,0.0,0.12060927243202255,0.059681281864875625,0.0,0.0,0.12060927243066386,0.0756240985125033,0.0,0.0,0.0,0.0,0.0,0.0,0.0,0.0,0.0,0.0,0.0,0.0,0.10747868259989354,0.0524528520546641,0.11146294093428717,0.06902453778240876,0.0,0.0,0.0,0.0,0.0],"pr_exit":[0.0,0.0,0.0,0.25,0.0,0.0,0.0,0.25,0.0,0.0,0.0,0.0,0.0,0.0,0.0,0.0,0.0,0.0,0.0,0.0,0.0,0.0,0.0,0.25,0.0,0.25,0.0,0.0,0.0,0.0,0.0,0.0,0.0,0.0,0.0,0.0],"pr_merger":[0.0836576810948926,0.0,0.0,0.0,0.013571109842628038,0.0,0.0,0.0,0.0,0.0,0.0,0.0,0.0,0.0,0.0,0.0,0.0,0.0,0.0,0.0,0.0,0.0,0.013571110249005657,0.0,0.0,0.0,0.0,0.0,0.0,0.0,0.0,0.0,0.0,0.0,0.0,0.0],"active_firms":[true,true,true,true,true,true,true,true,true,false,false,true,true,false,false,true,true,true,true,true,true,true,true,true,true,true,true,false,false,false,false,true,true,true,true,true,true,true,true,true,true,true,true,true,true],"active_outcomes":[1.0,1.0,1.0,1.0,1.0,1.0,1.0,1.0,1.0,0.0,0.0,0.0,0.0,0.0,0.0,1.0,1.0,1.0,0.0,0.0,0.0,0.0,1.0,0.0,1.0,0.0,0.0,0.0,0.0,1.0,0.0,0.0,0.0,1.0,0.0,0.0,1.0,0.0,1.0,0.0,1.0,0.0,1.0,0.0,0.0,0.0,0.0,1.0,1.0,0.0,0.0,1.0,1.0,0.0,1.0,0.0,1.0,0.0,1.0,0.0,1.0,0.0,0.0,0.0,0.0,0.0,0.0,1.0,1.0,1.0,1.0,0.0,1.0,1.0,1.0,1.0,1.0,1.0,1.0,1.0,1.0],"markets":[1,2,3,4,3,4,7,8,9],"marketnames":["20","21","30","31","40","41","43"],"idx_up":[1,2,3,4,5,6,7,8,9,1,2,3,4,5,6,7,8,9,1,2,3,4,5,6,7,8,9,1,2,3,4,5,6,7,8,9,1,2,3,4,5,6,7,8,9,1,2,3,4,5,6,7,8,9,1,2,3,4,5,6,7,8,9,1,2,3,4,5,6,7,8,9,1,2,3,4,5,6,7,8,9,10,11,12,13,14,15,16,17,18,10,11,12,13,14,15,16,17,18,10,11,12,13,14,15,16,17,18,10,11,12,13,14,15,16,17,18,10,11,12,13,14,15,16,17,18,10,11,12,13,14,15,16,17,18,10,11,12,13,14,15,16,17,18,10,11,12,13,14,15,16,17,18,10,11,12,13,14,15,16,17,18,19,20,21,22,23,24,25,26,27,19,20,21,22,23,24,25,26,27,19,20,21,22,23,24,25,26,27,19,20,21,22,23,24,25,26,27,19,20,21,22,23,24,25,26,27,19,20,21,22,23,24,25,26,27,19,20,21,22,23,24,25,26,27,19,20,21,22,23,24,25,26,27,19,20,21,22,23,24,25,26,27,28,29,30,31,32,33,34,35,36,28,29,30,31,32,33,34,35,36,28,29,30,31,32,33,34,35,36,28,29,30,31,32,33,34,35,36,28,29,30,31,32,33,34,35,36,28,29,30,31,32,33,34,35,36,28,29,30,31,32,33,34,35,36,28,29,30,31,32,33,34,35,36,28,29,30,31,32,33,34,35,36],"idx_entry":[1,2,3,4,5,6,7,8,9,3,4,3,4,7,8,7,8,9,1,2,3,4,5,6,7,8,9,5,6,7,8,5,6,7,8,9,10,11,12,13,14,15,16,17,18,12,13,12,13,16,17,16,17,18,10,11,12,13,14,15,16,17,18,14,15,16,17,14,15,16,17,18,19,20,21,22,23,24,25,26,27,21,22,21,22,25,26,25,26,27,19,20,21,22,23,24,25,26,27,23,24,25,26,23,24,25,26,27,28,29,30,31,32,33,34,35,36,30,31,30,31,34,35,34,35,36,28,29,30,31,32,33,34,35,36,32,33,34,35,32,33,34,35,36],"idx_exit":[1,2,10,4,5,6,14,8,11,1,2,1,2,5,6,5,6,2,1,2,3,4,1,6,3,8,11,1,2,3,4,1,2,3,4,2,10,11,1,13,14,15,5,17,2,10,11,10,11,14,15,14,15,11,10,11,12,13,10,15,12,17,2,10,11,12,13,10,11,12,13,11,19,20,19,22,23,24,23,26,29,19,20,19,20,23,24,23,24,20,19,20,21,22,28,24,30,26,29,19,20,21,22,19,20,21,22,20,28,29,28,31,32,33,32,35,20,28,29,28,29,32,33,32,33,29,28,29,30,31,19,33,21,35,20,28,29,30,31,28,29,30,31,29],"idx_merger":[2,2,4,4,6,6,8,8,9,1,2,3,4,5,6,17,9,9,1,2,3,4,6,6,8,8,9,1,2,13,4,5,6,17,8,9,11,11,13,13,15,15,17,17,18,10,11,12,13,14,15,8,18,18,10,11,12,13,15,15,17,17,18,10,11,4,13,14,15,8,17,18,20,20,22,22,24,24,26,26,27,19,20,21,22,23,24,35,27,27,19,20,21,22,33,24,35,26,27,19,20,22,22,23,24,26,26,27,29,29,31,31,33,33,35,35,36,28,29,30,31,32,33,26,36,36,28,29,30,31,24,33,26,35,36,28,29,31,31,32,33,35,35,36]}