{"policy":"nolearning","smax":[5,1],"alpha":0.9,"beta":0.95,"gamma":1.0,"sigma":5.0,"v0":1.0,"accuracy":1.0e-8,"cost_entry":[0,10],"value_exit":[0,1],"cost_merger":[0,10],"entry":true,"exit":true,"mergers":true,"filename":"nolearning_a9s50v10","verbose":true,"firms":[1,2,3,4],"rival":[2,1,4,3],"partner":[3,4,1,2],"merger_pairs":[1,2,1,2,3,4,4,3],"outcomes":[1,0,1,0,1,0,0,0,0,0,1,0,1,0,1,0,0,0,1,0,0,1,0,0,1,0,0,0,1,1,0,0,0,0,1,0,0,0,0,0,1,1,1,1,2],"ownership":[0,3,0,3,0,0,4,4,0,1,0,1,0,0,2,2],"S":[1,1,1,1,1,1,1,1,1,0,0,1,1,0,0,1,1,1,1,1,1,1,1,1,1,1,1,0,0,0,0,1,1,1,1,1,0,1,0,1,0,1,0,1,3],"ms":9,"scale":[3.4822022531844965,3.4822022531844965,3.4822022531844965,3.4822022531844965,3.4822022531844965,3.4822022531844965,3.4822022531844965,3.4822022531844965,3.4822022531844965,0.0,0.0,3.4822022531844965,3.4822022531844965,0.0,0.0,3.4822022531844965,3.4822022531844965,3.4822022531844965,1.0,1.0,1.0,1.0,1.0,1.0,1.0,1.0,1.0,0.0,0.0,0.0,0.0,1.0,1.0,1.0,1.0,1.0],"D":[0.9323742462534519,0.9487010785532174,0.4999999474876664,0.6630878832072854,0.9323742462453452,0.9365710133445757,0.4999999474660038,0.5555142024571215,0.5000000016847339,0.0,0.0,0.4999999511088849,0.3369120932124794,0.0,0.0,0.49999995113054774,0.44448573897585036,0.49999999763201486,0.7453054096122583,0.9487010785532174,0.74530540962683,0.8098498539989684,0.48838223306140993,0.9365710133445757,0.4883822330583238,0.6473278232265997,0.5000000016847339,0.0,0.0,0.0,0.0,0.4883822368022473,0.06221139283044846,0.4883822368041599,0.3421313600577442,0.49999999763201486],"Q":[0.6949035695158496,0.9487010785532174,0.37265266567568883,0.6630878832072854,0.45535501643025067,0.9365710133445757,0.24419109087249152,0.5555142024571215,0.5000000016847339,0.0,0.0,0.0,0.0,0.0,0.0,0.2441910945351075,0.34213130324119234,0.49999999763201486,0.0,0.0,0.0,0.0,0.45535501991811106,0.0,0.2441910927454094,0.0,0.0,0.0,0.0,0.37265266837460254,0.14676197079168293,0.0,0.0,0.24419109266218966,0.09181362076947817,0.0,0.23747067673760228,0.0,0.1273472818119776,0.0,0.021664209896983398,0.0,0.011617763848102888,0.0,0.0,0.0,0.0,0.12734728273428236,0.19015012242079643,0.0,0.0,0.011617763933250508,0.010540814965179841,0.0,0.05040184009640872,0.0,7.557653865473061e-8,0.0,0.03302721663115927,0.0,4.952364257691232e-8,0.0,0.0,0.0,0.0,0.0,0.0,0.03302721688413622,0.06221139283044846,4.952364295675311e-8,5.681655185806532e-8,0.0,0.017223913650139342,0.05129892144678257,2.5826909755192137e-8,2.3580235256406365e-8,0.0015713202393591598,0.0012175938249758258,2.356162881703379e-9,1.7504763651316925e-9,6.832512679956523e-10],"P":[-0.5247490805559962,-1.532843530166905,-3.082202290559113,-3.482202214266971,-0.5247490805302824,-0.8290697421640013,-3.0822022905397066,-3.482202194888,-3.2822022524024383,-0.0,-0.0,-3.0822022920076004,-3.1805831128287507,-0.0,-0.0,-3.0822022920055243,-3.1221754919445734,-3.2822022515918943,-0.21474578751122186,0.9493587230175915,-0.21474578752657467,0.05180037002367012,-0.6090831570343521,-0.5,-0.6090831570229854,-0.4329011599433184,-0.7999999992179418,-0.0,-0.0,-0.0,-0.0,-0.6090831585662823,-0.7867323021617397,-0.6090831585569629,-0.695987945937688,-0.7999999984073978],"PI":[2.757453172659378,1.8493587230139117,0.19999996030776035,2.5805739700638393e-8,2.7574531726593774,2.4848470043839037,0.1999999603087984,3.2384531769799876e-8,0.10000000072797585,0.0,0.0,0.1999999610320039,0.10161913593020293,0.0,0.0,0.19999996104170709,0.16002676102080923,0.10000000032270408,0.5852542124887001,1.8493587230139117,0.5852542124887,0.8518003760997302,0.19091684070887963,0.46828550667228785,0.19091684071322448,0.3670988576882213,0.10000000072797585,0.0,0.0,0.0,0.0,0.1909168414230685,0.013267680528261393,0.19091684142836754,0.10401205753028726,0.10000000032270408],"CS":[0.8122913064556025,0.6515535247814801,3.4943697749625264,3.5701078074783803,1.2911678192410156,1.399712142958677,3.973246287739628,4.090211989971628,4.3594611231704645],"V":[23.27945417310742,17.22309580202611,3.7922503250134327,1.0467760226023251e-5,22.16445343094152,19.719023972058075,3.999997736108686,1.0533941541177164e-5,2.000004222651087,0.0,0.0,3.7922503339120084,2.6129671468280247,0.0,0.0,3.9999977507668256,3.2005360200915822,2.0000042145456742,7.822966260314615,19.885491609615876,6.838066537374148,12.217958208441253,3.284176334500656,8.144946581231927,3.818328812779201,7.341959148380336,1.9999971754789068,0.0,0.0,0.0,0.0,3.284176341526829,1.3601174446162716,3.8183288270820213,2.0802380837140886,1.9999971673734989],"pr_entry":[0.0,0.0,0.0,0.0,0.0,0.0,0.0,0.0,0.0,0.09480625642739753,0.0653241785830871,0.0,0.0,0.09999994183487157,0.08001340155449402,0.0,0.0,0.0,0.0,0.0,0.0,0.0,0.0,0.0,0.0,0.0,0.0,0.0821044016982808,0.03400293231676885,0.09545821014878038,0.05200594805746846,0.0,0.0,0.0,0.0,0.0],"pr_exit":[0.0,0.0,0.0,0.0,0.0,0.0,0.0,0.0,0.0,0.0,0.0,0.0,0.0,0.0,0.0,0.0,0.0,0.0,0.0,0.0,0.0,0.0,0.0,0.0,0.0,0.0,0.0,0.0,0.0,0.0,0.0,0.0,0.0,0.0,0.0,0.0],"pr_merger":[0.161773705888446,0.0,0.040062463031792714,0.0,0.0634083652315444,0.0,0.0,0.0,0.0,0.0,0.0,0.0,0.0,0.0,0.0,0.0,0.0,0.0,0.0,0.0,0.0,0.0,0.06340836503769846,0.0,0.0,0.0,0.0,0.0,0.0,0.04006246279558342,0.0,0.0,0.0,0.0,0.0,0.0],"active_firms":[true,true,true,true,true,true,true,true,true,false,false,true,true,false,false,true,true,true,true,true,true,true,true,true,true,true,true,false,false,false,false,true,true,true,true,true,true,true,true,true,true,true,true,true,true],"active_outcomes":[1.0,1.0,1.0,1.0,1.0,1.0,1.0,1.0,1.0,0.0,0.0,0.0,0.0,0.0,0.0,1.0,1.0,1.0,0.0,0.0,0.0,0.0,1.0,0.0,1.0,0.0,0.0,0.0,0.0,1.0,1.0,0.0,0.0,1.0,1.0,0.0,1.0,0.0,1.0,0.0,1.0,0.0,1.0,0.0,0.0,0.0,0.0,1.0,1.0,0.0,0.0,1.0,1.0,0.0,1.0,0.0,1.0,0.0,1.0,0.0,1.0,0.0,0.0,0.0,0.0,0.0,0.0,1.0,1.0,1.0,1.0,0.0,1.0,1.0,1.0,1.0,1.0,1.0,1.0,1.0,1.0],"markets":[1,2,3,4,3,4,7,8,9],"marketnames":["20","21","30","31","40","41","43"],"idx_up":[1,2,3,4,5,6,7,8,9,1,2,3,4,5,6,7,8,9,1,2,3,4,5,6,7,8,9,1,2,3,4,5,6,7,8,9,1,2,3,4,5,6,7,8,9,1,2,3,4,5,6,7,8,9,1,2,3,4,5,6,7,8,9,1,2,3,4,5,6,7,8,9,1,2,3,4,5,6,7,8,9,10,11,12,13,14,15,16,17,18,10,11,12,13,14,15,16,17,18,10,11,12,13,14,15,16,17,18,10,11,12,13,14,15,16,17,18,10,11,12,13,14,15,16,17,18,10,11,12,13,14,15,16,17,18,10,11,12,13,14,15,16,17,18,10,11,12,13,14,15,16,17,18,10,11,12,13,14,15,16,17,18,19,20,21,22,23,24,25,26,27,19,20,21,22,23,24,25,26,27,19,20,21,22,23,24,25,26,27,19,20,21,22,23,24,25,26,27,19,20,21,22,23,24,25,26,27,19,20,21,22,23,24,25,26,27,19,20,21,22,23,24,25,26,27,19,20,21,22,23,24,25,26,27,19,20,21,22,23,24,25,26,27,28,29,30,31,32,33,34,35,36,28,29,30,31,32,33,34,35,36,28,29,30,31,32,33,34,35,36,28,29,30,31,32,33,34,35,36,28,29,30,31,32,33,34,35,36,28,29,30,31,32,33,34,35,36,28,29,30,31,32,33,34,35,36,28,29,30,31,32,33,34,35,36,28,29,30,31,32,33,34,35,36],"idx_entry":[1,2,3,4,5,6,7,8,9,3,4,3,4,7,8,7,8,9,1,2,3,4,5,6,7,8,9,5,6,7,8,5,6,7,8,9,10,11,12,13,14,15,16,17,18,12,13,12,13,16,17,16,17,18,10,11,12,13,14,15,16,17,18,14,15,16,17,14,15,16,17,18,19,20,21,22,23,24,25,26,27,21,22,21,22,25,26,25,26,27,19,20,21,22,23,24,25,26,27,23,24,25,26,23,24,25,26,27,28,29,30,31,32,33,34,35,36,30,31,30,31,34,35,34,35,36,28,29,30,31,32,33,34,35,36,32,33,34,35,32,33,34,35,36],"idx_exit":[1,2,10,10,5,6,14,14,15,1,2,1,2,5,6,5,6,6,1,2,3,4,1,1,3,3,13,1,2,3,4,1,2,3,4,4,10,11,1,1,14,15,5,5,6,10,11,10,11,14,15,14,15,15,10,11,12,13,10,10,12,12,4,10,11,12,13,10,11,12,13,13,19,20,19,19,23,24,23,23,33,19,20,19,20,23,24,23,24,24,19,20,21,22,28,28,30,30,31,19,20,21,22,19,20,21,22,22,28,29,28,28,32,33,32,32,24,28,29,28,29,32,33,32,33,33,28,29,30,31,19,19,21,21,22,28,29,30,31,28,29,30,31,31],"idx_merger":[2,2,4,4,6,6,8,8,9,1,2,3,4,5,6,17,9,9,1,2,3,4,6,6,8,8,9,1,2,13,4,5,6,17,8,9,11,11,13,13,15,15,17,17,18,10,11,12,13,14,15,8,18,18,10,11,12,13,15,15,17,17,18,10,11,4,13,14,15,8,17,18,20,20,22,22,24,24,26,26,27,19,20,21,22,23,24,35,27,27,19,20,21,22,33,24,35,26,27,19,20,22,22,23,24,26,26,27,29,29,31,31,33,33,35,35,36,28,29,30,31,32,33,26,36,36,28,29,30,31,24,33,26,35,36,28,29,31,31,32,33,35,35,36]}