{"policy":"nolearning","smax":[5,1],"alpha":0.4,"beta":0.95,"gamma":1.0,"sigma":4.0,"v0":1.0,"accuracy":1.0e-8,"cost_entry":[0,10],"value_exit":[0,1],"cost_merger":[0,10],"entry":true,"exit":true,"mergers":true,"filename":"nolearning_a4s40v10","verbose":true,"firms":[1,2,3,4],"rival":[2,1,4,3],"partner":[3,4,1,2],"merger_pairs":[1,2,1,2,3,4,4,3],"outcomes":[1,0,1,0,1,0,0,0,0,0,1,0,1,0,1,0,0,0,1,0,0,1,0,0,1,0,0,0,1,1,0,0,0,0,1,0,0,0,0,0,1,1,1,1,2],"ownership":[0,3,0,3,0,0,4,4,0,1,0,1,0,0,2,2],"S":[1,1,1,1,1,1,1,1,1,0,0,1,1,0,0,1,1,1,1,1,1,1,1,1,1,1,1,0,0,0,0,1,1,1,1,1,0,1,0,1,0,1,0,1,3],"ms":9,"scale":[1.7411011265922482,1.7411011265922482,1.7411011265922482,1.7411011265922482,1.7411011265922482,1.7411011265922482,1.7411011265922482,1.7411011265922482,1.7411011265922482,0.0,0.0,1.7411011265922482,1.7411011265922482,0.0,0.0,1.7411011265922482,1.7411011265922482,1.7411011265922482,1.0,1.0,1.0,1.0,1.0,1.0,1.0,1.0,1.0,0.0,0.0,0.0,0.0,1.0,1.0,1.0,1.0,1.0],"D":[0.8171031164069533,0.887612895533026,0.49827244493469947,0.7596525598970486,0.8171031164071851,0.8436201513686559,0.4982724449378489,0.6160975133264696,0.49996803383810867,0.0,0.0,0.4982724389229525,0.2395045341550819,0.0,0.0,0.49827243891969647,0.38208116198807845,0.4999680375448238,0.6882734745077641,0.887612895533026,0.6882734745112762,0.7596525598970486,0.4713768114420159,0.8436201513686559,0.47137681145637783,0.6160975133264696,0.49996803383810867,0.0,0.0,0.0,0.0,0.4713768064163009,0.14763920660629024,0.4713768064032275,0.3534960785865142,0.4999680375448238],"Q":[0.5623904009605358,0.887612895533026,0.3429477069284341,0.7596525598970486,0.38516346163135334,0.8436201513686559,0.23487407633137689,0.6160975133264696,0.49996803383810867,0.0,0.0,0.0,0.0,0.0,0.0,0.2348740709767138,0.3518190091314064,0.4999680375448238,0.0,0.0,0.0,0.0,0.385163457524826,0.0,0.2348740738135312,0.0,0.0,0.0,0.0,0.34294770279070813,0.0,0.0,0.0,0.23487407349455927,0.0,0.0,0.25471271544641744,0.0,0.15532473800626534,0.0,0.04677619725100585,0.0,0.0285242947929408,0.0,0.0,0.0,0.0,0.15532473613224432,0.2395045341550819,0.0,0.0,0.028524294448423356,0.030262152856672032,0.0,0.12588307354722833,0.0,0.0023780647921339032,0.0,0.08621334981066252,0.0,0.0016286616304416765,0.0,0.0,0.0,0.0,0.0,0.0,0.08621334889147493,0.14763920660629024,0.001628661612982455,0.001677069455107834,0.0,0.05701381004581835,0.11238710446697385,0.001077051350214167,0.0008429059478695511,0.010470184890677187,0.008740642025053938,0.00019779289903039792,0.00014425523034422756,6.392861706753916e-5],"P":[-0.37421069599338563,-0.6288738779908405,-1.2428227333072912,-1.2210206965823245,-0.37421069599377377,-0.9417653996031087,-1.2428227333011683,-1.4154976091993399,-1.4911171058550998,-0.0,-0.0,-1.242822730290996,-1.4123680609984446,-0.0,-0.0,-1.2428227302816595,-1.3365172416229518,-1.4911171067818378,-0.1980149920972961,0.11222724860140776,-0.19801499210138823,-0.47991956999007623,-0.5270733380137014,-0.20066427301086043,-0.5270733380269453,-0.6743964826070916,-0.7500159792628516,-0.0,-0.0,-0.0,-0.0,-0.5270733353482568,-0.7066969647734676,-0.5270733353469501,-0.6133047534082471,-0.7500159801895896],"PI":[1.116890430629173,0.9872272486218263,0.24827839328022927,0.3950804300093964,1.1168904306291727,0.6743357269969525,0.24827839328484944,0.20060351739612273,0.12498401933889708,0.0,0.0,0.24827839178764244,0.07873305973641594,0.0,0.0,0.24827839179067215,0.15458388089071984,0.12498401980217724,0.5519850078923306,0.9872272486218263,0.5519850078923307,0.3950804300093964,0.22292666197301747,0.6743357269969525,0.22292666197356673,0.20060351739612273,0.12498401933889708,0.0,0.0,0.0,0.0,0.2229266608526516,0.04330302741606205,0.2229266608470848,0.1366952532782298,0.12498401980217724],"CS":[0.7161154397468565,0.6183720373744274,1.7083820507521004,1.8415843117504835,1.1398058987912862,1.2568634265550602,2.1320725097913202,2.282902116699931,2.5877226589898092],"V":[10.612777802432817,10.893146471530253,4.965550924148033,5.704194025386991,10.264699195701066,7.850213591287157,4.965550924177665,4.012058416129691,2.4996764011622634,0.0,0.0,4.96555089427484,2.431695650031353,0.0,0.0,4.965550894294273,3.0916705218138665,2.499676410427819,6.936648838320478,10.893142577745623,6.569358233690601,5.704190131602358,4.119401415633339,7.850209697502521,4.458515068154207,4.012054522345058,2.499672507377631,0.0,0.0,0.0,0.0,4.119401401838954,1.977236712723116,4.458515045624688,2.733895955535403,2.4996725166431832],"pr_entry":[0.0,0.0,0.0,0.0,0.0,0.0,0.0,0.0,0.0,0.12413875006539846,0.06079237902020198,0.0,0.0,0.12413875006588429,0.07729175370850386,0.0,0.0,0.0,0.0,0.0,0.0,0.0,0.0,0.0,0.0,0.0,0.0,0.1029850100954696,0.04943090354606721,0.11146285223098958,0.06834738690150456,0.0,0.0,0.0,0.0,0.0],"pr_exit":[0.0,0.0,0.0,0.25,0.0,0.0,0.0,0.25,0.0,0.0,0.0,0.0,0.0,0.0,0.0,0.0,0.0,0.0,0.0,0.0,0.0,0.0,0.0,0.25,0.0,0.25,0.0,0.0,0.0,0.0,0.0,0.0,0.0,0.0,0.0,0.0],"pr_merger":[0.1094437973881135,0.0,0.0,0.0,0.03346850136037314,0.0,0.0,0.0,0.0,0.0,0.0,0.0,0.0,0.0,0.0,0.0,0.0,0.0,0.0,0.0,0.0,0.0,0.03346850173234182,0.0,0.0,0.0,0.0,0.0,0.0,0.0,0.0,0.0,0.0,0.0,0.0,0.0],"active_firms":[true,true,true,true,true,true,true,true,true,false,false,true,true,false,false,true,true,true,true,true,true,true,true,true,true,true,true,false,false,false,false,true,true,true,true,true,true,true,true,true,true,true,true,true,true],"active_outcomes":[1.0,1.0,1.0,1.0,1.0,1.0,1.0,1.0,1.0,0.0,0.0,0.0,0.0,0.0,0.0,1.0,1.0,1.0,0.0,0.0,0.0,0.0,1.0,0.0,1.0,0.0,0.0,0.0,0.0,1.0,0.0,0.0,0.0,1.0,0.0,0.0,1.0,0.0,1.0,0.0,1.0,0.0,1.0,0.0,0.0,0.0,0.0,1.0,1.0,0.0,0.0,1.0,1.0,0.0,1.0,0.0,1.0,0.0,1.0,0.0,1.0,0.0,0.0,0.0,0.0,0.0,0.0,1.0,1.0,1.0,1.0,0.0,1.0,1.0,1.0,1.0,1.0,1.0,1.0,1.0,1.0],"markets":[1,2,3,4,3,4,7,8,9],"marketnames":["20","21","30","31","40","41","43"],"idx_up":[1,2,3,4,5,6,7,8,9,1,2,3,4,5,6,7,8,9,1,2,3,4,5,6,7,8,9,1,2,3,4,5,6,7,8,9,1,2,3,4,5,6,7,8,9,1,2,3,4,5,6,7,8,9,1,2,3,4,5,6,7,8,9,1,2,3,4,5,6,7,8,9,1,2,3,4,5,6,7,8,9,10,11,12,13,14,15,16,17,18,10,11,12,13,14,15,16,17,18,10,11,12,13,14,15,16,17,18,10,11,12,13,14,15,16,17,18,10,11,12,13,14,15,16,17,18,10,11,12,13,14,15,16,17,18,10,11,12,13,14,15,16,17,18,10,11,12,13,14,15,16,17,18,10,11,12,13,14,15,16,17,18,19,20,21,22,23,24,25,26,27,19,20,21,22,23,24,25,26,27,19,20,21,22,23,24,25,26,27,19,20,21,22,23,24,25,26,27,19,20,21,22,23,24,25,26,27,19,20,21,22,23,24,25,26,27,19,20,21,22,23,24,25,26,27,19,20,21,22,23,24,25,26,27,19,20,21,22,23,24,25,26,27,28,29,30,31,32,33,34,35,36,28,29,30,31,32,33,34,35,36,28,29,30,31,32,33,34,35,36,28,29,30,31,32,33,34,35,36,28,29,30,31,32,33,34,35,36,28,29,30,31,32,33,34,35,36,28,29,30,31,32,33,34,35,36,28,29,30,31,32,33,34,35,36,28,29,30,31,32,33,34,35,36],"idx_entry":[1,2,3,4,5,6,7,8,9,3,4,3,4,7,8,7,8,9,1,2,3,4,5,6,7,8,9,5,6,7,8,5,6,7,8,9,10,11,12,13,14,15,16,17,18,12,13,12,13,16,17,16,17,18,10,11,12,13,14,15,16,17,18,14,15,16,17,14,15,16,17,18,19,20,21,22,23,24,25,26,27,21,22,21,22,25,26,25,26,27,19,20,21,22,23,24,25,26,27,23,24,25,26,23,24,25,26,27,28,29,30,31,32,33,34,35,36,30,31,30,31,34,35,34,35,36,28,29,30,31,32,33,34,35,36,32,33,34,35,32,33,34,35,36],"idx_exit":[1,2,10,4,5,6,14,8,11,1,2,1,2,5,6,5,6,2,1,2,3,4,1,6,3,8,11,1,2,3,4,1,2,3,4,2,10,11,1,13,14,15,5,17,2,10,11,10,11,14,15,14,15,11,10,11,12,13,10,15,12,17,2,10,11,12,13,10,11,12,13,11,19,20,19,22,23,24,23,26,29,19,20,19,20,23,24,23,24,20,19,20,21,22,28,24,30,26,29,19,20,21,22,19,20,21,22,20,28,29,28,31,32,33,32,35,20,28,29,28,29,32,33,32,33,29,28,29,30,31,19,33,21,35,20,28,29,30,31,28,29,30,31,29],"idx_merger":[2,2,4,4,6,6,8,8,9,1,2,3,4,5,6,17,9,9,1,2,3,4,6,6,8,8,9,1,2,13,4,5,6,17,8,9,11,11,13,13,15,15,17,17,18,10,11,12,13,14,15,8,18,18,10,11,12,13,15,15,17,17,18,10,11,4,13,14,15,8,17,18,20,20,22,22,24,24,26,26,27,19,20,21,22,23,24,35,27,27,19,20,21,22,33,24,35,26,27,19,20,22,22,23,24,26,26,27,29,29,31,31,33,33,35,35,36,28,29,30,31,32,33,26,36,36,28,29,30,31,24,33,26,35,36,28,29,31,31,32,33,35,35,36]}