{"policy":"nolearning","smax":[5,1],"alpha":0.8,"beta":0.95,"gamma":1.0,"sigma":9.0,"v0":1.0,"accuracy":1.0e-8,"cost_entry":[0,10],"value_exit":[0,1],"cost_merger":[0,10],"entry":true,"exit":true,"mergers":true,"filename":"nolearning_a8s90v10","verbose":true,"firms":[1,2,3,4],"rival":[2,1,4,3],"partner":[3,4,1,2],"merger_pairs":[1,2,1,2,3,4,4,3],"outcomes":[1,0,1,0,1,0,0,0,0,0,1,0,1,0,1,0,0,0,1,0,0,1,0,0,1,0,0,0,1,1,0,0,0,0,1,0,0,0,0,0,1,1,1,1,2],"ownership":[0,3,0,3,0,0,4,4,0,1,0,1,0,0,2,2],"S":[1,1,1,1,1,1,1,1,1,0,0,1,1,0,0,1,1,1,1,1,1,1,1,1,1,1,1,0,0,0,0,1,1,1,1,1,0,1,0,1,0,1,0,1,3],"ms":9,"scale":[3.0314331330207964,3.0314331330207964,3.0314331330207964,3.0314331330207964,3.0314331330207964,3.0314331330207964,3.0314331330207964,3.0314331330207964,3.0314331330207964,0.0,0.0,3.0314331330207964,3.0314331330207964,0.0,0.0,3.0314331330207964,3.0314331330207964,3.0314331330207964,1.0,1.0,1.0,1.0,1.0,1.0,1.0,1.0,1.0,0.0,0.0,0.0,0.0,1.0,1.0,1.0,1.0,1.0],"D":[0.9585771759783741,0.96953329682559,0.49999999783022553,0.8775953479592773,0.9585771759755414,0.9602228866921562,0.4999999978314583,0.6262909414156138,0.49999999807476103,0.0,0.0,0.5000000021645415,0.12240465204018086,0.0,0.0,0.5000000021633088,0.37370905858177283,0.5000000019252383,0.8607022208224747,0.96953329682559,0.8607022208251599,0.8775953479592773,0.4997723426529051,0.9602228866921562,0.4997723426563209,0.6262909414156138,0.49999999807476103,0.0,0.0,0.0,0.0,0.49977233858733344,0.03976321027147718,0.4997723385839293,0.37348165039376097,0.5000000019252383],"Q":[0.8250495041943228,0.96953329682559,0.4303511085450502,0.8775953479592773,0.47907036085090243,0.9602228866921562,0.24988617024438373,0.6262909414156138,0.49999999807476103,0.0,0.0,0.0,0.0,0.0,0.0,0.24988617037312694,0.37348165039114944,0.5000000019252383,0.0,0.0,0.0,0.0,0.47907035695373823,0.0,0.24988616820818704,0.0,0.0,0.0,0.0,0.43035111227560563,0.0,0.0,0.0,0.2498861724093219,0.0,0.0,0.1335276717840513,0.0,0.06964888928517532,0.0,0.00043645817090075305,0.0,0.00022765937888755302,0.0,0.0,0.0,0.0,0.06964888988893592,0.12240465204018086,0.0,0.0,0.00022765938085992577,0.00022740819062341263,0.0,0.03565271662815195,0.0,4.504014309941044e-12,0.0,0.020701981802002674,0.0,2.6152852038240583e-12,0.0,0.0,0.0,0.0,0.0,0.0,0.02070198163359523,0.03976321027147718,2.6152851825134216e-12,2.6115360338679333e-12,0.0,0.0057701073934739305,0.03046670317440997,7.289387381212946e-13,5.418193576309918e-13,1.88605888606305e-5,1.3903036366702207e-5,2.382661691657883e-15,1.5901308232620522e-15,6.457977075049206e-16],"P":[-0.3490686714342492,-1.2079488126406464,-2.809210908439839,-2.577565125767382,-0.34906867142632264,-1.634761758188432,-2.809210908440818,-2.882773224847959,-2.9203220210113727,-0.0,-0.0,-2.80921090940302,-2.9048245371961965,-0.0,-0.0,-2.8092109094034514,-2.854021793839802,-2.920322021439204,-0.20234829488625222,0.8234843203801501,-0.2023482948887406,-0.546131992746586,-0.777878912717009,0.3966713748323645,-0.7778789127205803,-0.851340091827163,-0.8888888879905763,-0.0,-0.0,-0.0,-0.0,-0.7778789118131372,-0.8842877932018334,-0.7778789118151921,-0.8226530615891405,-0.8888888884184072],"PI":[2.5712533505323845,1.7679287648479372,0.11111111180830655,0.3983124517531439,2.5712533505323845,1.3411158193018355,0.1111111118080911,0.09310435384032495,0.05555555579079641,0.0,0.0,0.11111111228989734,0.015497481117206051,0.0,0.0,0.11111111228940779,0.06630022454706108,0.05555555600471166,0.6865405940342364,1.7679287648479372,0.6865405940342365,0.39831245175314367,0.1110099761440308,1.3411158193018355,0.11100997614300472,0.09310435384032481,0.05555555579079641,0.0,0.0,0.0,0.0,0.11100997569271176,0.004601088809892151,0.11100997569092863,0.06623582724996847,0.05555555600471177],"CS":[0.5727849540275749,0.41986699592865,3.1052429668813466,3.1701695344421648,1.2087151176132689,1.2745650411652343,3.741173130476014,3.8180713528593193,3.963243616220879],"V":[31.951468156440487,29.897540021374304,3.253764605447053,16.689928576001034,37.35346923173417,24.157428936356183,2.222220334153054,1.8620884741461754,1.1111111154350728,0.0,0.0,3.253764607265869,0.7023672437633909,0.0,0.0,2.2222203437793415,1.3260044480491802,1.1111111197133796,17.52457864125235,29.897540021374304,21.322548295094464,16.689928576001034,2.822823184816534,24.157428936356183,2.22019762151368,1.8620884741461754,1.1111111154350732,0.0,0.0,0.0,0.0,2.8228231833137514,0.5683934064454996,2.220197612472197,1.3247165007718045,1.1111111197133816],"pr_entry":[0.0,0.0,0.0,0.0,0.0,0.0,0.0,0.0,0.0,0.08134411528626213,0.017559181010253645,0.0,0.0,0.05555550609184036,0.03315011114479262,0.0,0.0,0.0,0.0,0.0,0.0,0.0,0.0,0.0,0.0,0.0,0.0,0.07057057859673649,0.014209835070754831,0.055504937810033385,0.03311791246110095,0.0,0.0,0.0,0.0,0.0],"pr_exit":[0.0,0.0,0.0,0.25,0.0,0.0,0.0,0.25,0.0,0.0,0.0,0.0,0.07440818989746356,0.0,0.0,0.0,0.0,0.0,0.0,0.0,0.0,0.0,0.0,0.25,0.0,0.25,0.0,0.0,0.0,0.0,0.0,0.0,0.10790164929245169,0.0,0.0,0.0],"pr_merger":[0.25,0.0,0.25,0.0,0.2460815895732745,0.0,0.0,0.0,0.0,0.0,0.0,0.0,0.0,0.0,0.0,0.0,0.0,0.0,0.0,0.0,0.0,0.0,0.2460815896213145,0.0,0.0,0.0,0.0,0.0,0.0,0.25,0.0,0.0,0.0,0.0,0.0,0.0],"active_firms":[true,true,true,true,true,true,true,true,true,false,false,true,true,false,false,true,true,true,true,true,true,true,true,true,true,true,true,false,false,false,false,true,true,true,true,true,true,true,true,true,true,true,true,true,true],"active_outcomes":[1.0,1.0,1.0,1.0,1.0,1.0,1.0,1.0,1.0,0.0,0.0,0.0,0.0,0.0,0.0,1.0,1.0,1.0,0.0,0.0,0.0,0.0,1.0,0.0,1.0,0.0,0.0,0.0,0.0,1.0,0.0,0.0,0.0,1.0,0.0,0.0,1.0,0.0,1.0,0.0,1.0,0.0,1.0,0.0,0.0,0.0,0.0,1.0,1.0,0.0,0.0,1.0,1.0,0.0,1.0,0.0,1.0,0.0,1.0,0.0,1.0,0.0,0.0,0.0,0.0,0.0,0.0,1.0,1.0,1.0,1.0,0.0,1.0,1.0,1.0,1.0,1.0,1.0,1.0,1.0,1.0],"markets":[1,2,3,4,3,4,7,8,9],"marketnames":["20","21","30","31","40","41","43"],"idx_up":[1,2,3,4,5,6,7,8,9,1,2,3,4,5,6,7,8,9,1,2,3,4,5,6,7,8,9,1,2,3,4,5,6,7,8,9,1,2,3,4,5,6,7,8,9,1,2,3,4,5,6,7,8,9,1,2,3,4,5,6,7,8,9,1,2,3,4,5,6,7,8,9,1,2,3,4,5,6,7,8,9,10,11,12,13,14,15,16,17,18,10,11,12,13,14,15,16,17,18,10,11,12,13,14,15,16,17,18,10,11,12,13,14,15,16,17,18,10,11,12,13,14,15,16,17,18,10,11,12,13,14,15,16,17,18,10,11,12,13,14,15,16,17,18,10,11,12,13,14,15,16,17,18,10,11,12,13,14,15,16,17,18,19,20,21,22,23,24,25,26,27,19,20,21,22,23,24,25,26,27,19,20,21,22,23,24,25,26,27,19,20,21,22,23,24,25,26,27,19,20,21,22,23,24,25,26,27,19,20,21,22,23,24,25,26,27,19,20,21,22,23,24,25,26,27,19,20,21,22,23,24,25,26,27,19,20,21,22,23,24,25,26,27,28,29,30,31,32,33,34,35,36,28,29,30,31,32,33,34,35,36,28,29,30,31,32,33,34,35,36,28,29,30,31,32,33,34,35,36,28,29,30,31,32,33,34,35,36,28,29,30,31,32,33,34,35,36,28,29,30,31,32,33,34,35,36,28,29,30,31,32,33,34,35,36,28,29,30,31,32,33,34,35,36],"idx_entry":[1,2,3,4,5,6,7,8,9,3,4,3,4,7,8,7,8,9,1,2,3,4,5,6,7,8,9,5,6,7,8,5,6,7,8,9,10,11,12,13,14,15,16,17,18,12,13,12,13,16,17,16,17,18,10,11,12,13,14,15,16,17,18,14,15,16,17,14,15,16,17,18,19,20,21,22,23,24,25,26,27,21,22,21,22,25,26,25,26,27,19,20,21,22,23,24,25,26,27,23,24,25,26,23,24,25,26,27,28,29,30,31,32,33,34,35,36,30,31,30,31,34,35,34,35,36,28,29,30,31,32,33,34,35,36,32,33,34,35,32,33,34,35,36],"idx_exit":[1,2,10,4,5,6,14,8,11,1,2,1,2,5,6,5,6,2,1,2,3,4,1,6,3,8,11,1,2,3,4,1,2,3,4,2,10,11,1,13,14,15,5,17,2,10,11,10,11,14,15,14,15,11,10,11,12,13,10,15,12,17,2,10,11,12,13,10,11,12,13,11,19,20,19,22,23,24,23,26,29,19,20,19,20,23,24,23,24,20,19,20,21,22,28,24,30,26,29,19,20,21,22,19,20,21,22,20,28,29,28,31,32,33,32,35,20,28,29,28,29,32,33,32,33,29,28,29,30,31,19,33,21,35,20,28,29,30,31,28,29,30,31,29],"idx_merger":[2,2,4,4,6,6,8,8,9,1,2,3,4,5,6,17,9,9,1,2,3,4,6,6,8,8,9,1,2,13,4,5,6,17,8,9,11,11,13,13,15,15,17,17,18,10,11,12,13,14,15,8,18,18,10,11,12,13,15,15,17,17,18,10,11,4,13,14,15,8,17,18,20,20,22,22,24,24,26,26,27,19,20,21,22,23,24,35,27,27,19,20,21,22,33,24,35,26,27,19,20,22,22,23,24,26,26,27,29,29,31,31,33,33,35,35,36,28,29,30,31,32,33,26,36,36,28,29,30,31,24,33,26,35,36,28,29,31,31,32,33,35,35,36]}