{"policy":"nolearning","smax":[5,1],"alpha":0.9,"beta":0.95,"gamma":1.0,"sigma":4.0,"v0":1.0,"accuracy":1.0e-8,"cost_entry":[0,10],"value_exit":[0,1],"cost_merger":[0,10],"entry":true,"exit":true,"mergers":true,"filename":"nolearning_a9s40v10","verbose":true,"firms":[1,2,3,4],"rival":[2,1,4,3],"partner":[3,4,1,2],"merger_pairs":[1,2,1,2,3,4,4,3],"outcomes":[1,0,1,0,1,0,0,0,0,0,1,0,1,0,1,0,0,0,1,0,0,1,0,0,1,0,0,0,1,1,0,0,0,0,1,0,0,0,0,0,1,1,1,1,2],"ownership":[0,3,0,3,0,0,4,4,0,1,0,1,0,0,2,2],"S":[1,1,1,1,1,1,1,1,1,0,0,1,1,0,0,1,1,1,1,1,1,1,1,1,1,1,1,0,0,0,0,1,1,1,1,1,0,1,0,1,0,1,0,1,3],"ms":9,"scale":[3.4822022531844965,3.4822022531844965,3.4822022531844965,3.4822022531844965,3.4822022531844965,3.4822022531844965,3.4822022531844965,3.4822022531844965,3.4822022531844965,0.0,0.0,3.4822022531844965,3.4822022531844965,0.0,0.0,3.4822022531844965,3.4822022531844965,3.4822022531844965,1.0,1.0,1.0,1.0,1.0,1.0,1.0,1.0,1.0,0.0,0.0,0.0,0.0,1.0,1.0,1.0,1.0,1.0],"D":[0.9135749622207447,0.9345147185642281,0.49999835247286906,0.6422456081370099,0.9135749622254731,0.9200932614953116,0.4999983524585969,0.5519607695710346,0.4999999677506954,0.0,0.0,0.49999834877425586,0.3577534496937414,0.0,0.0,0.4999983487885279,0.44803727461028364,0.4999999718299512,0.6882734745216202,0.9345147185642281,0.6882734745163577,0.7776054245403338,0.47137681145224286,0.9200932614953116,0.4713768114461257,0.6421365369194532,0.4999999677506954,0.0,0.0,0.0,0.0,0.4713768064051651,0.07580973792770379,0.4713768064083988,0.3308556076523431,0.4999999718299512],"Q":[0.6287894134836298,0.9345147185642281,0.3441356033089561,0.6422456081370099,0.43063805271644673,0.9200932614953116,0.2356876291102496,0.5519607695710346,0.4999999677506954,0.0,0.0,0.0,0.0,0.0,0.0,0.23568762486140904,0.33085379943875004,0.4999999718299512,0.0,0.0,0.0,0.0,0.43063804810556283,0.0,0.23568762659139444,0.0,0.0,0.0,0.0,0.34413560076329874,0.13535981640332384,0.0,0.0,0.23568762738026416,0.09017576734841853,0.0,0.28478554873711487,0.0,0.155862749163913,0.0,0.0522988614034635,0.0,0.02862309675695286,0.0,0.0,0.0,0.0,0.15586274801095715,0.22239363329041756,0.0,0.0,0.028623096546854687,0.027007707823115092,0.0,0.059484061037990386,0.0,2.270444102815855e-6,0.0,0.04073875873579613,0.0,1.5549556119468396e-6,0.0,0.0,0.0,0.0,0.0,0.0,0.040738758299602267,0.07580973792770379,1.5549555953286228e-6,1.8082135930757514e-6,0.0,0.026940976741264996,0.06548528143577188,1.028308772138786e-6,9.421692487090393e-7,0.00494752073912852,0.004097000576984659,1.8884166768337893e-7,1.4760508867184952e-7,6.041935343174669e-8],"P":[-0.5895220024899794,-1.5733763729032975,-2.9822039004952803,-3.4822022057205606,-0.5895220025049512,-0.8535549741750483,-2.982203900487826,-3.4822021770807994,-3.2322022662441907,-0.0,-0.0,-2.9822038986459676,-3.092943641164854,-0.0,-0.0,-2.9822038986527852,-3.0292731176224876,-3.2322022672640047,-0.1980149921134412,0.908825880281199,-0.1980149921073094,0.12412809879420007,-0.5270733380151557,-0.5,-0.5270733379993203,-0.30140960902657254,-0.7500000130596942,-0.0,-0.0,-0.0,-0.0,-0.5270733353383812,-0.7294929034261021,-0.527073335327505,-0.626388571017229,-0.7500000140795082],"PI":[2.642680250744938,1.7838258802990996,0.24999835258375663,3.048350437199731e-8,2.642680250744937,2.4186006482645794,0.2499983525803478,4.2006255230640895e-8,0.12499998540782715,0.0,0.0,0.2499983516591094,0.13925861127302475,0.0,0.0,0.2499983516628366,0.20292913548879415,0.12499998591773409,0.5519850078923308,1.7838258802990996,0.5519850078923306,0.8741281075005822,0.22292666197716857,0.4600466307476558,0.22292666198174,0.4485904143848835,0.12499998540782715,0.0,0.0,0.0,0.0,0.22292666085204033,0.02050707209885126,0.22292666085869642,0.12361143636195494,0.12499998591773409],"CS":[0.9035267131213701,0.7534029862370589,3.4468987685070567,3.540690745354491,1.3272171721640786,1.4462955530095452,3.870589227527398,4.004101880432391,4.32877588570851],"V":[20.17824444350215,14.200346096773812,4.798306864299811,8.786547645323143e-6,19.510304614725364,16.52148762997321,4.9999635418534405,8.892537811444732e-6,2.5000019794497033,0.0,0.0,4.798306852370623,3.472918324633209,0.0,0.0,4.99996352350326,4.058581376925548,2.5000019896478167,7.251224144774944,18.494210440313267,6.710969197654056,12.886029719944103,3.958028374321011,9.050047352515005,4.458525241953505,8.971789853298626,2.4999962394839197,0.0,0.0,0.0,0.0,3.9580283621466137,1.7679186433354013,4.458525219492698,2.4722253227854445,2.4999962496820323],"pr_entry":[0.0,0.0,0.0,0.0,0.0,0.0,0.0,0.0,0.0,0.11995766645579882,0.0868229553008778,0.0,0.0,0.12499908346948488,0.10146453266938824,0.0,0.0,0.0,0.0,0.0,0.0,0.0,0.0,0.0,0.0,0.0,0.0,0.09895070078641863,0.044197961299503145,0.11146311996405267,0.06180562859009183,0.0,0.0,0.0,0.0,0.0],"pr_exit":[0.0,0.0,0.0,0.0,0.0,0.0,0.0,0.0,0.0,0.0,0.0,0.0,0.0,0.0,0.0,0.0,0.0,0.0,0.0,0.0,0.0,0.0,0.0,0.0,0.0,0.0,0.0,0.0,0.0,0.0,0.0,0.0,0.0,0.0,0.0,0.0],"pr_merger":[0.13830343131608758,0.0,0.03408569147048486,0.0,0.05425337603346436,0.0,0.0,0.0,0.0,0.0,0.0,0.0,0.0,0.0,0.0,0.0,0.0,0.0,0.0,0.0,0.0,0.0,0.054253376369969054,0.0,0.0,0.0,0.0,0.0,0.0,0.0340856917866071,0.0,0.0,0.0,0.0,0.0,0.0],"active_firms":[true,true,true,true,true,true,true,true,true,false,false,true,true,false,false,true,true,true,true,true,true,true,true,true,true,true,true,false,false,false,false,true,true,true,true,true,true,true,true,true,true,true,true,true,true],"active_outcomes":[1.0,1.0,1.0,1.0,1.0,1.0,1.0,1.0,1.0,0.0,0.0,0.0,0.0,0.0,0.0,1.0,1.0,1.0,0.0,0.0,0.0,0.0,1.0,0.0,1.0,0.0,0.0,0.0,0.0,1.0,1.0,0.0,0.0,1.0,1.0,0.0,1.0,0.0,1.0,0.0,1.0,0.0,1.0,0.0,0.0,0.0,0.0,1.0,1.0,0.0,0.0,1.0,1.0,0.0,1.0,0.0,1.0,0.0,1.0,0.0,1.0,0.0,0.0,0.0,0.0,0.0,0.0,1.0,1.0,1.0,1.0,0.0,1.0,1.0,1.0,1.0,1.0,1.0,1.0,1.0,1.0],"markets":[1,2,3,4,3,4,7,8,9],"marketnames":["20","21","30","31","40","41","43"],"idx_up":[1,2,3,4,5,6,7,8,9,1,2,3,4,5,6,7,8,9,1,2,3,4,5,6,7,8,9,1,2,3,4,5,6,7,8,9,1,2,3,4,5,6,7,8,9,1,2,3,4,5,6,7,8,9,1,2,3,4,5,6,7,8,9,1,2,3,4,5,6,7,8,9,1,2,3,4,5,6,7,8,9,10,11,12,13,14,15,16,17,18,10,11,12,13,14,15,16,17,18,10,11,12,13,14,15,16,17,18,10,11,12,13,14,15,16,17,18,10,11,12,13,14,15,16,17,18,10,11,12,13,14,15,16,17,18,10,11,12,13,14,15,16,17,18,10,11,12,13,14,15,16,17,18,10,11,12,13,14,15,16,17,18,19,20,21,22,23,24,25,26,27,19,20,21,22,23,24,25,26,27,19,20,21,22,23,24,25,26,27,19,20,21,22,23,24,25,26,27,19,20,21,22,23,24,25,26,27,19,20,21,22,23,24,25,26,27,19,20,21,22,23,24,25,26,27,19,20,21,22,23,24,25,26,27,19,20,21,22,23,24,25,26,27,28,29,30,31,32,33,34,35,36,28,29,30,31,32,33,34,35,36,28,29,30,31,32,33,34,35,36,28,29,30,31,32,33,34,35,36,28,29,30,31,32,33,34,35,36,28,29,30,31,32,33,34,35,36,28,29,30,31,32,33,34,35,36,28,29,30,31,32,33,34,35,36,28,29,30,31,32,33,34,35,36],"idx_entry":[1,2,3,4,5,6,7,8,9,3,4,3,4,7,8,7,8,9,1,2,3,4,5,6,7,8,9,5,6,7,8,5,6,7,8,9,10,11,12,13,14,15,16,17,18,12,13,12,13,16,17,16,17,18,10,11,12,13,14,15,16,17,18,14,15,16,17,14,15,16,17,18,19,20,21,22,23,24,25,26,27,21,22,21,22,25,26,25,26,27,19,20,21,22,23,24,25,26,27,23,24,25,26,23,24,25,26,27,28,29,30,31,32,33,34,35,36,30,31,30,31,34,35,34,35,36,28,29,30,31,32,33,34,35,36,32,33,34,35,32,33,34,35,36],"idx_exit":[1,2,10,10,5,6,14,14,15,1,2,1,2,5,6,5,6,6,1,2,3,4,1,1,3,3,13,1,2,3,4,1,2,3,4,4,10,11,1,1,14,15,5,5,6,10,11,10,11,14,15,14,15,15,10,11,12,13,10,10,12,12,4,10,11,12,13,10,11,12,13,13,19,20,19,19,23,24,23,23,33,19,20,19,20,23,24,23,24,24,19,20,21,22,28,28,30,30,31,19,20,21,22,19,20,21,22,22,28,29,28,28,32,33,32,32,24,28,29,28,29,32,33,32,33,33,28,29,30,31,19,19,21,21,22,28,29,30,31,28,29,30,31,31],"idx_merger":[2,2,4,4,6,6,8,8,9,1,2,3,4,5,6,17,9,9,1,2,3,4,6,6,8,8,9,1,2,13,4,5,6,17,8,9,11,11,13,13,15,15,17,17,18,10,11,12,13,14,15,8,18,18,10,11,12,13,15,15,17,17,18,10,11,4,13,14,15,8,17,18,20,20,22,22,24,24,26,26,27,19,20,21,22,23,24,35,27,27,19,20,21,22,33,24,35,26,27,19,20,22,22,23,24,26,26,27,29,29,31,31,33,33,35,35,36,28,29,30,31,32,33,26,36,36,28,29,30,31,24,33,26,35,36,28,29,31,31,32,33,35,35,36]}