{"policy":"nolearning","smax":[5,1],"alpha":0.2,"beta":0.95,"gamma":1.0,"sigma":2.0,"v0":1.0,"accuracy":1.0e-8,"cost_entry":[0,10],"value_exit":[0,1],"cost_merger":[0,10],"entry":true,"exit":true,"mergers":true,"filename":"nolearning_a2s20v10","verbose":true,"firms":[1,2,3,4],"rival":[2,1,4,3],"partner":[3,4,1,2],"merger_pairs":[1,2,1,2,3,4,4,3],"outcomes":[1,0,1,0,1,0,0,0,0,0,1,0,1,0,1,0,0,0,1,0,0,1,0,0,1,0,0,0,1,1,0,0,0,0,1,0,0,0,0,0,1,1,1,1,2],"ownership":[0,3,0,3,0,0,4,4,0,1,0,1,0,0,2,2],"S":[1,1,1,1,1,1,1,1,1,0,0,1,1,0,0,1,1,1,1,1,1,1,1,1,1,1,1,0,0,0,0,1,1,1,1,1,0,1,0,1,0,1,0,1,3],"ms":9,"scale":[1.3195079107728942,1.3195079107728942,1.3195079107728942,1.3195079107728942,1.3195079107728942,1.3195079107728942,1.3195079107728942,1.3195079107728942,1.3195079107728942,0.0,0.0,1.3195079107728942,1.3195079107728942,0.0,0.0,1.3195079107728942,1.3195079107728942,1.3195079107728942,1.0,1.0,1.0,1.0,1.0,1.0,1.0,1.0,1.0,0.0,0.0,0.0,0.0,1.0,1.0,1.0,1.0,1.0],"D":[0.5733126245546551,0.7268133716091945,0.4171523861346258,0.5394568483044991,0.5733126245568025,0.6546992456760912,0.4171523861298235,0.4703812231741984,0.4837743519472174,0.0,0.0,0.41715239129855974,0.36989382911867774,0.0,0.0,0.41715239131554743,0.4065826299227562,0.4837743585319567,0.500000000004807,0.7268133716091945,0.5000000000043823,0.6497926853849072,0.3745863905864242,0.6546992456760912,0.3745863905908668,0.5575973289606316,0.4837743519472174,0.0,0.0,0.0,0.0,0.3745863935593706,0.23073072444133463,0.37458639353810813,0.2856523609208191,0.4837743585319567],"Q":[0.2866563122800835,0.7268133716091945,0.208576193069141,0.5394568483044991,0.21475510671036244,0.6546992456760912,0.15625960664673819,0.4703812231741984,0.4837743519472174,0.0,0.0,0.0,0.0,0.0,0.0,0.15625960981868853,0.20620987980088004,0.4837743585319567,0.0,0.0,0.0,0.0,0.21475510841479017,0.0,0.1562596078761869,0.0,0.0,0.0,0.0,0.20857619565110797,0.11033583708040806,0.0,0.0,0.15625960858923976,0.08721610578643324,0.0,0.2866563122745716,0.0,0.2085761930654848,0.0,0.14380240943164996,0.0,0.10463317160689842,0.0,0.0,0.0,0.0,0.20857619564745175,0.2595579920382697,0.0,0.0,0.10463317290761914,0.11315664433544292,0.0,0.21334368772472356,0.0,0.08284761128413337,0.0,0.15983128387606177,0.0,0.06206717535488886,0.0,0.0,0.0,0.0,0.0,0.0,0.15983128514458048,0.23073072444133463,0.06206717584323266,0.07944248111993903,0.0,0.21334368772062134,0.27318662839080554,0.08284761128268112,0.09064932257682314,0.10702480642255512,0.11457002988257414,0.04156087135650746,0.043593665783106264,0.03245128952082588],"P":[-0.14768977862824978,-0.40438259342944893,-0.4616507486131711,-1.319507853675279,-0.14768977863263918,-0.3714948562749455,-0.4616507486441859,-1.3195078490294643,-0.8352235558761157,-0.0,-0.0,-0.46165075480267653,-0.5259908447407539,-0.0,-0.0,-0.46165075485980894,-0.4769306161192632,-0.8352235592789105,-9.61412893243111e-12,-0.08487468265655473,-8.764673154369099e-12,0.4277256873392145,-0.200529069895761,-0.5,-0.200529069868162,0.13019203929476722,-0.5157156451032215,-0.0,-0.0,-0.0,-0.0,-0.20052907386406638,-0.3500325423912318,-0.20052907380215604,-0.3000606961400037,-0.5157156485060163],"PI":[0.6718181288405798,0.6651253173433235,0.3578571621576071,3.080169959677946e-8,0.6718181288405797,0.6206634316708941,0.3578571621405496,2.9042950090798797e-8,0.23428434994836525,0.0,0.0,0.35785716400555784,0.29351706602564703,0.0,0.0,0.3578571639962979,0.34257729237347434,0.23428435149106663,0.5,0.6651253173433235,0.49999999999999994,0.9277257083691607,0.29947093008651826,0.3273496228380456,0.29947093010040826,0.6301920623233315,0.23428434994836525,0.0,0.0,0.0,0.0,0.29947093097682936,0.14996746235736355,0.2994709309830214,0.19993931464888254,0.23428435149106663],"CS":[0.7724254281419797,0.7926410846659289,1.2453761836788326,1.3442194436069208,1.1173473178325828,1.2271255503523464,1.5902980733705858,1.7102627459185527,2.060581139240605],"V":[8.584596683796162,3.1486291928369554,7.1316032753672145,2.5160664895963017e-6,8.584347514590798,2.917696365280578,7.157134734927227,2.5039347576517246e-6,4.685682093032145,0.0,0.0,7.131603307441474,6.513123750925214,0.0,0.0,7.157134772042123,6.8515377849693175,4.68568212388613,7.04763753717705,13.369419747871317,7.043883709242582,14.656190761086672,5.989411330268887,11.180183883471793,5.9894113303320315,12.603824334801713,4.685681627375073,0.0,0.0,0.0,0.0,5.98941134795612,3.763867851425086,5.989411347984268,3.9987819224879253,4.685681658229058],"pr_entry":[0.0,0.0,0.0,0.0,0.0,0.0,0.0,0.0,0.0,0.17829007132401042,0.16282808267790347,0.0,0.0,0.1789283581064691,0.1712884340156801,0.0,0.0,0.0,0.0,0.0,0.0,0.0,0.0,0.0,0.0,0.0,0.0,0.14973527413090806,0.09409669017125408,0.14973527413161178,0.09996954231155378,0.0,0.0,0.0,0.0,0.0],"pr_exit":[0.0,0.0,0.0,0.0,0.0,0.0,0.0,0.0,0.0,0.0,0.0,0.0,0.0,0.0,0.0,0.0,0.0,0.0,0.0,0.0,0.0,0.0,0.0,0.0,0.0,0.0,0.0,0.0,0.0,0.0,0.0,0.0,0.0,0.0,0.0,0.0],"pr_merger":[0.01932843133657136,0.0,0.010740025007695131,0.0,0.0,0.0,0.0,0.0,0.0,0.0,0.0,0.0,0.0,0.0,0.0,0.0,0.0,0.0,0.0,0.0,0.0,0.0,0.0,0.0,0.0,0.0,0.0,0.0,0.0,0.010740024186969666,0.0,0.0,0.0,0.0,0.0,0.0],"active_firms":[true,true,true,true,true,true,true,true,true,false,false,true,true,false,false,true,true,true,true,true,true,true,true,true,true,true,true,false,false,false,false,true,true,true,true,true,true,true,true,true,true,true,true,true,true],"active_outcomes":[1.0,1.0,1.0,1.0,1.0,1.0,1.0,1.0,1.0,0.0,0.0,0.0,0.0,0.0,0.0,1.0,1.0,1.0,0.0,0.0,0.0,0.0,1.0,0.0,1.0,0.0,0.0,0.0,0.0,1.0,1.0,0.0,0.0,1.0,1.0,0.0,1.0,0.0,1.0,0.0,1.0,0.0,1.0,0.0,0.0,0.0,0.0,1.0,1.0,0.0,0.0,1.0,1.0,0.0,1.0,0.0,1.0,0.0,1.0,0.0,1.0,0.0,0.0,0.0,0.0,0.0,0.0,1.0,1.0,1.0,1.0,0.0,1.0,1.0,1.0,1.0,1.0,1.0,1.0,1.0,1.0],"markets":[1,2,3,4,3,4,7,8,9],"marketnames":["20","21","30","31","40","41","43"],"idx_up":[1,2,3,4,5,6,7,8,9,1,2,3,4,5,6,7,8,9,1,2,3,4,5,6,7,8,9,1,2,3,4,5,6,7,8,9,1,2,3,4,5,6,7,8,9,1,2,3,4,5,6,7,8,9,1,2,3,4,5,6,7,8,9,1,2,3,4,5,6,7,8,9,1,2,3,4,5,6,7,8,9,10,11,12,13,14,15,16,17,18,10,11,12,13,14,15,16,17,18,10,11,12,13,14,15,16,17,18,10,11,12,13,14,15,16,17,18,10,11,12,13,14,15,16,17,18,10,11,12,13,14,15,16,17,18,10,11,12,13,14,15,16,17,18,10,11,12,13,14,15,16,17,18,10,11,12,13,14,15,16,17,18,19,20,21,22,23,24,25,26,27,19,20,21,22,23,24,25,26,27,19,20,21,22,23,24,25,26,27,19,20,21,22,23,24,25,26,27,19,20,21,22,23,24,25,26,27,19,20,21,22,23,24,25,26,27,19,20,21,22,23,24,25,26,27,19,20,21,22,23,24,25,26,27,19,20,21,22,23,24,25,26,27,28,29,30,31,32,33,34,35,36,28,29,30,31,32,33,34,35,36,28,29,30,31,32,33,34,35,36,28,29,30,31,32,33,34,35,36,28,29,30,31,32,33,34,35,36,28,29,30,31,32,33,34,35,36,28,29,30,31,32,33,34,35,36,28,29,30,31,32,33,34,35,36,28,29,30,31,32,33,34,35,36],"idx_entry":[1,2,3,4,5,6,7,8,9,3,4,3,4,7,8,7,8,9,1,2,3,4,5,6,7,8,9,5,6,7,8,5,6,7,8,9,10,11,12,13,14,15,16,17,18,12,13,12,13,16,17,16,17,18,10,11,12,13,14,15,16,17,18,14,15,16,17,14,15,16,17,18,19,20,21,22,23,24,25,26,27,21,22,21,22,25,26,25,26,27,19,20,21,22,23,24,25,26,27,23,24,25,26,23,24,25,26,27,28,29,30,31,32,33,34,35,36,30,31,30,31,34,35,34,35,36,28,29,30,31,32,33,34,35,36,32,33,34,35,32,33,34,35,36],"idx_exit":[1,2,10,10,5,6,14,14,15,1,2,1,2,5,6,5,6,6,1,2,3,4,1,1,3,3,13,1,2,3,4,1,2,3,4,4,10,11,1,1,14,15,5,5,6,10,11,10,11,14,15,14,15,15,10,11,12,13,10,10,12,12,4,10,11,12,13,10,11,12,13,13,19,20,19,19,23,24,23,23,33,19,20,19,20,23,24,23,24,24,19,20,21,22,28,28,30,30,31,19,20,21,22,19,20,21,22,22,28,29,28,28,32,33,32,32,24,28,29,28,29,32,33,32,33,33,28,29,30,31,19,19,21,21,22,28,29,30,31,28,29,30,31,31],"idx_merger":[2,2,4,4,6,6,8,8,9,1,2,3,4,5,6,17,9,9,1,2,3,4,6,6,8,8,9,1,2,13,4,5,6,17,8,9,11,11,13,13,15,15,17,17,18,10,11,12,13,14,15,8,18,18,10,11,12,13,15,15,17,17,18,10,11,4,13,14,15,8,17,18,20,20,22,22,24,24,26,26,27,19,20,21,22,23,24,35,27,27,19,20,21,22,33,24,35,26,27,19,20,22,22,23,24,26,26,27,29,29,31,31,33,33,35,35,36,28,29,30,31,32,33,26,36,36,28,29,30,31,24,33,26,35,36,28,29,31,31,32,33,35,35,36]}