{"policy":"nolearning","smax":[5,1],"alpha":0.1,"beta":0.95,"gamma":1.0,"sigma":3.0,"v0":1.0,"accuracy":1.0e-8,"cost_entry":[0,10],"value_exit":[0,1],"cost_merger":[0,10],"entry":true,"exit":true,"mergers":true,"filename":"nolearning_a1s30v10","verbose":true,"firms":[1,2,3,4],"rival":[2,1,4,3],"partner":[3,4,1,2],"merger_pairs":[1,2,1,2,3,4,4,3],"outcomes":[1,0,1,0,1,0,0,0,0,0,1,0,1,0,1,0,0,0,1,0,0,1,0,0,1,0,0,0,1,1,0,0,0,0,1,0,0,0,0,0,1,1,1,1,2],"ownership":[0,3,0,3,0,0,4,4,0,1,0,1,0,0,2,2],"S":[1,1,1,1,1,1,1,1,1,0,0,1,1,0,0,1,1,1,1,1,1,1,1,1,1,1,1,0,0,0,0,1,1,1,1,1,0,1,0,1,0,1,0,1,3],"ms":9,"scale":[1.148698354997035,1.148698354997035,1.148698354997035,1.148698354997035,1.148698354997035,1.148698354997035,1.148698354997035,1.148698354997035,1.148698354997035,0.0,0.0,1.148698354997035,1.148698354997035,0.0,0.0,1.148698354997035,1.148698354997035,1.148698354997035,1.0,1.0,1.0,1.0,1.0,1.0,1.0,1.0,1.0,0.0,0.0,0.0,0.0,1.0,1.0,1.0,1.0,1.0],"D":[0.6475923024449093,0.8018977193545913,0.45466592082581053,0.6005954586123096,0.6475923024342874,0.7237008852790088,0.454665920836259,0.5178034752289519,0.4971190252826629,0.0,0.0,0.4546659264592263,0.36295842077722923,0.0,0.0,0.45466592644535203,0.42258921392140275,0.49711902136596914,0.6089389667853885,0.8018977193545913,0.6089389667849032,0.7255769275546737,0.4360635237954778,0.7237008852790088,0.4360635238024913,0.6094305376366386,0.4971190252826629,0.0,0.0,0.0,0.0,0.43606351732587906,0.23345582086390482,0.4360635173205468,0.3209048577392658,0.49711902136596914],"Q":[0.3943441875489738,0.8018977193545913,0.2768637960599757,0.6005954586123096,0.2823913813823222,0.7237008852790088,0.1982632235927636,0.5178034752289519,0.4971190252826629,0.0,0.0,0.0,0.0,0.0,0.0,0.1982632230915652,0.27192950904538915,0.49711902136596914,0.0,0.0,0.0,0.0,0.2823913771926599,0.0,0.19826322064564442,0.0,0.0,0.0,0.0,0.2768637994903821,0.12498146894236413,0.0,0.0,0.19826322603868451,0.0916270624076867,0.0,0.2532481148959354,0.0,0.17780212476583485,0.0,0.08280954385930542,0.0,0.058139476597851,0.0,0.0,0.0,0.0,0.17780212696884426,0.23797695183486509,0.0,0.0,0.05813947731510231,0.059032642468326915,0.0,0.21459477923641468,0.0,0.0552113712345454,0.0,0.15367214241315558,0.0,0.03953707417104318,0.0,0.0,0.0,0.0,0.0,0.0,0.15367214013321917,0.23345582086390482,0.03953707358333725,0.048975348693876666,0.0,0.13781291831867615,0.19810228064540866,0.035456781480417636,0.03644612061046117,0.04506341501933761,0.042843293857086455,0.011594004964008676,0.010631962155768419,0.005761953351368076],"P":[-0.2028241994655805,-0.3073821110854932,-0.5374522471964599,-1.1486983072842762,-0.20282419945006658,-0.44227634503169794,-0.5374522471915246,-1.1486983002641884,-0.8172746681976043,-0.0,-0.0,-0.537452251326537,-0.6254462685338592,-0.0,-0.0,-0.5374522513037695,-0.5714085970493417,-0.8172746668844735,-0.1476181336542144,-0.15868375608845808,-0.14761813365353502,0.21466945003359203,-0.4089168890729511,-0.5,-0.4089168890826944,-0.14654537203007867,-0.6685763132005692,-0.0,-0.0,-0.0,-0.0,-0.4089168841274952,-0.5651479083848207,-0.40891688412780125,-0.509150773899918,-0.6685763118874384],"PI":[0.612540822203749,0.6746495772486365,0.27791277445434115,2.8656066286151076e-8,0.6125408222037487,0.5112382339924912,0.2779127744629717,2.83408582300832e-8,0.16475702013731958,0.0,0.0,0.27791277601993936,0.18991875097106453,0.0,0.0,0.2779127760218103,0.24395642501599263,0.16475701949201682,0.5190485329992038,0.6746495772486365,0.5190485329992038,0.881336127549899,0.25774978420684225,0.3618504426395044,0.2577497842067391,0.5201213127721865,0.16475702013731958,0.0,0.0,0.0,0.0,0.25774978253930453,0.10151875200240763,0.2577497825360193,0.15751590107307553,0.16475701949201682],"CS":[0.6606193926422045,0.6355512950663234,1.1131469157496952,1.1998674430277982,1.033228186194078,1.1459627404632458,1.4857557093038156,1.6105241964980934,1.949875306274086],"V":[7.4344564579578725,3.959247375538762,5.452980293913192,2.6247405609814954e-6,7.396779297446121,3.0819959707424345,5.558247599111639,2.6222152580878697e-6,3.2951365620557267,0.0,0.0,5.4529803166713675,4.446196676382467,0.0,0.0,5.5582476302883554,4.879121825353543,3.2951365491496936,6.771130150109049,12.184679493419592,6.747667224246161,13.296297450502864,5.1549882494817,9.448275402259693,5.154988249481141,10.402409431411098,3.295136295985469,0.0,0.0,0.0,0.0,5.154988216084852,2.8127360369426437,5.1549882160668075,3.150314173835413,3.295136283079437],"pr_entry":[0.0,0.0,0.0,0.0,0.0,0.0,0.0,0.0,0.0,0.13632449736613492,0.11115490743098226,0.0,0.0,0.1389561803754354,0.12197803685098821,0.0,0.0,0.0,0.0,0.0,0.0,0.0,0.0,0.0,0.0,0.0,0.0,0.12887469561968237,0.07031839525322851,0.12887469561923123,0.07875784928321945,0.0,0.0,0.0,0.0,0.0],"pr_exit":[0.0,0.0,0.0,0.0,0.0,0.0,0.0,0.0,0.0,0.0,0.0,0.0,0.0,0.0,0.0,0.0,0.0,0.0,0.0,0.0,0.0,0.0,0.0,0.0,0.0,0.0,0.0,0.0,0.0,0.0,0.0,0.0,0.0,0.0,0.0,0.0],"pr_merger":[0.04635410029654894,0.0,0.026485649311038716,0.0,0.0,0.0,0.0,0.0,0.0,0.0,0.0,0.0,0.0,0.0,0.0,0.0,0.0,0.0,0.0,0.0,0.0,0.0,0.0,0.0,0.0,0.0,0.0,0.0,0.0,0.026485648714960952,0.0,0.0,0.0,0.0,0.0,0.0],"active_firms":[true,true,true,true,true,true,true,true,true,false,false,true,true,false,false,true,true,true,true,true,true,true,true,true,true,true,true,false,false,false,false,true,true,true,true,true,true,true,true,true,true,true,true,true,true],"active_outcomes":[1.0,1.0,1.0,1.0,1.0,1.0,1.0,1.0,1.0,0.0,0.0,0.0,0.0,0.0,0.0,1.0,1.0,1.0,0.0,0.0,0.0,0.0,1.0,0.0,1.0,0.0,0.0,0.0,0.0,1.0,1.0,0.0,0.0,1.0,1.0,0.0,1.0,0.0,1.0,0.0,1.0,0.0,1.0,0.0,0.0,0.0,0.0,1.0,1.0,0.0,0.0,1.0,1.0,0.0,1.0,0.0,1.0,0.0,1.0,0.0,1.0,0.0,0.0,0.0,0.0,0.0,0.0,1.0,1.0,1.0,1.0,0.0,1.0,1.0,1.0,1.0,1.0,1.0,1.0,1.0,1.0],"markets":[1,2,3,4,3,4,7,8,9],"marketnames":["20","21","30","31","40","41","43"],"idx_up":[1,2,3,4,5,6,7,8,9,1,2,3,4,5,6,7,8,9,1,2,3,4,5,6,7,8,9,1,2,3,4,5,6,7,8,9,1,2,3,4,5,6,7,8,9,1,2,3,4,5,6,7,8,9,1,2,3,4,5,6,7,8,9,1,2,3,4,5,6,7,8,9,1,2,3,4,5,6,7,8,9,10,11,12,13,14,15,16,17,18,10,11,12,13,14,15,16,17,18,10,11,12,13,14,15,16,17,18,10,11,12,13,14,15,16,17,18,10,11,12,13,14,15,16,17,18,10,11,12,13,14,15,16,17,18,10,11,12,13,14,15,16,17,18,10,11,12,13,14,15,16,17,18,10,11,12,13,14,15,16,17,18,19,20,21,22,23,24,25,26,27,19,20,21,22,23,24,25,26,27,19,20,21,22,23,24,25,26,27,19,20,21,22,23,24,25,26,27,19,20,21,22,23,24,25,26,27,19,20,21,22,23,24,25,26,27,19,20,21,22,23,24,25,26,27,19,20,21,22,23,24,25,26,27,19,20,21,22,23,24,25,26,27,28,29,30,31,32,33,34,35,36,28,29,30,31,32,33,34,35,36,28,29,30,31,32,33,34,35,36,28,29,30,31,32,33,34,35,36,28,29,30,31,32,33,34,35,36,28,29,30,31,32,33,34,35,36,28,29,30,31,32,33,34,35,36,28,29,30,31,32,33,34,35,36,28,29,30,31,32,33,34,35,36],"idx_entry":[1,2,3,4,5,6,7,8,9,3,4,3,4,7,8,7,8,9,1,2,3,4,5,6,7,8,9,5,6,7,8,5,6,7,8,9,10,11,12,13,14,15,16,17,18,12,13,12,13,16,17,16,17,18,10,11,12,13,14,15,16,17,18,14,15,16,17,14,15,16,17,18,19,20,21,22,23,24,25,26,27,21,22,21,22,25,26,25,26,27,19,20,21,22,23,24,25,26,27,23,24,25,26,23,24,25,26,27,28,29,30,31,32,33,34,35,36,30,31,30,31,34,35,34,35,36,28,29,30,31,32,33,34,35,36,32,33,34,35,32,33,34,35,36],"idx_exit":[1,2,10,10,5,6,14,14,15,1,2,1,2,5,6,5,6,6,1,2,3,4,1,1,3,3,13,1,2,3,4,1,2,3,4,4,10,11,1,1,14,15,5,5,6,10,11,10,11,14,15,14,15,15,10,11,12,13,10,10,12,12,4,10,11,12,13,10,11,12,13,13,19,20,19,19,23,24,23,23,33,19,20,19,20,23,24,23,24,24,19,20,21,22,28,28,30,30,31,19,20,21,22,19,20,21,22,22,28,29,28,28,32,33,32,32,24,28,29,28,29,32,33,32,33,33,28,29,30,31,19,19,21,21,22,28,29,30,31,28,29,30,31,31],"idx_merger":[2,2,4,4,6,6,8,8,9,1,2,3,4,5,6,17,9,9,1,2,3,4,6,6,8,8,9,1,2,13,4,5,6,17,8,9,11,11,13,13,15,15,17,17,18,10,11,12,13,14,15,8,18,18,10,11,12,13,15,15,17,17,18,10,11,4,13,14,15,8,17,18,20,20,22,22,24,24,26,26,27,19,20,21,22,23,24,35,27,27,19,20,21,22,33,24,35,26,27,19,20,22,22,23,24,26,26,27,29,29,31,31,33,33,35,35,36,28,29,30,31,32,33,26,36,36,28,29,30,31,24,33,26,35,36,28,29,31,31,32,33,35,35,36]}