{"policy":"nolearning","smax":[5,1],"alpha":0.4,"beta":0.95,"gamma":1.0,"sigma":4.0,"v0":1.0,"accuracy":1.0e-8,"cost_entry":[0,10],"value_exit":[0,1],"cost_merger":[0,10],"entry":true,"exit":true,"mergers":true,"filename":"nolearning_a4s40v10","verbose":true,"firms":[1,2,3,4],"rival":[2,1,4,3],"partner":[3,4,1,2],"merger_pairs":[1,2,1,2,3,4,4,3],"outcomes":[1,0,1,0,1,0,0,0,0,0,1,0,1,0,1,0,0,0,1,0,0,1,0,0,1,0,0,0,1,1,0,0,0,0,1,0,0,0,0,0,1,1,1,1,2],"ownership":[0,3,0,3,0,0,4,4,0,1,0,1,0,0,2,2],"S":[1,1,1,1,1,1,1,1,1,0,0,1,1,0,0,1,1,1,1,1,1,1,1,1,1,1,1,0,0,0,0,1,1,1,1,1,0,1,0,1,0,1,0,1,3],"ms":9,"scale":[1.7411011265922482,1.7411011265922482,1.7411011265922482,1.7411011265922482,1.7411011265922482,1.7411011265922482,1.7411011265922482,1.7411011265922482,1.7411011265922482,0.0,0.0,1.7411011265922482,1.7411011265922482,0.0,0.0,1.7411011265922482,1.7411011265922482,1.7411011265922482,1.0,1.0,1.0,1.0,1.0,1.0,1.0,1.0,1.0,0.0,0.0,0.0,0.0,1.0,1.0,1.0,1.0,1.0],"D":[0.8171031164069533,0.887612895533026,0.49827244493469947,0.641890905733546,0.8171031164071851,0.8436201513686559,0.4982724449378489,0.5510987756014449,0.49996803383810867,0.0,0.0,0.4982724389229525,0.3571169955909106,0.0,0.0,0.49827243891969647,0.4468475299513348,0.4999680375448238,0.6882734745077641,0.887612895533026,0.6882734745112762,0.7773846617122206,0.4713768114420159,0.8436201513686559,0.47137681145637783,0.64148523638121,0.49996803383810867,0.0,0.0,0.0,0.0,0.4713768064163009,0.14763920660629024,0.4713768064032275,0.33142585145201214,0.4999680375448238],"Q":[0.5623904009605358,0.887612895533026,0.3429477069284341,0.641890905733546,0.38516346163135334,0.8436201513686559,0.23487407633137689,0.5510987756014449,0.49996803383810867,0.0,0.0,0.0,0.0,0.0,0.0,0.2348740709767138,0.32952733150287,0.4999680375448238,0.0,0.0,0.0,0.0,0.385163457524826,0.0,0.2348740738135312,0.0,0.0,0.0,0.0,0.34294770279070813,0.1354937559786747,0.0,0.0,0.23487407349455927,0.09038646077976506,0.0,0.25471271544641744,0.0,0.15532473800626534,0.0,0.04677619725100585,0.0,0.0285242947929408,0.0,0.0,0.0,0.0,0.15532473613224432,0.22162323961223593,0.0,0.0,0.028524294448423356,0.026933737668699748,0.0,0.12588307354722833,0.0,0.0023780647921339032,0.0,0.08621334981066252,0.0,0.0016286616304416765,0.0,0.0,0.0,0.0,0.0,0.0,0.08621334889147493,0.14763920660629024,0.001628661612982455,0.001898519949142143,0.0,0.05701381004581835,0.11238710446697385,0.001077051350214167,0.0009920986755433921,0.010470184890677187,0.008740642025053938,0.00019779289903039792,0.000155174498078143,6.392861706753916e-5],"P":[-0.37421069599338563,-0.6288738779908405,-1.2428227333072912,-1.7411010822919584,-0.37421069599377377,-0.6424296726139691,-1.2428227333011683,-1.741101065886031,-1.4911171058550998,-0.0,-0.0,-1.242822730290996,-1.3522278816502828,-0.0,-0.0,-1.2428227302816595,-1.2891461726098108,-1.4911171067818378,-0.1980149920972961,0.11222724860140776,-0.19801499210138823,0.12301331583776094,-0.5270733380137014,-0.5,-0.5270733380269453,-0.302678699212036,-0.7500159792628516,-0.0,-0.0,-0.0,-0.0,-0.5270733353482568,-0.7066969647734676,-0.5270733353469501,-0.6260699024299853,-0.7500159801895896],"PI":[1.116890430629173,0.9872272486218263,0.24827839328022927,2.8435953195905812e-8,1.1168904306291727,0.926861378309577,0.24827839328484944,3.345512195061498e-8,0.12498401933889708,0.0,0.0,0.24827839178764244,0.13887324489936295,0.0,0.0,0.24827839179067215,0.20195495483632137,0.12498401980217724,0.5519850078923306,0.9872272486218263,0.5519850078923307,0.873013326630857,0.22292666197301747,0.42181007568432793,0.22292666197356673,0.4473213194696199,0.12498401933889708,0.0,0.0,0.0,0.0,0.2229266608526516,0.04330302741606205,0.2229266608470848,0.12393010097067611,0.12498401980217724],"CS":[0.7161154397468565,0.6183720373744274,1.7083820507521004,1.8008425141910556,1.1398058987912862,1.2568634265550602,2.1320725097913202,2.264660588168796,2.5877226589898092],"V":[10.452592136524258,7.182084716321036,4.767462467388434,4.649204392665136e-6,10.172416960504084,6.351484403492593,4.965560409282511,4.695308216536313e-6,2.49967863260219,0.0,0.0,4.767462447985748,3.459653603172515,0.0,0.0,4.965560379399037,4.039093782723631,2.49967864186777,6.884205008779398,13.74204929528072,6.711224615074206,12.856623087272215,4.249350446985591,8.771587747277447,4.458525241790052,8.946408013687696,2.499676918843733,0.0,0.0,0.0,0.0,4.2493504320102256,1.926087456613054,4.458525219260467,2.478598600221955,2.4996769281093116],"pr_entry":[0.0,0.0,0.0,0.0,0.0,0.0,0.0,0.0,0.0,0.11918655116314045,0.08649133203544389,0.0,0.0,0.12413899967390438,0.10097733757598182,0.0,0.0,0.0,0.0,0.0,0.0,0.0,0.0,0.0,0.0,0.0,0.0,0.10623374983748653,0.04815218095993083,0.11146311995824694,0.06196496050661261,0.0,0.0,0.0,0.0,0.0],"pr_exit":[0.0,0.0,0.0,0.0,0.0,0.0,0.0,0.0,0.0,0.0,0.0,0.0,0.0,0.0,0.0,0.0,0.0,0.0,0.0,0.0,0.0,0.0,0.0,0.0,0.0,0.0,0.0,0.0,0.0,0.0,0.0,0.0,0.0,0.0,0.0,0.0],"pr_merger":[0.09045291223355381,0.0,0.034116418343635144,0.0,0.01745023548058382,0.0,0.0,0.0,0.0,0.0,0.0,0.0,0.0,0.0,0.0,0.0,0.0,0.0,0.0,0.0,0.0,0.0,0.017450235878412233,0.0,0.0,0.0,0.0,0.0,0.0,0.03411641885790773,0.0,0.0,0.0,0.0,0.0,0.0],"active_firms":[true,true,true,true,true,true,true,true,true,false,false,true,true,false,false,true,true,true,true,true,true,true,true,true,true,true,true,false,false,false,false,true,true,true,true,true,true,true,true,true,true,true,true,true,true],"active_outcomes":[1.0,1.0,1.0,1.0,1.0,1.0,1.0,1.0,1.0,0.0,0.0,0.0,0.0,0.0,0.0,1.0,1.0,1.0,0.0,0.0,0.0,0.0,1.0,0.0,1.0,0.0,0.0,0.0,0.0,1.0,1.0,0.0,0.0,1.0,1.0,0.0,1.0,0.0,1.0,0.0,1.0,0.0,1.0,0.0,0.0,0.0,0.0,1.0,1.0,0.0,0.0,1.0,1.0,0.0,1.0,0.0,1.0,0.0,1.0,0.0,1.0,0.0,0.0,0.0,0.0,0.0,0.0,1.0,1.0,1.0,1.0,0.0,1.0,1.0,1.0,1.0,1.0,1.0,1.0,1.0,1.0],"markets":[1,2,3,4,3,4,7,8,9],"marketnames":["20","21","30","31","40","41","43"],"idx_up":[1,2,3,4,5,6,7,8,9,1,2,3,4,5,6,7,8,9,1,2,3,4,5,6,7,8,9,1,2,3,4,5,6,7,8,9,1,2,3,4,5,6,7,8,9,1,2,3,4,5,6,7,8,9,1,2,3,4,5,6,7,8,9,1,2,3,4,5,6,7,8,9,1,2,3,4,5,6,7,8,9,10,11,12,13,14,15,16,17,18,10,11,12,13,14,15,16,17,18,10,11,12,13,14,15,16,17,18,10,11,12,13,14,15,16,17,18,10,11,12,13,14,15,16,17,18,10,11,12,13,14,15,16,17,18,10,11,12,13,14,15,16,17,18,10,11,12,13,14,15,16,17,18,10,11,12,13,14,15,16,17,18,19,20,21,22,23,24,25,26,27,19,20,21,22,23,24,25,26,27,19,20,21,22,23,24,25,26,27,19,20,21,22,23,24,25,26,27,19,20,21,22,23,24,25,26,27,19,20,21,22,23,24,25,26,27,19,20,21,22,23,24,25,26,27,19,20,21,22,23,24,25,26,27,19,20,21,22,23,24,25,26,27,28,29,30,31,32,33,34,35,36,28,29,30,31,32,33,34,35,36,28,29,30,31,32,33,34,35,36,28,29,30,31,32,33,34,35,36,28,29,30,31,32,33,34,35,36,28,29,30,31,32,33,34,35,36,28,29,30,31,32,33,34,35,36,28,29,30,31,32,33,34,35,36,28,29,30,31,32,33,34,35,36],"idx_entry":[1,2,3,4,5,6,7,8,9,3,4,3,4,7,8,7,8,9,1,2,3,4,5,6,7,8,9,5,6,7,8,5,6,7,8,9,10,11,12,13,14,15,16,17,18,12,13,12,13,16,17,16,17,18,10,11,12,13,14,15,16,17,18,14,15,16,17,14,15,16,17,18,19,20,21,22,23,24,25,26,27,21,22,21,22,25,26,25,26,27,19,20,21,22,23,24,25,26,27,23,24,25,26,23,24,25,26,27,28,29,30,31,32,33,34,35,36,30,31,30,31,34,35,34,35,36,28,29,30,31,32,33,34,35,36,32,33,34,35,32,33,34,35,36],"idx_exit":[1,2,10,10,5,6,14,14,15,1,2,1,2,5,6,5,6,6,1,2,3,4,1,1,3,3,13,1,2,3,4,1,2,3,4,4,10,11,1,1,14,15,5,5,6,10,11,10,11,14,15,14,15,15,10,11,12,13,10,10,12,12,4,10,11,12,13,10,11,12,13,13,19,20,19,19,23,24,23,23,33,19,20,19,20,23,24,23,24,24,19,20,21,22,28,28,30,30,31,19,20,21,22,19,20,21,22,22,28,29,28,28,32,33,32,32,24,28,29,28,29,32,33,32,33,33,28,29,30,31,19,19,21,21,22,28,29,30,31,28,29,30,31,31],"idx_merger":[2,2,4,4,6,6,8,8,9,1,2,3,4,5,6,17,9,9,1,2,3,4,6,6,8,8,9,1,2,13,4,5,6,17,8,9,11,11,13,13,15,15,17,17,18,10,11,12,13,14,15,8,18,18,10,11,12,13,15,15,17,17,18,10,11,4,13,14,15,8,17,18,20,20,22,22,24,24,26,26,27,19,20,21,22,23,24,35,27,27,19,20,21,22,33,24,35,26,27,19,20,22,22,23,24,26,26,27,29,29,31,31,33,33,35,35,36,28,29,30,31,32,33,26,36,36,28,29,30,31,24,33,26,35,36,28,29,31,31,32,33,35,35,36]}