{"policy":"nolearning","smax":[5,1],"alpha":0.7,"beta":0.95,"gamma":1.0,"sigma":5.0,"v0":1.0,"accuracy":1.0e-8,"cost_entry":[0,10],"value_exit":[0,1],"cost_merger":[0,10],"entry":true,"exit":true,"mergers":true,"filename":"nolearning_a7s50v10","verbose":true,"firms":[1,2,3,4],"rival":[2,1,4,3],"partner":[3,4,1,2],"merger_pairs":[1,2,1,2,3,4,4,3],"outcomes":[1,0,1,0,1,0,0,0,0,0,1,0,1,0,1,0,0,0,1,0,0,1,0,0,1,0,0,0,1,1,0,0,0,0,1,0,0,0,0,0,1,1,1,1,2],"ownership":[0,3,0,3,0,0,4,4,0,1,0,1,0,0,2,2],"S":[1,1,1,1,1,1,1,1,1,0,0,1,1,0,0,1,1,1,1,1,1,1,1,1,1,1,1,0,0,0,0,1,1,1,1,1,0,1,0,1,0,1,0,1,3],"ms":9,"scale":[2.6390158215457884,2.6390158215457884,2.6390158215457884,2.6390158215457884,2.6390158215457884,2.6390158215457884,2.6390158215457884,2.6390158215457884,2.6390158215457884,0.0,0.0,2.6390158215457884,2.6390158215457884,0.0,0.0,2.6390158215457884,2.6390158215457884,2.6390158215457884,1.0,1.0,1.0,1.0,1.0,1.0,1.0,1.0,1.0,0.0,0.0,0.0,0.0,1.0,1.0,1.0,1.0,1.0],"D":[0.9082763274880119,0.9355652705728136,0.49999656152141,0.6630873473119752,0.908276327482905,0.915813676472103,0.4999965615072589,0.5555125857908919,0.4999999747246535,0.0,0.0,0.49999656779450263,0.33691105496956136,0.0,0.0,0.49999656780865365,0.4444834459255497,0.4999999789800938,0.7453054096167163,0.9355652705728136,0.7453054096170468,0.8098495540632693,0.4883822330601391,0.915813676472103,0.48838223306675693,0.6473266219192035,0.4999999747246535,0.0,0.0,0.0,0.0,0.4883822368027383,0.08253240427323073,0.488382236796734,0.3421324986593076,0.4999999789800938],"Q":[0.6769432603036195,0.9355652705728136,0.3726501420918294,0.6630873473119752,0.44358602105176326,0.915813676472103,0.2441894372346153,0.5555125857908919,0.4999999747246535,0.0,0.0,0.0,0.0,0.0,0.0,0.24418944217708025,0.3421286489818056,0.4999999789800938,0.0,0.0,0.0,0.0,0.44358602445107753,0.0,0.2441894390995908,0.0,0.0,0.0,0.0,0.37265014676719926,0.1467622067512942,0.0,0.0,0.24418944031210435,0.09181403612831163,0.0,0.23133306718439237,0.0,0.12734641942958058,0.0,0.021104281980064185,0.0,0.011617685173052818,0.0,0.0,0.0,0.0,0.12734642102730337,0.19014884821826716,0.0,0.0,0.011617685319469075,0.01054076081543248,0.0,0.06836214931309684,0.0,5.120758018215362e-6,0.0,0.04479621200837586,0.0,3.3555200372879e-6,0.0,0.0,0.0,0.0,0.0,0.0,0.044796212351660786,0.08253240427323073,3.355520062915394e-6,3.849677502018406e-6,0.0,0.02336152319889126,0.06443472942718638,1.7499260693273712e-6,1.5977184635154877e-6,0.0021312481570585403,0.0016539192546663024,1.5964398717060962e-7,1.1860605618994961e-7,4.629525271416901e-8],"P":[-0.458553632014411,-1.0870577257225418,-2.2390185646170155,-2.639015779211362,-0.45855363200215055,-0.7633330313654787,-2.2390185646162695,-2.6390157626832282,-2.4390158290900708,-0.0,-0.0,-2.23901856712627,-2.3373971609633943,-0.0,-0.0,-2.2390185671368448,-2.2789905465687283,-2.439015829941159,-0.2147457875159188,0.5519580958232466,-0.21474578751626686,0.05179870825837952,-0.6090831570271165,-0.5,-0.6090831570351087,-0.4329030921608653,-0.8000000075442824,-0.0,-0.0,-0.0,-0.0,-0.6090831585597681,-0.7820086436202843,-0.6090831585625913,-0.6959874217615352,-0.8000000083953704],"PI":[1.980462189734029,1.4519580958365443,0.19999725308238242,2.807142236020688e-8,1.9804621897340293,1.7177759519704816,0.19999725307709507,3.2698893000426735e-8,0.09999999117278972,0.0,0.0,0.1999972543369836,0.10161866113532043,0.0,0.0,0.19999725433735666,0.16002527484209725,0.09999999159833371,0.5852542124887001,1.4519580958365443,0.5852542124887002,0.8517987148473714,0.1909168407119166,0.4579068382360515,0.19091684071060033,0.36709692565233293,0.09999999117278972,0.0,0.0,0.0,0.0,0.1909168414264418,0.01799135075280061,0.19091684142271584,0.10401258301658423,0.09999999159833371],"CS":[0.7513329835431807,0.6059569173722867,2.6511874034039775,2.726923195824413,1.2302094963312173,1.3384579148485494,3.130063916213087,3.2470280720284173,3.5162747189684693],"V":[17.40305526203584,13.111432694789876,3.792201400458879,8.494138847019465e-6,16.55474006799745,13.631859033030189,3.9999409943968858,8.540690150717843e-6,2.000001733158848,0.0,0.0,3.792201415802829,2.6129465496291084,0.0,0.0,3.9999410196020464,3.2005038188267476,2.0000017416697022,7.516008477261979,17.05874082840753,6.838066083040939,12.21790947908306,3.367178322140342,8.062564865300073,3.8183283915959167,7.341919560126215,1.9999968349504642,0.0,0.0,0.0,0.0,3.367178329906092,1.397604925217361,3.8183284058381908,2.0802484319932595,1.999996843461315],"pr_entry":[0.0,0.0,0.0,0.0,0.0,0.0,0.0,0.0,0.0,0.094805030058197,0.06532366033302205,0.0,0.0,0.09999852013854446,0.08001259326275396,0.0,0.0,0.0,0.0,0.0,0.0,0.0,0.0,0.0,0.0,0.0,0.0,0.08417944977890023,0.0349401184116878,0.09545819906356513,0.05200620655201778,0.0,0.0,0.0,0.0,0.0],"pr_exit":[0.0,0.0,0.0,0.0,0.0,0.0,0.0,0.0,0.0,0.0,0.0,0.0,0.0,0.0,0.0,0.0,0.0,0.0,0.0,0.0,0.0,0.0,0.0,0.0,0.0,0.0,0.0,0.0,0.0,0.0,0.0,0.0,0.0,0.0,0.0,0.0],"pr_merger":[0.1389391486277928,0.0,0.04006242820097863,0.0,0.04586179785788667,0.0,0.0,0.0,0.0,0.0,0.0,0.0,0.0,0.0,0.0,0.0,0.0,0.0,0.0,0.0,0.0,0.0,0.0458617976475519,0.0,0.0,0.0,0.0,0.0,0.0,0.04006242779384659,0.0,0.0,0.0,0.0,0.0,0.0],"active_firms":[true,true,true,true,true,true,true,true,true,false,false,true,true,false,false,true,true,true,true,true,true,true,true,true,true,true,true,false,false,false,false,true,true,true,true,true,true,true,true,true,true,true,true,true,true],"active_outcomes":[1.0,1.0,1.0,1.0,1.0,1.0,1.0,1.0,1.0,0.0,0.0,0.0,0.0,0.0,0.0,1.0,1.0,1.0,0.0,0.0,0.0,0.0,1.0,0.0,1.0,0.0,0.0,0.0,0.0,1.0,1.0,0.0,0.0,1.0,1.0,0.0,1.0,0.0,1.0,0.0,1.0,0.0,1.0,0.0,0.0,0.0,0.0,1.0,1.0,0.0,0.0,1.0,1.0,0.0,1.0,0.0,1.0,0.0,1.0,0.0,1.0,0.0,0.0,0.0,0.0,0.0,0.0,1.0,1.0,1.0,1.0,0.0,1.0,1.0,1.0,1.0,1.0,1.0,1.0,1.0,1.0],"markets":[1,2,3,4,3,4,7,8,9],"marketnames":["20","21","30","31","40","41","43"],"idx_up":[1,2,3,4,5,6,7,8,9,1,2,3,4,5,6,7,8,9,1,2,3,4,5,6,7,8,9,1,2,3,4,5,6,7,8,9,1,2,3,4,5,6,7,8,9,1,2,3,4,5,6,7,8,9,1,2,3,4,5,6,7,8,9,1,2,3,4,5,6,7,8,9,1,2,3,4,5,6,7,8,9,10,11,12,13,14,15,16,17,18,10,11,12,13,14,15,16,17,18,10,11,12,13,14,15,16,17,18,10,11,12,13,14,15,16,17,18,10,11,12,13,14,15,16,17,18,10,11,12,13,14,15,16,17,18,10,11,12,13,14,15,16,17,18,10,11,12,13,14,15,16,17,18,10,11,12,13,14,15,16,17,18,19,20,21,22,23,24,25,26,27,19,20,21,22,23,24,25,26,27,19,20,21,22,23,24,25,26,27,19,20,21,22,23,24,25,26,27,19,20,21,22,23,24,25,26,27,19,20,21,22,23,24,25,26,27,19,20,21,22,23,24,25,26,27,19,20,21,22,23,24,25,26,27,19,20,21,22,23,24,25,26,27,28,29,30,31,32,33,34,35,36,28,29,30,31,32,33,34,35,36,28,29,30,31,32,33,34,35,36,28,29,30,31,32,33,34,35,36,28,29,30,31,32,33,34,35,36,28,29,30,31,32,33,34,35,36,28,29,30,31,32,33,34,35,36,28,29,30,31,32,33,34,35,36,28,29,30,31,32,33,34,35,36],"idx_entry":[1,2,3,4,5,6,7,8,9,3,4,3,4,7,8,7,8,9,1,2,3,4,5,6,7,8,9,5,6,7,8,5,6,7,8,9,10,11,12,13,14,15,16,17,18,12,13,12,13,16,17,16,17,18,10,11,12,13,14,15,16,17,18,14,15,16,17,14,15,16,17,18,19,20,21,22,23,24,25,26,27,21,22,21,22,25,26,25,26,27,19,20,21,22,23,24,25,26,27,23,24,25,26,23,24,25,26,27,28,29,30,31,32,33,34,35,36,30,31,30,31,34,35,34,35,36,28,29,30,31,32,33,34,35,36,32,33,34,35,32,33,34,35,36],"idx_exit":[1,2,10,10,5,6,14,14,15,1,2,1,2,5,6,5,6,6,1,2,3,4,1,1,3,3,13,1,2,3,4,1,2,3,4,4,10,11,1,1,14,15,5,5,6,10,11,10,11,14,15,14,15,15,10,11,12,13,10,10,12,12,4,10,11,12,13,10,11,12,13,13,19,20,19,19,23,24,23,23,33,19,20,19,20,23,24,23,24,24,19,20,21,22,28,28,30,30,31,19,20,21,22,19,20,21,22,22,28,29,28,28,32,33,32,32,24,28,29,28,29,32,33,32,33,33,28,29,30,31,19,19,21,21,22,28,29,30,31,28,29,30,31,31],"idx_merger":[2,2,4,4,6,6,8,8,9,1,2,3,4,5,6,17,9,9,1,2,3,4,6,6,8,8,9,1,2,13,4,5,6,17,8,9,11,11,13,13,15,15,17,17,18,10,11,12,13,14,15,8,18,18,10,11,12,13,15,15,17,17,18,10,11,4,13,14,15,8,17,18,20,20,22,22,24,24,26,26,27,19,20,21,22,23,24,35,27,27,19,20,21,22,33,24,35,26,27,19,20,22,22,23,24,26,26,27,29,29,31,31,33,33,35,35,36,28,29,30,31,32,33,26,36,36,28,29,30,31,24,33,26,35,36,28,29,31,31,32,33,35,35,36]}