{"policy":"nolearning","smax":[5,1],"alpha":0.3,"beta":0.95,"gamma":1.0,"sigma":9.0,"v0":1.0,"accuracy":1.0e-8,"cost_entry":[0,10],"value_exit":[0,1],"cost_merger":[0,10],"entry":true,"exit":true,"mergers":true,"filename":"nolearning_a3s90v10","verbose":true,"firms":[1,2,3,4],"rival":[2,1,4,3],"partner":[3,4,1,2],"merger_pairs":[1,2,1,2,3,4,4,3],"outcomes":[1,0,1,0,1,0,0,0,0,0,1,0,1,0,1,0,0,0,1,0,0,1,0,0,1,0,0,0,1,1,0,0,0,0,1,0,0,0,0,0,1,1,1,1,2],"ownership":[0,3,0,3,0,0,4,4,0,1,0,1,0,0,2,2],"S":[1,1,1,1,1,1,1,1,1,0,0,1,1,0,0,1,1,1,1,1,1,1,1,1,1,1,1,0,0,0,0,1,1,1,1,1,0,1,0,1,0,1,0,1,3],"ms":9,"scale":[1.515716566510398,1.515716566510398,1.515716566510398,1.515716566510398,1.515716566510398,1.515716566510398,1.515716566510398,1.515716566510398,1.515716566510398,0.0,0.0,1.515716566510398,1.515716566510398,0.0,0.0,1.515716566510398,1.515716566510398,1.515716566510398,1.0,1.0,1.0,1.0,1.0,1.0,1.0,1.0,1.0,0.0,0.0,0.0,0.0,1.0,1.0,1.0,1.0,1.0],"D":[0.9115708021683646,0.9492701745199392,0.4999977980668935,0.8775952918524834,0.9115708021792646,0.9187277569343009,0.4999977980754695,0.6262902485593967,0.5000000018845879,0.0,0.0,0.4999978050271156,0.12240425288810365,0.0,0.0,0.4999978050185393,0.3737075557909674,0.4999999975727837,0.8607022208260954,0.9492701745199392,0.8607022208223766,0.8775952918524834,0.4997723426544548,0.9187277569343009,0.4997723426564501,0.6262902485593967,0.5000000018845879,0.0,0.0,0.0,0.0,0.4997723385857963,0.08124246953157985,0.4997723385837832,0.37348234242767414,0.4999999975727837],"Q":[0.7845910138665367,0.9492701745199392,0.4303492152024733,0.8775952918524834,0.45557787530053157,0.9187277569343009,0.24988507086724407,0.6262902485593967,0.5000000018845879,0.0,0.0,0.0,0.0,0.0,0.0,0.24988507230087384,0.37348014811413,0.4999999975727837,0.0,0.0,0.0,0.0,0.4555778715916613,0.0,0.24988506883091963,0.0,0.0,0.0,0.0,0.430349221193152,0.0,0.0,0.0,0.2498850743371983,0.0,0.0,0.12697978830182785,0.0,0.06964858286442013,0.0,0.0004150552870716253,0.0,0.0002276583773058391,0.0,0.0,0.0,0.0,0.06964858383396362,0.12240425288810365,0.0,0.0,0.00022765838046714943,0.00022740767683745417,0.0,0.07611120695955861,0.0,3.7844267512332655e-6,0.0,0.04419446735392323,0.0,2.1974520076868897e-6,0.0,0.0,0.0,0.0,0.0,0.0,0.04419446699413501,0.08124246953157985,2.1974519897797603e-6,2.1943135441204975e-6,0.0,0.012317990872076641,0.050729825480060775,6.124792398043241e-7,4.5525941299316434e-7,4.026347267733255e-5,2.977353411938818e-5,2.001993782746761e-9,1.3360917517064771e-9,5.426284593271816e-10],"P":[-0.2592185622580238,-0.42059047439971065,-1.2934953182010027,-1.0618487669875163,-0.25921856227304785,-0.8321430186426242,-1.2934953181975561,-1.367056934825841,-1.4046054549422717,-0.0,-0.0,-1.2934953197477257,-1.3891080309251587,-0.0,-0.0,-1.2934953197404675,-1.3383056521916736,-1.4046054544631823,-0.20234829488960776,0.09512609211068734,-0.20234829488616116,-0.5461322004771183,-0.7778789127203859,-0.3164264521322262,-0.7778789127164824,-0.851340368315443,-0.8888888884318737,-0.0,-0.0,-0.0,-0.0,-0.7778789118158277,-0.8790637256783896,-0.7778789118110332,-0.8226528656944442,-0.8888888879527843],"PI":[1.145386893659286,1.0395705365792511,0.11111013483837401,0.3983122439847278,1.1453868936592861,0.6280179923321818,0.11111013484200306,0.09310407767846957,0.055555555993461785,0.0,0.0,0.11111013561172517,0.015497423207568105,0.0,0.0,0.11111013561344842,0.06629979916069123,0.05555555575391714,0.6865405940342363,1.0395705365792511,0.6865405940342365,0.3983122439847278,0.11100997614268736,0.6280179923321818,0.11100997614508144,0.09310407767846957,0.055555555993461785,0.0,0.0,0.0,0.0,0.11100997569102568,0.009825161581836212,0.11100997569297469,0.06623602314327431,0.05555555575391714],"CS":[0.4885216014156362,0.36321370444816736,1.5895278654776637,1.6544533904964334,1.1244517650227681,1.189952527590348,2.225458029064367,2.3023554622460947,2.447527049746447],"V":[16.18915109009102,17.560245397077427,2.396151750193715,11.061342918869776,17.823265695369777,13.072887227940482,2.2221978997257517,1.8620792017151029,1.1111138671823027,0.0,0.0,2.3961517537287924,0.7023642756585127,0.0,0.0,2.2221979151545583,1.3259972714363202,1.1111138623914423,12.017264006653622,17.5602418953083,13.615405188223722,11.061339417100658,2.325970673505751,13.072883726171359,2.2201912376199497,1.862075699945974,1.111110365413174,0.0,0.0,0.0,0.0,2.3259706714011386,0.6324966095930614,2.2201912285778755,1.3247182579797698,1.1111103606223138],"pr_entry":[0.0,0.0,0.0,0.0,0.0,0.0,0.0,0.0,0.0,0.05990378934569994,0.01755910722585529,0.0,0.0,0.05555494156687131,0.0331499334809376,0.0,0.0,0.0,0.0,0.0,0.0,0.0,0.0,0.0,0.0,0.0,0.0,0.058149261041367306,0.015812413226621216,0.055504769812760556,0.033117953548328825,0.0,0.0,0.0,0.0,0.0],"pr_exit":[0.0,0.0,0.0,0.25,0.0,0.0,0.0,0.25,0.0,0.0,0.0,0.0,0.07440892774144708,0.0,0.0,0.0,0.0,0.0,0.0,0.0,0.0,0.0,0.0,0.25,0.0,0.25,0.0,0.0,0.0,0.0,0.0,0.0,0.09187586773378784,0.0,0.0,0.0],"pr_merger":[0.19432469025818247,0.0,0.17697674684363793,0.0,0.17307694621058042,0.0,0.0,0.0,0.0,0.0,0.0,0.0,0.0,0.0,0.0,0.0,0.0,0.0,0.0,0.0,0.0,0.0,0.173076946272831,0.0,0.0,0.0,0.0,0.0,0.0,0.17697674673875707,0.0,0.0,0.0,0.0,0.0,0.0],"active_firms":[true,true,true,true,true,true,true,true,true,false,false,true,true,false,false,true,true,true,true,true,true,true,true,true,true,true,true,false,false,false,false,true,true,true,true,true,true,true,true,true,true,true,true,true,true],"active_outcomes":[1.0,1.0,1.0,1.0,1.0,1.0,1.0,1.0,1.0,0.0,0.0,0.0,0.0,0.0,0.0,1.0,1.0,1.0,0.0,0.0,0.0,0.0,1.0,0.0,1.0,0.0,0.0,0.0,0.0,1.0,0.0,0.0,0.0,1.0,0.0,0.0,1.0,0.0,1.0,0.0,1.0,0.0,1.0,0.0,0.0,0.0,0.0,1.0,1.0,0.0,0.0,1.0,1.0,0.0,1.0,0.0,1.0,0.0,1.0,0.0,1.0,0.0,0.0,0.0,0.0,0.0,0.0,1.0,1.0,1.0,1.0,0.0,1.0,1.0,1.0,1.0,1.0,1.0,1.0,1.0,1.0],"markets":[1,2,3,4,3,4,7,8,9],"marketnames":["20","21","30","31","40","41","43"],"idx_up":[1,2,3,4,5,6,7,8,9,1,2,3,4,5,6,7,8,9,1,2,3,4,5,6,7,8,9,1,2,3,4,5,6,7,8,9,1,2,3,4,5,6,7,8,9,1,2,3,4,5,6,7,8,9,1,2,3,4,5,6,7,8,9,1,2,3,4,5,6,7,8,9,1,2,3,4,5,6,7,8,9,10,11,12,13,14,15,16,17,18,10,11,12,13,14,15,16,17,18,10,11,12,13,14,15,16,17,18,10,11,12,13,14,15,16,17,18,10,11,12,13,14,15,16,17,18,10,11,12,13,14,15,16,17,18,10,11,12,13,14,15,16,17,18,10,11,12,13,14,15,16,17,18,10,11,12,13,14,15,16,17,18,19,20,21,22,23,24,25,26,27,19,20,21,22,23,24,25,26,27,19,20,21,22,23,24,25,26,27,19,20,21,22,23,24,25,26,27,19,20,21,22,23,24,25,26,27,19,20,21,22,23,24,25,26,27,19,20,21,22,23,24,25,26,27,19,20,21,22,23,24,25,26,27,19,20,21,22,23,24,25,26,27,28,29,30,31,32,33,34,35,36,28,29,30,31,32,33,34,35,36,28,29,30,31,32,33,34,35,36,28,29,30,31,32,33,34,35,36,28,29,30,31,32,33,34,35,36,28,29,30,31,32,33,34,35,36,28,29,30,31,32,33,34,35,36,28,29,30,31,32,33,34,35,36,28,29,30,31,32,33,34,35,36],"idx_entry":[1,2,3,4,5,6,7,8,9,3,4,3,4,7,8,7,8,9,1,2,3,4,5,6,7,8,9,5,6,7,8,5,6,7,8,9,10,11,12,13,14,15,16,17,18,12,13,12,13,16,17,16,17,18,10,11,12,13,14,15,16,17,18,14,15,16,17,14,15,16,17,18,19,20,21,22,23,24,25,26,27,21,22,21,22,25,26,25,26,27,19,20,21,22,23,24,25,26,27,23,24,25,26,23,24,25,26,27,28,29,30,31,32,33,34,35,36,30,31,30,31,34,35,34,35,36,28,29,30,31,32,33,34,35,36,32,33,34,35,32,33,34,35,36],"idx_exit":[1,2,10,4,5,6,14,8,11,1,2,1,2,5,6,5,6,2,1,2,3,4,1,6,3,8,11,1,2,3,4,1,2,3,4,2,10,11,1,13,14,15,5,17,2,10,11,10,11,14,15,14,15,11,10,11,12,13,10,15,12,17,2,10,11,12,13,10,11,12,13,11,19,20,19,22,23,24,23,26,29,19,20,19,20,23,24,23,24,20,19,20,21,22,28,24,30,26,29,19,20,21,22,19,20,21,22,20,28,29,28,31,32,33,32,35,20,28,29,28,29,32,33,32,33,29,28,29,30,31,19,33,21,35,20,28,29,30,31,28,29,30,31,29],"idx_merger":[2,2,4,4,6,6,8,8,9,1,2,3,4,5,6,17,9,9,1,2,3,4,6,6,8,8,9,1,2,13,4,5,6,17,8,9,11,11,13,13,15,15,17,17,18,10,11,12,13,14,15,8,18,18,10,11,12,13,15,15,17,17,18,10,11,4,13,14,15,8,17,18,20,20,22,22,24,24,26,26,27,19,20,21,22,23,24,35,27,27,19,20,21,22,33,24,35,26,27,19,20,22,22,23,24,26,26,27,29,29,31,31,33,33,35,35,36,28,29,30,31,32,33,26,36,36,28,29,30,31,24,33,26,35,36,28,29,31,31,32,33,35,35,36]}