{"policy":"nolearning","smax":[5,1],"alpha":0.1,"beta":0.95,"gamma":1.0,"sigma":5.0,"v0":1.0,"accuracy":1.0e-8,"cost_entry":[0,10],"value_exit":[0,1],"cost_merger":[0,10],"entry":true,"exit":true,"mergers":true,"filename":"nolearning_a1s50v10","verbose":true,"firms":[1,2,3,4],"rival":[2,1,4,3],"partner":[3,4,1,2],"merger_pairs":[1,2,1,2,3,4,4,3],"outcomes":[1,0,1,0,1,0,0,0,0,0,1,0,1,0,1,0,0,0,1,0,0,1,0,0,1,0,0,0,1,1,0,0,0,0,1,0,0,0,0,0,1,1,1,1,2],"ownership":[0,3,0,3,0,0,4,4,0,1,0,1,0,0,2,2],"S":[1,1,1,1,1,1,1,1,1,0,0,1,1,0,0,1,1,1,1,1,1,1,1,1,1,1,1,0,0,0,0,1,1,1,1,1,0,1,0,1,0,1,0,1,3],"ms":9,"scale":[1.148698354997035,1.148698354997035,1.148698354997035,1.148698354997035,1.148698354997035,1.148698354997035,1.148698354997035,1.148698354997035,1.148698354997035,0.0,0.0,1.148698354997035,1.148698354997035,0.0,0.0,1.148698354997035,1.148698354997035,1.148698354997035,1.0,1.0,1.0,1.0,1.0,1.0,1.0,1.0,1.0,0.0,0.0,0.0,0.0,1.0,1.0,1.0,1.0,1.0],"D":[0.7774211928831503,0.8850840259853938,0.49428069974514044,0.7953086174007931,0.77742119288358,0.8164255853474083,0.49428069974617794,0.620671763765728,0.4999601338048359,0.0,0.0,0.49428070321136985,0.20241942468533974,0.0,0.0,0.49428070321047907,0.37342670161197034,0.4999601372707753,0.7453054096162947,0.8850840259853938,0.7453054096203086,0.7953086174007931,0.48838223306130224,0.8164255853474083,0.48838223306066936,0.620671763765728,0.4999601338048359,0.0,0.0,0.0,0.0,0.488382236801426,0.17948326425588956,0.4883822368021237,0.36730622351699027,0.4999601372707753],"Q":[0.5794162206061647,0.8850840259853938,0.3683900793909646,0.7953086174007931,0.3796786982096641,0.8164255853474083,0.24139791190082865,0.620671763765728,0.4999601338048359,0.0,0.0,0.0,0.0,0.0,0.0,0.24139791544206046,0.36159172565468595,0.4999601372707753,0.0,0.0,0.0,0.0,0.3796787011173156,0.0,0.24139791375015723,0.0,0.0,0.0,0.0,0.3683900819743641,0.0,0.0,0.0,0.24139791359273166,0.0,0.0,0.1980049722769856,0.0,0.1258906203541759,0.0,0.018063793556600313,0.0,0.011484874095192082,0.0,0.0,0.0,0.0,0.12589062123700573,0.20241942468533974,0.0,0.0,0.011484874175686955,0.011834975957284381,0.0,0.16588918901012992,0.0,0.008525248254979863,0.0,0.10870353485163811,0.0,0.0055864075671090375,0.0,0.0,0.0,0.0,0.0,0.0,0.1087035356841104,0.17948326425588956,0.0055864076099060266,0.005714497862304305,0.0,0.056689618106719804,0.11491597401460614,0.002913348788510002,0.0022719579138672074,0.005171736580671615,0.004091150396702189,0.0002657818663279637,0.00018703675999740896,7.972892438877384e-5],"P":[-0.2501402102190094,-0.2784973159544376,-0.7532220463096112,-0.6601580035437298,-0.2501402102195059,-0.6039601343566959,-0.7532220463125985,-0.8850744260337577,-0.9487142981068318,-0.0,-0.0,-0.753222047712146,-0.8979399855425089,-0.0,-0.0,-0.753222047714353,-0.8295018630782708,-0.9487142988000751,-0.21474578751547446,-0.1297989609574025,-0.21474578751970338,-0.5114596485466947,-0.6090831570263086,-0.45526177935966083,-0.6090831570266083,-0.7363760710367226,-0.8000159431097967,-0.0,-0.0,-0.0,-0.0,-0.6090831585579465,-0.7562511534291056,-0.6090831585587911,-0.6838913068385712,-0.80001594380304],"PI":[0.6985581447882032,0.770201039052495,0.19547630659064505,0.38854035145882576,0.6985581447882034,0.44473822064739454,0.1954763065895788,0.16362392896048833,0.09998405584165994,0.0,0.0,0.1954763072682108,0.05075836488001907,0.0,0.0,0.19547630726676762,0.11919649314333611,0.09998405618819858,0.5852542124887001,0.770201039052495,0.5852542124887002,0.38854035145882576,0.19091684071276588,0.44473822064739454,0.19091684071237205,0.16362392896048833,0.09998405584165994,0.0,0.0,0.0,0.0,0.19091684142681847,0.04374883864115211,0.19091684142667872,0.11610869030601545,0.09998405618819858],"CS":[0.5740328374375869,0.4902472301751759,1.1676904146032647,1.2749590749145268,1.0529093502361921,1.1573222300682062,1.6465669274014587,1.7743774910708094,2.0260050605544313],"V":[7.8727903271847826,9.398247112502492,3.773870404833243,5.411453025590949,7.4784612259485765,5.909122389627086,3.909517042731346,3.2724785227225284,1.9996796693312229,0.0,0.0,3.773870414069176,1.7330749626385809,0.0,0.0,3.909517056275005,2.3839274426533112,1.9996796762619924,7.036069264899727,9.398247112502492,6.636231000648724,5.411453025590949,3.5992608748529356,5.909122389627086,3.8183279364251916,3.2724785227225284,1.9996796693312229,0.0,0.0,0.0,0.0,3.5992608841482943,1.6434896269420898,3.8183279507111867,2.322171446913762,1.9996796762619924],"pr_entry":[0.0,0.0,0.0,0.0,0.0,0.0,0.0,0.0,0.0,0.0943467365555745,0.04332687001142148,0.0,0.0,0.09773791444758517,0.05959818288184145,0.0,0.0,0.0,0.0,0.0,0.0,0.0,0.0,0.0,0.0,0.0,0.0,0.08998150365522542,0.04108723666272988,0.09545818708643443,0.05805428306862491,0.0,0.0,0.0,0.0,0.0],"pr_exit":[0.0,0.0,0.0,0.25,0.0,0.0,0.0,0.25,0.0,0.0,0.0,0.0,0.0,0.0,0.0,0.0,0.0,0.0,0.0,0.0,0.0,0.0,0.0,0.25,0.0,0.25,0.0,0.0,0.0,0.0,0.0,0.0,0.0,0.0,0.0,0.0],"pr_merger":[0.10061555881382464,0.0,0.010512396922154998,0.0,0.018841380431276256,0.0,0.0,0.0,0.0,0.0,0.0,0.0,0.0,0.0,0.0,0.0,0.0,0.0,0.0,0.0,0.0,0.0,0.018841380186698075,0.0,0.0,0.0,0.0,0.0,0.0,0.010512396680976633,0.0,0.0,0.0,0.0,0.0,0.0],"active_firms":[true,true,true,true,true,true,true,true,true,false,false,true,true,false,false,true,true,true,true,true,true,true,true,true,true,true,true,false,false,false,false,true,true,true,true,true,true,true,true,true,true,true,true,true,true],"active_outcomes":[1.0,1.0,1.0,1.0,1.0,1.0,1.0,1.0,1.0,0.0,0.0,0.0,0.0,0.0,0.0,1.0,1.0,1.0,0.0,0.0,0.0,0.0,1.0,0.0,1.0,0.0,0.0,0.0,0.0,1.0,0.0,0.0,0.0,1.0,0.0,0.0,1.0,0.0,1.0,0.0,1.0,0.0,1.0,0.0,0.0,0.0,0.0,1.0,1.0,0.0,0.0,1.0,1.0,0.0,1.0,0.0,1.0,0.0,1.0,0.0,1.0,0.0,0.0,0.0,0.0,0.0,0.0,1.0,1.0,1.0,1.0,0.0,1.0,1.0,1.0,1.0,1.0,1.0,1.0,1.0,1.0],"markets":[1,2,3,4,3,4,7,8,9],"marketnames":["20","21","30","31","40","41","43"],"idx_up":[1,2,3,4,5,6,7,8,9,1,2,3,4,5,6,7,8,9,1,2,3,4,5,6,7,8,9,1,2,3,4,5,6,7,8,9,1,2,3,4,5,6,7,8,9,1,2,3,4,5,6,7,8,9,1,2,3,4,5,6,7,8,9,1,2,3,4,5,6,7,8,9,1,2,3,4,5,6,7,8,9,10,11,12,13,14,15,16,17,18,10,11,12,13,14,15,16,17,18,10,11,12,13,14,15,16,17,18,10,11,12,13,14,15,16,17,18,10,11,12,13,14,15,16,17,18,10,11,12,13,14,15,16,17,18,10,11,12,13,14,15,16,17,18,10,11,12,13,14,15,16,17,18,10,11,12,13,14,15,16,17,18,19,20,21,22,23,24,25,26,27,19,20,21,22,23,24,25,26,27,19,20,21,22,23,24,25,26,27,19,20,21,22,23,24,25,26,27,19,20,21,22,23,24,25,26,27,19,20,21,22,23,24,25,26,27,19,20,21,22,23,24,25,26,27,19,20,21,22,23,24,25,26,27,19,20,21,22,23,24,25,26,27,28,29,30,31,32,33,34,35,36,28,29,30,31,32,33,34,35,36,28,29,30,31,32,33,34,35,36,28,29,30,31,32,33,34,35,36,28,29,30,31,32,33,34,35,36,28,29,30,31,32,33,34,35,36,28,29,30,31,32,33,34,35,36,28,29,30,31,32,33,34,35,36,28,29,30,31,32,33,34,35,36],"idx_entry":[1,2,3,4,5,6,7,8,9,3,4,3,4,7,8,7,8,9,1,2,3,4,5,6,7,8,9,5,6,7,8,5,6,7,8,9,10,11,12,13,14,15,16,17,18,12,13,12,13,16,17,16,17,18,10,11,12,13,14,15,16,17,18,14,15,16,17,14,15,16,17,18,19,20,21,22,23,24,25,26,27,21,22,21,22,25,26,25,26,27,19,20,21,22,23,24,25,26,27,23,24,25,26,23,24,25,26,27,28,29,30,31,32,33,34,35,36,30,31,30,31,34,35,34,35,36,28,29,30,31,32,33,34,35,36,32,33,34,35,32,33,34,35,36],"idx_exit":[1,2,10,4,5,6,14,8,11,1,2,1,2,5,6,5,6,2,1,2,3,4,1,6,3,8,11,1,2,3,4,1,2,3,4,2,10,11,1,13,14,15,5,17,2,10,11,10,11,14,15,14,15,11,10,11,12,13,10,15,12,17,2,10,11,12,13,10,11,12,13,11,19,20,19,22,23,24,23,26,29,19,20,19,20,23,24,23,24,20,19,20,21,22,28,24,30,26,29,19,20,21,22,19,20,21,22,20,28,29,28,31,32,33,32,35,20,28,29,28,29,32,33,32,33,29,28,29,30,31,19,33,21,35,20,28,29,30,31,28,29,30,31,29],"idx_merger":[2,2,4,4,6,6,8,8,9,1,2,3,4,5,6,17,9,9,1,2,3,4,6,6,8,8,9,1,2,13,4,5,6,17,8,9,11,11,13,13,15,15,17,17,18,10,11,12,13,14,15,8,18,18,10,11,12,13,15,15,17,17,18,10,11,4,13,14,15,8,17,18,20,20,22,22,24,24,26,26,27,19,20,21,22,23,24,35,27,27,19,20,21,22,33,24,35,26,27,19,20,22,22,23,24,26,26,27,29,29,31,31,33,33,35,35,36,28,29,30,31,32,33,26,36,36,28,29,30,31,24,33,26,35,36,28,29,31,31,32,33,35,35,36]}