{"policy":"nolearning","smax":[5,1],"alpha":0.0,"beta":0.95,"gamma":1.0,"sigma":6.0,"v0":1.0,"accuracy":1.0e-8,"cost_entry":[0,10],"value_exit":[0,1],"cost_merger":[0,10],"entry":true,"exit":true,"mergers":true,"filename":"nolearning_a0s60v10","verbose":true,"firms":[1,2,3,4],"rival":[2,1,4,3],"partner":[3,4,1,2],"merger_pairs":[1,2,1,2,3,4,4,3],"outcomes":[1,0,1,0,1,0,0,0,0,0,1,0,1,0,1,0,0,0,1,0,0,1,0,0,1,0,0,0,1,1,0,0,0,0,1,0,0,0,0,0,1,1,1,1,2],"ownership":[0,3,0,3,0,0,4,4,0,1,0,1,0,0,2,2],"S":[1,1,1,1,1,1,1,1,1,0,0,1,1,0,0,1,1,1,1,1,1,1,1,1,1,1,1,0,0,0,0,1,1,1,1,1,0,1,0,1,0,1,0,1,3],"ms":9,"scale":[1.0,1.0,1.0,1.0,1.0,1.0,1.0,1.0,1.0,0.0,0.0,1.0,1.0,0.0,0.0,1.0,1.0,1.0,1.0,1.0,1.0,1.0,1.0,1.0,1.0,1.0,1.0,0.0,0.0,0.0,0.0,1.0,1.0,1.0,1.0,1.0],"D":[0.7869367222352314,0.8981947371602624,0.4955414316539535,0.8234485671524043,0.7869367222399064,0.8234485671470533,0.49554143165938896,0.6234914346717146,0.4999886483879863,0.0,0.0,0.49554143655139227,0.17509269301338973,0.0,0.0,0.49554143654659033,0.37197672130099796,0.49998865319249175,0.7869367222384251,0.8981947371602624,0.7869367222361253,0.8234485671524043,0.49554143164238706,0.8234485671470533,0.49554143166260667,0.6234914346717146,0.4999886483879863,0.0,0.0,0.0,0.0,0.49554143656251143,0.17509269301874864,0.49554143654304583,0.37197672109886987,0.49998865319249175],"Q":[0.6192694048048429,0.8981947371602624,0.38995974995795907,0.8234485671524043,0.3899597499507307,0.8234485671470533,0.2455613104926313,0.6234914346717146,0.4999886483879863,0.0,0.0,0.0,0.0,0.0,0.0,0.24556131533290187,0.36749942459877016,0.49998865319249175,0.0,0.0,0.0,0.0,0.3899597538225572,0.0,0.24556131291109135,0.0,0.0,0.0,0.0,0.3899597538119335,0.0,0.0,0.0,0.24556131291444228,0.0,0.0,0.1676673174303884,0.0,0.10558168169599443,0.0,0.007017218466618475,0.0,0.004418808255666342,0.0,0.0,0.0,0.0,0.10558168273945877,0.17509269301338973,0.0,0.0,0.00441880829924616,0.0044772967022278015,0.0,0.1676673174335822,0.0,0.007017218466232832,0.0,0.1055816816916564,0.0,0.0044188082555330745,0.0,0.0,0.0,0.0,0.0,0.0,0.1055816827399542,0.17509269301874864,0.004418808299052595,0.004477296500099698,0.0,0.045395960331186494,0.10180526283973754,0.0018999133284215185,0.0014587398342058705,0.0018999133284830858,0.0014587398341981699,7.9515239434846e-5,5.454752718777324e-5,2.2698419521830156e-5],"P":[-0.21775977351992531,-0.18144375839180582,-0.6696127698208513,-0.5279940129591136,-0.21775977352457251,-0.527994012959012,-0.6696127698345261,-0.7786681605311883,-0.833337114704009,-0.0,-0.0,-0.6696127714680188,-0.7979570953837679,-0.0,-0.0,-0.6696127714782505,-0.7346170580769109,-0.833337115504778,-0.21775977352310005,-0.18144375839180582,-0.21775977352081394,-0.5279940129591136,-0.6696127698086025,-0.527994012959012,-0.6696127698294996,-0.7786681605311883,-0.833337114704009,-0.0,-0.0,-0.0,-0.0,-0.6696127714634,-0.7979570953897488,-0.6696127714709497,-0.7346170505527239,-0.833337115504778],"PI":[0.6155735598267751,0.7352229082821642,0.16372056104315963,0.3886726537161742,0.615573559826775,0.3886726537137321,0.163720561038179,0.13799850612893907,0.08332955075558456,0.0,0.0,0.1637205618449711,0.03537623627350351,0.0,0.0,0.16372056183831438,0.09871627662576384,0.08332955115594189,0.615573559826775,0.7352229082821642,0.6155735598267751,0.3886726537161742,0.163720561045408,0.3886726537137321,0.16372056104173294,0.13799850612893907,0.08332955075558456,0.0,0.0,0.0,0.0,0.1637205618509335,0.03537623627353903,0.16372056184076117,0.09871627937094492,0.08332955115594189],"CS":[0.5153886928971715,0.4287292584695768,1.0443245017450775,1.136310735946456,1.0443245017396767,1.1363107359473357,1.5732603106116683,1.6840200417129487,1.897727073508291],"V":[7.4231258512391225,9.497559926347156,3.0502273499469936,5.347164875131508,6.869683641765071,5.347164909925033,3.274399270886358,2.759960875602397,1.6665875128071275,0.0,0.0,3.0502273601770344,1.3205888367122134,0.0,0.0,3.274399286888976,1.9743204133572434,1.666587520814237,7.423125848377702,9.497559926347156,6.86968363058932,5.347164875131508,3.05022733610089,5.347164909925033,3.274399270957435,2.759960875602397,1.6665875128071275,0.0,0.0,0.0,0.0,3.0502273463420067,1.3205888544849886,3.274399286937916,1.9743204682605748,1.666587520814237],"pr_entry":[0.0,0.0,0.0,0.0,0.0,0.0,0.0,0.0,0.0,0.0762556662029662,0.03301471195174695,0.0,0.0,0.08185996644870164,0.04935800359819682,0.0,0.0,0.0,0.0,0.0,0.0,0.0,0.0,0.0,0.0,0.0,0.0,0.07625566585709088,0.03301471239606588,0.08185996644992513,0.04935800497077973,0.0,0.0,0.0,0.0,0.0],"pr_exit":[0.0,0.0,0.0,0.25,0.0,0.0,0.0,0.0,0.0,0.0,0.0,0.0,0.0,0.0,0.0,0.0,0.0,0.0,0.0,0.0,0.0,0.0,0.0,0.25,0.0,0.0,0.0,0.0,0.0,0.0,0.0,0.0,0.0,0.0,0.0,0.0],"pr_merger":[0.10880238638249162,0.0,0.019874494848487544,0.0,0.019874496741044724,0.0,0.0,0.0,0.0,0.0,0.0,0.0,0.0,0.0,0.0,0.0,0.0,0.0,0.0,0.0,0.0,0.0,0.019874496473271275,0.0,0.0,0.0,0.0,0.0,0.0,0.019874494580923042,0.0,0.0,0.0,0.0,0.0,0.0],"active_firms":[true,true,true,true,true,true,true,true,true,false,false,true,true,false,false,true,true,true,true,true,true,true,true,true,true,true,true,false,false,false,false,true,true,true,true,true,true,true,true,true,true,true,true,true,true],"active_outcomes":[1.0,1.0,1.0,1.0,1.0,1.0,1.0,1.0,1.0,0.0,0.0,0.0,0.0,0.0,0.0,1.0,1.0,1.0,0.0,0.0,0.0,0.0,1.0,0.0,1.0,0.0,0.0,0.0,0.0,1.0,0.0,0.0,0.0,1.0,0.0,0.0,1.0,0.0,1.0,0.0,1.0,0.0,1.0,0.0,0.0,0.0,0.0,1.0,1.0,0.0,0.0,1.0,1.0,0.0,1.0,0.0,1.0,0.0,1.0,0.0,1.0,0.0,0.0,0.0,0.0,0.0,0.0,1.0,1.0,1.0,1.0,0.0,1.0,1.0,1.0,1.0,1.0,1.0,1.0,1.0,1.0],"markets":[1,2,3,4,3,4,7,8,9],"marketnames":["20","21","30","31","40","41","43"],"idx_up":[1,2,3,4,5,6,7,8,9,1,2,3,4,5,6,7,8,9,1,2,3,4,5,6,7,8,9,1,2,3,4,5,6,7,8,9,1,2,3,4,5,6,7,8,9,1,2,3,4,5,6,7,8,9,1,2,3,4,5,6,7,8,9,1,2,3,4,5,6,7,8,9,1,2,3,4,5,6,7,8,9,10,11,12,13,14,15,16,17,18,10,11,12,13,14,15,16,17,18,10,11,12,13,14,15,16,17,18,10,11,12,13,14,15,16,17,18,10,11,12,13,14,15,16,17,18,10,11,12,13,14,15,16,17,18,10,11,12,13,14,15,16,17,18,10,11,12,13,14,15,16,17,18,10,11,12,13,14,15,16,17,18,19,20,21,22,23,24,25,26,27,19,20,21,22,23,24,25,26,27,19,20,21,22,23,24,25,26,27,19,20,21,22,23,24,25,26,27,19,20,21,22,23,24,25,26,27,19,20,21,22,23,24,25,26,27,19,20,21,22,23,24,25,26,27,19,20,21,22,23,24,25,26,27,19,20,21,22,23,24,25,26,27,28,29,30,31,32,33,34,35,36,28,29,30,31,32,33,34,35,36,28,29,30,31,32,33,34,35,36,28,29,30,31,32,33,34,35,36,28,29,30,31,32,33,34,35,36,28,29,30,31,32,33,34,35,36,28,29,30,31,32,33,34,35,36,28,29,30,31,32,33,34,35,36,28,29,30,31,32,33,34,35,36],"idx_entry":[1,2,3,4,5,6,7,8,9,3,4,3,4,7,8,7,8,9,1,2,3,4,5,6,7,8,9,5,6,7,8,5,6,7,8,9,10,11,12,13,14,15,16,17,18,12,13,12,13,16,17,16,17,18,10,11,12,13,14,15,16,17,18,14,15,16,17,14,15,16,17,18,19,20,21,22,23,24,25,26,27,21,22,21,22,25,26,25,26,27,19,20,21,22,23,24,25,26,27,23,24,25,26,23,24,25,26,27,28,29,30,31,32,33,34,35,36,30,31,30,31,34,35,34,35,36,28,29,30,31,32,33,34,35,36,32,33,34,35,32,33,34,35,36],"idx_exit":[1,2,10,4,5,6,14,10,11,1,2,1,2,5,6,5,6,2,1,2,3,4,1,6,3,10,11,1,2,3,4,1,2,3,4,2,10,11,1,13,14,15,5,1,2,10,11,10,11,14,15,14,15,11,10,11,12,13,10,15,12,1,2,10,11,12,13,10,11,12,13,11,19,20,19,22,23,24,23,28,29,19,20,19,20,23,24,23,24,20,19,20,21,22,28,24,30,28,29,19,20,21,22,19,20,21,22,20,28,29,28,31,32,33,32,19,20,28,29,28,29,32,33,32,33,29,28,29,30,31,19,33,21,19,20,28,29,30,31,28,29,30,31,29],"idx_merger":[2,2,4,4,6,6,8,8,9,1,2,3,4,5,6,17,9,9,1,2,3,4,6,6,8,8,9,1,2,13,4,5,6,17,8,9,11,11,13,13,15,15,17,17,18,10,11,12,13,14,15,8,18,18,10,11,12,13,15,15,17,17,18,10,11,4,13,14,15,8,17,18,20,20,22,22,24,24,26,26,27,19,20,21,22,23,24,35,27,27,19,20,21,22,33,24,35,26,27,19,20,22,22,23,24,26,26,27,29,29,31,31,33,33,35,35,36,28,29,30,31,32,33,26,36,36,28,29,30,31,24,33,26,35,36,28,29,31,31,32,33,35,35,36]}