{"policy":"nolearning","smax":[5,1],"alpha":0.7,"beta":0.95,"gamma":1.0,"sigma":1.0,"v0":1.0,"accuracy":1.0e-8,"cost_entry":[0,10],"value_exit":[0,1],"cost_merger":[0,10],"entry":true,"exit":true,"mergers":true,"filename":"nolearning_a7s10v10","verbose":true,"firms":[1,2,3,4],"rival":[2,1,4,3],"partner":[3,4,1,2],"merger_pairs":[1,2,1,2,3,4,4,3],"outcomes":[1,0,1,0,1,0,0,0,0,0,1,0,1,0,1,0,0,0,1,0,0,1,0,0,1,0,0,0,1,1,0,0,0,0,1,0,0,0,0,0,1,1,1,1,2],"ownership":[0,3,0,3,0,0,4,4,0,1,0,1,0,0,2,2],"S":[1,1,1,1,1,1,1,1,1,0,0,1,1,0,0,1,1,1,1,1,1,1,1,1,1,1,1,0,0,0,0,1,1,1,1,1,0,1,0,1,0,1,0,1,3],"ms":9,"scale":[2.6390158215457884,2.6390158215457884,2.6390158215457884,2.6390158215457884,2.6390158215457884,2.6390158215457884,2.6390158215457884,2.6390158215457884,2.6390158215457884,0.0,0.0,2.6390158215457884,2.6390158215457884,0.0,0.0,2.6390158215457884,2.6390158215457884,2.6390158215457884,1.0,1.0,1.0,1.0,1.0,1.0,1.0,1.0,1.0,0.0,0.0,0.0,0.0,1.0,1.0,1.0,1.0,1.0],"D":[0.573312626141478,0.6626205432684187,0.4171523861165883,0.5307658568806497,0.573312626120572,0.6131144206476117,0.4171523861946851,0.4697734712540689,0.46122469137238803,0.0,0.0,0.4171523913010208,0.351734256003366,0.0,0.0,0.41715239124197295,0.3881176270407418,0.4612246949248139,0.3618962559001295,0.6626205432684187,0.3618962558856786,0.5307658568806497,0.2862537422437326,0.6131144206476117,0.2862537422350523,0.4697734712540689,0.46122469137238803,0.0,0.0,0.0,0.0,0.2862537502047898,0.1732483709212097,0.28625375021612937,0.22655949262405356,0.4612246949248139],"Q":[0.20747969286087162,0.6626205432684187,0.15096588666937022,0.5307658568806497,0.16411288470259566,0.6131144206476117,0.11941143163051036,0.4697734712540689,0.46122469137238803,0.0,0.0,0.0,0.0,0.0,0.0,0.11941143640464078,0.16583804825604345,0.4612246949248139,0.0,0.0,0.0,0.0,0.16411288926677028,0.0,0.1194114349598357,0.0,0.0,0.0,0.0,0.15096588854559695,0.0,0.0,0.0,0.1194114330753154,0.0,0.0,0.3658329332806064,0.0,0.26618649944721806,0.0,0.24508685215120604,0.0,0.17832951960433902,0.0,0.0,0.0,0.0,0.2661865027554238,0.351734256003366,0.0,0.0,0.17832952176201677,0.22227957878469834,0.0,0.1544165630392579,0.0,0.059964480670711404,0.0,0.12214085754113696,0.0,0.04743087752922655,0.0,0.0,0.0,0.0,0.0,0.0,0.12214086093801957,0.1732483709212097,0.04743087885165289,0.06072144436801011,0.0,0.2722708108192641,0.3373794567315814,0.10573074191167948,0.11749988711598418,0.1824056554002715,0.21363720843117873,0.07083346618246268,0.08138745733717907,0.07755061370279799],"P":[-0.29537956374324964,-1.1570050168420165,-0.9233014970890963,-1.5734497125895004,-0.29537956365778817,-1.3466440541103535,-0.9233014973912731,-1.6960226248189296,-1.7109851712551651,-0.0,-0.0,-0.9233015095172464,-1.0964385630717939,-0.0,-0.0,-0.9233015094906593,-1.004714779064694,-1.7109851751062446,0.5671432935915625,0.4820108047037719,0.5671432936541402,0.065566108956288,0.4010581339043105,0.2923717674354349,0.4010581339284141,-0.05700680327314123,-0.07196934970937674,-0.0,-0.0,-0.0,-0.0,0.40105810609312076,0.20955305371710167,0.40105810604728725,0.2929242542126623,-0.0719693535604562],"PI":[1.3436362576811596,0.9820108045424797,0.7157143243415195,0.5655661088831639,1.3436362576811596,0.7923717674525066,0.7157143243494575,0.4429931873953475,0.4280306502644093,0.0,0.0,0.7157143280520919,0.5425772643370624,0.0,0.0,0.7157143279618736,0.6343010424779729,0.4280306517849564,0.5671432904097838,0.9820108045424797,0.5671432904097838,0.5655661088831639,0.4010581339311295,0.7923717674525066,0.4010581339258676,0.4429931873953475,0.4280306502644093,0.0,0.0,0.0,0.0,0.40105813712397614,0.20955309609926234,0.4010581371267435,0.2929242630357536,0.4280306517849564],"CS":[1.3009580799829736,1.3742290701597881,2.24685958722194,2.428999978565194,1.7015221963386216,1.8311580627431934,2.647423703770414,2.7962161770648506,3.249971656310641],"V":[16.498343922786137,10.893550586217133,14.314267632920131,9.507911846995793,16.498343922802544,10.075083545727724,14.314267632953156,8.859853702050641,8.560603442682732,0.0,0.0,14.314267705576457,12.201049703531272,0.0,0.0,14.314267705201342,12.686004624959551,8.560603473093634,8.711727578529743,10.893547939420817,8.711727578522119,9.507909200199478,8.021151340275683,10.075080898931407,8.021151340257381,8.859851055254323,8.560600795886414,0.0,0.0,0.0,0.0,8.02115140426517,5.568490747291231,8.021151404274798,5.858477414896414,8.560600826297314],"pr_entry":[0.0,0.0,0.0,0.0,0.0,0.0,0.0,0.0,0.0,0.25,0.25,0.0,0.0,0.25,0.25,0.0,0.0,0.0,0.0,0.0,0.0,0.0,0.0,0.0,0.0,0.0,0.0,0.20052877018786597,0.13921225835883524,0.20052877018810666,0.14646192504896477,0.0,0.0,0.0,0.0,0.0],"pr_exit":[0.0,0.0,0.0,0.25,0.0,0.0,0.0,0.0,0.0,0.0,0.0,0.0,0.0,0.0,0.0,0.0,0.0,0.0,0.0,0.0,0.0,0.0,0.0,0.25,0.0,0.0,0.0,0.0,0.0,0.0,0.0,0.0,0.0,0.0,0.0,0.0],"pr_merger":[0.0,0.0,0.0,0.0,0.0,0.0,0.0,0.0,0.0,0.0,0.0,0.0,0.0,0.0,0.0,0.0,0.0,0.0,0.0,0.0,0.0,0.0,0.0,0.0,0.0,0.0,0.0,0.0,0.0,0.0,0.0,0.0,0.0,0.0,0.0,0.0],"active_firms":[true,true,true,true,true,true,true,true,true,false,false,true,true,false,false,true,true,true,true,true,true,true,true,true,true,true,true,false,false,false,false,true,true,true,true,true,true,true,true,true,true,true,true,true,true],"active_outcomes":[1.0,1.0,1.0,1.0,1.0,1.0,1.0,1.0,1.0,0.0,0.0,0.0,0.0,0.0,0.0,1.0,1.0,1.0,0.0,0.0,0.0,0.0,1.0,0.0,1.0,0.0,0.0,0.0,0.0,1.0,0.0,0.0,0.0,1.0,0.0,0.0,1.0,0.0,1.0,0.0,1.0,0.0,1.0,0.0,0.0,0.0,0.0,1.0,1.0,0.0,0.0,1.0,1.0,0.0,1.0,0.0,1.0,0.0,1.0,0.0,1.0,0.0,0.0,0.0,0.0,0.0,0.0,1.0,1.0,1.0,1.0,0.0,1.0,1.0,1.0,1.0,1.0,1.0,1.0,1.0,1.0],"markets":[1,2,3,4,3,4,7,8,9],"marketnames":["20","21","30","31","40","41","43"],"idx_up":[1,2,3,4,5,6,7,8,9,1,2,3,4,5,6,7,8,9,1,2,3,4,5,6,7,8,9,1,2,3,4,5,6,7,8,9,1,2,3,4,5,6,7,8,9,1,2,3,4,5,6,7,8,9,1,2,3,4,5,6,7,8,9,1,2,3,4,5,6,7,8,9,1,2,3,4,5,6,7,8,9,10,11,12,13,14,15,16,17,18,10,11,12,13,14,15,16,17,18,10,11,12,13,14,15,16,17,18,10,11,12,13,14,15,16,17,18,10,11,12,13,14,15,16,17,18,10,11,12,13,14,15,16,17,18,10,11,12,13,14,15,16,17,18,10,11,12,13,14,15,16,17,18,10,11,12,13,14,15,16,17,18,19,20,21,22,23,24,25,26,27,19,20,21,22,23,24,25,26,27,19,20,21,22,23,24,25,26,27,19,20,21,22,23,24,25,26,27,19,20,21,22,23,24,25,26,27,19,20,21,22,23,24,25,26,27,19,20,21,22,23,24,25,26,27,19,20,21,22,23,24,25,26,27,19,20,21,22,23,24,25,26,27,28,29,30,31,32,33,34,35,36,28,29,30,31,32,33,34,35,36,28,29,30,31,32,33,34,35,36,28,29,30,31,32,33,34,35,36,28,29,30,31,32,33,34,35,36,28,29,30,31,32,33,34,35,36,28,29,30,31,32,33,34,35,36,28,29,30,31,32,33,34,35,36,28,29,30,31,32,33,34,35,36],"idx_entry":[1,2,3,4,5,6,7,8,9,3,4,3,4,7,8,7,8,9,1,2,3,4,5,6,7,8,9,5,6,7,8,5,6,7,8,9,10,11,12,13,14,15,16,17,18,12,13,12,13,16,17,16,17,18,10,11,12,13,14,15,16,17,18,14,15,16,17,14,15,16,17,18,19,20,21,22,23,24,25,26,27,21,22,21,22,25,26,25,26,27,19,20,21,22,23,24,25,26,27,23,24,25,26,23,24,25,26,27,28,29,30,31,32,33,34,35,36,30,31,30,31,34,35,34,35,36,28,29,30,31,32,33,34,35,36,32,33,34,35,32,33,34,35,36],"idx_exit":[1,2,10,4,5,6,14,10,11,1,2,1,2,5,6,5,6,2,1,2,3,4,1,6,3,10,11,1,2,3,4,1,2,3,4,2,10,11,1,13,14,15,5,1,2,10,11,10,11,14,15,14,15,11,10,11,12,13,10,15,12,1,2,10,11,12,13,10,11,12,13,11,19,20,19,22,23,24,23,28,29,19,20,19,20,23,24,23,24,20,19,20,21,22,28,24,30,28,29,19,20,21,22,19,20,21,22,20,28,29,28,31,32,33,32,19,20,28,29,28,29,32,33,32,33,29,28,29,30,31,19,33,21,19,20,28,29,30,31,28,29,30,31,29],"idx_merger":[2,2,4,4,6,6,8,8,9,1,2,3,4,5,6,17,9,9,1,2,3,4,6,6,8,8,9,1,2,13,4,5,6,17,8,9,11,11,13,13,15,15,17,17,18,10,11,12,13,14,15,8,18,18,10,11,12,13,15,15,17,17,18,10,11,4,13,14,15,8,17,18,20,20,22,22,24,24,26,26,27,19,20,21,22,23,24,35,27,27,19,20,21,22,33,24,35,26,27,19,20,22,22,23,24,26,26,27,29,29,31,31,33,33,35,35,36,28,29,30,31,32,33,26,36,36,28,29,30,31,24,33,26,35,36,28,29,31,31,32,33,35,35,36]}