{"policy":"nolearning","smax":[5,1],"alpha":0.7,"beta":0.95,"gamma":1.0,"sigma":2.0,"v0":1.0,"accuracy":1.0e-8,"cost_entry":[0,10],"value_exit":[0,1],"cost_merger":[0,10],"entry":true,"exit":true,"mergers":true,"filename":"nolearning_a7s20v10","verbose":true,"firms":[1,2,3,4],"rival":[2,1,4,3],"partner":[3,4,1,2],"merger_pairs":[1,2,1,2,3,4,4,3],"outcomes":[1,0,1,0,1,0,0,0,0,0,1,0,1,0,1,0,0,0,1,0,0,1,0,0,1,0,0,0,1,1,0,0,0,0,1,0,0,0,0,0,1,1,1,1,2],"ownership":[0,3,0,3,0,0,4,4,0,1,0,1,0,0,2,2],"S":[1,1,1,1,1,1,1,1,1,0,0,1,1,0,0,1,1,1,1,1,1,1,1,1,1,1,1,0,0,0,0,1,1,1,1,1,0,1,0,1,0,1,0,1,3],"ms":9,"scale":[2.6390158215457884,2.6390158215457884,2.6390158215457884,2.6390158215457884,2.6390158215457884,2.6390158215457884,2.6390158215457884,2.6390158215457884,2.6390158215457884,0.0,0.0,2.6390158215457884,2.6390158215457884,0.0,0.0,2.6390158215457884,2.6390158215457884,2.6390158215457884,1.0,1.0,1.0,1.0,1.0,1.0,1.0,1.0,1.0,0.0,0.0,0.0,0.0,1.0,1.0,1.0,1.0,1.0],"D":[0.7581798764295865,0.8253316426178929,0.49106237852441037,0.5745875998640078,0.7581798764267662,0.7900050072359289,0.4910623785025907,0.5210065974993736,0.498734022568923,0.0,0.0,0.4910623752967322,0.41654657358301306,0.0,0.0,0.49106237531903507,0.46616846500075954,0.4987340263306359,0.499999999985727,0.8253316426178929,0.4999999999883877,0.6781029454081705,0.37458639059763854,0.7900050072359289,0.3745863905959439,0.6010454810089295,0.498734022568923,0.0,0.0,0.0,0.0,0.374586393535245,0.14617758842351344,0.37458639353715134,0.26171354066362285,0.4987340263306359],"Q":[0.37908993820397174,0.8253316426178929,0.24553118925650283,0.5745875998640078,0.28400386333446603,0.7900050072359289,0.18394528392074472,0.5210065974993736,0.498734022568923,0.0,0.0,0.0,0.0,0.0,0.0,0.1839452841725444,0.25330040171643636,0.4987340263306359,0.0,0.0,0.0,0.0,0.2840038655617001,0.0,0.18394528536506102,0.0,0.0,0.0,0.0,0.24553118764266374,0.10351534554416275,0.0,0.0,0.1839452827282281,0.08003888350955593,0.0,0.37908993822561476,0.0,0.2455311892679075,0.0,0.19017214753060005,0.0,0.12317180921678494,0.0,0.0,0.0,0.0,0.24553118765406845,0.3130312280388503,0.0,0.0,0.12317180841826256,0.13282917977476721,0.0,0.12091006178175524,0.0,0.00893762308922115,0.0,0.09058252726317252,0.0,0.0066958239469710945,0.0,0.0,0.0,0.0,0.0,0.0,0.09058252797354487,0.14617758842351344,0.006695823999545901,0.008413138947186509,0.0,0.12091006178865826,0.1746683573821071,0.008937623089636294,0.008865826552979185,0.06065506833651621,0.06381740434055765,0.004483598231857102,0.00441179855268038,0.0025319511004411],"P":[-0.5713632513697252,-1.207731966106714,-1.6565771514170153,-2.639015740346389,-0.5713632513620343,-0.7580066676294458,-1.6565771514083185,-2.639015821545718,-2.140278596089888,-0.0,-0.0,-1.6565771481305915,-1.7820493913445565,-0.0,-0.0,-1.6565771481668203,-1.7023907493669623,-2.140278597975519,2.854609362117589e-11,0.4312838554390743,2.3224464555502695e-11,0.5532915439066789,-0.2005290698849927,-0.5,-0.20052906988315264,0.25327568983160326,-0.5012627745440996,-0.0,-0.0,-0.0,-0.0,-0.20052907380612606,-0.414398146576363,-0.20052907380909257,-0.3227561014061729,-0.5012627764297304],"PI":[1.5676525701554045,1.181283855462002,0.4824386701077939,4.6656167899301036e-8,1.5676525701554043,1.4860066502505287,0.4824386700906281,3.6788371905416464e-14,0.24873722265648507,0.0,0.0,0.4824386685506371,0.35696643017598945,0.0,0.0,0.4824386685547577,0.43662507217882895,0.2487372235921631,0.5,1.181283855462002,0.49999999999999994,1.0532915710007236,0.29947093009951753,0.39500250361796446,0.29947093009885195,0.753275689831634,0.24873722265648507,0.0,0.0,0.0,0.0,0.29947093097924526,0.08560186670980706,0.2994709309796581,0.17724389859382605,0.2487372235921631],"CS":[1.0563541503829694,1.0162741380796405,2.358742799394925,2.5066165892337042,1.4012760400585678,1.5197057014892508,2.7036646890876352,2.855577455021183,3.335956134034321],"V":[13.54615754531359,5.073201587382677,9.552879024166202,3.645281538277755e-6,13.536217111689595,5.773219262296971,9.648764642734397,3.2975963397165953e-6,4.974741534508151,0.0,0.0,9.552879000470627,8.138871295748698,0.0,0.0,9.648764612017036,8.73249382943072,4.974741553221671,7.086825243938756,17.431259446650195,7.0576415726854345,17.301238421048726,5.989412367426077,13.673585573745234,5.989412367423693,15.06549622099857,4.974739486467618,0.0,0.0,0.0,0.0,5.989412385038317,3.188840556518627,5.9894123850398,3.544874791911341,4.97473950518114],"pr_entry":[0.0,0.0,0.0,0.0,0.0,0.0,0.0,0.0,0.0,0.23882196307841252,0.20347177167442515,0.0,0.0,0.24121910377532313,0.21831233571715503,0.0,0.0,0.0,0.0,0.0,0.0,0.0,0.0,0.0,0.0,0.0,0.0,0.14973530142259828,0.0797210093203299,0.14973530142263533,0.08862186561361882,0.0,0.0,0.0,0.0,0.0],"pr_exit":[0.0,0.0,0.0,0.0,0.0,0.0,0.0,0.0,0.0,0.0,0.0,0.0,0.0,0.0,0.0,0.0,0.0,0.0,0.0,0.0,0.0,0.0,0.0,0.0,0.0,0.0,0.0,0.0,0.0,0.0,0.0,0.0,0.0,0.0,0.0,0.0],"pr_merger":[0.042386824168710556,0.0,0.015954501091048057,0.0,0.0,0.0,0.0,0.0,0.0,0.0,0.0,0.0,0.0,0.0,0.0,0.0,0.0,0.0,0.0,0.0,0.0,0.0,0.0,0.0,0.0,0.0,0.0,0.0,0.0,0.015954501709722634,0.0,0.0,0.0,0.0,0.0,0.0],"active_firms":[true,true,true,true,true,true,true,true,true,false,false,true,true,false,false,true,true,true,true,true,true,true,true,true,true,true,true,false,false,false,false,true,true,true,true,true,true,true,true,true,true,true,true,true,true],"active_outcomes":[1.0,1.0,1.0,1.0,1.0,1.0,1.0,1.0,1.0,0.0,0.0,0.0,0.0,0.0,0.0,1.0,1.0,1.0,0.0,0.0,0.0,0.0,1.0,0.0,1.0,0.0,0.0,0.0,0.0,1.0,1.0,0.0,0.0,1.0,1.0,0.0,1.0,0.0,1.0,0.0,1.0,0.0,1.0,0.0,0.0,0.0,0.0,1.0,1.0,0.0,0.0,1.0,1.0,0.0,1.0,0.0,1.0,0.0,1.0,0.0,1.0,0.0,0.0,0.0,0.0,0.0,0.0,1.0,1.0,1.0,1.0,0.0,1.0,1.0,1.0,1.0,1.0,1.0,1.0,1.0,1.0],"markets":[1,2,3,4,3,4,7,8,9],"marketnames":["20","21","30","31","40","41","43"],"idx_up":[1,2,3,4,5,6,7,8,9,1,2,3,4,5,6,7,8,9,1,2,3,4,5,6,7,8,9,1,2,3,4,5,6,7,8,9,1,2,3,4,5,6,7,8,9,1,2,3,4,5,6,7,8,9,1,2,3,4,5,6,7,8,9,1,2,3,4,5,6,7,8,9,1,2,3,4,5,6,7,8,9,10,11,12,13,14,15,16,17,18,10,11,12,13,14,15,16,17,18,10,11,12,13,14,15,16,17,18,10,11,12,13,14,15,16,17,18,10,11,12,13,14,15,16,17,18,10,11,12,13,14,15,16,17,18,10,11,12,13,14,15,16,17,18,10,11,12,13,14,15,16,17,18,10,11,12,13,14,15,16,17,18,19,20,21,22,23,24,25,26,27,19,20,21,22,23,24,25,26,27,19,20,21,22,23,24,25,26,27,19,20,21,22,23,24,25,26,27,19,20,21,22,23,24,25,26,27,19,20,21,22,23,24,25,26,27,19,20,21,22,23,24,25,26,27,19,20,21,22,23,24,25,26,27,19,20,21,22,23,24,25,26,27,28,29,30,31,32,33,34,35,36,28,29,30,31,32,33,34,35,36,28,29,30,31,32,33,34,35,36,28,29,30,31,32,33,34,35,36,28,29,30,31,32,33,34,35,36,28,29,30,31,32,33,34,35,36,28,29,30,31,32,33,34,35,36,28,29,30,31,32,33,34,35,36,28,29,30,31,32,33,34,35,36],"idx_entry":[1,2,3,4,5,6,7,8,9,3,4,3,4,7,8,7,8,9,1,2,3,4,5,6,7,8,9,5,6,7,8,5,6,7,8,9,10,11,12,13,14,15,16,17,18,12,13,12,13,16,17,16,17,18,10,11,12,13,14,15,16,17,18,14,15,16,17,14,15,16,17,18,19,20,21,22,23,24,25,26,27,21,22,21,22,25,26,25,26,27,19,20,21,22,23,24,25,26,27,23,24,25,26,23,24,25,26,27,28,29,30,31,32,33,34,35,36,30,31,30,31,34,35,34,35,36,28,29,30,31,32,33,34,35,36,32,33,34,35,32,33,34,35,36],"idx_exit":[1,2,10,10,5,6,14,14,15,1,2,1,2,5,6,5,6,6,1,2,3,4,1,1,3,3,13,1,2,3,4,1,2,3,4,4,10,11,1,1,14,15,5,5,6,10,11,10,11,14,15,14,15,15,10,11,12,13,10,10,12,12,4,10,11,12,13,10,11,12,13,13,19,20,19,19,23,24,23,23,33,19,20,19,20,23,24,23,24,24,19,20,21,22,28,28,30,30,31,19,20,21,22,19,20,21,22,22,28,29,28,28,32,33,32,32,24,28,29,28,29,32,33,32,33,33,28,29,30,31,19,19,21,21,22,28,29,30,31,28,29,30,31,31],"idx_merger":[2,2,4,4,6,6,8,8,9,1,2,3,4,5,6,17,9,9,1,2,3,4,6,6,8,8,9,1,2,13,4,5,6,17,8,9,11,11,13,13,15,15,17,17,18,10,11,12,13,14,15,8,18,18,10,11,12,13,15,15,17,17,18,10,11,4,13,14,15,8,17,18,20,20,22,22,24,24,26,26,27,19,20,21,22,23,24,35,27,27,19,20,21,22,33,24,35,26,27,19,20,22,22,23,24,26,26,27,29,29,31,31,33,33,35,35,36,28,29,30,31,32,33,26,36,36,28,29,30,31,24,33,26,35,36,28,29,31,31,32,33,35,35,36]}