{"policy":"nolearning","smax":[5,1],"alpha":0.8,"beta":0.95,"gamma":1.0,"sigma":8.0,"v0":1.0,"accuracy":1.0e-8,"cost_entry":[0,10],"value_exit":[0,1],"cost_merger":[0,10],"entry":true,"exit":true,"mergers":true,"filename":"nolearning_a8s80v10","verbose":true,"firms":[1,2,3,4],"rival":[2,1,4,3],"partner":[3,4,1,2],"merger_pairs":[1,2,1,2,3,4,4,3],"outcomes":[1,0,1,0,1,0,0,0,0,0,1,0,1,0,1,0,0,0,1,0,0,1,0,0,1,0,0,0,1,1,0,0,0,0,1,0,0,0,0,0,1,1,1,1,2],"ownership":[0,3,0,3,0,0,4,4,0,1,0,1,0,0,2,2],"S":[1,1,1,1,1,1,1,1,1,0,0,1,1,0,0,1,1,1,1,1,1,1,1,1,1,1,1,0,0,0,0,1,1,1,1,1,0,1,0,1,0,1,0,1,3],"ms":9,"scale":[3.0314331330207964,3.0314331330207964,3.0314331330207964,3.0314331330207964,3.0314331330207964,3.0314331330207964,3.0314331330207964,3.0314331330207964,3.0314331330207964,0.0,0.0,3.0314331330207964,3.0314331330207964,0.0,0.0,3.0314331330207964,3.0314331330207964,3.0314331330207964,1.0,1.0,1.0,1.0,1.0,1.0,1.0,1.0,1.0,0.0,0.0,0.0,0.0,1.0,1.0,1.0,1.0,1.0],"D":[0.9529270548872476,0.9654243024180579,0.5000000027276676,0.8633013179349565,0.9529270548876071,0.955039164700237,0.5000000027278293,0.6261676909554558,0.5000000023062232,0.0,0.0,0.49999999716386934,0.13669868205226304,0.0,0.0,0.49999999716370774,0.37383230899034725,0.4999999976937404,0.8419516643609102,0.9654243024180579,0.8419516643635668,0.8633013179349565,0.4993825991463471,0.955039164700237,0.49938259913944355,0.6261676909554558,0.5000000023062232,0.0,0.0,0.0,0.0,0.49938260456392447,0.0449179030958329,0.4993826045708089,0.373215010131152,0.4999999976937404],"Q":[0.8023185198768584,0.9654243024180579,0.42097583447834774,0.8633013179349565,0.47587518946664686,0.955039164700237,0.24969130093195227,0.6261676909554558,0.5000000023062232,0.0,0.0,0.0,0.0,0.0,0.0,0.24969130086900942,0.37321501007704455,0.4999999976937404,0.0,0.0,0.0,0.0,0.47587519462920297,0.0,0.24969130364763495,0.0,0.0,0.0,0.0,0.4209758297938985,0.0,0.0,0.0,0.24969129815332677,0.0,0.0,0.1506085350103892,0.0,0.07902416824931989,0.0,0.00117667079175718,0.0,0.0006173981482421025,0.0,0.0,0.0,0.0,0.07902416736997082,0.13669868205226304,0.0,0.0,0.0006173981413715457,0.0006172989133026888,0.0,0.03963314448405173,0.0,9.132058415774334e-11,0.0,0.023507409679700206,0.0,5.416452345408272e-11,0.0,0.0,0.0,0.0,0.0,0.0,0.023507409934721505,0.0449179030958329,5.416452404318472e-11,5.410744364862312e-11,0.0,0.007439800628700766,0.03457569758194212,1.714239302132403e-11,1.2780544214469427e-11,5.812549797137907e-5,4.293220392999866e-5,1.3392968179568342e-13,8.94938983268291e-14,3.6385275179229036e-14],"P":[-0.37597999198342086,-1.2238051067025741,-2.7814331312787117,-2.574223165727691,-0.37597999198442245,-1.6413344046417386,-2.781433131278757,-2.864245871525656,-2.9064331323983477,-0.0,-0.0,-2.781433129887762,-2.886640113515844,-0.0,-0.0,-2.7814331298877266,-2.8318060947629107,-2.906433131821787,-0.20910271235482242,0.8076280263182223,-0.2091027123573181,-0.5427900327068949,-0.7503083156040894,0.3900987283790578,-0.750308315600436,-0.8328127385048596,-0.8749999993775512,-0.0,-0.0,-0.0,-0.0,-0.7503083169601581,-0.8691211885282972,-0.7503083169599559,-0.8005695747599839,-0.8749999988009909],"PI":[2.530453141079837,1.7451280263396005,0.12500000155295926,0.3947099673371362,2.5304531410798377,1.327598728401997,0.12500000155297702,0.10468726148757805,0.06250000059950228,0.0,0.0,0.12500000085748447,0.01979301493669459,0.0,0.0,0.12500000085746182,0.07462703664884981,0.06250000031122221,0.6658972876713868,1.7451280263396005,0.6658972876713867,0.39470996733713604,0.12469168233885923,1.327598728401997,0.12469168233895993,0.10468726148757805,0.06250000059950228,0.0,0.0,0.0,0.0,0.12469168301438614,0.005878801770983729,0.12469168301620609,0.07443042817641256,0.0625000003112221],"CS":[0.6126139034642284,0.45653578727260663,3.0986833245405516,3.171347394630721,1.21911326585549,1.2929463014672764,3.7051826869268374,3.791536002440614,3.9547199263393296],"V":[30.997397523231925,27.14386457147147,2.708954226339399,11.694969957495863,32.57487219435552,21.305483685978597,2.4999982896607515,2.093746294089477,1.2500000069569273,0.0,0.0,2.708954223309618,0.8501134631939851,0.0,0.0,2.4999982757504986,1.4925406784143749,1.2500000011913237,13.828414509947821,27.14386457147147,14.031831065897713,11.694969957495866,2.751722968835824,21.305483685978597,2.493831908197047,2.093746294089479,1.2500000069569281,0.0,0.0,0.0,0.0,2.7517229715001443,0.6863456647967657,2.493831921741922,1.4886085070106663,1.250000001191325],"pr_entry":[0.0,0.0,0.0,0.0,0.0,0.0,0.0,0.0,0.0,0.06772385602145009,0.021252836475963818,0.0,0.0,0.06249995460244835,0.03731351688856646,0.0,0.0,0.0,0.0,0.0,0.0,0.0,0.0,0.0,0.0,0.0,0.0,0.06879307374031297,0.017158641506964438,0.06234579575593989,0.03721521260090142,0.0,0.0,0.0,0.0,0.0],"pr_exit":[0.0,0.0,0.0,0.25,0.0,0.0,0.0,0.25,0.0,0.0,0.0,0.0,0.03747163524036182,0.0,0.0,0.0,0.0,0.0,0.0,0.0,0.0,0.0,0.0,0.25,0.0,0.25,0.0,0.0,0.0,0.0,0.0,0.0,0.07841358493035563,0.0,0.0,0.0],"pr_merger":[0.25,0.0,0.19454020405311515,0.0,0.2156976394229056,0.0,0.0,0.0,0.0,0.0,0.0,0.0,0.0,0.0,0.0,0.0,0.0,0.0,0.0,0.0,0.0,0.0,0.21569763933929673,0.0,0.0,0.0,0.0,0.0,0.0,0.1945402041458184,0.0,0.0,0.0,0.0,0.0,0.0],"active_firms":[true,true,true,true,true,true,true,true,true,false,false,true,true,false,false,true,true,true,true,true,true,true,true,true,true,true,true,false,false,false,false,true,true,true,true,true,true,true,true,true,true,true,true,true,true],"active_outcomes":[1.0,1.0,1.0,1.0,1.0,1.0,1.0,1.0,1.0,0.0,0.0,0.0,0.0,0.0,0.0,1.0,1.0,1.0,0.0,0.0,0.0,0.0,1.0,0.0,1.0,0.0,0.0,0.0,0.0,1.0,0.0,0.0,0.0,1.0,0.0,0.0,1.0,0.0,1.0,0.0,1.0,0.0,1.0,0.0,0.0,0.0,0.0,1.0,1.0,0.0,0.0,1.0,1.0,0.0,1.0,0.0,1.0,0.0,1.0,0.0,1.0,0.0,0.0,0.0,0.0,0.0,0.0,1.0,1.0,1.0,1.0,0.0,1.0,1.0,1.0,1.0,1.0,1.0,1.0,1.0,1.0],"markets":[1,2,3,4,3,4,7,8,9],"marketnames":["20","21","30","31","40","41","43"],"idx_up":[1,2,3,4,5,6,7,8,9,1,2,3,4,5,6,7,8,9,1,2,3,4,5,6,7,8,9,1,2,3,4,5,6,7,8,9,1,2,3,4,5,6,7,8,9,1,2,3,4,5,6,7,8,9,1,2,3,4,5,6,7,8,9,1,2,3,4,5,6,7,8,9,1,2,3,4,5,6,7,8,9,10,11,12,13,14,15,16,17,18,10,11,12,13,14,15,16,17,18,10,11,12,13,14,15,16,17,18,10,11,12,13,14,15,16,17,18,10,11,12,13,14,15,16,17,18,10,11,12,13,14,15,16,17,18,10,11,12,13,14,15,16,17,18,10,11,12,13,14,15,16,17,18,10,11,12,13,14,15,16,17,18,19,20,21,22,23,24,25,26,27,19,20,21,22,23,24,25,26,27,19,20,21,22,23,24,25,26,27,19,20,21,22,23,24,25,26,27,19,20,21,22,23,24,25,26,27,19,20,21,22,23,24,25,26,27,19,20,21,22,23,24,25,26,27,19,20,21,22,23,24,25,26,27,19,20,21,22,23,24,25,26,27,28,29,30,31,32,33,34,35,36,28,29,30,31,32,33,34,35,36,28,29,30,31,32,33,34,35,36,28,29,30,31,32,33,34,35,36,28,29,30,31,32,33,34,35,36,28,29,30,31,32,33,34,35,36,28,29,30,31,32,33,34,35,36,28,29,30,31,32,33,34,35,36,28,29,30,31,32,33,34,35,36],"idx_entry":[1,2,3,4,5,6,7,8,9,3,4,3,4,7,8,7,8,9,1,2,3,4,5,6,7,8,9,5,6,7,8,5,6,7,8,9,10,11,12,13,14,15,16,17,18,12,13,12,13,16,17,16,17,18,10,11,12,13,14,15,16,17,18,14,15,16,17,14,15,16,17,18,19,20,21,22,23,24,25,26,27,21,22,21,22,25,26,25,26,27,19,20,21,22,23,24,25,26,27,23,24,25,26,23,24,25,26,27,28,29,30,31,32,33,34,35,36,30,31,30,31,34,35,34,35,36,28,29,30,31,32,33,34,35,36,32,33,34,35,32,33,34,35,36],"idx_exit":[1,2,10,4,5,6,14,8,11,1,2,1,2,5,6,5,6,2,1,2,3,4,1,6,3,8,11,1,2,3,4,1,2,3,4,2,10,11,1,13,14,15,5,17,2,10,11,10,11,14,15,14,15,11,10,11,12,13,10,15,12,17,2,10,11,12,13,10,11,12,13,11,19,20,19,22,23,24,23,26,29,19,20,19,20,23,24,23,24,20,19,20,21,22,28,24,30,26,29,19,20,21,22,19,20,21,22,20,28,29,28,31,32,33,32,35,20,28,29,28,29,32,33,32,33,29,28,29,30,31,19,33,21,35,20,28,29,30,31,28,29,30,31,29],"idx_merger":[2,2,4,4,6,6,8,8,9,1,2,3,4,5,6,17,9,9,1,2,3,4,6,6,8,8,9,1,2,13,4,5,6,17,8,9,11,11,13,13,15,15,17,17,18,10,11,12,13,14,15,8,18,18,10,11,12,13,15,15,17,17,18,10,11,4,13,14,15,8,17,18,20,20,22,22,24,24,26,26,27,19,20,21,22,23,24,35,27,27,19,20,21,22,33,24,35,26,27,19,20,22,22,23,24,26,26,27,29,29,31,31,33,33,35,35,36,28,29,30,31,32,33,26,36,36,28,29,30,31,24,33,26,35,36,28,29,31,31,32,33,35,35,36]}