{"policy":"nolearning","smax":[5,1],"alpha":0.4,"beta":0.95,"gamma":1.0,"sigma":8.0,"v0":1.0,"accuracy":1.0e-8,"cost_entry":[0,10],"value_exit":[0,1],"cost_merger":[0,10],"entry":true,"exit":true,"mergers":true,"filename":"nolearning_a4s80v10","verbose":true,"firms":[1,2,3,4],"rival":[2,1,4,3],"partner":[3,4,1,2],"merger_pairs":[1,2,1,2,3,4,4,3],"outcomes":[1,0,1,0,1,0,0,0,0,0,1,0,1,0,1,0,0,0,1,0,0,1,0,0,1,0,0,0,1,1,0,0,0,0,1,0,0,0,0,0,1,1,1,1,2],"ownership":[0,3,0,3,0,0,4,4,0,1,0,1,0,0,2,2],"S":[1,1,1,1,1,1,1,1,1,0,0,1,1,0,0,1,1,1,1,1,1,1,1,1,1,1,1,0,0,0,0,1,1,1,1,1,0,1,0,1,0,1,0,1,3],"ms":9,"scale":[1.7411011265922482,1.7411011265922482,1.7411011265922482,1.7411011265922482,1.7411011265922482,1.7411011265922482,1.7411011265922482,1.7411011265922482,1.7411011265922482,0.0,0.0,1.7411011265922482,1.7411011265922482,0.0,0.0,1.7411011265922482,1.7411011265922482,1.7411011265922482,1.0,1.0,1.0,1.0,1.0,1.0,1.0,1.0,1.0,0.0,0.0,0.0,0.0,1.0,1.0,1.0,1.0,1.0],"D":[0.9135749622244143,0.9474691039666184,0.4999983524506506,0.8633012645512401,0.9135749622298988,0.9204208342503015,0.499998352466763,0.6261671753883596,0.5000000013478025,0.0,0.0,0.49999834879647453,0.1366983467432983,0.0,0.0,0.4999983487803622,0.373831176279431,0.4999999975455783,0.841951664359776,0.9474691039666184,0.8419516643529906,0.8633012645512401,0.49938259915566097,0.9204208342503015,0.4993825991623041,0.6261671753883596,0.5000000013478025,0.0,0.0,0.0,0.0,0.4993826045545563,0.07950013157590889,0.49938260454804145,0.37321552401735886,0.4999999975455783],"Q":[0.769185959962265,0.9474691039666184,0.4209744450195785,0.8633012645512401,0.45622343916190156,0.9204208342503015,0.2496904768317219,0.6261671753883596,0.5000000013478025,0.0,0.0,0.0,0.0,0.0,0.0,0.2496904776836573,0.3732138784069982,0.4999999975455783,0.0,0.0,0.0,0.0,0.4562234440941972,0.0,0.2496904795245817,0.0,0.0,0.0,0.0,0.42097444194293887,0.0,0.0,0.0,0.24969047499079752,0.0,0.0,0.1443890022621492,0.0,0.07902390743107211,0.0,0.0011280789737999149,0.0,0.0006173961104593439,0.0,0.0,0.0,0.0,0.07902390685353568,0.1366983467432983,0.0,0.0,0.0006173961059073899,0.0006172978724327939,0.0,0.07276570439751094,0.0,2.77739047327003e-6,0.0,0.04315915999375943,0.0,1.6473397846790161e-6,0.0,0.0,0.0,0.0,0.0,0.0,0.04315916046035913,0.07950013157590889,1.6473398024452313e-6,1.6456103606416436e-6,0.0,0.013659333378074822,0.05253089603338154,5.213624015809915e-7,3.8870546147449726e-7,0.00010671731598285711,7.903417378955541e-5,4.073287810456635e-9,2.7218488733949513e-9,1.1066192561657282e-9],"P":[-0.2947610012507993,-0.5513251155522747,-1.4911019502460119,-1.283891337647173,-0.294761001259482,-0.9557196841975968,-1.491101950246869,-1.5739140985766285,-1.6161011262057228,-0.0,-0.0,-1.4911019493324649,-1.5963081648993673,-0.0,-0.0,-1.4911019493252657,-1.5414744474433548,-1.6161011257304447,-0.20910271235375708,0.18977601103997355,-0.20910271234738317,-0.5427902110549248,-0.7503083156009327,-0.21461855760534854,-0.7503083156155761,-0.8328129719843802,-0.8749999996134745,-0.0,-0.0,-0.0,-0.0,-0.7503083169523251,-0.8642042021422343,-0.750308316963675,-0.8005694065031222,-0.8749999991381965],"PI":[1.3213401253724688,1.1272760111010212,0.12499917628713784,0.39470978896148906,1.3213401253724688,0.7228814424135902,0.12499917629073738,0.1046870290941152,0.06250000036173806,0.0,0.0,0.12499917583036883,0.019792958483482545,0.0,0.0,0.12499917582994031,0.0746266762829874,0.06250000012409904,0.6658972876713867,1.1272760111010212,0.6658972876713867,0.39470978896148906,0.12469168234276123,0.7228814424135902,0.12469168233710731,0.1046870290941152,0.06250000036173806,0.0,0.0,0.0,0.0,0.12469168301595862,0.010795783797147903,0.12469168300866403,0.07443059345703011,0.06250000012409904],"CS":[0.5366665283812143,0.4042544823822744,1.80835255606942,1.8810157526278217,1.1431658907748625,1.2166640364837495,2.4148519184703123,2.5012045658922806,2.664387920622233],"V":[17.306403787299068,17.575896117020303,2.3543970136853973,8.95379142655272,17.562443270594866,12.682165295056501,2.49998194203849,2.09373984592902,1.2500010321554786,0.0,0.0,2.3543970110077788,0.8501105651235948,0.0,0.0,2.4999819328225645,1.4925340444166333,1.2500010274027087,10.855159755795992,17.575894570353306,10.699194610092583,8.95378987988571,2.3862191202958596,12.682163748389494,2.4938305291335814,2.093738299262009,1.2499994854884695,0.0,0.0,0.0,0.0,2.3862191238652932,0.7438885343674942,2.4938305425646923,1.4886108494149162,1.2499994807356996],"pr_entry":[0.0,0.0,0.0,0.0,0.0,0.0,0.0,0.0,0.0,0.05885992462668197,0.02125276423189823,0.0,0.0,0.06249954623664801,0.037313351792990675,0.0,0.0,0.0,0.0,0.0,0.0,0.0,0.0,0.0,0.0,0.0,0.0,0.05965547737677832,0.01859721235817064,0.062345759462000716,0.03721526989362857,0.0,0.0,0.0,0.0,0.0],"pr_exit":[0.0,0.0,0.0,0.25,0.0,0.0,0.0,0.25,0.0,0.0,0.0,0.0,0.0374723576810177,0.0,0.0,0.0,0.0,0.0,0.0,0.0,0.0,0.0,0.0,0.25,0.0,0.25,0.0,0.0,0.0,0.0,0.0,0.0,0.06402787641829358,0.0,0.0,0.0],"pr_merger":[0.19615766586253977,0.0,0.1367004696959532,0.0,0.15408615292426692,0.0,0.0,0.0,0.0,0.0,0.0,0.0,0.0,0.0,0.0,0.0,0.0,0.0,0.0,0.0,0.0,0.0,0.15408615281962232,0.0,0.0,0.0,0.0,0.0,0.0,0.13670046977308456,0.0,0.0,0.0,0.0,0.0,0.0],"active_firms":[true,true,true,true,true,true,true,true,true,false,false,true,true,false,false,true,true,true,true,true,true,true,true,true,true,true,true,false,false,false,false,true,true,true,true,true,true,true,true,true,true,true,true,true,true],"active_outcomes":[1.0,1.0,1.0,1.0,1.0,1.0,1.0,1.0,1.0,0.0,0.0,0.0,0.0,0.0,0.0,1.0,1.0,1.0,0.0,0.0,0.0,0.0,1.0,0.0,1.0,0.0,0.0,0.0,0.0,1.0,0.0,0.0,0.0,1.0,0.0,0.0,1.0,0.0,1.0,0.0,1.0,0.0,1.0,0.0,0.0,0.0,0.0,1.0,1.0,0.0,0.0,1.0,1.0,0.0,1.0,0.0,1.0,0.0,1.0,0.0,1.0,0.0,0.0,0.0,0.0,0.0,0.0,1.0,1.0,1.0,1.0,0.0,1.0,1.0,1.0,1.0,1.0,1.0,1.0,1.0,1.0],"markets":[1,2,3,4,3,4,7,8,9],"marketnames":["20","21","30","31","40","41","43"],"idx_up":[1,2,3,4,5,6,7,8,9,1,2,3,4,5,6,7,8,9,1,2,3,4,5,6,7,8,9,1,2,3,4,5,6,7,8,9,1,2,3,4,5,6,7,8,9,1,2,3,4,5,6,7,8,9,1,2,3,4,5,6,7,8,9,1,2,3,4,5,6,7,8,9,1,2,3,4,5,6,7,8,9,10,11,12,13,14,15,16,17,18,10,11,12,13,14,15,16,17,18,10,11,12,13,14,15,16,17,18,10,11,12,13,14,15,16,17,18,10,11,12,13,14,15,16,17,18,10,11,12,13,14,15,16,17,18,10,11,12,13,14,15,16,17,18,10,11,12,13,14,15,16,17,18,10,11,12,13,14,15,16,17,18,19,20,21,22,23,24,25,26,27,19,20,21,22,23,24,25,26,27,19,20,21,22,23,24,25,26,27,19,20,21,22,23,24,25,26,27,19,20,21,22,23,24,25,26,27,19,20,21,22,23,24,25,26,27,19,20,21,22,23,24,25,26,27,19,20,21,22,23,24,25,26,27,19,20,21,22,23,24,25,26,27,28,29,30,31,32,33,34,35,36,28,29,30,31,32,33,34,35,36,28,29,30,31,32,33,34,35,36,28,29,30,31,32,33,34,35,36,28,29,30,31,32,33,34,35,36,28,29,30,31,32,33,34,35,36,28,29,30,31,32,33,34,35,36,28,29,30,31,32,33,34,35,36,28,29,30,31,32,33,34,35,36],"idx_entry":[1,2,3,4,5,6,7,8,9,3,4,3,4,7,8,7,8,9,1,2,3,4,5,6,7,8,9,5,6,7,8,5,6,7,8,9,10,11,12,13,14,15,16,17,18,12,13,12,13,16,17,16,17,18,10,11,12,13,14,15,16,17,18,14,15,16,17,14,15,16,17,18,19,20,21,22,23,24,25,26,27,21,22,21,22,25,26,25,26,27,19,20,21,22,23,24,25,26,27,23,24,25,26,23,24,25,26,27,28,29,30,31,32,33,34,35,36,30,31,30,31,34,35,34,35,36,28,29,30,31,32,33,34,35,36,32,33,34,35,32,33,34,35,36],"idx_exit":[1,2,10,4,5,6,14,8,11,1,2,1,2,5,6,5,6,2,1,2,3,4,1,6,3,8,11,1,2,3,4,1,2,3,4,2,10,11,1,13,14,15,5,17,2,10,11,10,11,14,15,14,15,11,10,11,12,13,10,15,12,17,2,10,11,12,13,10,11,12,13,11,19,20,19,22,23,24,23,26,29,19,20,19,20,23,24,23,24,20,19,20,21,22,28,24,30,26,29,19,20,21,22,19,20,21,22,20,28,29,28,31,32,33,32,35,20,28,29,28,29,32,33,32,33,29,28,29,30,31,19,33,21,35,20,28,29,30,31,28,29,30,31,29],"idx_merger":[2,2,4,4,6,6,8,8,9,1,2,3,4,5,6,17,9,9,1,2,3,4,6,6,8,8,9,1,2,13,4,5,6,17,8,9,11,11,13,13,15,15,17,17,18,10,11,12,13,14,15,8,18,18,10,11,12,13,15,15,17,17,18,10,11,4,13,14,15,8,17,18,20,20,22,22,24,24,26,26,27,19,20,21,22,23,24,35,27,27,19,20,21,22,33,24,35,26,27,19,20,22,22,23,24,26,26,27,29,29,31,31,33,33,35,35,36,28,29,30,31,32,33,26,36,36,28,29,30,31,24,33,26,35,36,28,29,31,31,32,33,35,35,36]}