{"policy":"nolearning","smax":[5,1],"alpha":0.3,"beta":0.95,"gamma":1.0,"sigma":6.0,"v0":1.0,"accuracy":1.0e-8,"cost_entry":[0,10],"value_exit":[0,1],"cost_merger":[0,10],"entry":true,"exit":true,"mergers":true,"filename":"nolearning_a3s60v10","verbose":true,"firms":[1,2,3,4],"rival":[2,1,4,3],"partner":[3,4,1,2],"merger_pairs":[1,2,1,2,3,4,4,3],"outcomes":[1,0,1,0,1,0,0,0,0,0,1,0,1,0,1,0,0,0,1,0,0,1,0,0,1,0,0,0,1,1,0,0,0,0,1,0,0,0,0,0,1,1,1,1,2],"ownership":[0,3,0,3,0,0,4,4,0,1,0,1,0,0,2,2],"S":[1,1,1,1,1,1,1,1,1,0,0,1,1,0,0,1,1,1,1,1,1,1,1,1,1,1,1,0,0,0,0,1,1,1,1,1,0,1,0,1,0,1,0,1,3],"ms":9,"scale":[1.515716566510398,1.515716566510398,1.515716566510398,1.515716566510398,1.515716566510398,1.515716566510398,1.515716566510398,1.515716566510398,1.515716566510398,0.0,0.0,1.515716566510398,1.515716566510398,0.0,0.0,1.515716566510398,1.515716566510398,1.515716566510398,1.0,1.0,1.0,1.0,1.0,1.0,1.0,1.0,1.0,0.0,0.0,0.0,0.0,1.0,1.0,1.0,1.0,1.0],"D":[0.862260903405285,0.9208852226522041,0.4997928043216753,0.8236947944849939,0.8622609034140092,0.8786903950865266,0.49979280429607026,0.6248731302121002,0.49999948814144457,0.0,0.0,0.49979280008297294,0.17623856996516155,0.0,0.0,0.49979280010860583,0.3749183664083824,0.49999948340023226,0.7869367222361859,0.9208852226522041,0.7869367222364471,0.8236947944849939,0.49554143166168696,0.8786903950865266,0.4955414316530357,0.6248731302121002,0.49999948814144457,0.0,0.0,0.0,0.0,0.4955414365435974,0.12037953585716325,0.4955414365523397,0.37062686553176866,0.49999948340023226],"Q":[0.6785447690381675,0.9208852226522041,0.3933053112302611,0.8236947944849939,0.42728600254367766,0.8786903950865266,0.24766804177076007,0.6248731302121002,0.49999948814144457,0.0,0.0,0.0,0.0,0.0,0.0,0.2476680421443348,0.3704208633489684,0.49999948340023226,0.0,0.0,0.0,0.0,0.42728600675315814,0.0,0.2476680442193972,0.0,0.0,0.0,0.0,0.3933053078946706,0.0,0.0,0.0,0.24766803969569814,0.0,0.0,0.18371613436711756,0.0,0.10648749309141423,0.0,0.007688894117173345,0.0,0.004456718305913007,0.0,0.0,0.0,0.0,0.10648749218830232,0.17623856996516155,0.0,0.0,0.004456718268572833,0.0044975030594140005,0.0,0.10839195319801839,0.0,0.00032610311151535647,0.0,0.06825542911800929,0.0,0.00020535018657745537,0.0,0.0,0.0,0.0,0.0,0.0,0.06825542979043923,0.12037953585716325,0.00020535018860770536,0.0002060021828002538,0.0,0.029347143396696588,0.0791147773477959,8.829248383643073e-5,6.663554984458371e-5,0.0012282376775423556,0.0009300690563100811,3.6952201386139593e-6,2.501196717198038e-6,1.0284583231347512e-6],"P":[-0.3056994342847984,-0.462394594095233,-1.1825213063754028,-1.0430513773093684,-0.3056994342970411,-0.8287690376814092,-1.1825213063781306,-1.293569500941278,-1.349050070453985,-0.0,-0.0,-1.182521304961916,-1.31339260845403,-0.0,-0.0,-1.1825213049817305,-1.2490847236421325,-1.3490500696637822,-0.2177597735208741,0.05332197241516501,-0.2177597735211338,-0.5273348107989704,-0.6696127698223057,-0.3130524711710112,-0.6696127698211014,-0.77785293443088,-0.833333503943587,-0.0,-0.0,-0.0,-0.0,-0.6696127714642506,-0.8105243319932404,-0.6696127714688963,-0.7351862434386374,-0.8333335031533842],"PI":[1.0433504655687176,0.969988639091998,0.16652859344955936,0.38933185587915287,1.0433504655687176,0.6036141955104573,0.16652859343966456,0.1388137322296087,0.08333316271853461,0.0,0.0,0.1665285927436943,0.03565728503754563,0.0,0.0,0.16652859274233198,0.0999651749606266,0.08333316232343435,0.6155735598267751,0.969988639091998,0.615573559826775,0.38933185587915287,0.16372056104499397,0.6036141955104573,0.16372056104273244,0.1388137322296087,0.08333316271853461,0.0,0.0,0.0,0.0,0.1637205618442631,0.022808992970879682,0.16372056184484926,0.09814709254403067,0.08333316232343435],"CS":[0.5880933443913015,0.4707562792587528,1.5558092624570936,1.6506590689716916,1.1170291532496697,1.2113222988214318,2.084745071317673,2.1977372210327832,2.413432805203826],"V":[11.367106304408527,12.309329330656203,3.102347316782133,5.369096711696864,10.442343764477684,7.544267364228842,3.330564102194336,2.776269250085509,1.6666626084005194,0.0,0.0,3.102347307862836,1.333723783834449,0.0,0.0,3.33056408824775,1.9993014297220575,1.6666626004985494,7.894534700827515,12.309327123668274,6.868689189072162,5.369094504708938,2.8621466399826057,7.544265157240913,3.274401487604962,2.7762670430975813,1.6666604014125932,0.0,0.0,0.0,0.0,2.8621466484948517,1.1901073542893403,3.2744015036472325,1.9629377300104,1.666660393510623],"pr_entry":[0.0,0.0,0.0,0.0,0.0,0.0,0.0,0.0,0.0,0.07755867066683887,0.0333430900343289,0.0,0.0,0.08326409198698469,0.04998253302003766,0.0,0.0,0.0,0.0,0.0,0.0,0.0,0.0,0.0,0.0,0.0,0.0,0.07155365539782209,0.029752677382490128,0.08186002478427325,0.04907343782806235,0.0,0.0,0.0,0.0,0.0],"pr_exit":[0.0,0.0,0.0,0.25,0.0,0.0,0.0,0.0,0.0,0.0,0.0,0.0,0.0,0.0,0.0,0.0,0.0,0.0,0.0,0.0,0.0,0.0,0.0,0.25,0.0,0.0,0.0,0.0,0.0,0.0,0.0,0.0,0.0,0.0,0.0,0.0],"pr_merger":[0.14393686276561207,0.0,0.019705592984803233,0.0,0.04663096603162522,0.0,0.0,0.0,0.0,0.0,0.0,0.0,0.0,0.0,0.0,0.0,0.0,0.0,0.0,0.0,0.0,0.0,0.04663096580314461,0.0,0.0,0.0,0.0,0.0,0.0,0.019705593218073934,0.0,0.0,0.0,0.0,0.0,0.0],"active_firms":[true,true,true,true,true,true,true,true,true,false,false,true,true,false,false,true,true,true,true,true,true,true,true,true,true,true,true,false,false,false,false,true,true,true,true,true,true,true,true,true,true,true,true,true,true],"active_outcomes":[1.0,1.0,1.0,1.0,1.0,1.0,1.0,1.0,1.0,0.0,0.0,0.0,0.0,0.0,0.0,1.0,1.0,1.0,0.0,0.0,0.0,0.0,1.0,0.0,1.0,0.0,0.0,0.0,0.0,1.0,0.0,0.0,0.0,1.0,0.0,0.0,1.0,0.0,1.0,0.0,1.0,0.0,1.0,0.0,0.0,0.0,0.0,1.0,1.0,0.0,0.0,1.0,1.0,0.0,1.0,0.0,1.0,0.0,1.0,0.0,1.0,0.0,0.0,0.0,0.0,0.0,0.0,1.0,1.0,1.0,1.0,0.0,1.0,1.0,1.0,1.0,1.0,1.0,1.0,1.0,1.0],"markets":[1,2,3,4,3,4,7,8,9],"marketnames":["20","21","30","31","40","41","43"],"idx_up":[1,2,3,4,5,6,7,8,9,1,2,3,4,5,6,7,8,9,1,2,3,4,5,6,7,8,9,1,2,3,4,5,6,7,8,9,1,2,3,4,5,6,7,8,9,1,2,3,4,5,6,7,8,9,1,2,3,4,5,6,7,8,9,1,2,3,4,5,6,7,8,9,1,2,3,4,5,6,7,8,9,10,11,12,13,14,15,16,17,18,10,11,12,13,14,15,16,17,18,10,11,12,13,14,15,16,17,18,10,11,12,13,14,15,16,17,18,10,11,12,13,14,15,16,17,18,10,11,12,13,14,15,16,17,18,10,11,12,13,14,15,16,17,18,10,11,12,13,14,15,16,17,18,10,11,12,13,14,15,16,17,18,19,20,21,22,23,24,25,26,27,19,20,21,22,23,24,25,26,27,19,20,21,22,23,24,25,26,27,19,20,21,22,23,24,25,26,27,19,20,21,22,23,24,25,26,27,19,20,21,22,23,24,25,26,27,19,20,21,22,23,24,25,26,27,19,20,21,22,23,24,25,26,27,19,20,21,22,23,24,25,26,27,28,29,30,31,32,33,34,35,36,28,29,30,31,32,33,34,35,36,28,29,30,31,32,33,34,35,36,28,29,30,31,32,33,34,35,36,28,29,30,31,32,33,34,35,36,28,29,30,31,32,33,34,35,36,28,29,30,31,32,33,34,35,36,28,29,30,31,32,33,34,35,36,28,29,30,31,32,33,34,35,36],"idx_entry":[1,2,3,4,5,6,7,8,9,3,4,3,4,7,8,7,8,9,1,2,3,4,5,6,7,8,9,5,6,7,8,5,6,7,8,9,10,11,12,13,14,15,16,17,18,12,13,12,13,16,17,16,17,18,10,11,12,13,14,15,16,17,18,14,15,16,17,14,15,16,17,18,19,20,21,22,23,24,25,26,27,21,22,21,22,25,26,25,26,27,19,20,21,22,23,24,25,26,27,23,24,25,26,23,24,25,26,27,28,29,30,31,32,33,34,35,36,30,31,30,31,34,35,34,35,36,28,29,30,31,32,33,34,35,36,32,33,34,35,32,33,34,35,36],"idx_exit":[1,2,10,4,5,6,14,10,11,1,2,1,2,5,6,5,6,2,1,2,3,4,1,6,3,10,11,1,2,3,4,1,2,3,4,2,10,11,1,13,14,15,5,1,2,10,11,10,11,14,15,14,15,11,10,11,12,13,10,15,12,1,2,10,11,12,13,10,11,12,13,11,19,20,19,22,23,24,23,28,29,19,20,19,20,23,24,23,24,20,19,20,21,22,28,24,30,28,29,19,20,21,22,19,20,21,22,20,28,29,28,31,32,33,32,19,20,28,29,28,29,32,33,32,33,29,28,29,30,31,19,33,21,19,20,28,29,30,31,28,29,30,31,29],"idx_merger":[2,2,4,4,6,6,8,8,9,1,2,3,4,5,6,17,9,9,1,2,3,4,6,6,8,8,9,1,2,13,4,5,6,17,8,9,11,11,13,13,15,15,17,17,18,10,11,12,13,14,15,8,18,18,10,11,12,13,15,15,17,17,18,10,11,4,13,14,15,8,17,18,20,20,22,22,24,24,26,26,27,19,20,21,22,23,24,35,27,27,19,20,21,22,33,24,35,26,27,19,20,22,22,23,24,26,26,27,29,29,31,31,33,33,35,35,36,28,29,30,31,32,33,26,36,36,28,29,30,31,24,33,26,35,36,28,29,31,31,32,33,35,35,36]}