{"policy":"nolearning","smax":[5,1],"alpha":0.0,"beta":0.95,"gamma":1.0,"sigma":7.0,"v0":1.0,"accuracy":1.0e-8,"cost_entry":[0,10],"value_exit":[0,1],"cost_merger":[0,10],"entry":true,"exit":true,"mergers":true,"filename":"nolearning_a0s70v10","verbose":true,"firms":[1,2,3,4],"rival":[2,1,4,3],"partner":[3,4,1,2],"merger_pairs":[1,2,1,2,3,4,4,3],"outcomes":[1,0,1,0,1,0,0,0,0,0,1,0,1,0,1,0,0,0,1,0,0,1,0,0,1,0,0,0,1,1,0,0,0,0,1,0,0,0,0,0,1,1,1,1,2],"ownership":[0,3,0,3,0,0,4,4,0,1,0,1,0,0,2,2],"S":[1,1,1,1,1,1,1,1,1,0,0,1,1,0,0,1,1,1,1,1,1,1,1,1,1,1,1,0,0,0,0,1,1,1,1,1,0,1,0,1,0,1,0,1,3],"ms":9,"scale":[1.0,1.0,1.0,1.0,1.0,1.0,1.0,1.0,1.0,0.0,0.0,1.0,1.0,0.0,0.0,1.0,1.0,1.0,1.0,1.0,1.0,1.0,1.0,1.0,1.0,1.0,1.0,0.0,0.0,0.0,0.0,1.0,1.0,1.0,1.0,1.0],"D":[0.8180714760217174,0.9140581639225906,0.4983322602859954,0.8456352862529593,0.8180714760147781,0.8456352862599567,0.4983322602983906,0.6253023165628089,0.49999846581983803,0.0,0.0,0.4983322541596968,0.15390710805222035,0.0,0.0,0.49833225414736515,0.3730213876642388,0.4999984621022631,0.8180714760165082,0.9140581639225906,0.8180714760164687,0.8456352862529593,0.49833226027766947,0.8456352862599567,0.4983322603025838,0.6253023165628089,0.49999846581983803,0.0,0.0,0.0,0.0,0.49833225416796056,0.15390710804519925,0.4983322541433843,0.3730213875859092,0.4999984621022631],"Q":[0.6692409398760898,0.9140581639225906,0.40767140771878735,0.8456352862529593,0.40767140771113364,0.8456352862599567,0.24833504165619252,0.6253023165628089,0.49999846581983803,0.0,0.0,0.0,0.0,0.0,0.0,0.24833503552161032,0.37135259110578406,0.4999984621022631,0.0,0.0,0.0,0.0,0.40767140271295504,0.0,0.2483350385868647,0.0,0.0,0.0,0.0,0.40767140270703717,0.0,0.0,0.0,0.2483350385909381,0.0,0.0,0.14883053614562752,0.0,0.0906608525672081,0.0,0.0027286655906894174,0.0,0.0016621800553333482,0.0,0.0,0.0,0.0,0.0906608514526596,0.15390710805222035,0.0,0.0,0.0016621800348166917,0.0016687965584547492,0.0,0.14883053614041847,0.0,0.0027286655906442157,0.0,0.09066085256653582,0.0,0.001662180055453182,0.0,0.0,0.0,0.0,0.0,0.0,0.0906608514550055,0.15390710804519925,0.0016621800349092583,0.00166879648012515,0.0,0.03309798783786428,0.08594183607740935,0.0006068199636636143,0.00045760569482035965,0.0006068199636805594,0.0004576056948441908,1.1125463881863976e-5,7.49929282707212e-6,3.0720778989233733e-6],"P":[-0.21476226103416401,-0.1688731045246219,-0.7152355402309464,-0.5372739683538441,-0.21476226102750345,-0.5372739683507153,-0.7152355402372205,-0.8093701279926974,-0.8571432954537801,-0.0,-0.0,-0.7152355384747174,-0.8311566599959973,-0.0,-0.0,-0.7152355384739032,-0.7721498993691381,-0.8571432949226964,-0.21476226102916404,-0.1688731045246219,-0.21476226102912616,-0.5372739683538441,-0.7152355402258979,-0.5372739683507153,-0.7152355402475197,-0.8093701279926974,-0.8571432954537801,-0.0,-0.0,-0.0,-0.0,-0.7152355384744248,-0.8311566599820406,-0.7152355384818588,-0.7721498926637413,-0.8571432949226964],"PI":[0.6423805961437375,0.759698324064907,0.1419073168858329,0.39129746022779294,0.6423805961437373,0.3912974602336766,0.14190731688623603,0.11920130057223809,0.07142813310518784,0.0,0.0,0.1419073160164663,0.025986190173893822,0.0,0.0,0.14190731601336046,0.08499296071676055,0.07142813283964838,0.6423805961437373,0.759698324064907,0.6423805961437372,0.39129746022779294,0.1419073168859778,0.3912974602336766,0.14190731688229768,0.11920130057223809,0.07142813310518784,0.0,0.0,0.0,0.0,0.1419073160189654,0.025986190174856396,0.14190731600826229,0.08499296320016955,0.07142813283964838],"CS":[0.4868975412633972,0.39168094409605814,1.0581826301605728,1.139597820779049,1.0581826301565838,1.1395978207716093,1.6294677190764395,1.726911986291866,1.9123290808339775],"V":[8.018638016114396,10.307761261981929,2.573314990874141,5.394882646808896,7.21060161462241,5.394882686174513,2.8381384714527473,2.384020088562121,1.4285608280873963,0.0,0.0,2.5733149803241187,1.0469205963674915,0.0,0.0,2.838138453995312,1.6998562193163607,1.428560822776631,8.018638013338725,10.307761261981929,7.210601598328916,5.394882646808896,2.573314980301247,5.394882686174513,2.838138471373974,2.384020088562121,1.4285608280873963,0.0,0.0,0.0,0.0,2.5733149697561424,1.0469206100434025,2.838138453893347,1.699856268984328,1.428560822776631],"pr_entry":[0.0,0.0,0.0,0.0,0.0,0.0,0.0,0.0,0.0,0.06433286415913261,0.026173009454896135,0.0,0.0,0.07095345099952502,0.04249640154209475,0.0,0.0,0.0,0.0,0.0,0.0,0.0,0.0,0.0,0.0,0.0,0.0,0.06433286389493337,0.02617300979679361,0.07095345099697592,0.04249640278379366,0.0,0.0,0.0,0.0,0.0],"pr_exit":[0.0,0.0,0.0,0.25,0.0,0.0,0.0,0.0,0.0,0.0,0.0,0.0,0.0,0.0,0.0,0.0,0.0,0.0,0.0,0.0,0.0,0.0,0.0,0.25,0.0,0.0,0.0,0.0,0.0,0.0,0.0,0.0,0.0,0.0,0.0,0.0],"pr_merger":[0.12171252274573383,0.0,0.026034959294530303,0.0,0.02603496123348913,0.0,0.0,0.0,0.0,0.0,0.0,0.0,0.0,0.0,0.0,0.0,0.0,0.0,0.0,0.0,0.0,0.0,0.026034961509419186,0.0,0.0,0.0,0.0,0.0,0.0,0.026034959570533433,0.0,0.0,0.0,0.0,0.0,0.0],"active_firms":[true,true,true,true,true,true,true,true,true,false,false,true,true,false,false,true,true,true,true,true,true,true,true,true,true,true,true,false,false,false,false,true,true,true,true,true,true,true,true,true,true,true,true,true,true],"active_outcomes":[1.0,1.0,1.0,1.0,1.0,1.0,1.0,1.0,1.0,0.0,0.0,0.0,0.0,0.0,0.0,1.0,1.0,1.0,0.0,0.0,0.0,0.0,1.0,0.0,1.0,0.0,0.0,0.0,0.0,1.0,0.0,0.0,0.0,1.0,0.0,0.0,1.0,0.0,1.0,0.0,1.0,0.0,1.0,0.0,0.0,0.0,0.0,1.0,1.0,0.0,0.0,1.0,1.0,0.0,1.0,0.0,1.0,0.0,1.0,0.0,1.0,0.0,0.0,0.0,0.0,0.0,0.0,1.0,1.0,1.0,1.0,0.0,1.0,1.0,1.0,1.0,1.0,1.0,1.0,1.0,1.0],"markets":[1,2,3,4,3,4,7,8,9],"marketnames":["20","21","30","31","40","41","43"],"idx_up":[1,2,3,4,5,6,7,8,9,1,2,3,4,5,6,7,8,9,1,2,3,4,5,6,7,8,9,1,2,3,4,5,6,7,8,9,1,2,3,4,5,6,7,8,9,1,2,3,4,5,6,7,8,9,1,2,3,4,5,6,7,8,9,1,2,3,4,5,6,7,8,9,1,2,3,4,5,6,7,8,9,10,11,12,13,14,15,16,17,18,10,11,12,13,14,15,16,17,18,10,11,12,13,14,15,16,17,18,10,11,12,13,14,15,16,17,18,10,11,12,13,14,15,16,17,18,10,11,12,13,14,15,16,17,18,10,11,12,13,14,15,16,17,18,10,11,12,13,14,15,16,17,18,10,11,12,13,14,15,16,17,18,19,20,21,22,23,24,25,26,27,19,20,21,22,23,24,25,26,27,19,20,21,22,23,24,25,26,27,19,20,21,22,23,24,25,26,27,19,20,21,22,23,24,25,26,27,19,20,21,22,23,24,25,26,27,19,20,21,22,23,24,25,26,27,19,20,21,22,23,24,25,26,27,19,20,21,22,23,24,25,26,27,28,29,30,31,32,33,34,35,36,28,29,30,31,32,33,34,35,36,28,29,30,31,32,33,34,35,36,28,29,30,31,32,33,34,35,36,28,29,30,31,32,33,34,35,36,28,29,30,31,32,33,34,35,36,28,29,30,31,32,33,34,35,36,28,29,30,31,32,33,34,35,36,28,29,30,31,32,33,34,35,36],"idx_entry":[1,2,3,4,5,6,7,8,9,3,4,3,4,7,8,7,8,9,1,2,3,4,5,6,7,8,9,5,6,7,8,5,6,7,8,9,10,11,12,13,14,15,16,17,18,12,13,12,13,16,17,16,17,18,10,11,12,13,14,15,16,17,18,14,15,16,17,14,15,16,17,18,19,20,21,22,23,24,25,26,27,21,22,21,22,25,26,25,26,27,19,20,21,22,23,24,25,26,27,23,24,25,26,23,24,25,26,27,28,29,30,31,32,33,34,35,36,30,31,30,31,34,35,34,35,36,28,29,30,31,32,33,34,35,36,32,33,34,35,32,33,34,35,36],"idx_exit":[1,2,10,4,5,6,14,10,11,1,2,1,2,5,6,5,6,2,1,2,3,4,1,6,3,10,11,1,2,3,4,1,2,3,4,2,10,11,1,13,14,15,5,1,2,10,11,10,11,14,15,14,15,11,10,11,12,13,10,15,12,1,2,10,11,12,13,10,11,12,13,11,19,20,19,22,23,24,23,28,29,19,20,19,20,23,24,23,24,20,19,20,21,22,28,24,30,28,29,19,20,21,22,19,20,21,22,20,28,29,28,31,32,33,32,19,20,28,29,28,29,32,33,32,33,29,28,29,30,31,19,33,21,19,20,28,29,30,31,28,29,30,31,29],"idx_merger":[2,2,4,4,6,6,8,8,9,1,2,3,4,5,6,17,9,9,1,2,3,4,6,6,8,8,9,1,2,13,4,5,6,17,8,9,11,11,13,13,15,15,17,17,18,10,11,12,13,14,15,8,18,18,10,11,12,13,15,15,17,17,18,10,11,4,13,14,15,8,17,18,20,20,22,22,24,24,26,26,27,19,20,21,22,23,24,35,27,27,19,20,21,22,33,24,35,26,27,19,20,22,22,23,24,26,26,27,29,29,31,31,33,33,35,35,36,28,29,30,31,32,33,26,36,36,28,29,30,31,24,33,26,35,36,28,29,31,31,32,33,35,35,36]}