{"policy":"nolearning","smax":[5,1],"alpha":0.7,"beta":0.95,"gamma":1.0,"sigma":2.0,"v0":1.0,"accuracy":1.0e-8,"cost_entry":[0,10],"value_exit":[0,1],"cost_merger":[0,10],"entry":true,"exit":true,"mergers":true,"filename":"nolearning_a7s20v10","verbose":true,"firms":[1,2,3,4],"rival":[2,1,4,3],"partner":[3,4,1,2],"merger_pairs":[1,2,1,2,3,4,4,3],"outcomes":[1,0,1,0,1,0,0,0,0,0,1,0,1,0,1,0,0,0,1,0,0,1,0,0,1,0,0,0,1,1,0,0,0,0,1,0,0,0,0,0,1,1,1,1,2],"ownership":[0,3,0,3,0,0,4,4,0,1,0,1,0,0,2,2],"S":[1,1,1,1,1,1,1,1,1,0,0,1,1,0,0,1,1,1,1,1,1,1,1,1,1,1,1,0,0,0,0,1,1,1,1,1,0,1,0,1,0,1,0,1,3],"ms":9,"scale":[2.6390158215457884,2.6390158215457884,2.6390158215457884,2.6390158215457884,2.6390158215457884,2.6390158215457884,2.6390158215457884,2.6390158215457884,2.6390158215457884,0.0,0.0,2.6390158215457884,2.6390158215457884,0.0,0.0,2.6390158215457884,2.6390158215457884,2.6390158215457884,1.0,1.0,1.0,1.0,1.0,1.0,1.0,1.0,1.0,0.0,0.0,0.0,0.0,1.0,1.0,1.0,1.0,1.0],"D":[0.758179876427118,0.8253316426035112,0.49106237853378876,0.6513937294131178,0.7581798764482275,0.7900050072553679,0.49106237853208085,0.5728698075486174,0.49873402261892735,0.0,0.0,0.4910623752866098,0.3406842337404621,0.0,0.0,0.49106237528866004,0.4154042434883123,0.49873402628079244,0.4999999999963798,0.8253316426035112,0.4999999999965363,0.6513937294131178,0.37458639059712895,0.7900050072553679,0.3745863905973878,0.5728698075486174,0.49873402261892735,0.0,0.0,0.0,0.0,0.3745863935407133,0.1461775884123716,0.374586393538943,0.27735761446356016,0.49873402628079244],"Q":[0.3790899382108142,0.8253316426035112,0.2455311892651935,0.6513937294131178,0.28400386334211875,0.7900050072553679,0.18394528393250031,0.5728698075486174,0.49873402261892735,0.0,0.0,0.0,0.0,0.0,0.0,0.18394528416204614,0.2697433523739308,0.49873402628079244,0.0,0.0,0.0,0.0,0.2840038655738852,0.0,0.18394528537698746,0.0,0.0,0.0,0.0,0.245531187641604,0.0,0.0,0.0,0.18394528271755903,0.0,0.0,0.3790899382163038,0.0,0.24553118926859524,0.0,0.19017214753222356,0.0,0.12317180922259308,0.0,0.0,0.0,0.0,0.24553118764500578,0.3406842337404621,0.0,0.0,0.12317180840905485,0.14566089111438144,0.0,0.12091006178556557,0.0,0.00893762308973883,0.0,0.0905825272550102,0.0,0.006695823947328404,0.0,0.0,0.0,0.0,0.0,0.0,0.09058252796682814,0.1461775884123716,0.006695823999909428,0.007614262089629349,0.0,0.12091006178731648,0.17466835739648873,0.008937623089862656,0.007922036846420162,0.06065506832993403,0.06381740433226044,0.0044835982320212435,0.004111686873441005,0.0025319511002801823],"P":[-0.5713632513629933,-1.2077319660817736,-1.6565771514057523,-1.921874389806025,-0.5713632514205619,-1.4485112446262725,-1.6565771514135912,-2.053714186558598,-2.1402785961308424,-0.0,-0.0,-1.6565771480994729,-1.8806538485893458,-0.0,-0.0,-1.6565771481111382,-1.7837239403713696,-2.1402785979664225,7.240551910579838e-12,0.4312838554640148,6.927263226322327e-12,-0.2828585682602367,-0.20052906989419722,0.19050457691951594,-0.2005290698915295,-0.41469836501280977,-0.501262774585054,-0.0,-0.0,-0.0,-0.0,-0.20052907382330998,-0.4143981466032598,-0.20052907381793378,-0.3080948518190068,-0.5012627764206341],"PI":[1.5676525701554045,1.181283855462002,0.48243867012253844,0.4671414317376273,1.5676525701554043,0.940504576926851,0.48243867011701114,0.33530163499300275,0.24873722266099876,0.0,0.0,0.48243866855597367,0.25836196765457065,0.0,0.0,0.48243866855225953,0.3552918768609549,0.24873722357184092,0.5000000000000001,1.181283855462002,0.5,0.4671414317376273,0.29947093009566217,0.940504576926851,0.2994709300968684,0.33530163499300275,0.24873722266099876,0.0,0.0,0.0,0.0,0.2994709309771802,0.08560186669935067,0.2994709309777787,0.1919051613345364,0.24873722357184092],"CS":[1.056354150388518,1.016274138038472,2.3587427993822616,2.562894500546882,1.4012760401128268,1.5197057015542583,2.7036646890693308,2.8908019878177895,3.3359561340660986],"V":[13.55498007335463,10.99089208213911,9.648754552558508,7.6400296778301815,13.536211086933914,9.472495297942597,9.648754552529757,6.706020216853888,4.974735079123659,0.0,0.0,9.6487545212541,6.419130302642972,0.0,0.0,9.648754521234778,7.10582320179617,4.974735097340472,7.051249094770901,10.99089208213911,7.03248010836293,7.6400296778301815,5.989406890548168,9.472495297942597,5.9894068905524875,6.706020216853888,4.974735079123659,0.0,0.0,0.0,0.0,5.989406908168518,3.3521669588005367,5.989406908170662,3.83809555443188,4.974735097340472],"pr_entry":[0.0,0.0,0.0,0.0,0.0,0.0,0.0,0.0,0.0,0.24121883822897044,0.1604782368975066,0.0,0.0,0.24121883822848736,0.17764556118250568,0.0,0.0,0.0,0.0,0.0,0.0,0.0,0.0,0.0,0.0,0.0,0.0,0.14973515729449596,0.08380416258503694,0.1497351572945496,0.09595237876571958,0.0,0.0,0.0,0.0,0.0],"pr_exit":[0.0,0.0,0.0,0.25,0.0,0.0,0.0,0.25,0.0,0.0,0.0,0.0,0.0,0.0,0.0,0.0,0.0,0.0,0.0,0.0,0.0,0.0,0.0,0.25,0.0,0.25,0.0,0.0,0.0,0.0,0.0,0.0,0.0,0.0,0.0,0.0],"pr_merger":[0.02885417256846572,0.0,0.0,0.0,0.0,0.0,0.0,0.0,0.0,0.0,0.0,0.0,0.0,0.0,0.0,0.0,0.0,0.0,0.0,0.0,0.0,0.0,0.0,0.0,0.0,0.0,0.0,0.0,0.0,0.0,0.0,0.0,0.0,0.0,0.0,0.0],"active_firms":[true,true,true,true,true,true,true,true,true,false,false,true,true,false,false,true,true,true,true,true,true,true,true,true,true,true,true,false,false,false,false,true,true,true,true,true,true,true,true,true,true,true,true,true,true],"active_outcomes":[1.0,1.0,1.0,1.0,1.0,1.0,1.0,1.0,1.0,0.0,0.0,0.0,0.0,0.0,0.0,1.0,1.0,1.0,0.0,0.0,0.0,0.0,1.0,0.0,1.0,0.0,0.0,0.0,0.0,1.0,0.0,0.0,0.0,1.0,0.0,0.0,1.0,0.0,1.0,0.0,1.0,0.0,1.0,0.0,0.0,0.0,0.0,1.0,1.0,0.0,0.0,1.0,1.0,0.0,1.0,0.0,1.0,0.0,1.0,0.0,1.0,0.0,0.0,0.0,0.0,0.0,0.0,1.0,1.0,1.0,1.0,0.0,1.0,1.0,1.0,1.0,1.0,1.0,1.0,1.0,1.0],"markets":[1,2,3,4,3,4,7,8,9],"marketnames":["20","21","30","31","40","41","43"],"idx_up":[1,2,3,4,5,6,7,8,9,1,2,3,4,5,6,7,8,9,1,2,3,4,5,6,7,8,9,1,2,3,4,5,6,7,8,9,1,2,3,4,5,6,7,8,9,1,2,3,4,5,6,7,8,9,1,2,3,4,5,6,7,8,9,1,2,3,4,5,6,7,8,9,1,2,3,4,5,6,7,8,9,10,11,12,13,14,15,16,17,18,10,11,12,13,14,15,16,17,18,10,11,12,13,14,15,16,17,18,10,11,12,13,14,15,16,17,18,10,11,12,13,14,15,16,17,18,10,11,12,13,14,15,16,17,18,10,11,12,13,14,15,16,17,18,10,11,12,13,14,15,16,17,18,10,11,12,13,14,15,16,17,18,19,20,21,22,23,24,25,26,27,19,20,21,22,23,24,25,26,27,19,20,21,22,23,24,25,26,27,19,20,21,22,23,24,25,26,27,19,20,21,22,23,24,25,26,27,19,20,21,22,23,24,25,26,27,19,20,21,22,23,24,25,26,27,19,20,21,22,23,24,25,26,27,19,20,21,22,23,24,25,26,27,28,29,30,31,32,33,34,35,36,28,29,30,31,32,33,34,35,36,28,29,30,31,32,33,34,35,36,28,29,30,31,32,33,34,35,36,28,29,30,31,32,33,34,35,36,28,29,30,31,32,33,34,35,36,28,29,30,31,32,33,34,35,36,28,29,30,31,32,33,34,35,36,28,29,30,31,32,33,34,35,36],"idx_entry":[1,2,3,4,5,6,7,8,9,3,4,3,4,7,8,7,8,9,1,2,3,4,5,6,7,8,9,5,6,7,8,5,6,7,8,9,10,11,12,13,14,15,16,17,18,12,13,12,13,16,17,16,17,18,10,11,12,13,14,15,16,17,18,14,15,16,17,14,15,16,17,18,19,20,21,22,23,24,25,26,27,21,22,21,22,25,26,25,26,27,19,20,21,22,23,24,25,26,27,23,24,25,26,23,24,25,26,27,28,29,30,31,32,33,34,35,36,30,31,30,31,34,35,34,35,36,28,29,30,31,32,33,34,35,36,32,33,34,35,32,33,34,35,36],"idx_exit":[1,2,10,4,5,6,14,8,11,1,2,1,2,5,6,5,6,2,1,2,3,4,1,6,3,8,11,1,2,3,4,1,2,3,4,2,10,11,1,13,14,15,5,17,2,10,11,10,11,14,15,14,15,11,10,11,12,13,10,15,12,17,2,10,11,12,13,10,11,12,13,11,19,20,19,22,23,24,23,26,29,19,20,19,20,23,24,23,24,20,19,20,21,22,28,24,30,26,29,19,20,21,22,19,20,21,22,20,28,29,28,31,32,33,32,35,20,28,29,28,29,32,33,32,33,29,28,29,30,31,19,33,21,35,20,28,29,30,31,28,29,30,31,29],"idx_merger":[2,2,4,4,6,6,8,8,9,1,2,3,4,5,6,17,9,9,1,2,3,4,6,6,8,8,9,1,2,13,4,5,6,17,8,9,11,11,13,13,15,15,17,17,18,10,11,12,13,14,15,8,18,18,10,11,12,13,15,15,17,17,18,10,11,4,13,14,15,8,17,18,20,20,22,22,24,24,26,26,27,19,20,21,22,23,24,35,27,27,19,20,21,22,33,24,35,26,27,19,20,22,22,23,24,26,26,27,29,29,31,31,33,33,35,35,36,28,29,30,31,32,33,26,36,36,28,29,30,31,24,33,26,35,36,28,29,31,31,32,33,35,35,36]}