{"policy":"nolearning","smax":[5,1],"alpha":0.7,"beta":0.95,"gamma":1.0,"sigma":6.0,"v0":1.0,"accuracy":1.0e-8,"cost_entry":[0,10],"value_exit":[0,1],"cost_merger":[0,10],"entry":true,"exit":true,"mergers":true,"filename":"nolearning_a7s60v10","verbose":true,"firms":[1,2,3,4],"rival":[2,1,4,3],"partner":[3,4,1,2],"merger_pairs":[1,2,1,2,3,4,4,3],"outcomes":[1,0,1,0,1,0,0,0,0,0,1,0,1,0,1,0,0,0,1,0,0,1,0,0,1,0,0,0,1,1,0,0,0,0,1,0,0,0,0,0,1,1,1,1,2],"ownership":[0,3,0,3,0,0,4,4,0,1,0,1,0,0,2,2],"S":[1,1,1,1,1,1,1,1,1,0,0,1,1,0,0,1,1,1,1,1,1,1,1,1,1,1,1,0,0,0,0,1,1,1,1,1,0,1,0,1,0,1,0,1,3],"ms":9,"scale":[2.6390158215457884,2.6390158215457884,2.6390158215457884,2.6390158215457884,2.6390158215457884,2.6390158215457884,2.6390158215457884,2.6390158215457884,2.6390158215457884,0.0,0.0,2.6390158215457884,2.6390158215457884,0.0,0.0,2.6390158215457884,2.6390158215457884,2.6390158215457884,1.0,1.0,1.0,1.0,1.0,1.0,1.0,1.0,1.0,0.0,0.0,0.0,0.0,1.0,1.0,1.0,1.0,1.0],"D":[0.9249398888022419,0.9472203303975314,0.4999997573121815,0.6791517924535193,0.9249398888039972,0.930131880807343,0.49999975730959606,0.5569156153465628,0.5000000012573054,0.0,0.0,0.499999751894906,0.3208481119418105,0.0,0.0,0.4999997518974916,0.44308410411115295,0.4999999975261389,0.7869367222331541,0.9472203303975314,0.786936722241149,0.8349279662803126,0.4955414316412604,0.930131880807343,0.49554143164709097,0.6493788242546944,0.5000000012573054,0.0,0.0,0.0,0.0,0.4955414365643037,0.06936457762346619,0.4955414365583775,0.346650674529936,0.4999999975261389],"Q":[0.7278691643567343,0.9472203303975314,0.393468170140618,0.6791517924535193,0.4583460366800409,0.930131880807343,0.24777059556039546,0.5569156153465628,0.5000000012573054,0.0,0.0,0.0,0.0,0.0,0.0,0.2477705953341155,0.3466503971645661,0.4999999975261389,0.0,0.0,0.0,0.0,0.45834604123356004,0.0,0.2477705980160371,0.0,0.0,0.0,0.0,0.393468165877565,0.15577617382679332,0.0,0.0,0.247770592878473,0.09246320890813163,0.0,0.19707072444550758,0.0,0.10653158717156345,0.0,0.008247810890396265,0.0,0.004458563733163478,0.0,0.0,0.0,0.0,0.10653158601734097,0.16507193811501716,0.0,0.0,0.004458563684903029,0.003970498038455215,0.0,0.05906755787641979,0.0,3.862229659062218e-7,0.0,0.03719539496121947,0.0,2.4320822251895133e-7,0.0,0.0,0.0,0.0,0.0,0.0,0.03719539533074365,0.06936457762346619,2.432082249293759e-7,2.773653698663208e-7,0.0,0.015992553321338258,0.05277966960246857,1.0456994665005311e-7,9.56046703332035e-8,0.0006693209040397826,0.0005035415691908851,4.376465084880626e-9,3.176914453286545e-9,1.2165557806101727e-9],"P":[-0.4185732458607927,-1.0601250488082126,-2.3056826498121015,-2.639015785904601,-0.4185732458650061,-0.7535692321977008,-2.305682649819073,-2.639015762225547,-2.472349154385622,-0.0,-0.0,-2.305682648006342,-2.3936117089505737,-0.0,-0.0,-2.305682648015037,-2.339748611207952,-2.4723491537637607,-0.21775977351786058,0.5788907727375758,-0.2177597735258076,0.009660195610008901,-0.6696127698206623,-0.5,-0.6696127698208378,-0.5246532144235303,-0.8333333328398336,-0.0,-0.0,-0.0,-0.0,-0.6696127714764416,-0.8209108896831532,-0.6696127714726627,-0.7449042056311005,-0.8333333322179723],"PI":[2.053775909045844,1.4955574394141002,0.16666650497094318,2.4205776263593953e-8,2.0537759090458443,1.7537139823121268,0.1666665049665957,3.303636885746329e-8,0.0833333337896341,0.0,0.0,0.16666650406806488,0.07873744618893011,0.0,0.0,0.1666665040645791,0.13260054378238423,0.08333333347870364,0.615573559826775,1.4955574394141002,0.615573559826775,0.8429935337548473,0.16372056103905963,0.4650659404036715,0.163720561040899,0.3086801367308962,0.0833333337896341,0.0,0.0,0.0,0.0,0.16372056184506303,0.012422440494090421,0.16372056184497766,0.08842912918772886,0.08333333347870364],"CS":[0.6892720137498363,0.5382185467130853,2.67890160725335,2.741787706279387,1.2182078226091437,1.313587726867801,3.207837416108554,3.3091729135597148,3.536731546993002],"V":[19.54121264763983,15.183209153214221,3.131265437816579,1.024756021736952e-5,18.320797417169075,15.52162800627054,3.33332755182257,1.0343541070154874e-5,1.666670243440098,0.0,0.0,3.131265427416018,2.06656585519513,0.0,0.0,3.3333275337823034,2.652010827967509,1.6666702372215128,8.14382858763768,18.22672183132967,7.106621297943551,11.981105156385095,2.8224183445305053,7.557709511948576,3.2744028757730446,6.17358375214592,1.6666642297251804,0.0,0.0,0.0,0.0,2.822418352811312,1.095866427458863,3.274402891854558,1.7685797637472949,1.666664223506595],"pr_entry":[0.0,0.0,0.0,0.0,0.0,0.0,0.0,0.0,0.0,0.07828163262325433,0.051664145088949266,0.0,0.0,0.0833331849925717,0.06630027063645066,0.0,0.0,0.0,0.0,0.0,0.0,0.0,0.0,0.0,0.0,0.0,0.0,0.07056045180808718,0.027396656960022116,0.0818600613160416,0.044214490383146475,0.0,0.0,0.0,0.0,0.0],"pr_exit":[0.0,0.0,0.0,0.0,0.0,0.0,0.0,0.0,0.0,0.0,0.0,0.0,0.0,0.0,0.0,0.0,0.0,0.0,0.0,0.0,0.0,0.0,0.0,0.0,0.0,0.0,0.0,0.0,0.0,0.0,0.0,0.0,0.0,0.0,0.0,0.0],"pr_merger":[0.15405376366277518,0.0,0.04459042354790064,0.0,0.05066385781992255,0.0,0.0,0.0,0.0,0.0,0.0,0.0,0.0,0.0,0.0,0.0,0.0,0.0,0.0,0.0,0.0,0.0,0.05066385759665097,0.0,0.0,0.0,0.0,0.0,0.0,0.04459042382354926,0.0,0.0,0.0,0.0,0.0,0.0],"active_firms":[true,true,true,true,true,true,true,true,true,false,false,true,true,false,false,true,true,true,true,true,true,true,true,true,true,true,true,false,false,false,false,true,true,true,true,true,true,true,true,true,true,true,true,true,true],"active_outcomes":[1.0,1.0,1.0,1.0,1.0,1.0,1.0,1.0,1.0,0.0,0.0,0.0,0.0,0.0,0.0,1.0,1.0,1.0,0.0,0.0,0.0,0.0,1.0,0.0,1.0,0.0,0.0,0.0,0.0,1.0,1.0,0.0,0.0,1.0,1.0,0.0,1.0,0.0,1.0,0.0,1.0,0.0,1.0,0.0,0.0,0.0,0.0,1.0,1.0,0.0,0.0,1.0,1.0,0.0,1.0,0.0,1.0,0.0,1.0,0.0,1.0,0.0,0.0,0.0,0.0,0.0,0.0,1.0,1.0,1.0,1.0,0.0,1.0,1.0,1.0,1.0,1.0,1.0,1.0,1.0,1.0],"markets":[1,2,3,4,3,4,7,8,9],"marketnames":["20","21","30","31","40","41","43"],"idx_up":[1,2,3,4,5,6,7,8,9,1,2,3,4,5,6,7,8,9,1,2,3,4,5,6,7,8,9,1,2,3,4,5,6,7,8,9,1,2,3,4,5,6,7,8,9,1,2,3,4,5,6,7,8,9,1,2,3,4,5,6,7,8,9,1,2,3,4,5,6,7,8,9,1,2,3,4,5,6,7,8,9,10,11,12,13,14,15,16,17,18,10,11,12,13,14,15,16,17,18,10,11,12,13,14,15,16,17,18,10,11,12,13,14,15,16,17,18,10,11,12,13,14,15,16,17,18,10,11,12,13,14,15,16,17,18,10,11,12,13,14,15,16,17,18,10,11,12,13,14,15,16,17,18,10,11,12,13,14,15,16,17,18,19,20,21,22,23,24,25,26,27,19,20,21,22,23,24,25,26,27,19,20,21,22,23,24,25,26,27,19,20,21,22,23,24,25,26,27,19,20,21,22,23,24,25,26,27,19,20,21,22,23,24,25,26,27,19,20,21,22,23,24,25,26,27,19,20,21,22,23,24,25,26,27,19,20,21,22,23,24,25,26,27,28,29,30,31,32,33,34,35,36,28,29,30,31,32,33,34,35,36,28,29,30,31,32,33,34,35,36,28,29,30,31,32,33,34,35,36,28,29,30,31,32,33,34,35,36,28,29,30,31,32,33,34,35,36,28,29,30,31,32,33,34,35,36,28,29,30,31,32,33,34,35,36,28,29,30,31,32,33,34,35,36],"idx_entry":[1,2,3,4,5,6,7,8,9,3,4,3,4,7,8,7,8,9,1,2,3,4,5,6,7,8,9,5,6,7,8,5,6,7,8,9,10,11,12,13,14,15,16,17,18,12,13,12,13,16,17,16,17,18,10,11,12,13,14,15,16,17,18,14,15,16,17,14,15,16,17,18,19,20,21,22,23,24,25,26,27,21,22,21,22,25,26,25,26,27,19,20,21,22,23,24,25,26,27,23,24,25,26,23,24,25,26,27,28,29,30,31,32,33,34,35,36,30,31,30,31,34,35,34,35,36,28,29,30,31,32,33,34,35,36,32,33,34,35,32,33,34,35,36],"idx_exit":[1,2,10,10,5,6,14,14,15,1,2,1,2,5,6,5,6,6,1,2,3,4,1,1,3,3,13,1,2,3,4,1,2,3,4,4,10,11,1,1,14,15,5,5,6,10,11,10,11,14,15,14,15,15,10,11,12,13,10,10,12,12,4,10,11,12,13,10,11,12,13,13,19,20,19,19,23,24,23,23,33,19,20,19,20,23,24,23,24,24,19,20,21,22,28,28,30,30,31,19,20,21,22,19,20,21,22,22,28,29,28,28,32,33,32,32,24,28,29,28,29,32,33,32,33,33,28,29,30,31,19,19,21,21,22,28,29,30,31,28,29,30,31,31],"idx_merger":[2,2,4,4,6,6,8,8,9,1,2,3,4,5,6,17,9,9,1,2,3,4,6,6,8,8,9,1,2,13,4,5,6,17,8,9,11,11,13,13,15,15,17,17,18,10,11,12,13,14,15,8,18,18,10,11,12,13,15,15,17,17,18,10,11,4,13,14,15,8,17,18,20,20,22,22,24,24,26,26,27,19,20,21,22,23,24,35,27,27,19,20,21,22,33,24,35,26,27,19,20,22,22,23,24,26,26,27,29,29,31,31,33,33,35,35,36,28,29,30,31,32,33,26,36,36,28,29,30,31,24,33,26,35,36,28,29,31,31,32,33,35,35,36]}