{"policy":"nolearning","smax":[5,1],"alpha":0.3,"beta":0.95,"gamma":1.0,"sigma":2.0,"v0":1.0,"accuracy":1.0e-8,"cost_entry":[0,10],"value_exit":[0,1],"cost_merger":[0,10],"entry":true,"exit":true,"mergers":true,"filename":"nolearning_a3s20v10","verbose":true,"firms":[1,2,3,4],"rival":[2,1,4,3],"partner":[3,4,1,2],"merger_pairs":[1,2,1,2,3,4,4,3],"outcomes":[1,0,1,0,1,0,0,0,0,0,1,0,1,0,1,0,0,0,1,0,0,1,0,0,1,0,0,0,1,1,0,0,0,0,1,0,0,0,0,0,1,1,1,1,2],"ownership":[0,3,0,3,0,0,4,4,0,1,0,1,0,0,2,2],"S":[1,1,1,1,1,1,1,1,1,0,0,1,1,0,0,1,1,1,1,1,1,1,1,1,1,1,1,0,0,0,0,1,1,1,1,1,0,1,0,1,0,1,0,1,3],"ms":9,"scale":[1.515716566510398,1.515716566510398,1.515716566510398,1.515716566510398,1.515716566510398,1.515716566510398,1.515716566510398,1.515716566510398,1.515716566510398,0.0,0.0,1.515716566510398,1.515716566510398,0.0,0.0,1.515716566510398,1.515716566510398,1.515716566510398,1.0,1.0,1.0,1.0,1.0,1.0,1.0,1.0,1.0,0.0,0.0,0.0,0.0,1.0,1.0,1.0,1.0,1.0],"D":[0.6118513140657322,0.746817633916854,0.43754160436802236,0.6317491196086376,0.6118513140618775,0.6821594961144886,0.4375416043795266,0.5417893997739213,0.488719430599678,0.0,0.0,0.4375415972271448,0.30591113244125473,0.0,0.0,0.43754159721421054,0.37062386318280705,0.48871943462801387,0.5000000000031235,0.746817633916854,0.4999999999917208,0.6317491196086376,0.3745863905999248,0.6821594961144886,0.37458639059747156,0.5417893997739213,0.488719430599678,0.0,0.0,0.0,0.0,0.37458639353455697,0.2142896871371299,0.37458639354139467,0.29409908929298023,0.48871943462801387],"Q":[0.3059256570347772,0.746817633916854,0.21877080218038872,0.6317491196086376,0.22919117531825978,0.6821594961144886,0.1638971303207537,0.5417893997739213,0.488719430599678,0.0,0.0,0.0,0.0,0.0,0.0,0.16389712892481265,0.23788218906007316,0.48871943462801387,0.0,0.0,0.0,0.0,0.22919117711381828,0.0,0.16389713160884253,0.0,0.0,0.0,0.0,0.21877079860994994,0.0,0.0,0.0,0.16389712763672384,0.0,0.0,0.305925657030955,0.0,0.21877080218763367,0.0,0.15346896162979956,0.0,0.10974734244993031,0.0,0.0,0.0,0.0,0.21877079861719487,0.30591113244125473,0.0,0.0,0.10974734065267405,0.1327416741227339,0.0,0.19407434296834625,0.0,0.06245839920138214,0.0,0.14539521528166507,0.0,0.04679213263999404,0.0,0.0,0.0,0.0,0.0,0.0,0.1453952164207387,0.2142896871371299,0.046792133007739475,0.0562169002329071,0.0,0.19407434296592152,0.25318236608314604,0.062458399203450546,0.062339747950107764,0.09735825423571866,0.10355081674838165,0.03133253275852945,0.03136983681036462,0.02256113477230818],"P":[-0.22755041236728812,-0.5282860283556523,-0.6267619470261275,-0.8368315636325709,-0.22755041235917287,-0.7291585383759317,-0.6267619470335489,-0.970115919387863,-1.0267482426802141,-0.0,-0.0,-0.6267619388659005,-0.7953477058661563,-0.0,-0.0,-0.626761938845395,-0.7212790597927952,-1.026748244740873,-6.246946354759294e-12,-0.012569461845254315,1.6558297472178305e-11,-0.32111499712217295,-0.20052906989123,-0.2134419718655337,-0.2005290698966953,-0.454399352877465,-0.5110316761698162,-0.0,-0.0,-0.0,-0.0,-0.20052907380839333,-0.3636331512737875,-0.2005290738262602,-0.2916853037424769,-0.5110316782304749],"PI":[0.7881661541474623,0.737430538161973,0.3889546304195125,0.4288850028835746,0.7881661541474622,0.5365580281370133,0.3889546304264921,0.29560064712078127,0.23896832080356642,0.0,0.0,0.3889546276420352,0.2203688539350964,0.0,0.0,0.3889546276395092,0.2944374977969952,0.23896832176621108,0.5,0.737430538161973,0.49999999999999994,0.4288850028835746,0.29947093009900894,0.5365580281370133,0.29947093009500036,0.29560064712078127,0.23896832080356642,0.0,0.0,0.0,0.0,0.29947093097784594,0.13636685291798134,0.2994709309766198,0.20831470710217145,0.23896832176621108],"CS":[0.8197569910804552,0.8306636539052752,1.3866272783015412,1.5314190601258184,1.1646788807427084,1.2776874380725476,1.7315491679831774,1.87479526566858,2.2423368669931354],"V":[9.47992567654951,8.414160282116185,7.779073917765087,6.806830692261733,9.479634595766935,7.181148905781571,7.779073917801402,5.911999251553221,4.779355115732875,0.0,0.0,7.779073862075006,5.391460621523958,0.0,0.0,7.779073862061875,5.8887354210977785,4.779355134985708,7.032768995034155,8.414160282116185,7.032477914226278,6.806830692261733,5.989404233728676,7.181148905781571,5.989404233711603,5.911999251553221,4.779355115732875,0.0,0.0,0.0,0.0,5.9894042513491685,3.787326463623456,5.989404251343942,4.166283911929158,4.779355134985708],"pr_entry":[0.0,0.0,0.0,0.0,0.0,0.0,0.0,0.0,0.0,0.19447682195881158,0.13478649480667415,0.0,0.0,0.19447682195848331,0.14721836640265218,0.0,0.0,0.0,0.0,0.0,0.0,0.0,0.0,0.0,0.0,0.0,0.0,0.1497350873782181,0.0946831468991697,0.14973508737808744,0.10415708433755226,0.0,0.0,0.0,0.0,0.0],"pr_exit":[0.0,0.0,0.0,0.25,0.0,0.0,0.0,0.25,0.0,0.0,0.0,0.0,0.0,0.0,0.0,0.0,0.0,0.0,0.0,0.0,0.0,0.0,0.0,0.25,0.0,0.25,0.0,0.0,0.0,0.0,0.0,0.0,0.0,0.0,0.0,0.0],"pr_merger":[0.0033986958422989933,0.0,0.0,0.0,0.0,0.0,0.0,0.0,0.0,0.0,0.0,0.0,0.0,0.0,0.0,0.0,0.0,0.0,0.0,0.0,0.0,0.0,0.0,0.0,0.0,0.0,0.0,0.0,0.0,0.0,0.0,0.0,0.0,0.0,0.0,0.0],"active_firms":[true,true,true,true,true,true,true,true,true,false,false,true,true,false,false,true,true,true,true,true,true,true,true,true,true,true,true,false,false,false,false,true,true,true,true,true,true,true,true,true,true,true,true,true,true],"active_outcomes":[1.0,1.0,1.0,1.0,1.0,1.0,1.0,1.0,1.0,0.0,0.0,0.0,0.0,0.0,0.0,1.0,1.0,1.0,0.0,0.0,0.0,0.0,1.0,0.0,1.0,0.0,0.0,0.0,0.0,1.0,0.0,0.0,0.0,1.0,0.0,0.0,1.0,0.0,1.0,0.0,1.0,0.0,1.0,0.0,0.0,0.0,0.0,1.0,1.0,0.0,0.0,1.0,1.0,0.0,1.0,0.0,1.0,0.0,1.0,0.0,1.0,0.0,0.0,0.0,0.0,0.0,0.0,1.0,1.0,1.0,1.0,0.0,1.0,1.0,1.0,1.0,1.0,1.0,1.0,1.0,1.0],"markets":[1,2,3,4,3,4,7,8,9],"marketnames":["20","21","30","31","40","41","43"],"idx_up":[1,2,3,4,5,6,7,8,9,1,2,3,4,5,6,7,8,9,1,2,3,4,5,6,7,8,9,1,2,3,4,5,6,7,8,9,1,2,3,4,5,6,7,8,9,1,2,3,4,5,6,7,8,9,1,2,3,4,5,6,7,8,9,1,2,3,4,5,6,7,8,9,1,2,3,4,5,6,7,8,9,10,11,12,13,14,15,16,17,18,10,11,12,13,14,15,16,17,18,10,11,12,13,14,15,16,17,18,10,11,12,13,14,15,16,17,18,10,11,12,13,14,15,16,17,18,10,11,12,13,14,15,16,17,18,10,11,12,13,14,15,16,17,18,10,11,12,13,14,15,16,17,18,10,11,12,13,14,15,16,17,18,19,20,21,22,23,24,25,26,27,19,20,21,22,23,24,25,26,27,19,20,21,22,23,24,25,26,27,19,20,21,22,23,24,25,26,27,19,20,21,22,23,24,25,26,27,19,20,21,22,23,24,25,26,27,19,20,21,22,23,24,25,26,27,19,20,21,22,23,24,25,26,27,19,20,21,22,23,24,25,26,27,28,29,30,31,32,33,34,35,36,28,29,30,31,32,33,34,35,36,28,29,30,31,32,33,34,35,36,28,29,30,31,32,33,34,35,36,28,29,30,31,32,33,34,35,36,28,29,30,31,32,33,34,35,36,28,29,30,31,32,33,34,35,36,28,29,30,31,32,33,34,35,36,28,29,30,31,32,33,34,35,36],"idx_entry":[1,2,3,4,5,6,7,8,9,3,4,3,4,7,8,7,8,9,1,2,3,4,5,6,7,8,9,5,6,7,8,5,6,7,8,9,10,11,12,13,14,15,16,17,18,12,13,12,13,16,17,16,17,18,10,11,12,13,14,15,16,17,18,14,15,16,17,14,15,16,17,18,19,20,21,22,23,24,25,26,27,21,22,21,22,25,26,25,26,27,19,20,21,22,23,24,25,26,27,23,24,25,26,23,24,25,26,27,28,29,30,31,32,33,34,35,36,30,31,30,31,34,35,34,35,36,28,29,30,31,32,33,34,35,36,32,33,34,35,32,33,34,35,36],"idx_exit":[1,2,10,4,5,6,14,8,11,1,2,1,2,5,6,5,6,2,1,2,3,4,1,6,3,8,11,1,2,3,4,1,2,3,4,2,10,11,1,13,14,15,5,17,2,10,11,10,11,14,15,14,15,11,10,11,12,13,10,15,12,17,2,10,11,12,13,10,11,12,13,11,19,20,19,22,23,24,23,26,29,19,20,19,20,23,24,23,24,20,19,20,21,22,28,24,30,26,29,19,20,21,22,19,20,21,22,20,28,29,28,31,32,33,32,35,20,28,29,28,29,32,33,32,33,29,28,29,30,31,19,33,21,35,20,28,29,30,31,28,29,30,31,29],"idx_merger":[2,2,4,4,6,6,8,8,9,1,2,3,4,5,6,17,9,9,1,2,3,4,6,6,8,8,9,1,2,13,4,5,6,17,8,9,11,11,13,13,15,15,17,17,18,10,11,12,13,14,15,8,18,18,10,11,12,13,15,15,17,17,18,10,11,4,13,14,15,8,17,18,20,20,22,22,24,24,26,26,27,19,20,21,22,23,24,35,27,27,19,20,21,22,33,24,35,26,27,19,20,22,22,23,24,26,26,27,29,29,31,31,33,33,35,35,36,28,29,30,31,32,33,26,36,36,28,29,30,31,24,33,26,35,36,28,29,31,31,32,33,35,35,36]}