{"policy":"nolearning","smax":[5,1],"alpha":0.3,"beta":0.95,"gamma":1.0,"sigma":6.0,"v0":1.0,"accuracy":1.0e-8,"cost_entry":[0,10],"value_exit":[0,1],"cost_merger":[0,10],"entry":true,"exit":true,"mergers":true,"filename":"nolearning_a3s60v10","verbose":true,"firms":[1,2,3,4],"rival":[2,1,4,3],"partner":[3,4,1,2],"merger_pairs":[1,2,1,2,3,4,4,3],"outcomes":[1,0,1,0,1,0,0,0,0,0,1,0,1,0,1,0,0,0,1,0,0,1,0,0,1,0,0,0,1,1,0,0,0,0,1,0,0,0,0,0,1,1,1,1,2],"ownership":[0,3,0,3,0,0,4,4,0,1,0,1,0,0,2,2],"S":[1,1,1,1,1,1,1,1,1,0,0,1,1,0,0,1,1,1,1,1,1,1,1,1,1,1,1,0,0,0,0,1,1,1,1,1,0,1,0,1,0,1,0,1,3],"ms":9,"scale":[1.515716566510398,1.515716566510398,1.515716566510398,1.515716566510398,1.515716566510398,1.515716566510398,1.515716566510398,1.515716566510398,1.515716566510398,0.0,0.0,1.515716566510398,1.515716566510398,0.0,0.0,1.515716566510398,1.515716566510398,1.515716566510398,1.0,1.0,1.0,1.0,1.0,1.0,1.0,1.0,1.0,0.0,0.0,0.0,0.0,1.0,1.0,1.0,1.0,1.0],"D":[0.862260903405285,0.9208852226522041,0.4997928043216753,0.6791259023591298,0.8622609034140092,0.8786903950865268,0.49979280429607026,0.5568184625771618,0.49999948814144457,0.0,0.0,0.49979280008297294,0.32079331719004783,0.0,0.0,0.49979280010860583,0.4429445885465157,0.49999948340023226,0.7869367222361859,0.9208852226522041,0.7869367222364471,0.8349146454728347,0.49554143166168696,0.8786903950865268,0.4955414316530357,0.6493071209228247,0.49999948814144457,0.0,0.0,0.0,0.0,0.4955414365435974,0.12037953585716318,0.4955414365523397,0.34672091971592484,0.49999948340023226],"Q":[0.6785447690381675,0.9208852226522041,0.3933053112302611,0.6791259023591298,0.42728600254367766,0.8786903950865268,0.24766804177076007,0.5568184625771618,0.49999948814144457,0.0,0.0,0.0,0.0,0.0,0.0,0.2476680421443348,0.34648665453055705,0.49999948340023226,0.0,0.0,0.0,0.0,0.42728600675315814,0.0,0.2476680442193972,0.0,0.0,0.0,0.0,0.3933053078946706,0.15578874311370486,0.0,0.0,0.24766803969569814,0.09248865834566293,0.0,0.18371613436711756,0.0,0.10648749309141423,0.0,0.007688894117173345,0.0,0.004456718305913007,0.0,0.0,0.0,0.0,0.10648749218830232,0.16500457407634297,0.0,0.0,0.004456718268572833,0.00396927567029572,0.0,0.10839195319801839,0.0,0.00032610311151535647,0.0,0.06825542911800929,0.0,0.00020535018657745537,0.0,0.0,0.0,0.0,0.0,0.0,0.06825542979043923,0.12037953585716318,0.00020535018860770536,0.00023426518536779717,0.0,0.029347143396696588,0.0791147773477959,8.829248383643073e-5,8.078045082241833e-5,0.0012282376775423556,0.0009300690563100805,3.6952201386139593e-6,2.683690954670546e-6,1.0284583231347512e-6],"P":[-0.3056994342847984,-0.462394594095233,-1.1825213063754028,-1.5157165230163738,-0.3056994342970411,-0.6418215088524204,-1.1825213063781306,-1.5157165132710846,-1.349050070453985,-0.0,-0.0,-1.182521304961916,-1.2703322471978022,-0.0,-0.0,-1.1825213049817305,-1.2165243062189006,-1.3490500696637822,-0.2177597735208741,0.05332197241516501,-0.2177597735211338,0.009578719420553059,-0.6696127698223057,-0.5,-0.6696127698211014,-0.5247503995459555,-0.833333503943587,-0.0,-0.0,-0.0,-0.0,-0.6696127714642506,-0.8105243319932404,-0.6696127714688963,-0.7448767792631841,-0.8333335031533842],"PI":[1.0433504655687176,0.969988639091998,0.16652859344955936,2.9537918404917036e-8,1.0433504655687176,0.7678831934776514,0.16652859343966456,2.9644632637325037e-8,0.08333316271853461,0.0,0.0,0.1665285927436943,0.0787176497787095,0.0,0.0,0.16652859274233198,0.13252559263111932,0.08333316232343435,0.6155735598267751,0.969988639091998,0.615573559826775,0.8429120586019294,0.16372056104499397,0.4393451975432634,0.16372056104273244,0.3085829497905384,0.08333316271853461,0.0,0.0,0.0,0.0,0.1637205618442631,0.02280899297087967,0.16372056184484926,0.08845655773475772,0.08333316232343435],"CS":[0.5880933443913015,0.4707562792587528,1.5558092624570936,1.6185762732382638,1.1170291532496697,1.2113222988214318,2.084745071317673,2.18599992691692,2.413432805203826],"V":[10.909060157697363,9.128262169338337,3.1289989349262473,4.475406814283865e-6,10.20413257945165,6.798466995288419,3.330567218643599,4.476566540290246e-6,1.6666628676044863,0.0,0.0,3.128998926846331,2.0657465447882024,0.0,0.0,3.3305672046969885,2.6505089449702304,1.6666628597025028,7.608073184561389,13.863382621074969,7.106534019411856,11.978512827661449,3.0031437918278607,7.3293508253995405,3.274405393198518,6.171645744622973,1.6666615461992904,0.0,0.0,0.0,0.0,3.00314380170485,1.1879177060907287,3.2744054092408157,1.7691291839733085,1.666661538297307],"pr_entry":[0.0,0.0,0.0,0.0,0.0,0.0,0.0,0.0,0.0,0.07822496725444153,0.05164365893679147,0.0,0.0,0.08326417399880677,0.06626271979839768,0.0,0.0,0.0,0.0,0.0,0.0,0.0,0.0,0.0,0.0,0.0,0.0,0.07507858799271239,0.02969793922026226,0.08186012756305176,0.044228227006277654,0.0,0.0,0.0,0.0,0.0],"pr_exit":[0.0,0.0,0.0,0.0,0.0,0.0,0.0,0.0,0.0,0.0,0.0,0.0,0.0,0.0,0.0,0.0,0.0,0.0,0.0,0.0,0.0,0.0,0.0,0.0,0.0,0.0,0.0,0.0,0.0,0.0,0.0,0.0,0.0,0.0,0.0,0.0],"pr_merger":[0.11722501512100925,0.0,0.04458387703690203,0.0,0.023576987937104898,0.0,0.0,0.0,0.0,0.0,0.0,0.0,0.0,0.0,0.0,0.0,0.0,0.0,0.0,0.0,0.0,0.0,0.02357698767734646,0.0,0.0,0.0,0.0,0.0,0.0,0.04458387725090614,0.0,0.0,0.0,0.0,0.0,0.0],"active_firms":[true,true,true,true,true,true,true,true,true,false,false,true,true,false,false,true,true,true,true,true,true,true,true,true,true,true,true,false,false,false,false,true,true,true,true,true,true,true,true,true,true,true,true,true,true],"active_outcomes":[1.0,1.0,1.0,1.0,1.0,1.0,1.0,1.0,1.0,0.0,0.0,0.0,0.0,0.0,0.0,1.0,1.0,1.0,0.0,0.0,0.0,0.0,1.0,0.0,1.0,0.0,0.0,0.0,0.0,1.0,1.0,0.0,0.0,1.0,1.0,0.0,1.0,0.0,1.0,0.0,1.0,0.0,1.0,0.0,0.0,0.0,0.0,1.0,1.0,0.0,0.0,1.0,1.0,0.0,1.0,0.0,1.0,0.0,1.0,0.0,1.0,0.0,0.0,0.0,0.0,0.0,0.0,1.0,1.0,1.0,1.0,0.0,1.0,1.0,1.0,1.0,1.0,1.0,1.0,1.0,1.0],"markets":[1,2,3,4,3,4,7,8,9],"marketnames":["20","21","30","31","40","41","43"],"idx_up":[1,2,3,4,5,6,7,8,9,1,2,3,4,5,6,7,8,9,1,2,3,4,5,6,7,8,9,1,2,3,4,5,6,7,8,9,1,2,3,4,5,6,7,8,9,1,2,3,4,5,6,7,8,9,1,2,3,4,5,6,7,8,9,1,2,3,4,5,6,7,8,9,1,2,3,4,5,6,7,8,9,10,11,12,13,14,15,16,17,18,10,11,12,13,14,15,16,17,18,10,11,12,13,14,15,16,17,18,10,11,12,13,14,15,16,17,18,10,11,12,13,14,15,16,17,18,10,11,12,13,14,15,16,17,18,10,11,12,13,14,15,16,17,18,10,11,12,13,14,15,16,17,18,10,11,12,13,14,15,16,17,18,19,20,21,22,23,24,25,26,27,19,20,21,22,23,24,25,26,27,19,20,21,22,23,24,25,26,27,19,20,21,22,23,24,25,26,27,19,20,21,22,23,24,25,26,27,19,20,21,22,23,24,25,26,27,19,20,21,22,23,24,25,26,27,19,20,21,22,23,24,25,26,27,19,20,21,22,23,24,25,26,27,28,29,30,31,32,33,34,35,36,28,29,30,31,32,33,34,35,36,28,29,30,31,32,33,34,35,36,28,29,30,31,32,33,34,35,36,28,29,30,31,32,33,34,35,36,28,29,30,31,32,33,34,35,36,28,29,30,31,32,33,34,35,36,28,29,30,31,32,33,34,35,36,28,29,30,31,32,33,34,35,36],"idx_entry":[1,2,3,4,5,6,7,8,9,3,4,3,4,7,8,7,8,9,1,2,3,4,5,6,7,8,9,5,6,7,8,5,6,7,8,9,10,11,12,13,14,15,16,17,18,12,13,12,13,16,17,16,17,18,10,11,12,13,14,15,16,17,18,14,15,16,17,14,15,16,17,18,19,20,21,22,23,24,25,26,27,21,22,21,22,25,26,25,26,27,19,20,21,22,23,24,25,26,27,23,24,25,26,23,24,25,26,27,28,29,30,31,32,33,34,35,36,30,31,30,31,34,35,34,35,36,28,29,30,31,32,33,34,35,36,32,33,34,35,32,33,34,35,36],"idx_exit":[1,2,10,10,5,6,14,14,15,1,2,1,2,5,6,5,6,6,1,2,3,4,1,1,3,3,13,1,2,3,4,1,2,3,4,4,10,11,1,1,14,15,5,5,6,10,11,10,11,14,15,14,15,15,10,11,12,13,10,10,12,12,4,10,11,12,13,10,11,12,13,13,19,20,19,19,23,24,23,23,33,19,20,19,20,23,24,23,24,24,19,20,21,22,28,28,30,30,31,19,20,21,22,19,20,21,22,22,28,29,28,28,32,33,32,32,24,28,29,28,29,32,33,32,33,33,28,29,30,31,19,19,21,21,22,28,29,30,31,28,29,30,31,31],"idx_merger":[2,2,4,4,6,6,8,8,9,1,2,3,4,5,6,17,9,9,1,2,3,4,6,6,8,8,9,1,2,13,4,5,6,17,8,9,11,11,13,13,15,15,17,17,18,10,11,12,13,14,15,8,18,18,10,11,12,13,15,15,17,17,18,10,11,4,13,14,15,8,17,18,20,20,22,22,24,24,26,26,27,19,20,21,22,23,24,35,27,27,19,20,21,22,33,24,35,26,27,19,20,22,22,23,24,26,26,27,29,29,31,31,33,33,35,35,36,28,29,30,31,32,33,26,36,36,28,29,30,31,24,33,26,35,36,28,29,31,31,32,33,35,35,36]}