{"policy":"nolearning","smax":[5,1],"alpha":0.8,"beta":0.95,"gamma":1.0,"sigma":1.0,"v0":1.0,"accuracy":1.0e-8,"cost_entry":[0,10],"value_exit":[0,1],"cost_merger":[0,10],"entry":true,"exit":true,"mergers":true,"filename":"nolearning_a8s10v10","verbose":true,"firms":[1,2,3,4],"rival":[2,1,4,3],"partner":[3,4,1,2],"merger_pairs":[1,2,1,2,3,4,4,3],"outcomes":[1,0,1,0,1,0,0,0,0,0,1,0,1,0,1,0,0,0,1,0,0,1,0,0,1,0,0,0,1,1,0,0,0,0,1,0,0,0,0,0,1,1,1,1,2],"ownership":[0,3,0,3,0,0,4,4,0,1,0,1,0,0,2,2],"S":[1,1,1,1,1,1,1,1,1,0,0,1,1,0,0,1,1,1,1,1,1,1,1,1,1,1,1,0,0,0,0,1,1,1,1,1,0,1,0,1,0,1,0,1,3],"ms":9,"scale":[3.0314331330207964,3.0314331330207964,3.0314331330207964,3.0314331330207964,3.0314331330207964,3.0314331330207964,3.0314331330207964,3.0314331330207964,3.0314331330207964,0.0,0.0,3.0314331330207964,3.0314331330207964,0.0,0.0,3.0314331330207964,3.0314331330207964,3.0314331330207964,1.0,1.0,1.0,1.0,1.0,1.0,1.0,1.0,1.0,0.0,0.0,0.0,0.0,1.0,1.0,1.0,1.0,1.0],"D":[0.6118513138561933,0.6903648556669667,0.4375416043588449,0.4878952144455575,0.6118513138848837,0.6462175622049677,0.43754160441024387,0.4434735532048127,0.47214132521808083,0.0,0.0,0.43754159722752317,0.42124953803691095,0.0,0.0,0.4375415971934745,0.4466315911608777,0.4721413191393667,0.3618962558893918,0.6903648556669667,0.36189625590772434,0.574576705606082,0.2862537422392395,0.6462175622049677,0.286253742227917,0.5162595659644598,0.47214132521808083,0.0,0.0,0.0,0.0,0.286253750203734,0.1600846729404319,0.286253750204748,0.20992513314128586,0.4721413191393667],"Q":[0.22142669964556147,0.6903648556669667,0.1583446684213248,0.4878952144455575,0.17514472829354352,0.6462175622049677,0.12524792164283918,0.4434735532048127,0.47214132521808083,0.0,0.0,0.0,0.0,0.0,0.0,0.1252479230672073,0.16223490388317122,0.4721413191393667,0.0,0.0,0.0,0.0,0.17514473316662996,0.0,0.12524792513303462,0.0,0.0,0.0,0.0,0.15834466584052614,0.0866814911605245,0.0,0.0,0.12524791957701195,0.07278601275964706,0.0,0.3904246142106318,0.0,0.2791969359375201,0.0,0.2615618524247102,0.0,0.1870457576343701,0.0,0.0,0.0,0.0,0.279196931386997,0.33456804687638647,0.0,0.0,0.18704575454925523,0.2116106745180594,0.0,0.1404695562438303,0.0,0.04520692164587336,0.0,0.11110901394569599,0.0,0.035757901008065876,0.0,0.0,0.0,0.0,0.0,0.0,0.11110901703710407,0.1600846729404319,0.035757902004506056,0.047690229258114655,0.0,0.24767912989997645,0.3096351443330333,0.0797098767677586,0.0908552475175315,0.16593065513231622,0.19369776485460038,0.05340099538370968,0.062204626376194755,0.05571735564255241],"P":[-0.45510082385226713,-1.4166293583136622,-1.2535238939608389,-3.0314330128251306,-0.45510082397307455,-0.7048371995485654,-1.2535238942172062,-3.0314331330207795,-2.084209900898877,-0.0,-0.0,-1.2535238776622246,-1.3035727340973209,-0.0,-0.0,-1.2535238777233015,-1.2243187693768025,-2.0842098944614884,0.5671432936380607,0.6148037747071342,0.5671432935586743,1.3505999079365196,0.40105813393298684,-0.5,0.4010581339966551,1.067224341074042,-0.05277676787808039,-0.0,-0.0,-0.0,-0.0,0.40105810610978926,0.19059615000271185,0.4010581061303613,0.26570283646147913,-0.05277676144069199],"PI":[1.576332308294925,1.1148037748561637,0.777909260862707,5.8642890172504794e-8,1.5763323082949248,1.5034871523644167,0.7779092608419182,7.48378915362075e-15,0.4472232320913969,0.0,0.0,0.7779092553151858,0.7278603948387867,0.0,0.0,0.7779092552279268,0.8071143636439939,0.4472232293728547,0.5671432904097838,1.1148037748561637,0.5671432904097841,1.350599951300125,0.4010581339330431,0.32310878110248387,0.4010581339354049,1.0672243410740514,0.4472232320913969,0.0,0.0,0.0,0.0,0.4010581371272683,0.19059619527732152,0.4010581371345778,0.26570283646147913,0.4472232293728547],"CS":[1.3956212015876863,1.4600427008731436,2.529361776550794,2.6861697980227954,1.7961853180700942,1.9291383202997268,2.929925893045337,3.065007975416267,3.5806107697151415],"V":[18.33529735390081,4.275709283315085,15.558173710629484,3.1172896007578173e-6,18.335297353857857,5.229523314449233,15.558173710543043,2.7844860706842957e-6,8.944459210485011,0.0,0.0,15.558173598626142,15.692501968905004,0.0,0.0,15.558173598263323,16.142275230064687,8.94445915611422,8.711732046796305,21.63630349971211,8.71173204679871,22.952649708876113,8.021156229496547,18.756240099617067,8.021156229504767,21.34446813430077,8.944457344536897,0.0,0.0,0.0,0.0,8.02115629346274,5.052812275530045,8.021156293488168,5.3140527666053705,8.944457290166103],"pr_entry":[0.0,0.0,0.0,0.0,0.0,0.0,0.0,0.0,0.0,0.25,0.25,0.0,0.0,0.25,0.25,0.0,0.0,0.0,0.0,0.0,0.0,0.0,0.0,0.0,0.0,0.0,0.0,0.2005288988507746,0.12632030167427197,0.2005288988514103,0.13285131395115507,0.0,0.0,0.0,0.0,0.0],"pr_exit":[0.0,0.0,0.0,0.0,0.0,0.0,0.0,0.0,0.0,0.0,0.0,0.0,0.0,0.0,0.0,0.0,0.0,0.0,0.0,0.0,0.0,0.0,0.0,0.0,0.0,0.0,0.0,0.0,0.0,0.0,0.0,0.0,0.0,0.0,0.0,0.0],"pr_merger":[0.0,0.0,0.0,0.0,0.0,0.0,0.0,0.0,0.0,0.0,0.0,0.0,0.0,0.0,0.0,0.0,0.0,0.0,0.0,0.0,0.0,0.0,0.0,0.0,0.0,0.0,0.0,0.0,0.0,0.0,0.0,0.0,0.0,0.0,0.0,0.0],"active_firms":[true,true,true,true,true,true,true,true,true,false,false,true,true,false,false,true,true,true,true,true,true,true,true,true,true,true,true,false,false,false,false,true,true,true,true,true,true,true,true,true,true,true,true,true,true],"active_outcomes":[1.0,1.0,1.0,1.0,1.0,1.0,1.0,1.0,1.0,0.0,0.0,0.0,0.0,0.0,0.0,1.0,1.0,1.0,0.0,0.0,0.0,0.0,1.0,0.0,1.0,0.0,0.0,0.0,0.0,1.0,1.0,0.0,0.0,1.0,1.0,0.0,1.0,0.0,1.0,0.0,1.0,0.0,1.0,0.0,0.0,0.0,0.0,1.0,1.0,0.0,0.0,1.0,1.0,0.0,1.0,0.0,1.0,0.0,1.0,0.0,1.0,0.0,0.0,0.0,0.0,0.0,0.0,1.0,1.0,1.0,1.0,0.0,1.0,1.0,1.0,1.0,1.0,1.0,1.0,1.0,1.0],"markets":[1,2,3,4,3,4,7,8,9],"marketnames":["20","21","30","31","40","41","43"],"idx_up":[1,2,3,4,5,6,7,8,9,1,2,3,4,5,6,7,8,9,1,2,3,4,5,6,7,8,9,1,2,3,4,5,6,7,8,9,1,2,3,4,5,6,7,8,9,1,2,3,4,5,6,7,8,9,1,2,3,4,5,6,7,8,9,1,2,3,4,5,6,7,8,9,1,2,3,4,5,6,7,8,9,10,11,12,13,14,15,16,17,18,10,11,12,13,14,15,16,17,18,10,11,12,13,14,15,16,17,18,10,11,12,13,14,15,16,17,18,10,11,12,13,14,15,16,17,18,10,11,12,13,14,15,16,17,18,10,11,12,13,14,15,16,17,18,10,11,12,13,14,15,16,17,18,10,11,12,13,14,15,16,17,18,19,20,21,22,23,24,25,26,27,19,20,21,22,23,24,25,26,27,19,20,21,22,23,24,25,26,27,19,20,21,22,23,24,25,26,27,19,20,21,22,23,24,25,26,27,19,20,21,22,23,24,25,26,27,19,20,21,22,23,24,25,26,27,19,20,21,22,23,24,25,26,27,19,20,21,22,23,24,25,26,27,28,29,30,31,32,33,34,35,36,28,29,30,31,32,33,34,35,36,28,29,30,31,32,33,34,35,36,28,29,30,31,32,33,34,35,36,28,29,30,31,32,33,34,35,36,28,29,30,31,32,33,34,35,36,28,29,30,31,32,33,34,35,36,28,29,30,31,32,33,34,35,36,28,29,30,31,32,33,34,35,36],"idx_entry":[1,2,3,4,5,6,7,8,9,3,4,3,4,7,8,7,8,9,1,2,3,4,5,6,7,8,9,5,6,7,8,5,6,7,8,9,10,11,12,13,14,15,16,17,18,12,13,12,13,16,17,16,17,18,10,11,12,13,14,15,16,17,18,14,15,16,17,14,15,16,17,18,19,20,21,22,23,24,25,26,27,21,22,21,22,25,26,25,26,27,19,20,21,22,23,24,25,26,27,23,24,25,26,23,24,25,26,27,28,29,30,31,32,33,34,35,36,30,31,30,31,34,35,34,35,36,28,29,30,31,32,33,34,35,36,32,33,34,35,32,33,34,35,36],"idx_exit":[1,2,10,10,5,6,14,14,15,1,2,1,2,5,6,5,6,6,1,2,3,4,1,1,3,3,13,1,2,3,4,1,2,3,4,4,10,11,1,1,14,15,5,5,6,10,11,10,11,14,15,14,15,15,10,11,12,13,10,10,12,12,4,10,11,12,13,10,11,12,13,13,19,20,19,19,23,24,23,23,33,19,20,19,20,23,24,23,24,24,19,20,21,22,28,28,30,30,31,19,20,21,22,19,20,21,22,22,28,29,28,28,32,33,32,32,24,28,29,28,29,32,33,32,33,33,28,29,30,31,19,19,21,21,22,28,29,30,31,28,29,30,31,31],"idx_merger":[2,2,4,4,6,6,8,8,9,1,2,3,4,5,6,17,9,9,1,2,3,4,6,6,8,8,9,1,2,13,4,5,6,17,8,9,11,11,13,13,15,15,17,17,18,10,11,12,13,14,15,8,18,18,10,11,12,13,15,15,17,17,18,10,11,4,13,14,15,8,17,18,20,20,22,22,24,24,26,26,27,19,20,21,22,23,24,35,27,27,19,20,21,22,33,24,35,26,27,19,20,22,22,23,24,26,26,27,29,29,31,31,33,33,35,35,36,28,29,30,31,32,33,26,36,36,28,29,30,31,24,33,26,35,36,28,29,31,31,32,33,35,35,36]}