{"policy":"nolearning","smax":[5,1],"alpha":0.1,"beta":0.95,"gamma":1.0,"sigma":2.0,"v0":1.0,"accuracy":1.0e-8,"cost_entry":[0,10],"value_exit":[0,1],"cost_merger":[0,10],"entry":true,"exit":true,"mergers":true,"filename":"nolearning_a1s20v10","verbose":true,"firms":[1,2,3,4],"rival":[2,1,4,3],"partner":[3,4,1,2],"merger_pairs":[1,2,1,2,3,4,4,3],"outcomes":[1,0,1,0,1,0,0,0,0,0,1,0,1,0,1,0,0,0,1,0,0,1,0,0,1,0,0,0,1,1,0,0,0,0,1,0,0,0,0,0,1,1,1,1,2],"ownership":[0,3,0,3,0,0,4,4,0,1,0,1,0,0,2,2],"S":[1,1,1,1,1,1,1,1,1,0,0,1,1,0,0,1,1,1,1,1,1,1,1,1,1,1,1,0,0,0,0,1,1,1,1,1,0,1,0,1,0,1,0,1,3],"ms":9,"scale":[1.148698354997035,1.148698354997035,1.148698354997035,1.148698354997035,1.148698354997035,1.148698354997035,1.148698354997035,1.148698354997035,1.148698354997035,0.0,0.0,1.148698354997035,1.148698354997035,0.0,0.0,1.148698354997035,1.148698354997035,1.148698354997035,1.0,1.0,1.0,1.0,1.0,1.0,1.0,1.0,1.0,0.0,0.0,0.0,0.0,1.0,1.0,1.0,1.0,1.0],"D":[0.535766214870959,0.7072165168371768,0.3958582505546196,0.613109857677544,0.5357662148736015,0.6280212802494279,0.39585825054896673,0.5149004777602254,0.4779270036065358,0.0,0.0,0.39585824691316635,0.2762967355935456,0.0,0.0,0.39585824691892874,0.33422684008783204,0.4779269993357615,0.4999999999941538,0.7072165168371768,0.5000000000010258,0.613109857677544,0.3745863905934429,0.6280212802494279,0.3745863905999664,0.5149004777602254,0.4779270036065358,0.0,0.0,0.0,0.0,0.37458639354465956,0.24632835457379235,0.3745863935371313,0.30813888102796766,0.4779269993357615],"Q":[0.2678831074323472,0.7072165168371768,0.1979291252777159,0.613109857677544,0.20069073263141338,0.6280212802494279,0.1482831132623546,0.5149004777602254,0.4779270036065358,0.0,0.0,0.0,0.0,0.0,0.0,0.1482831130652927,0.2123034136143162,0.4779269993357615,0.0,0.0,0.0,0.0,0.20069073421257558,0.0,0.1482831144250555,0.0,0.0,0.0,0.0,0.19792912345698926,0.0,0.0,0.0,0.14828311190259177,0.0,0.0,0.2678831074386117,0.0,0.1979291252769037,0.0,0.13438474802961264,0.0,0.09929202286155657,0.0,0.0,0.0,0.0,0.19792912345617708,0.2762967355935456,0.0,0.0,0.09929202195104424,0.12192342647351584,0.0,0.23211689256180654,0.0,0.1041417512663207,0.0,0.1738956579620295,0.0,0.07802016543502006,0.0,0.0,0.0,0.0,0.0,0.0,0.17389565933208398,0.24632835457379235,0.07802016604678305,0.09583546741365145,0.0,0.2321168925672346,0.29278348316282315,0.10414175126589338,0.11059340672891031,0.11644246783228489,0.1256503651767797,0.05224317105030161,0.05503721473829111,0.04414599705770282],"P":[-0.07165481351919344,-0.294825051441986,-0.32107802470805835,-0.5025200923504937,-0.0716548135245061,-0.4766168978372022,-0.3210780247011808,-0.6333401892224637,-0.6698381156584609,-0.0,-0.0,-0.3210780201086174,-0.45780747174671477,-0.0,-0.0,-0.32107802011615827,-0.3976918038975678,-0.6698381134244511,1.169257533543785e-11,-0.1461266964449509,-2.0516721909758323e-12,-0.35382173735345857,-0.20052906988979527,-0.3279185428401671,-0.2005290698964999,-0.4846418342254286,-0.5211397606614258,-0.0,-0.0,-0.0,-0.0,-0.20052907382909577,-0.3365811251579435,-0.20052907381704385,-0.27731162597986697,-0.521139758427416],"PI":[0.577043541468796,0.6038733035604551,0.32762033607163077,0.3961782626455437,0.5770435414687958,0.42208145715741935,0.3276203360696749,0.26535816577496024,0.22886023933339336,0.0,0.0,0.3276203348786167,0.19089089569340495,0.0,0.0,0.32762033488040065,0.2510065464592359,0.22886023835598293,0.5000000000000001,0.6038733035604551,0.5,0.3961782626455437,0.29947093009436426,0.42208145715741935,0.29947093009706816,0.26535816577496024,0.22886023933339336,0.0,0.0,0.0,0.0,0.2994709309781678,0.16341887983304046,0.29947093097666366,0.22268838690248519,0.22886023835598293],"CS":[0.7302570934658407,0.7580019904504494,1.1310011574655947,1.244788438892652,1.0751789831520928,1.180967090573535,1.475923047140388,1.593713881704055,1.9067001017361505],"V":[7.765423654570133,7.331071061080067,6.552388356198501,6.146942292378254,7.765423654564815,6.233258352898138,6.552388356188331,5.30714896240795,4.577192095488847,0.0,0.0,6.552388332393627,4.63420698080638,0.0,0.0,6.552388332402905,5.020116514185743,4.577192075940692,7.0324759403584665,7.331071061080067,7.032475940364366,6.146942292378254,5.989401843594855,6.233258352898138,5.989401843608009,5.30714896240795,4.577192095488847,0.0,0.0,0.0,0.0,5.989401861207173,4.103519553435366,5.989401861199864,4.45375496887714,4.577192075940692],"pr_entry":[0.0,0.0,0.0,0.0,0.0,0.0,0.0,0.0,0.0,0.16380968414509708,0.11585515409722613,0.0,0.0,0.16380968414532907,0.12550289388753963,0.0,0.0,0.0,0.0,0.0,0.0,0.0,0.0,0.0,0.0,0.0,0.0,0.14973502447974063,0.10258797071106955,0.1497350244795579,0.11134385742038566,0.0,0.0,0.0,0.0,0.0],"pr_exit":[0.0,0.0,0.0,0.25,0.0,0.0,0.0,0.25,0.0,0.0,0.0,0.0,0.0,0.0,0.0,0.0,0.0,0.0,0.0,0.0,0.0,0.0,0.0,0.25,0.0,0.25,0.0,0.0,0.0,0.0,0.0,0.0,0.0,0.0,0.0,0.0],"pr_merger":[0.0,0.0,0.0,0.0,0.0,0.0,0.0,0.0,0.0,0.0,0.0,0.0,0.0,0.0,0.0,0.0,0.0,0.0,0.0,0.0,0.0,0.0,0.0,0.0,0.0,0.0,0.0,0.0,0.0,0.0,0.0,0.0,0.0,0.0,0.0,0.0],"active_firms":[true,true,true,true,true,true,true,true,true,false,false,true,true,false,false,true,true,true,true,true,true,true,true,true,true,true,true,false,false,false,false,true,true,true,true,true,true,true,true,true,true,true,true,true,true],"active_outcomes":[1.0,1.0,1.0,1.0,1.0,1.0,1.0,1.0,1.0,0.0,0.0,0.0,0.0,0.0,0.0,1.0,1.0,1.0,0.0,0.0,0.0,0.0,1.0,0.0,1.0,0.0,0.0,0.0,0.0,1.0,0.0,0.0,0.0,1.0,0.0,0.0,1.0,0.0,1.0,0.0,1.0,0.0,1.0,0.0,0.0,0.0,0.0,1.0,1.0,0.0,0.0,1.0,1.0,0.0,1.0,0.0,1.0,0.0,1.0,0.0,1.0,0.0,0.0,0.0,0.0,0.0,0.0,1.0,1.0,1.0,1.0,0.0,1.0,1.0,1.0,1.0,1.0,1.0,1.0,1.0,1.0],"markets":[1,2,3,4,3,4,7,8,9],"marketnames":["20","21","30","31","40","41","43"],"idx_up":[1,2,3,4,5,6,7,8,9,1,2,3,4,5,6,7,8,9,1,2,3,4,5,6,7,8,9,1,2,3,4,5,6,7,8,9,1,2,3,4,5,6,7,8,9,1,2,3,4,5,6,7,8,9,1,2,3,4,5,6,7,8,9,1,2,3,4,5,6,7,8,9,1,2,3,4,5,6,7,8,9,10,11,12,13,14,15,16,17,18,10,11,12,13,14,15,16,17,18,10,11,12,13,14,15,16,17,18,10,11,12,13,14,15,16,17,18,10,11,12,13,14,15,16,17,18,10,11,12,13,14,15,16,17,18,10,11,12,13,14,15,16,17,18,10,11,12,13,14,15,16,17,18,10,11,12,13,14,15,16,17,18,19,20,21,22,23,24,25,26,27,19,20,21,22,23,24,25,26,27,19,20,21,22,23,24,25,26,27,19,20,21,22,23,24,25,26,27,19,20,21,22,23,24,25,26,27,19,20,21,22,23,24,25,26,27,19,20,21,22,23,24,25,26,27,19,20,21,22,23,24,25,26,27,19,20,21,22,23,24,25,26,27,28,29,30,31,32,33,34,35,36,28,29,30,31,32,33,34,35,36,28,29,30,31,32,33,34,35,36,28,29,30,31,32,33,34,35,36,28,29,30,31,32,33,34,35,36,28,29,30,31,32,33,34,35,36,28,29,30,31,32,33,34,35,36,28,29,30,31,32,33,34,35,36,28,29,30,31,32,33,34,35,36],"idx_entry":[1,2,3,4,5,6,7,8,9,3,4,3,4,7,8,7,8,9,1,2,3,4,5,6,7,8,9,5,6,7,8,5,6,7,8,9,10,11,12,13,14,15,16,17,18,12,13,12,13,16,17,16,17,18,10,11,12,13,14,15,16,17,18,14,15,16,17,14,15,16,17,18,19,20,21,22,23,24,25,26,27,21,22,21,22,25,26,25,26,27,19,20,21,22,23,24,25,26,27,23,24,25,26,23,24,25,26,27,28,29,30,31,32,33,34,35,36,30,31,30,31,34,35,34,35,36,28,29,30,31,32,33,34,35,36,32,33,34,35,32,33,34,35,36],"idx_exit":[1,2,10,4,5,6,14,8,11,1,2,1,2,5,6,5,6,2,1,2,3,4,1,6,3,8,11,1,2,3,4,1,2,3,4,2,10,11,1,13,14,15,5,17,2,10,11,10,11,14,15,14,15,11,10,11,12,13,10,15,12,17,2,10,11,12,13,10,11,12,13,11,19,20,19,22,23,24,23,26,29,19,20,19,20,23,24,23,24,20,19,20,21,22,28,24,30,26,29,19,20,21,22,19,20,21,22,20,28,29,28,31,32,33,32,35,20,28,29,28,29,32,33,32,33,29,28,29,30,31,19,33,21,35,20,28,29,30,31,28,29,30,31,29],"idx_merger":[2,2,4,4,6,6,8,8,9,1,2,3,4,5,6,17,9,9,1,2,3,4,6,6,8,8,9,1,2,13,4,5,6,17,8,9,11,11,13,13,15,15,17,17,18,10,11,12,13,14,15,8,18,18,10,11,12,13,15,15,17,17,18,10,11,4,13,14,15,8,17,18,20,20,22,22,24,24,26,26,27,19,20,21,22,23,24,35,27,27,19,20,21,22,33,24,35,26,27,19,20,22,22,23,24,26,26,27,29,29,31,31,33,33,35,35,36,28,29,30,31,32,33,26,36,36,28,29,30,31,24,33,26,35,36,28,29,31,31,32,33,35,35,36]}