{"policy":"nolearning","smax":[5,1],"alpha":0.2,"beta":0.95,"gamma":1.0,"sigma":3.0,"v0":1.0,"accuracy":1.0e-8,"cost_entry":[0,10],"value_exit":[0,1],"cost_merger":[0,10],"entry":true,"exit":true,"mergers":true,"filename":"nolearning_a2s30v10","verbose":true,"firms":[1,2,3,4],"rival":[2,1,4,3],"partner":[3,4,1,2],"merger_pairs":[1,2,1,2,3,4,4,3],"outcomes":[1,0,1,0,1,0,0,0,0,0,1,0,1,0,1,0,0,0,1,0,0,1,0,0,1,0,0,0,1,1,0,0,0,0,1,0,0,0,0,0,1,1,1,1,2],"ownership":[0,3,0,3,0,0,4,4,0,1,0,1,0,0,2,2],"S":[1,1,1,1,1,1,1,1,1,0,0,1,1,0,0,1,1,1,1,1,1,1,1,1,1,1,1,0,0,0,0,1,1,1,1,1,0,1,0,1,0,1,0,1,3],"ms":9,"scale":[1.3195079107728942,1.3195079107728942,1.3195079107728942,1.3195079107728942,1.3195079107728942,1.3195079107728942,1.3195079107728942,1.3195079107728942,1.3195079107728942,0.0,0.0,1.3195079107728942,1.3195079107728942,0.0,0.0,1.3195079107728942,1.3195079107728942,1.3195079107728942,1.0,1.0,1.0,1.0,1.0,1.0,1.0,1.0,1.0,0.0,0.0,0.0,0.0,1.0,1.0,1.0,1.0,1.0],"D":[0.6854802731940537,0.8169422508475138,0.47034027536111045,0.7074357898844326,0.6854802731953721,0.7484947498111306,0.4703402753584156,0.5905505342938004,0.4982623603834521,0.0,0.0,0.4703402715760715,0.2720488020159804,0.0,0.0,0.47034027157883607,0.37414725205395527,0.4982623544181678,0.6089389667934432,0.8169422508475138,0.6089389667887891,0.7074357898844326,0.4360635237956688,0.7484947498111306,0.4360635238011219,0.5905505342938004,0.4982623603834521,0.0,0.0,0.0,0.0,0.43606351732301624,0.21358062675113226,0.43606351731691073,0.3345832199243393,0.4982623544181678],"Q":[0.41741564931607417,0.8169422508475138,0.2864085213175492,0.7074357898844326,0.2989129434219917,0.7484947498111306,0.2050982378583807,0.5905505342938004,0.4982623603834521,0.0,0.0,0.0,0.0,0.0,0.0,0.20509823316045828,0.30573587903490157,0.4982623544181678,0.0,0.0,0.0,0.0,0.298912938985116,0.0,0.20509823480859504,0.0,0.0,0.0,0.0,0.2864085190126915,0.0,0.0,0.0,0.20509823621024395,0.0,0.0,0.26806462387797947,0.0,0.18393175404356124,0.0,0.0876543907882644,0.0,0.06014380269143987,0.0,0.0,0.0,0.0,0.18393175256338,0.2720488020159804,0.0,0.0,0.06014380220813384,0.06841137301905367,0.0,0.191523317477369,0.0,0.036121926458548545,0.0,0.1371505803736771,0.0,0.02586704973249728,0.0,0.0,0.0,0.0,0.0,0.0,0.13715057833790023,0.21358062675113226,0.025867049347857423,0.028847340889437745,0.0,0.1229964093285774,0.18305774915248615,0.023197526604269585,0.02051540809958702,0.040218568093050626,0.037924623437737094,0.007585353982393605,0.006454872762806617,0.0034752851983800813],"P":[-0.2596909742733652,-0.4090484113473394,-0.6901730419222668,-0.7498323971554703,-0.2596909742754036,-0.6568312209697131,-0.6901730419207494,-0.9124572717379315,-0.9873289919286677,-0.0,-0.0,-0.6901730392397841,-0.8616017503137152,-0.0,-0.0,-0.6901730392421358,-0.7869012567757826,-0.9873289899333052,-0.14761813366548912,-0.08954050057444518,-0.14761813365897453,-0.43032448638257614,-0.40891688906613183,-0.33732331019681894,-0.4089168890685999,-0.5929493609650373,-0.6678210811557735,-0.0,-0.0,-0.0,-0.0,-0.40891688411834165,-0.5761379360623023,-0.408916884111974,-0.499060835269397,-0.667821079160411],"PI":[0.7264836031673823,0.7437928327662134,0.29600153550955244,0.40300884695376205,0.7264836031673821,0.4960100231399002,0.29600153550857017,0.24038397236673015,0.16551225217294746,0.0,0.0,0.29600153438917504,0.12457282238865694,0.0,0.0,0.2960015343898088,0.19927331601867107,0.1655122511856198,0.5190485329992038,0.7437928327662134,0.5190485329992037,0.40300884695376205,0.2577497842099288,0.4960100231399002,0.2577497842120758,0.24038397236673015,0.16551225217294746,0.0,0.0,0.0,0.0,0.2577497825416039,0.09052872527184196,0.25774978254077174,0.16760583872177418,0.1655122511856198],"CS":[0.6985333721621392,0.6618785597448987,1.2545698726260852,1.3914203776654543,1.071142165711626,1.1866122517929394,1.6271786661768335,1.7768673462486886,2.1184086374722413],"V":[8.2426041790598,8.462211403784115,5.920012134741428,6.062368527920366,8.178573374406499,6.574817322406748,5.920012134735729,4.80766656303482,3.310235270614238,0.0,0.0,5.920012112356918,3.409115567821843,0.0,0.0,5.92001211236059,3.9854533290253964,3.310235250867747,6.734395282770273,8.462211403784115,6.6703644781250695,6.062368527920366,5.154979502740362,6.574817322406748,5.154979502751626,4.80766656303482,3.310235270614238,0.0,0.0,0.0,0.0,5.154979469330043,2.8192694561384744,5.154979469325676,3.352105914516919,3.310235250867747],"pr_entry":[0.0,0.0,0.0,0.0,0.0,0.0,0.0,0.0,0.0,0.14800027836756038,0.08522786964482829,0.0,0.0,0.14800027836765212,0.09963631613175593,0.0,0.0,0.0,0.0,0.0,0.0,0.0,0.0,0.0,0.0,0.0,0.0,0.1288744654418172,0.07048171982870792,0.128874465441708,0.08380263357355644,0.0,0.0,0.0,0.0,0.0],"pr_exit":[0.0,0.0,0.0,0.25,0.0,0.0,0.0,0.25,0.0,0.0,0.0,0.0,0.0,0.0,0.0,0.0,0.0,0.0,0.0,0.0,0.0,0.0,0.0,0.25,0.0,0.25,0.0,0.0,0.0,0.0,0.0,0.0,0.0,0.0,0.0,0.0],"pr_merger":[0.0459330768362519,0.0,0.0,0.0,0.0,0.0,0.0,0.0,0.0,0.0,0.0,0.0,0.0,0.0,0.0,0.0,0.0,0.0,0.0,0.0,0.0,0.0,0.0,0.0,0.0,0.0,0.0,0.0,0.0,0.0,0.0,0.0,0.0,0.0,0.0,0.0],"active_firms":[true,true,true,true,true,true,true,true,true,false,false,true,true,false,false,true,true,true,true,true,true,true,true,true,true,true,true,false,false,false,false,true,true,true,true,true,true,true,true,true,true,true,true,true,true],"active_outcomes":[1.0,1.0,1.0,1.0,1.0,1.0,1.0,1.0,1.0,0.0,0.0,0.0,0.0,0.0,0.0,1.0,1.0,1.0,0.0,0.0,0.0,0.0,1.0,0.0,1.0,0.0,0.0,0.0,0.0,1.0,0.0,0.0,0.0,1.0,0.0,0.0,1.0,0.0,1.0,0.0,1.0,0.0,1.0,0.0,0.0,0.0,0.0,1.0,1.0,0.0,0.0,1.0,1.0,0.0,1.0,0.0,1.0,0.0,1.0,0.0,1.0,0.0,0.0,0.0,0.0,0.0,0.0,1.0,1.0,1.0,1.0,0.0,1.0,1.0,1.0,1.0,1.0,1.0,1.0,1.0,1.0],"markets":[1,2,3,4,3,4,7,8,9],"marketnames":["20","21","30","31","40","41","43"],"idx_up":[1,2,3,4,5,6,7,8,9,1,2,3,4,5,6,7,8,9,1,2,3,4,5,6,7,8,9,1,2,3,4,5,6,7,8,9,1,2,3,4,5,6,7,8,9,1,2,3,4,5,6,7,8,9,1,2,3,4,5,6,7,8,9,1,2,3,4,5,6,7,8,9,1,2,3,4,5,6,7,8,9,10,11,12,13,14,15,16,17,18,10,11,12,13,14,15,16,17,18,10,11,12,13,14,15,16,17,18,10,11,12,13,14,15,16,17,18,10,11,12,13,14,15,16,17,18,10,11,12,13,14,15,16,17,18,10,11,12,13,14,15,16,17,18,10,11,12,13,14,15,16,17,18,10,11,12,13,14,15,16,17,18,19,20,21,22,23,24,25,26,27,19,20,21,22,23,24,25,26,27,19,20,21,22,23,24,25,26,27,19,20,21,22,23,24,25,26,27,19,20,21,22,23,24,25,26,27,19,20,21,22,23,24,25,26,27,19,20,21,22,23,24,25,26,27,19,20,21,22,23,24,25,26,27,19,20,21,22,23,24,25,26,27,28,29,30,31,32,33,34,35,36,28,29,30,31,32,33,34,35,36,28,29,30,31,32,33,34,35,36,28,29,30,31,32,33,34,35,36,28,29,30,31,32,33,34,35,36,28,29,30,31,32,33,34,35,36,28,29,30,31,32,33,34,35,36,28,29,30,31,32,33,34,35,36,28,29,30,31,32,33,34,35,36],"idx_entry":[1,2,3,4,5,6,7,8,9,3,4,3,4,7,8,7,8,9,1,2,3,4,5,6,7,8,9,5,6,7,8,5,6,7,8,9,10,11,12,13,14,15,16,17,18,12,13,12,13,16,17,16,17,18,10,11,12,13,14,15,16,17,18,14,15,16,17,14,15,16,17,18,19,20,21,22,23,24,25,26,27,21,22,21,22,25,26,25,26,27,19,20,21,22,23,24,25,26,27,23,24,25,26,23,24,25,26,27,28,29,30,31,32,33,34,35,36,30,31,30,31,34,35,34,35,36,28,29,30,31,32,33,34,35,36,32,33,34,35,32,33,34,35,36],"idx_exit":[1,2,10,4,5,6,14,8,11,1,2,1,2,5,6,5,6,2,1,2,3,4,1,6,3,8,11,1,2,3,4,1,2,3,4,2,10,11,1,13,14,15,5,17,2,10,11,10,11,14,15,14,15,11,10,11,12,13,10,15,12,17,2,10,11,12,13,10,11,12,13,11,19,20,19,22,23,24,23,26,29,19,20,19,20,23,24,23,24,20,19,20,21,22,28,24,30,26,29,19,20,21,22,19,20,21,22,20,28,29,28,31,32,33,32,35,20,28,29,28,29,32,33,32,33,29,28,29,30,31,19,33,21,35,20,28,29,30,31,28,29,30,31,29],"idx_merger":[2,2,4,4,6,6,8,8,9,1,2,3,4,5,6,17,9,9,1,2,3,4,6,6,8,8,9,1,2,13,4,5,6,17,8,9,11,11,13,13,15,15,17,17,18,10,11,12,13,14,15,8,18,18,10,11,12,13,15,15,17,17,18,10,11,4,13,14,15,8,17,18,20,20,22,22,24,24,26,26,27,19,20,21,22,23,24,35,27,27,19,20,21,22,33,24,35,26,27,19,20,22,22,23,24,26,26,27,29,29,31,31,33,33,35,35,36,28,29,30,31,32,33,26,36,36,28,29,30,31,24,33,26,35,36,28,29,31,31,32,33,35,35,36]}