{"policy":"nolearning","smax":[5,1],"alpha":0.2,"beta":0.95,"gamma":1.0,"sigma":6.0,"v0":1.0,"accuracy":1.0e-8,"cost_entry":[0,10],"value_exit":[0,1],"cost_merger":[0,10],"entry":true,"exit":true,"mergers":true,"filename":"nolearning_a2s60v10","verbose":true,"firms":[1,2,3,4],"rival":[2,1,4,3],"partner":[3,4,1,2],"merger_pairs":[1,2,1,2,3,4,4,3],"outcomes":[1,0,1,0,1,0,0,0,0,0,1,0,1,0,1,0,0,0,1,0,0,1,0,0,1,0,0,0,1,1,0,0,0,0,1,0,0,0,0,0,1,1,1,1,2],"ownership":[0,3,0,3,0,0,4,4,0,1,0,1,0,0,2,2],"S":[1,1,1,1,1,1,1,1,1,0,0,1,1,0,0,1,1,1,1,1,1,1,1,1,1,1,1,0,0,0,0,1,1,1,1,1,0,1,0,1,0,1,0,1,3],"ms":9,"scale":[1.3195079107728942,1.3195079107728942,1.3195079107728942,1.3195079107728942,1.3195079107728942,1.3195079107728942,1.3195079107728942,1.3195079107728942,1.3195079107728942,0.0,0.0,1.3195079107728942,1.3195079107728942,0.0,0.0,1.3195079107728942,1.3195079107728942,1.3195079107728942,1.0,1.0,1.0,1.0,1.0,1.0,1.0,1.0,1.0,0.0,0.0,0.0,0.0,1.0,1.0,1.0,1.0,1.0],"D":[0.8401894489531874,0.9134946332468985,0.49932941408093795,0.6790677960700212,0.8401894489499135,0.8618301906349705,0.4993294140699965,0.5566007056207417,0.49999833296071766,0.0,0.0,0.4993294193057317,0.32067034553596085,0.0,0.0,0.4993294193164336,0.4426318748131273,0.499998329259298,0.7869367222298596,0.9134946332468985,0.7869367222319102,0.8348847301830796,0.49554143164452547,0.8618301906349705,0.4955414316436167,0.6491463571214418,0.49999833296071766,0.0,0.0,0.0,0.0,0.49554143656068556,0.13708708342990078,0.4955414365617331,0.34687841225208677,0.499998329259298],"Q":[0.6611759310113332,0.9134946332468985,0.3929406524308336,0.6790677960700212,0.4163486823852651,0.8618301906349705,0.24743841271001435,0.5566007056207417,0.49999833296071766,0.0,0.0,0.0,0.0,0.0,0.0,0.24743841776560155,0.3461196876783681,0.499998329259298,0.0,0.0,0.0,0.0,0.41634868651577095,0.0,0.24743841516577456,0.0,0.0,0.0,0.0,0.39294065654241567,0.1558169341130584,0.0,0.0,0.24743841530984134,0.09254565150070003,0.0,0.17901351794185416,0.0,0.10638876165010436,0.0,0.0074920800488774515,0.0,0.004452586194207555,0.0,0.0,0.0,0.0,0.10638876276331605,0.1648534114229025,0.0,0.0,0.004452586240990726,0.003966535634059205,0.0,0.12576079121852637,0.0,0.001055413258660971,0.0,0.07919274925926034,0.0,0.0006646036237610086,0.0,0.0,0.0,0.0,0.0,0.0,0.07919275004491459,0.13708708342990078,0.0006646036303570223,0.0007587245737186625,0.0,0.034049759828286244,0.08650536675310154,0.00028575335466926924,0.0002618583940178718,0.001425051745911462,0.0010827259351287495,1.1959359451786582e-5,8.69499241224336e-6,3.3377799843633817e-6],"P":[-0.276606390524675,-0.3561765425084594,-0.9866210307068177,-1.3195078693690367,-0.2766063905206114,-0.6132627302440142,-0.9866210306733935,-1.3195078576036818,-1.152841799775321,-0.0,-0.0,-0.9866210324507545,-1.07416801093134,-0.0,-0.0,-0.9866210324245545,-1.0204835135511734,-1.1528417991584157,-0.21775977351458564,-0.03666863173556523,-0.21775977351662404,0.009395807420318881,-0.6696127698151653,-0.5,-0.6696127698174547,-0.5249681625061045,-0.8333338890024269,-0.0,-0.0,-0.0,-0.0,-0.6696127714686294,-0.8068557490323707,-0.6696127714715769,-0.7448152593190174,-0.8333338883855215],"PI":[0.8762348536097927,0.8799980349479528,0.16622021077862542,2.8116026229853567e-8,0.8762348536097925,0.6086634185702338,0.16622021079167287,2.959402112032585e-8,0.08333277765983249,0.0,0.0,0.16622021164709178,0.07867323045594919,0.0,0.0,0.16622021166373677,0.13235772955711558,0.08333277735138295,0.615573559826775,0.8799980349479528,0.615573559826775,0.8427291463260447,0.1637205610428624,0.43091509531748523,0.16372056104142765,0.308365186825867,0.08333277765983249,0.0,0.0,0.0,0.0,0.1637205618477389,0.026477582046405095,0.16372056184662437,0.08851807767837974,0.08333277735138295],"CS":[0.5633220499854383,0.45587181600537313,1.3600635859138848,1.4225647922692,1.0922578588334162,1.1859925793772172,1.8889993947364954,1.990074225877942,2.2172253046450834],"V":[9.484281253905458,8.095799941799578,3.123934007740215,3.9567575827765645e-6,8.878840119341538,5.392620206219217,3.3243990787473714,3.972814718806473e-6,1.6666546637105866,0.0,0.0,3.123934017781527,2.0639155433286587,0.0,0.0,3.3243990961886025,2.647151189352763,1.6666546575416121,7.5134293224188085,13.101779356815399,7.106336011872785,11.972692695432274,3.0557996210338767,7.2530542172975565,3.2744053931724237,6.167290496488893,1.666653845044984,0.0,0.0,0.0,0.0,3.05579963135502,1.2206952004437979,3.2744054092763184,1.770359579693133,1.6666538388760097],"pr_entry":[0.0,0.0,0.0,0.0,0.0,0.0,0.0,0.0,0.0,0.07809834388602337,0.051597883251586804,0.0,0.0,0.0831099706453912,0.0661787752577802,0.0,0.0,0.0,0.0,0.0,0.0,0.0,0.0,0.0,0.0,0.0,0.0,0.07639498317099287,0.030517376484463166,0.08186012756393932,0.044258986895125085,0.0,0.0,0.0,0.0,0.0],"pr_exit":[0.0,0.0,0.0,0.0,0.0,0.0,0.0,0.0,0.0,0.0,0.0,0.0,0.0,0.0,0.0,0.0,0.0,0.0,0.0,0.0,0.0,0.0,0.0,0.0,0.0,0.0,0.0,0.0,0.0,0.0,0.0,0.0,0.0,0.0,0.0,0.0],"pr_merger":[0.10945554990903306,0.0,0.04456894204764596,0.0,0.018144114711046554,0.0,0.0,0.0,0.0,0.0,0.0,0.0,0.0,0.0,0.0,0.0,0.0,0.0,0.0,0.0,0.0,0.0,0.0181441144410029,0.0,0.0,0.0,0.0,0.0,0.0,0.04456894178146922,0.0,0.0,0.0,0.0,0.0,0.0],"active_firms":[true,true,true,true,true,true,true,true,true,false,false,true,true,false,false,true,true,true,true,true,true,true,true,true,true,true,true,false,false,false,false,true,true,true,true,true,true,true,true,true,true,true,true,true,true],"active_outcomes":[1.0,1.0,1.0,1.0,1.0,1.0,1.0,1.0,1.0,0.0,0.0,0.0,0.0,0.0,0.0,1.0,1.0,1.0,0.0,0.0,0.0,0.0,1.0,0.0,1.0,0.0,0.0,0.0,0.0,1.0,1.0,0.0,0.0,1.0,1.0,0.0,1.0,0.0,1.0,0.0,1.0,0.0,1.0,0.0,0.0,0.0,0.0,1.0,1.0,0.0,0.0,1.0,1.0,0.0,1.0,0.0,1.0,0.0,1.0,0.0,1.0,0.0,0.0,0.0,0.0,0.0,0.0,1.0,1.0,1.0,1.0,0.0,1.0,1.0,1.0,1.0,1.0,1.0,1.0,1.0,1.0],"markets":[1,2,3,4,3,4,7,8,9],"marketnames":["20","21","30","31","40","41","43"],"idx_up":[1,2,3,4,5,6,7,8,9,1,2,3,4,5,6,7,8,9,1,2,3,4,5,6,7,8,9,1,2,3,4,5,6,7,8,9,1,2,3,4,5,6,7,8,9,1,2,3,4,5,6,7,8,9,1,2,3,4,5,6,7,8,9,1,2,3,4,5,6,7,8,9,1,2,3,4,5,6,7,8,9,10,11,12,13,14,15,16,17,18,10,11,12,13,14,15,16,17,18,10,11,12,13,14,15,16,17,18,10,11,12,13,14,15,16,17,18,10,11,12,13,14,15,16,17,18,10,11,12,13,14,15,16,17,18,10,11,12,13,14,15,16,17,18,10,11,12,13,14,15,16,17,18,10,11,12,13,14,15,16,17,18,19,20,21,22,23,24,25,26,27,19,20,21,22,23,24,25,26,27,19,20,21,22,23,24,25,26,27,19,20,21,22,23,24,25,26,27,19,20,21,22,23,24,25,26,27,19,20,21,22,23,24,25,26,27,19,20,21,22,23,24,25,26,27,19,20,21,22,23,24,25,26,27,19,20,21,22,23,24,25,26,27,28,29,30,31,32,33,34,35,36,28,29,30,31,32,33,34,35,36,28,29,30,31,32,33,34,35,36,28,29,30,31,32,33,34,35,36,28,29,30,31,32,33,34,35,36,28,29,30,31,32,33,34,35,36,28,29,30,31,32,33,34,35,36,28,29,30,31,32,33,34,35,36,28,29,30,31,32,33,34,35,36],"idx_entry":[1,2,3,4,5,6,7,8,9,3,4,3,4,7,8,7,8,9,1,2,3,4,5,6,7,8,9,5,6,7,8,5,6,7,8,9,10,11,12,13,14,15,16,17,18,12,13,12,13,16,17,16,17,18,10,11,12,13,14,15,16,17,18,14,15,16,17,14,15,16,17,18,19,20,21,22,23,24,25,26,27,21,22,21,22,25,26,25,26,27,19,20,21,22,23,24,25,26,27,23,24,25,26,23,24,25,26,27,28,29,30,31,32,33,34,35,36,30,31,30,31,34,35,34,35,36,28,29,30,31,32,33,34,35,36,32,33,34,35,32,33,34,35,36],"idx_exit":[1,2,10,10,5,6,14,14,15,1,2,1,2,5,6,5,6,6,1,2,3,4,1,1,3,3,13,1,2,3,4,1,2,3,4,4,10,11,1,1,14,15,5,5,6,10,11,10,11,14,15,14,15,15,10,11,12,13,10,10,12,12,4,10,11,12,13,10,11,12,13,13,19,20,19,19,23,24,23,23,33,19,20,19,20,23,24,23,24,24,19,20,21,22,28,28,30,30,31,19,20,21,22,19,20,21,22,22,28,29,28,28,32,33,32,32,24,28,29,28,29,32,33,32,33,33,28,29,30,31,19,19,21,21,22,28,29,30,31,28,29,30,31,31],"idx_merger":[2,2,4,4,6,6,8,8,9,1,2,3,4,5,6,17,9,9,1,2,3,4,6,6,8,8,9,1,2,13,4,5,6,17,8,9,11,11,13,13,15,15,17,17,18,10,11,12,13,14,15,8,18,18,10,11,12,13,15,15,17,17,18,10,11,4,13,14,15,8,17,18,20,20,22,22,24,24,26,26,27,19,20,21,22,23,24,35,27,27,19,20,21,22,33,24,35,26,27,19,20,22,22,23,24,26,26,27,29,29,31,31,33,33,35,35,36,28,29,30,31,32,33,26,36,36,28,29,30,31,24,33,26,35,36,28,29,31,31,32,33,35,35,36]}