{"policy":"nolearning","smax":[5,1],"alpha":0.5,"beta":0.95,"gamma":1.0,"sigma":4.0,"v0":1.0,"accuracy":1.0e-8,"cost_entry":[0,10],"value_exit":[0,1],"cost_merger":[0,10],"entry":true,"exit":true,"mergers":true,"filename":"nolearning_a5s40v10","verbose":true,"firms":[1,2,3,4],"rival":[2,1,4,3],"partner":[3,4,1,2],"merger_pairs":[1,2,1,2,3,4,4,3],"outcomes":[1,0,1,0,1,0,0,0,0,0,1,0,1,0,1,0,0,0,1,0,0,1,0,0,1,0,0,0,1,1,0,0,0,0,1,0,0,0,0,0,1,1,1,1,2],"ownership":[0,3,0,3,0,0,4,4,0,1,0,1,0,0,2,2],"S":[1,1,1,1,1,1,1,1,1,0,0,1,1,0,0,1,1,1,1,1,1,1,1,1,1,1,1,0,0,0,0,1,1,1,1,1,0,1,0,1,0,1,0,1,3],"ms":9,"scale":[2.0,2.0,2.0,2.0,2.0,2.0,2.0,2.0,2.0,0.0,0.0,2.0,2.0,0.0,0.0,2.0,2.0,2.0,1.0,1.0,1.0,1.0,1.0,1.0,1.0,1.0,1.0,0.0,0.0,0.0,0.0,1.0,1.0,1.0,1.0,1.0],"D":[0.8419516643386675,0.8981947371585978,0.49938259913406147,0.6421195187094318,0.8419516643363147,0.8622478333857027,0.499382599137377,0.5516537240248199,0.4999886484033112,0.0,0.0,0.4993826045763927,0.3575271318762898,0.0,0.0,0.49938260457320255,0.4476135053284561,0.4999886531771663,0.6882734745070451,0.8981947371585978,0.6882734745235527,0.7775270084731638,0.471376811444319,0.8622478333857027,0.47137681144284904,0.6419046745147174,0.4999886484033112,0.0,0.0,0.0,0.0,0.4713768064112723,0.1302217023983188,0.4713768064150672,0.33105863560166143,0.4999886531771663],"Q":[0.5794929973813641,0.8981947371585978,0.3437117966226029,0.6421195187094318,0.39687649092508953,0.8622478333857027,0.23539737727141924,0.5516537240248199,0.4999886484033112,0.0,0.0,0.0,0.0,0.0,0.0,0.23539737732295454,0.3303811901472015,0.4999886531771663,0.0,0.0,0.0,0.0,0.39687648668750747,0.0,0.23539737476063247,0.0,0.0,0.0,0.0,0.34371180036841525,0.13540748976373201,0.0,0.0,0.23539737983374137,0.0902509504898975,0.0,0.2624586669573034,0.0,0.15567080251145857,0.0,0.04819868672371773,0.0,0.028587847105325283,0.0,0.0,0.0,0.0,0.1556708042079775,0.2221196421125578,0.0,0.0,0.02858784741650663,0.026981364691357076,0.0,0.10878047712568112,0.0,0.0008498775325344944,0.0,0.07450032051922943,0.0,0.0005820543376884519,0.0,0.0,0.0,0.0,0.0,0.0,0.0745003197237648,0.1302217023983188,0.0005820543314801657,0.0006774454544599057,0.0,0.04926785853565151,0.10180526284140222,0.0003849187570113288,0.00035334941427822726,0.009047695420691134,0.007530464215978542,7.068762025178745e-5,5.532519226394489e-5,2.2698419522390116e-5],"P":[-0.418205424667857,-0.7721656375854331,-1.5006166312390254,-1.9999999531013484,-0.4182054246634369,-0.6851465125722409,-1.5006166312660778,-1.9999999394886916,-1.750005672056761,-0.0,-0.0,-1.5006166339635552,-1.6108785086522597,-0.0,-0.0,-1.5006166339873508,-1.5474183372426682,-1.7500056732502518,-0.19801499209645815,0.2278343624145669,-0.19801499211569296,0.12373187258913873,-0.5270733380030189,-0.5,-0.5270733380123936,-0.30186192445224036,-0.7500056720567609,-0.0,-0.0,-0.0,-0.0,-0.5270733353336859,-0.7125704280477665,-0.527073335345853,-0.626275169596605,-0.7500056732502518],"PI":[1.3317945753427736,1.1028343624232464,0.24938336465617894,3.0114539612057356e-8,1.3317945753427736,1.1337295707542205,0.24938336464432517,3.338128862913626e-8,0.12499432613683423,0.0,0.0,0.2493833660134059,0.1391214907529821,0.0,0.0,0.2493833659999297,0.20258166451419046,0.12499432673353904,0.5519850078923308,1.1028343624232464,0.5519850078923308,0.8737318812201795,0.22292666197914213,0.43112391669285133,0.2229266619740279,0.44813809415081585,0.12499432613683423,0.0,0.0,0.0,0.0,0.2229266608571418,0.03742956817923991,0.22292666085320126,0.12372483244381026,0.12499432673353904],"CS":[0.7526208418075405,0.6430938877002774,1.965619566673574,2.0589338052263764,1.1763113008366044,1.2941201656634993,2.3893100257286672,2.522491067328001,2.8465906102562695],"V":[11.817515073707971,8.185394700730749,4.787275219509263,5.262488175647026e-6,11.475120815629749,7.7532681287192915,4.987660384058653,5.292521959594425e-6,2.4998853667746515,0.0,0.0,4.787275237106049,3.4681894332651853,0.0,0.0,4.98766041117068,4.051628545986723,2.499885378708721,6.93126715776654,14.449259109525926,6.711068618472431,12.875560702623536,4.188321965709006,8.846388214226785,4.4585252417992765,8.962743469536598,2.4998830543257853,0.0,0.0,0.0,0.0,4.188321951292917,1.8843437870321398,4.4585252193828095,2.4744932391780914,2.499883066259856],"pr_entry":[0.0,0.0,0.0,0.0,0.0,0.0,0.0,0.0,0.0,0.11968187160532355,0.0867047285313031,0.0,0.0,0.12469150118870395,0.10129070740717194,0.0,0.0,0.0,0.0,0.0,0.0,0.0,0.0,0.0,0.0,0.0,0.0,0.10470803828598722,0.047108589280091026,0.11146311996130549,0.0618623264930074,0.0,0.0,0.0,0.0,0.0],"pr_exit":[0.0,0.0,0.0,0.0,0.0,0.0,0.0,0.0,0.0,0.0,0.0,0.0,0.0,0.0,0.0,0.0,0.0,0.0,0.0,0.0,0.0,0.0,0.0,0.0,0.0,0.0,0.0,0.0,0.0,0.0,0.0,0.0,0.0,0.0,0.0,0.0],"pr_merger":[0.09865546155145996,0.0,0.03409765557835957,0.0,0.02344762442540773,0.0,0.0,0.0,0.0,0.0,0.0,0.0,0.0,0.0,0.0,0.0,0.0,0.0,0.0,0.0,0.0,0.0,0.023447624810749423,0.0,0.0,0.0,0.0,0.0,0.0,0.034097655111925085,0.0,0.0,0.0,0.0,0.0,0.0],"active_firms":[true,true,true,true,true,true,true,true,true,false,false,true,true,false,false,true,true,true,true,true,true,true,true,true,true,true,true,false,false,false,false,true,true,true,true,true,true,true,true,true,true,true,true,true,true],"active_outcomes":[1.0,1.0,1.0,1.0,1.0,1.0,1.0,1.0,1.0,0.0,0.0,0.0,0.0,0.0,0.0,1.0,1.0,1.0,0.0,0.0,0.0,0.0,1.0,0.0,1.0,0.0,0.0,0.0,0.0,1.0,1.0,0.0,0.0,1.0,1.0,0.0,1.0,0.0,1.0,0.0,1.0,0.0,1.0,0.0,0.0,0.0,0.0,1.0,1.0,0.0,0.0,1.0,1.0,0.0,1.0,0.0,1.0,0.0,1.0,0.0,1.0,0.0,0.0,0.0,0.0,0.0,0.0,1.0,1.0,1.0,1.0,0.0,1.0,1.0,1.0,1.0,1.0,1.0,1.0,1.0,1.0],"markets":[1,2,3,4,3,4,7,8,9],"marketnames":["20","21","30","31","40","41","43"],"idx_up":[1,2,3,4,5,6,7,8,9,1,2,3,4,5,6,7,8,9,1,2,3,4,5,6,7,8,9,1,2,3,4,5,6,7,8,9,1,2,3,4,5,6,7,8,9,1,2,3,4,5,6,7,8,9,1,2,3,4,5,6,7,8,9,1,2,3,4,5,6,7,8,9,1,2,3,4,5,6,7,8,9,10,11,12,13,14,15,16,17,18,10,11,12,13,14,15,16,17,18,10,11,12,13,14,15,16,17,18,10,11,12,13,14,15,16,17,18,10,11,12,13,14,15,16,17,18,10,11,12,13,14,15,16,17,18,10,11,12,13,14,15,16,17,18,10,11,12,13,14,15,16,17,18,10,11,12,13,14,15,16,17,18,19,20,21,22,23,24,25,26,27,19,20,21,22,23,24,25,26,27,19,20,21,22,23,24,25,26,27,19,20,21,22,23,24,25,26,27,19,20,21,22,23,24,25,26,27,19,20,21,22,23,24,25,26,27,19,20,21,22,23,24,25,26,27,19,20,21,22,23,24,25,26,27,19,20,21,22,23,24,25,26,27,28,29,30,31,32,33,34,35,36,28,29,30,31,32,33,34,35,36,28,29,30,31,32,33,34,35,36,28,29,30,31,32,33,34,35,36,28,29,30,31,32,33,34,35,36,28,29,30,31,32,33,34,35,36,28,29,30,31,32,33,34,35,36,28,29,30,31,32,33,34,35,36,28,29,30,31,32,33,34,35,36],"idx_entry":[1,2,3,4,5,6,7,8,9,3,4,3,4,7,8,7,8,9,1,2,3,4,5,6,7,8,9,5,6,7,8,5,6,7,8,9,10,11,12,13,14,15,16,17,18,12,13,12,13,16,17,16,17,18,10,11,12,13,14,15,16,17,18,14,15,16,17,14,15,16,17,18,19,20,21,22,23,24,25,26,27,21,22,21,22,25,26,25,26,27,19,20,21,22,23,24,25,26,27,23,24,25,26,23,24,25,26,27,28,29,30,31,32,33,34,35,36,30,31,30,31,34,35,34,35,36,28,29,30,31,32,33,34,35,36,32,33,34,35,32,33,34,35,36],"idx_exit":[1,2,10,10,5,6,14,14,15,1,2,1,2,5,6,5,6,6,1,2,3,4,1,1,3,3,13,1,2,3,4,1,2,3,4,4,10,11,1,1,14,15,5,5,6,10,11,10,11,14,15,14,15,15,10,11,12,13,10,10,12,12,4,10,11,12,13,10,11,12,13,13,19,20,19,19,23,24,23,23,33,19,20,19,20,23,24,23,24,24,19,20,21,22,28,28,30,30,31,19,20,21,22,19,20,21,22,22,28,29,28,28,32,33,32,32,24,28,29,28,29,32,33,32,33,33,28,29,30,31,19,19,21,21,22,28,29,30,31,28,29,30,31,31],"idx_merger":[2,2,4,4,6,6,8,8,9,1,2,3,4,5,6,17,9,9,1,2,3,4,6,6,8,8,9,1,2,13,4,5,6,17,8,9,11,11,13,13,15,15,17,17,18,10,11,12,13,14,15,8,18,18,10,11,12,13,15,15,17,17,18,10,11,4,13,14,15,8,17,18,20,20,22,22,24,24,26,26,27,19,20,21,22,23,24,35,27,27,19,20,21,22,33,24,35,26,27,19,20,22,22,23,24,26,26,27,29,29,31,31,33,33,35,35,36,28,29,30,31,32,33,26,36,36,28,29,30,31,24,33,26,35,36,28,29,31,31,32,33,35,35,36]}