{"policy":"nolearning","smax":[5,1],"alpha":0.8,"beta":0.95,"gamma":1.0,"sigma":7.0,"v0":1.0,"accuracy":1.0e-8,"cost_entry":[0,10],"value_exit":[0,1],"cost_merger":[0,10],"entry":true,"exit":true,"mergers":true,"filename":"nolearning_a8s70v10","verbose":true,"firms":[1,2,3,4],"rival":[2,1,4,3],"partner":[3,4,1,2],"merger_pairs":[1,2,1,2,3,4,4,3],"outcomes":[1,0,1,0,1,0,0,0,0,0,1,0,1,0,1,0,0,0,1,0,0,1,0,0,1,0,0,0,1,1,0,0,0,0,1,0,0,0,0,0,1,1,1,1,2],"ownership":[0,3,0,3,0,0,4,4,0,1,0,1,0,0,2,2],"S":[1,1,1,1,1,1,1,1,1,0,0,1,1,0,0,1,1,1,1,1,1,1,1,1,1,1,1,0,0,0,0,1,1,1,1,1,0,1,0,1,0,1,0,1,3],"ms":9,"scale":[3.0314331330207964,3.0314331330207964,3.0314331330207964,3.0314331330207964,3.0314331330207964,3.0314331330207964,3.0314331330207964,3.0314331330207964,3.0314331330207964,0.0,0.0,3.0314331330207964,3.0314331330207964,0.0,0.0,3.0314331330207964,3.0314331330207964,3.0314331330207964,1.0,1.0,1.0,1.0,1.0,1.0,1.0,1.0,1.0,0.0,0.0,0.0,0.0,1.0,1.0,1.0,1.0,1.0],"D":[0.945550210547561,0.9600643767595236,0.5000000005963253,0.6917651217783544,0.9455502105519427,0.9483510440204612,0.5000000006124258,0.5574459873125307,0.4999999976228979,0.0,0.0,0.4999999971555719,0.3082348778465225,0.0,0.0,0.49999999713947135,0.44255401140746503,0.500000002375052,0.8180714760171865,0.9600643767595236,0.8180714760148526,0.8547519463644226,0.4983322602834437,0.9483510440204612,0.4983322602974984,0.6501554212194974,0.4999999976228979,0.0,0.0,0.0,0.0,0.4983322541622704,0.051514138257590165,0.4983322541482141,0.34837072281613074,0.500000002375052],"Q":[0.7735276563910048,0.9600643767595236,0.409035738495263,0.6917651217783544,0.47119817363583566,0.9483510440204612,0.24916613045394043,0.5574459873125307,0.4999999976228979,0.0,0.0,0.0,0.0,0.0,0.0,0.24916612564861312,0.34837072154151905,0.500000002375052,0.0,0.0,0.0,0.0,0.4711981678479589,0.0,0.24916612737929875,0.0,0.0,0.0,0.0,0.40903573568048074,0.16298682458606834,0.0,0.0,0.2491661287232557,0.09270943390696672,0.0,0.17202255415655626,0.0,0.09096426210106238,0.0,0.0031538690681480195,0.0,0.0016677427791865365,0.0,0.0,0.0,0.0,0.0909642614750912,0.14524805326045415,0.0,0.0,0.0016677427676025504,0.001473855958979267,0.0,0.0445438196261817,0.0,1.839108905690244e-9,0.0,0.02713408664760805,0.0,1.1203022288856485e-9,0.0,0.0,0.0,0.0,0.0,0.0,0.02713408631431145,0.051514138257590165,1.1203022150614254e-9,1.2746117206247395e-9,0.0,0.009905969826257164,0.0399356232404764,4.089940530503122e-10,3.751231127234903e-10,0.00018161648613790565,0.00013481772194860563,7.498514943932167e-12,5.392514248944133e-12,2.0500045660226473e-12],"P":[-0.4077840012684784,-1.24284025241884,-2.7457188466349964,-3.0314330955780204,-0.40778400128063574,-0.7655080505706247,-2.7457188466300355,-3.0314330774964295,-2.888575988663144,-0.0,-0.0,-2.745718845651924,-2.82492207960274,-0.0,-0.0,-2.7457188456377635,-2.7751623090166544,-2.8885759893420233,-0.21476226102981524,0.7885928806019564,-0.21476226102757487,-0.016460910545594034,-0.7152355402311531,-0.5,-0.7152355402351102,-0.5916554525324021,-0.8571428556423477,-0.0,-0.0,-0.0,-0.0,-0.7152355384763935,-0.8493839885643865,-0.7152355384722922,-0.7807693052469503,-0.8571428563212269],"PI":[2.4807919889313297,1.7171643091916384,0.14285714336327865,2.590160649301325e-8,2.48079198893133,2.1488924176137703,0.14285714337035924,3.095183551646964e-8,0.07142857183924012,0.0,0.0,0.1428571428717424,0.06365390932427134,0.0,0.0,0.14285714287422258,0.11341368116972954,0.0714285721786797,0.6423805961437373,1.7171643091916384,0.6423805961437373,0.8406819510366454,0.14190731688500324,0.4741755220102306,0.1419073168870336,0.26548742126148117,0.07142857183924012,0.0,0.0,0.0,0.0,0.14190731601636392,0.007758854036900977,0.14190731601440504,0.07637355559460243,0.0714285721786797],"CS":[0.6592310986896396,0.5011669446877256,3.088188642887249,3.1416355593846848,1.2305161876028377,1.314181281731086,3.659473731781152,3.7476702066770486,3.9437608965732194],"V":[25.554924039544648,19.28363252343613,2.667781811070284,1.1683134552350662e-5,24.578856205156697,20.374739575761815,2.857143506895809,1.1741669384680708e-5,1.428577317846616,0.0,0.0,2.667781805634493,1.6915342820632469,0.0,0.0,2.8571434969731078,2.268276423504057,1.4285773246353837,9.115050251172521,21.881194524293907,7.4669130253958125,11.976542216636375,2.4274655169157353,10.566932708861325,2.838139593395739,5.309732612326498,1.428569864312872,0.0,0.0,0.0,0.0,2.4274655107670395,0.8668970483901339,2.8381395759432304,1.527469176547156,1.4285698711016384],"pr_entry":[0.0,0.0,0.0,0.0,0.0,0.0,0.0,0.0,0.0,0.06669454641631593,0.04228835977494466,0.0,0.0,0.07142858826576014,0.056706914271956,0.0,0.0,0.0,0.0,0.0,0.0,0.0,0.0,0.0,0.0,0.0,0.0,0.06068663402302964,0.02167242473619855,0.0709534805244428,0.03818672686717246,0.0,0.0,0.0,0.0,0.0],"pr_exit":[0.0,0.0,0.0,0.0,0.0,0.0,0.0,0.0,0.0,0.0,0.0,0.0,0.0,0.0,0.0,0.0,0.0,0.0,0.0,0.0,0.0,0.0,0.0,0.0,0.0,0.0,0.0,0.0,0.0,0.0,0.0,0.0,0.03327575263801452,0.0,0.0,0.0],"pr_merger":[0.1786947719028235,0.0,0.04755667796947818,0.0,0.10812382462849342,0.0,0.0,0.0,0.0,0.0,0.0,0.0,0.0,0.0,0.0,0.0,0.0,0.0,0.0,0.0,0.0,0.0,0.10812382480239617,0.0,0.0,0.0,0.0,0.0,0.0,0.04755667811333196,0.0,0.0,0.0,0.0,0.0,0.0],"active_firms":[true,true,true,true,true,true,true,true,true,false,false,true,true,false,false,true,true,true,true,true,true,true,true,true,true,true,true,false,false,false,false,true,true,true,true,true,true,true,true,true,true,true,true,true,true],"active_outcomes":[1.0,1.0,1.0,1.0,1.0,1.0,1.0,1.0,1.0,0.0,0.0,0.0,0.0,0.0,0.0,1.0,1.0,1.0,0.0,0.0,0.0,0.0,1.0,0.0,1.0,0.0,0.0,0.0,0.0,1.0,1.0,0.0,0.0,1.0,1.0,0.0,1.0,0.0,1.0,0.0,1.0,0.0,1.0,0.0,0.0,0.0,0.0,1.0,1.0,0.0,0.0,1.0,1.0,0.0,1.0,0.0,1.0,0.0,1.0,0.0,1.0,0.0,0.0,0.0,0.0,0.0,0.0,1.0,1.0,1.0,1.0,0.0,1.0,1.0,1.0,1.0,1.0,1.0,1.0,1.0,1.0],"markets":[1,2,3,4,3,4,7,8,9],"marketnames":["20","21","30","31","40","41","43"],"idx_up":[1,2,3,4,5,6,7,8,9,1,2,3,4,5,6,7,8,9,1,2,3,4,5,6,7,8,9,1,2,3,4,5,6,7,8,9,1,2,3,4,5,6,7,8,9,1,2,3,4,5,6,7,8,9,1,2,3,4,5,6,7,8,9,1,2,3,4,5,6,7,8,9,1,2,3,4,5,6,7,8,9,10,11,12,13,14,15,16,17,18,10,11,12,13,14,15,16,17,18,10,11,12,13,14,15,16,17,18,10,11,12,13,14,15,16,17,18,10,11,12,13,14,15,16,17,18,10,11,12,13,14,15,16,17,18,10,11,12,13,14,15,16,17,18,10,11,12,13,14,15,16,17,18,10,11,12,13,14,15,16,17,18,19,20,21,22,23,24,25,26,27,19,20,21,22,23,24,25,26,27,19,20,21,22,23,24,25,26,27,19,20,21,22,23,24,25,26,27,19,20,21,22,23,24,25,26,27,19,20,21,22,23,24,25,26,27,19,20,21,22,23,24,25,26,27,19,20,21,22,23,24,25,26,27,19,20,21,22,23,24,25,26,27,28,29,30,31,32,33,34,35,36,28,29,30,31,32,33,34,35,36,28,29,30,31,32,33,34,35,36,28,29,30,31,32,33,34,35,36,28,29,30,31,32,33,34,35,36,28,29,30,31,32,33,34,35,36,28,29,30,31,32,33,34,35,36,28,29,30,31,32,33,34,35,36,28,29,30,31,32,33,34,35,36],"idx_entry":[1,2,3,4,5,6,7,8,9,3,4,3,4,7,8,7,8,9,1,2,3,4,5,6,7,8,9,5,6,7,8,5,6,7,8,9,10,11,12,13,14,15,16,17,18,12,13,12,13,16,17,16,17,18,10,11,12,13,14,15,16,17,18,14,15,16,17,14,15,16,17,18,19,20,21,22,23,24,25,26,27,21,22,21,22,25,26,25,26,27,19,20,21,22,23,24,25,26,27,23,24,25,26,23,24,25,26,27,28,29,30,31,32,33,34,35,36,30,31,30,31,34,35,34,35,36,28,29,30,31,32,33,34,35,36,32,33,34,35,32,33,34,35,36],"idx_exit":[1,2,10,10,5,6,14,14,15,1,2,1,2,5,6,5,6,6,1,2,3,4,1,1,3,3,13,1,2,3,4,1,2,3,4,4,10,11,1,1,14,15,5,5,6,10,11,10,11,14,15,14,15,15,10,11,12,13,10,10,12,12,4,10,11,12,13,10,11,12,13,13,19,20,19,19,23,24,23,23,33,19,20,19,20,23,24,23,24,24,19,20,21,22,28,28,30,30,31,19,20,21,22,19,20,21,22,22,28,29,28,28,32,33,32,32,24,28,29,28,29,32,33,32,33,33,28,29,30,31,19,19,21,21,22,28,29,30,31,28,29,30,31,31],"idx_merger":[2,2,4,4,6,6,8,8,9,1,2,3,4,5,6,17,9,9,1,2,3,4,6,6,8,8,9,1,2,13,4,5,6,17,8,9,11,11,13,13,15,15,17,17,18,10,11,12,13,14,15,8,18,18,10,11,12,13,15,15,17,17,18,10,11,4,13,14,15,8,17,18,20,20,22,22,24,24,26,26,27,19,20,21,22,23,24,35,27,27,19,20,21,22,33,24,35,26,27,19,20,22,22,23,24,26,26,27,29,29,31,31,33,33,35,35,36,28,29,30,31,32,33,26,36,36,28,29,30,31,24,33,26,35,36,28,29,31,31,32,33,35,35,36]}