{"policy":"nolearning","smax":[5,1],"alpha":0.7,"beta":0.95,"gamma":1.0,"sigma":9.0,"v0":1.0,"accuracy":1.0e-8,"cost_entry":[0,10],"value_exit":[0,1],"cost_merger":[0,10],"entry":true,"exit":true,"mergers":true,"filename":"nolearning_a7s90v10","verbose":true,"firms":[1,2,3,4],"rival":[2,1,4,3],"partner":[3,4,1,2],"merger_pairs":[1,2,1,2,3,4,4,3],"outcomes":[1,0,1,0,1,0,0,0,0,0,1,0,1,0,1,0,0,0,1,0,0,1,0,0,1,0,0,0,1,1,0,0,0,0,1,0,0,0,0,0,1,1,1,1,2],"ownership":[0,3,0,3,0,0,4,4,0,1,0,1,0,0,2,2],"S":[1,1,1,1,1,1,1,1,1,0,0,1,1,0,0,1,1,1,1,1,1,1,1,1,1,1,1,0,0,0,0,1,1,1,1,1,0,1,0,1,0,1,0,1,3],"ms":9,"scale":[2.6390158215457884,2.6390158215457884,2.6390158215457884,2.6390158215457884,2.6390158215457884,2.6390158215457884,2.6390158215457884,2.6390158215457884,2.6390158215457884,0.0,0.0,2.6390158215457884,2.6390158215457884,0.0,0.0,2.6390158215457884,2.6390158215457884,2.6390158215457884,1.0,1.0,1.0,1.0,1.0,1.0,1.0,1.0,1.0,0.0,0.0,0.0,0.0,1.0,1.0,1.0,1.0,1.0],"D":[0.9518469634902919,0.9659917058690762,0.5000000024991847,0.8775953477155486,0.9518469634912003,0.9540560050541409,0.5000000024858373,0.6262909337991623,0.5000000024377066,0.0,0.0,0.49999999732193234,0.12240465226592982,0.0,0.0,0.49999999733528006,0.3737090661115107,0.4999999975622714,0.8607022208243245,0.9659917058690762,0.8607022208239715,0.8775953477155486,0.4997723426519246,0.9540560050541409,0.4997723426576777,0.6262909337991623,0.5000000024377066,0.0,0.0,0.0,0.0,0.49977233858828013,0.045927828055206545,0.49977233858254283,0.37348165800895505,0.4999999975622714],"Q":[0.8192567953609838,0.9659917058690762,0.4303511125630396,0.8775953477155486,0.47570678679011813,0.9540560050541409,0.24988617257119153,0.6262909337991623,0.5000000024377066,0.0,0.0,0.0,0.0,0.0,0.0,0.249886167959518,0.37348165791968246,0.4999999975622714,0.0,0.0,0.0,0.0,0.4757067829221505,0.0,0.24988617053362408,0.0,0.0,0.0,0.0,0.4303511081069669,0.0,0.0,0.0,0.24988616999708543,0.0,0.0,0.132590168129308,0.0,0.06964888993614517,0.0,0.0004333937789316779,0.0,0.00022765938102172392,0.0,0.0,0.0,0.0,0.0696488892149654,0.12240465226592982,0.0,0.0,0.00022765937867657858,0.00022740819182823506,0.0,0.04144542546334065,0.0,1.5396493353996526e-10,0.0,0.024065555861806448,0.0,8.940074007512202e-11,0.0,0.0,0.0,0.0,0.0,0.0,0.024065555666129633,0.045927828055206545,8.940073934615029e-11,8.927257926089027e-11,0.0,0.00670761104636758,0.034008294130923766,2.4917994626027854e-11,1.8521517539685087e-11,2.1924980863561528e-5,1.6166890652489265e-5,8.144875300208091e-14,5.4356928644478785e-14,2.2075907067809115e-14],"P":[-0.33155778549244136,-1.0054274001187398,-2.416793597899006,-2.1851478151228942,-0.331557785494644,-1.429814149119689,-2.416793597890896,-2.4903559131141315,-2.5279047098454406,-0.0,-0.0,-2.4167935967485055,-2.5124072276180076,-0.0,-0.0,-2.4167935967463277,-2.4616044837870725,-2.5279047093037255,-0.20234829488796643,0.6335884214270486,-0.20234829488763947,-0.5461319935771058,-0.7778789127085293,0.20920167242609944,-0.7778789127135877,-0.8513400915683431,-0.8888888882996522,-0.0,-0.0,-0.0,-0.0,-0.7778789118050858,-0.8835401248975362,-0.7778789118075901,-0.822653063240212,-0.8888888877579371],"PI":[2.1963469249986507,1.5780328659022862,0.11111111237876556,0.39831245091366263,2.1963469249986503,1.1536461168996304,0.11111111237985445,0.09310435287016036,0.0555555561210302,0.0,0.0,0.11111111180351531,0.015497480913608322,0.0,0.0,0.11111111180757038,0.06630022535140351,0.05555555585017274,0.6865405940342364,1.5780328659022862,0.6865405940342363,0.39831245091366263,0.11100997614805097,1.1536461168996304,0.1110099761468008,0.09310435287016036,0.0555555561210302,0.0,0.0,0.0,0.0,0.11100997569694587,0.005348749119036787,0.11100997569441996,0.06623582798385491,0.05555555585017274],"CS":[0.5560569355832398,0.4076481012822597,2.712825655302019,2.777752224659055,1.1919870991688912,1.2578030296048395,3.348755818884491,3.4256540422179165,3.570826304394479],"V":[28.176947166047412,26.695673633934934,2.9420138838462604,15.22914146875296,32.23479362642651,21.299353209682085,2.2222222919998043,1.8620871401725747,1.1111112851944862,0.0,0.0,2.9420138819561723,0.7023674374552918,0.0,0.0,2.2222222805541274,1.3260046469084876,1.1111112797773397,15.896470855786454,26.695673459323924,19.303114509833595,15.229141294141957,2.6972586156567218,21.299353035071075,2.2201993929432216,1.8620869655615742,1.1111111105834859,0.0,0.0,0.0,0.0,2.6972586140411785,0.5775681069359113,2.2201993838956073,1.3247165250837247,1.111111105166339],"pr_entry":[0.0,0.0,0.0,0.0,0.0,0.0,0.0,0.0,0.0,0.07355034584436962,0.017559186099012403,0.0,0.0,0.05555555707227779,0.033150116356765374,0.0,0.0,0.0,0.0,0.0,0.0,0.0,0.0,0.0,0.0,0.0,0.0,0.06743146422956704,0.01443920273157894,0.055504984426347034,0.03311791308157552,0.0,0.0,0.0,0.0,0.0],"pr_exit":[0.0,0.0,0.0,0.25,0.0,0.0,0.0,0.25,0.0,0.0,0.0,0.0,0.07440813900987597,0.0,0.0,0.0,0.0,0.0,0.0,0.0,0.0,0.0,0.0,0.25,0.0,0.25,0.0,0.0,0.0,0.0,0.0,0.0,0.1056079726842106,0.0,0.0,0.0],"pr_merger":[0.25,0.0,0.24914523161406973,0.0,0.22934579369599284,0.0,0.0,0.0,0.0,0.0,0.0,0.0,0.0,0.0,0.0,0.0,0.0,0.0,0.0,0.0,0.0,0.0,0.22934579374670375,0.0,0.0,0.0,0.0,0.0,0.0,0.24914523167458152,0.0,0.0,0.0,0.0,0.0,0.0],"active_firms":[true,true,true,true,true,true,true,true,true,false,false,true,true,false,false,true,true,true,true,true,true,true,true,true,true,true,true,false,false,false,false,true,true,true,true,true,true,true,true,true,true,true,true,true,true],"active_outcomes":[1.0,1.0,1.0,1.0,1.0,1.0,1.0,1.0,1.0,0.0,0.0,0.0,0.0,0.0,0.0,1.0,1.0,1.0,0.0,0.0,0.0,0.0,1.0,0.0,1.0,0.0,0.0,0.0,0.0,1.0,0.0,0.0,0.0,1.0,0.0,0.0,1.0,0.0,1.0,0.0,1.0,0.0,1.0,0.0,0.0,0.0,0.0,1.0,1.0,0.0,0.0,1.0,1.0,0.0,1.0,0.0,1.0,0.0,1.0,0.0,1.0,0.0,0.0,0.0,0.0,0.0,0.0,1.0,1.0,1.0,1.0,0.0,1.0,1.0,1.0,1.0,1.0,1.0,1.0,1.0,1.0],"markets":[1,2,3,4,3,4,7,8,9],"marketnames":["20","21","30","31","40","41","43"],"idx_up":[1,2,3,4,5,6,7,8,9,1,2,3,4,5,6,7,8,9,1,2,3,4,5,6,7,8,9,1,2,3,4,5,6,7,8,9,1,2,3,4,5,6,7,8,9,1,2,3,4,5,6,7,8,9,1,2,3,4,5,6,7,8,9,1,2,3,4,5,6,7,8,9,1,2,3,4,5,6,7,8,9,10,11,12,13,14,15,16,17,18,10,11,12,13,14,15,16,17,18,10,11,12,13,14,15,16,17,18,10,11,12,13,14,15,16,17,18,10,11,12,13,14,15,16,17,18,10,11,12,13,14,15,16,17,18,10,11,12,13,14,15,16,17,18,10,11,12,13,14,15,16,17,18,10,11,12,13,14,15,16,17,18,19,20,21,22,23,24,25,26,27,19,20,21,22,23,24,25,26,27,19,20,21,22,23,24,25,26,27,19,20,21,22,23,24,25,26,27,19,20,21,22,23,24,25,26,27,19,20,21,22,23,24,25,26,27,19,20,21,22,23,24,25,26,27,19,20,21,22,23,24,25,26,27,19,20,21,22,23,24,25,26,27,28,29,30,31,32,33,34,35,36,28,29,30,31,32,33,34,35,36,28,29,30,31,32,33,34,35,36,28,29,30,31,32,33,34,35,36,28,29,30,31,32,33,34,35,36,28,29,30,31,32,33,34,35,36,28,29,30,31,32,33,34,35,36,28,29,30,31,32,33,34,35,36,28,29,30,31,32,33,34,35,36],"idx_entry":[1,2,3,4,5,6,7,8,9,3,4,3,4,7,8,7,8,9,1,2,3,4,5,6,7,8,9,5,6,7,8,5,6,7,8,9,10,11,12,13,14,15,16,17,18,12,13,12,13,16,17,16,17,18,10,11,12,13,14,15,16,17,18,14,15,16,17,14,15,16,17,18,19,20,21,22,23,24,25,26,27,21,22,21,22,25,26,25,26,27,19,20,21,22,23,24,25,26,27,23,24,25,26,23,24,25,26,27,28,29,30,31,32,33,34,35,36,30,31,30,31,34,35,34,35,36,28,29,30,31,32,33,34,35,36,32,33,34,35,32,33,34,35,36],"idx_exit":[1,2,10,4,5,6,14,8,11,1,2,1,2,5,6,5,6,2,1,2,3,4,1,6,3,8,11,1,2,3,4,1,2,3,4,2,10,11,1,13,14,15,5,17,2,10,11,10,11,14,15,14,15,11,10,11,12,13,10,15,12,17,2,10,11,12,13,10,11,12,13,11,19,20,19,22,23,24,23,26,29,19,20,19,20,23,24,23,24,20,19,20,21,22,28,24,30,26,29,19,20,21,22,19,20,21,22,20,28,29,28,31,32,33,32,35,20,28,29,28,29,32,33,32,33,29,28,29,30,31,19,33,21,35,20,28,29,30,31,28,29,30,31,29],"idx_merger":[2,2,4,4,6,6,8,8,9,1,2,3,4,5,6,17,9,9,1,2,3,4,6,6,8,8,9,1,2,13,4,5,6,17,8,9,11,11,13,13,15,15,17,17,18,10,11,12,13,14,15,8,18,18,10,11,12,13,15,15,17,17,18,10,11,4,13,14,15,8,17,18,20,20,22,22,24,24,26,26,27,19,20,21,22,23,24,35,27,27,19,20,21,22,33,24,35,26,27,19,20,22,22,23,24,26,26,27,29,29,31,31,33,33,35,35,36,28,29,30,31,32,33,26,36,36,28,29,30,31,24,33,26,35,36,28,29,31,31,32,33,35,35,36]}