{"policy":"nolearning","smax":[5,1],"alpha":0.2,"beta":0.95,"gamma":1.0,"sigma":7.0,"v0":1.0,"accuracy":1.0e-8,"cost_entry":[0,10],"value_exit":[0,1],"cost_merger":[0,10],"entry":true,"exit":true,"mergers":true,"filename":"nolearning_a2s70v10","verbose":true,"firms":[1,2,3,4],"rival":[2,1,4,3],"partner":[3,4,1,2],"merger_pairs":[1,2,1,2,3,4,4,3],"outcomes":[1,0,1,0,1,0,0,0,0,0,1,0,1,0,1,0,0,0,1,0,0,1,0,0,1,0,0,0,1,1,0,0,0,0,1,0,0,0,0,0,1,1,1,1,2],"ownership":[0,3,0,3,0,0,4,4,0,1,0,1,0,0,2,2],"S":[1,1,1,1,1,1,1,1,1,0,0,1,1,0,0,1,1,1,1,1,1,1,1,1,1,1,1,0,0,0,0,1,1,1,1,1,0,1,0,1,0,1,0,1,3],"ms":9,"scale":[1.3195079107728942,1.3195079107728942,1.3195079107728942,1.3195079107728942,1.3195079107728942,1.3195079107728942,1.3195079107728942,1.3195079107728942,1.3195079107728942,0.0,0.0,1.3195079107728942,1.3195079107728942,0.0,0.0,1.3195079107728942,1.3195079107728942,1.3195079107728942,1.0,1.0,1.0,1.0,1.0,1.0,1.0,1.0,1.0,0.0,0.0,0.0,0.0,1.0,1.0,1.0,1.0,1.0],"D":[0.8645523907275674,0.9269823656901846,0.4998202494053676,0.8456984106254831,0.8645523907333104,0.8805448987964074,0.4998202494175572,0.6257771854661258,0.49999983887378735,0.0,0.0,0.4998202450168195,0.15425257187564415,0.0,0.0,0.4998202450046182,0.37404278456017875,0.4999998329461877,0.8180714760140461,0.9269823656901846,0.8180714760157441,0.8456984106254831,0.49833226029904854,0.8805448987964074,0.4983322602882104,0.6257771854661258,0.49999983887378735,0.0,0.0,0.0,0.0,0.49833225414663235,0.11911708732421744,0.4983322541573789,0.37255063631786717,0.4999998329461877],"Q":[0.7072656503739734,0.9269823656901846,0.40888868917360655,0.8456984106254831,0.4308343470210767,0.8805448987964074,0.2490765546300683,0.6257771854661258,0.49999983887378735,0.0,0.0,0.0,0.0,0.0,0.0,0.24907654936664472,0.37237141079058306,0.4999998329461877,0.0,0.0,0.0,0.0,0.4308343417019906,0.0,0.2490765515657548,0.0,0.0,0.0,0.0,0.4088886855834604,0.0,0.0,0.0,0.24907655243095864,0.0,0.0,0.15728674035359408,0.0,0.09093156023176109,0.0,0.0028837020102430336,0.0,0.0016671432217341205,0.0,0.0,0.0,0.0,0.09093155943335908,0.15425257187564415,0.0,0.0,0.0016671432070148246,0.001671373769595691,0.0,0.1108058256400727,0.0,0.00029410125867725774,0.0,0.0674979132779718,0.0,0.00017915322718348877,0.0,0.0,0.0,0.0,0.0,0.0,0.06749791244464176,0.11911708732421744,0.00017915322497942066,0.00017922552728412763,0.0,0.024641783632359866,0.07301763430981541,6.54043191356003e-5,4.901749887277988e-5,0.0004517835440761069,0.00033801387937516114,1.1991256615635326e-6,8.044464114703815e-7,3.281800249284242e-7],"P":[-0.2648038553594316,-0.34127063856737916,-1.0338963027234866,-0.8565925791148519,-0.26480385536643747,-0.7215546153953663,-1.0338963027223553,-1.1286361395797466,-1.1766508139455456,-0.0,-0.0,-1.033896301469165,-1.1505956086916318,-0.0,-0.0,-1.033896301461062,-1.0912860156450328,-1.1766508130987454,-0.21476226102680074,-0.02176272779448496,-0.2147622610284307,-0.5370846683419577,-0.7152355402342039,-0.40204670462247205,-0.7152355402271837,-0.8091282288068524,-0.8571429031726514,-0.0,-0.0,-0.0,-0.0,-0.7152355384704878,-0.8378250367955545,-0.7152355384696554,-0.7723208382145019,-0.8571429023258512],"PI":[0.9118469126177698,0.9068087007953813,0.142754465168323,0.3914867602373748,0.9118469126177701,0.5265247239631836,0.14275446517236992,0.11944319976218225,0.07142852539565134,0.0,0.0,0.1427544645418381,0.026055157017470444,0.0,0.0,0.14275446454240323,0.08536475315122637,0.0714285249722516,0.6423805961437373,0.9068087007953813,0.6423805961437372,0.3914867602373748,0.14190731688792665,0.5265247239631836,0.1419073168883387,0.11944319976218225,0.07142852539565134,0.0,0.0,0.0,0.0,0.14190731601485376,0.01931780925382568,0.14190731601832884,0.08482201659950593,0.0714285249722516],"CS":[0.5290445364656767,0.41496233908142655,1.3764174656932908,1.4587164680292708,1.1003296253744796,1.1828722389337123,1.9477025545861746,2.04582765087995,2.231835814742821],"V":[10.883416817504095,12.334242467764867,2.5879969833904646,5.40184652706393,9.897279428291029,7.23035580817223,2.8550880941289103,2.388863153092215,1.4285704220228093,0.0,0.0,2.587996975792169,1.0504189736551035,0.0,0.0,2.8550880815295865,1.7072947576299913,1.4285704135548234,8.422001279943101,12.33424221614237,7.210496199734401,5.401846275441433,2.4318882289531487,7.230355556549736,2.8381448901689095,2.388862901469718,1.4285701704003149,0.0,0.0,0.0,0.0,2.431888220450146,0.9730220094814777,2.838144872768721,1.6964397835215301,1.4285701619323286],"pr_entry":[0.0,0.0,0.0,0.0,0.0,0.0,0.0,0.0,0.0,0.0646999228059441,0.026260473660116745,0.0,0.0,0.07137720044703115,0.04268236853891486,0.0,0.0,0.0,0.0,0.0,0.0,0.0,0.0,0.0,0.0,0.0,0.0,0.060797202052540286,0.02432554934511291,0.07095361991448401,0.042410993866369054,0.0,0.0,0.0,0.0,0.0],"pr_exit":[0.0,0.0,0.0,0.25,0.0,0.0,0.0,0.25,0.0,0.0,0.0,0.0,0.0,0.0,0.0,0.0,0.0,0.0,0.0,0.0,0.0,0.0,0.0,0.25,0.0,0.25,0.0,0.0,0.0,0.0,0.0,0.0,0.006744506548870904,0.0,0.0,0.0],"pr_merger":[0.14478924400044707,0.0,0.02602288683552607,0.0,0.05644535820777421,0.0,0.0,0.0,0.0,0.0,0.0,0.0,0.0,0.0,0.0,0.0,0.0,0.0,0.0,0.0,0.0,0.0,0.056445358436225626,0.0,0.0,0.0,0.0,0.0,0.0,0.026022887034354493,0.0,0.0,0.0,0.0,0.0,0.0],"active_firms":[true,true,true,true,true,true,true,true,true,false,false,true,true,false,false,true,true,true,true,true,true,true,true,true,true,true,true,false,false,false,false,true,true,true,true,true,true,true,true,true,true,true,true,true,true],"active_outcomes":[1.0,1.0,1.0,1.0,1.0,1.0,1.0,1.0,1.0,0.0,0.0,0.0,0.0,0.0,0.0,1.0,1.0,1.0,0.0,0.0,0.0,0.0,1.0,0.0,1.0,0.0,0.0,0.0,0.0,1.0,0.0,0.0,0.0,1.0,0.0,0.0,1.0,0.0,1.0,0.0,1.0,0.0,1.0,0.0,0.0,0.0,0.0,1.0,1.0,0.0,0.0,1.0,1.0,0.0,1.0,0.0,1.0,0.0,1.0,0.0,1.0,0.0,0.0,0.0,0.0,0.0,0.0,1.0,1.0,1.0,1.0,0.0,1.0,1.0,1.0,1.0,1.0,1.0,1.0,1.0,1.0],"markets":[1,2,3,4,3,4,7,8,9],"marketnames":["20","21","30","31","40","41","43"],"idx_up":[1,2,3,4,5,6,7,8,9,1,2,3,4,5,6,7,8,9,1,2,3,4,5,6,7,8,9,1,2,3,4,5,6,7,8,9,1,2,3,4,5,6,7,8,9,1,2,3,4,5,6,7,8,9,1,2,3,4,5,6,7,8,9,1,2,3,4,5,6,7,8,9,1,2,3,4,5,6,7,8,9,10,11,12,13,14,15,16,17,18,10,11,12,13,14,15,16,17,18,10,11,12,13,14,15,16,17,18,10,11,12,13,14,15,16,17,18,10,11,12,13,14,15,16,17,18,10,11,12,13,14,15,16,17,18,10,11,12,13,14,15,16,17,18,10,11,12,13,14,15,16,17,18,10,11,12,13,14,15,16,17,18,19,20,21,22,23,24,25,26,27,19,20,21,22,23,24,25,26,27,19,20,21,22,23,24,25,26,27,19,20,21,22,23,24,25,26,27,19,20,21,22,23,24,25,26,27,19,20,21,22,23,24,25,26,27,19,20,21,22,23,24,25,26,27,19,20,21,22,23,24,25,26,27,19,20,21,22,23,24,25,26,27,28,29,30,31,32,33,34,35,36,28,29,30,31,32,33,34,35,36,28,29,30,31,32,33,34,35,36,28,29,30,31,32,33,34,35,36,28,29,30,31,32,33,34,35,36,28,29,30,31,32,33,34,35,36,28,29,30,31,32,33,34,35,36,28,29,30,31,32,33,34,35,36,28,29,30,31,32,33,34,35,36],"idx_entry":[1,2,3,4,5,6,7,8,9,3,4,3,4,7,8,7,8,9,1,2,3,4,5,6,7,8,9,5,6,7,8,5,6,7,8,9,10,11,12,13,14,15,16,17,18,12,13,12,13,16,17,16,17,18,10,11,12,13,14,15,16,17,18,14,15,16,17,14,15,16,17,18,19,20,21,22,23,24,25,26,27,21,22,21,22,25,26,25,26,27,19,20,21,22,23,24,25,26,27,23,24,25,26,23,24,25,26,27,28,29,30,31,32,33,34,35,36,30,31,30,31,34,35,34,35,36,28,29,30,31,32,33,34,35,36,32,33,34,35,32,33,34,35,36],"idx_exit":[1,2,10,4,5,6,14,8,11,1,2,1,2,5,6,5,6,2,1,2,3,4,1,6,3,8,11,1,2,3,4,1,2,3,4,2,10,11,1,13,14,15,5,17,2,10,11,10,11,14,15,14,15,11,10,11,12,13,10,15,12,17,2,10,11,12,13,10,11,12,13,11,19,20,19,22,23,24,23,26,29,19,20,19,20,23,24,23,24,20,19,20,21,22,28,24,30,26,29,19,20,21,22,19,20,21,22,20,28,29,28,31,32,33,32,35,20,28,29,28,29,32,33,32,33,29,28,29,30,31,19,33,21,35,20,28,29,30,31,28,29,30,31,29],"idx_merger":[2,2,4,4,6,6,8,8,9,1,2,3,4,5,6,17,9,9,1,2,3,4,6,6,8,8,9,1,2,13,4,5,6,17,8,9,11,11,13,13,15,15,17,17,18,10,11,12,13,14,15,8,18,18,10,11,12,13,15,15,17,17,18,10,11,4,13,14,15,8,17,18,20,20,22,22,24,24,26,26,27,19,20,21,22,23,24,35,27,27,19,20,21,22,33,24,35,26,27,19,20,22,22,23,24,26,26,27,29,29,31,31,33,33,35,35,36,28,29,30,31,32,33,26,36,36,28,29,30,31,24,33,26,35,36,28,29,31,31,32,33,35,35,36]}