{"policy":"nolearning","smax":[5,1],"alpha":0.4,"beta":0.95,"gamma":1.0,"sigma":8.0,"v0":1.0,"accuracy":1.0e-8,"cost_entry":[0,10],"value_exit":[0,1],"cost_merger":[0,10],"entry":true,"exit":true,"mergers":true,"filename":"nolearning_a4s80v10","verbose":true,"firms":[1,2,3,4],"rival":[2,1,4,3],"partner":[3,4,1,2],"merger_pairs":[1,2,1,2,3,4,4,3],"outcomes":[1,0,1,0,1,0,0,0,0,0,1,0,1,0,1,0,0,0,1,0,0,1,0,0,1,0,0,0,1,1,0,0,0,0,1,0,0,0,0,0,1,1,1,1,2],"ownership":[0,3,0,3,0,0,4,4,0,1,0,1,0,0,2,2],"S":[1,1,1,1,1,1,1,1,1,0,0,1,1,0,0,1,1,1,1,1,1,1,1,1,1,1,1,0,0,0,0,1,1,1,1,1,0,1,0,1,0,1,0,1,3],"ms":9,"scale":[1.7411011265922482,1.7411011265922482,1.7411011265922482,1.7411011265922482,1.7411011265922482,1.7411011265922482,1.7411011265922482,1.7411011265922482,1.7411011265922482,0.0,0.0,1.7411011265922482,1.7411011265922482,0.0,0.0,1.7411011265922482,1.7411011265922482,1.7411011265922482,1.0,1.0,1.0,1.0,1.0,1.0,1.0,1.0,1.0,0.0,0.0,0.0,0.0,1.0,1.0,1.0,1.0,1.0],"D":[0.9135749622254783,0.9474691039668085,0.49999835246545243,0.8633012645561231,0.9135749622289792,0.9204208342492758,0.4999983524669516,0.6261671753934287,0.5000000013521821,0.0,0.0,0.49999834878167265,0.13669834673841538,0.0,0.0,0.49999834878017335,0.37383117627436185,0.4999999975411986,0.8419516643590506,0.9474691039668085,0.8419516643595585,0.8633012645561231,0.4993825991426279,0.9204208342492758,0.4993825991443872,0.6261671753934287,0.5000000013521821,0.0,0.0,0.0,0.0,0.4993826045676444,0.07950013157695107,0.49938260456588546,0.3732155240122801,0.4999999975411986],"Q":[0.7691859599624982,0.9474691039668085,0.4209744450353249,0.8633012645561231,0.4562234391495358,0.9204208342492758,0.24969047682285797,0.6261671753934287,0.5000000013521821,0.0,0.0,0.0,0.0,0.0,0.0,0.24969047769248526,0.3732138784019195,0.4999999975411986,0.0,0.0,0.0,0.0,0.456223444105695,0.0,0.24969047953359774,0.0,0.0,0.0,0.0,0.4209744419337604,0.0,0.0,0.0,0.24969047498174463,0.0,0.0,0.14438900226298013,0.0,0.07902390743012754,0.0,0.0011280789737483032,0.0,0.0006173961104958859,0.0,0.0,0.0,0.0,0.07902390684791227,0.13669834673841538,0.0,0.0,0.0006173961059434658,0.000617297872442354,0.0,0.07276570439655244,0.0,2.777390473325998e-6,0.0,0.043159159993092125,0.0,1.6473397845992375e-6,0.0,0.0,0.0,0.0,0.0,0.0,0.04315916046194942,0.07950013157695107,1.6473398024834219e-6,1.645610360567344e-6,0.0,0.013659333377969362,0.05253089603319146,5.213624015657642e-7,3.8870546147587554e-7,0.00010671731597921732,7.903417377306594e-5,4.073287810645061e-9,2.7218488733512492e-9,1.106619256209016e-9],"P":[-0.2947610012524837,-0.5513251155525134,-1.4911019502481686,-1.283891337647305,-0.2947610012580264,-0.955719684210567,-1.491101950248485,-1.573914098578138,-1.6161011262038254,-0.0,-0.0,-1.4911019493272206,-1.596308164894459,-0.0,-0.0,-1.4911019493267874,-1.5414744474472977,-1.6161011257274525,-0.20910271235307562,0.18977601103973485,-0.20910271235355293,-0.5427902110550566,-0.7503083156032634,-0.21461855761831872,-0.7503083156037401,-0.8328129719858897,-0.8749999996115772,-0.0,-0.0,-0.0,-0.0,-0.7503083169611944,-0.8642042021699525,-0.7503083169607905,-0.8005694064994855,-0.8749999991352042],"PI":[1.3213401253724688,1.1272760111010212,0.12499917628975993,0.39470978896360776,1.3213401253724688,0.7228814424008466,0.12499917628997652,0.1046870290940175,0.06250000036323419,0.0,0.0,0.12499917582929049,0.019792958483446487,0.0,0.0,0.12499917582913227,0.0746266762805015,0.06250000012504772,0.6658972876713867,1.1272760111010212,0.6658972876713866,0.39470978896360776,0.12469168233834307,0.7228814424008466,0.12469168233854429,0.1046870290940175,0.06250000036323419,0.0,0.0,0.0,0.0,0.12469168301479747,0.010795783795085822,0.12469168301455998,0.07443059345737454,0.06250000012504772],"CS":[0.5366665283821794,0.4042544823827267,1.8083525560730709,1.8810157526273785,1.143165890779126,1.2166640365098291,2.41485191846453,2.501204565894288,2.6643879206173433],"V":[17.30640356612311,17.575899609507598,2.3543976171411956,8.953798851952325,17.56244194481575,12.68216312812965,2.4999812968401733,2.0937418849076685,1.249999991588035,0.0,0.0,2.3543976144520675,0.8501103334139821,0.0,0.0,2.4999812876233305,1.4925334195362265,1.249999986824308,10.855166808774625,17.575899609507598,10.699205574277043,8.953798851952325,2.3862194222881503,12.68216312812965,2.4938314214003583,2.0937418849076685,1.249999991588035,0.0,0.0,0.0,0.0,2.3862194258778264,0.7438891337554975,2.493831434920609,1.4886117606723908,1.249999986824308],"pr_entry":[0.0,0.0,0.0,0.0,0.0,0.0,0.0,0.0,0.0,0.05885994056818874,0.0212527581341835,0.0,0.0,0.06249952925774207,0.03731333534883487,0.0,0.0,0.0,0.0,0.0,0.0,0.0,0.0,0.0,0.0,0.0,0.0,0.05965548539676048,0.01859722813151722,0.062345782944896046,0.037215293874079375,0.0,0.0,0.0,0.0,0.0],"pr_exit":[0.0,0.0,0.0,0.25,0.0,0.0,0.0,0.25,0.0,0.0,0.0,0.0,0.03747241865816495,0.0,0.0,0.0,0.0,0.0,0.0,0.0,0.0,0.0,0.0,0.25,0.0,0.25,0.0,0.0,0.0,0.0,0.0,0.0,0.06402771868482779,0.0,0.0,0.0],"pr_merger":[0.19615772151102057,0.0,0.13670061912985734,0.0,0.15408609689304714,0.0,0.0,0.0,0.0,0.0,0.0,0.0,0.0,0.0,0.0,0.0,0.0,0.0,0.0,0.0,0.0,0.0,0.1540860967877889,0.0,0.0,0.0,0.0,0.0,0.0,0.1367006192072599,0.0,0.0,0.0,0.0,0.0,0.0],"active_firms":[true,true,true,true,true,true,true,true,true,false,false,true,true,false,false,true,true,true,true,true,true,true,true,true,true,true,true,false,false,false,false,true,true,true,true,true,true,true,true,true,true,true,true,true,true],"active_outcomes":[1.0,1.0,1.0,1.0,1.0,1.0,1.0,1.0,1.0,0.0,0.0,0.0,0.0,0.0,0.0,1.0,1.0,1.0,0.0,0.0,0.0,0.0,1.0,0.0,1.0,0.0,0.0,0.0,0.0,1.0,0.0,0.0,0.0,1.0,0.0,0.0,1.0,0.0,1.0,0.0,1.0,0.0,1.0,0.0,0.0,0.0,0.0,1.0,1.0,0.0,0.0,1.0,1.0,0.0,1.0,0.0,1.0,0.0,1.0,0.0,1.0,0.0,0.0,0.0,0.0,0.0,0.0,1.0,1.0,1.0,1.0,0.0,1.0,1.0,1.0,1.0,1.0,1.0,1.0,1.0,1.0],"markets":[1,2,3,4,3,4,7,8,9],"marketnames":["20","21","30","31","40","41","43"],"idx_up":[1,2,3,4,5,6,7,8,9,1,2,3,4,5,6,7,8,9,1,2,3,4,5,6,7,8,9,1,2,3,4,5,6,7,8,9,1,2,3,4,5,6,7,8,9,1,2,3,4,5,6,7,8,9,1,2,3,4,5,6,7,8,9,1,2,3,4,5,6,7,8,9,1,2,3,4,5,6,7,8,9,10,11,12,13,14,15,16,17,18,10,11,12,13,14,15,16,17,18,10,11,12,13,14,15,16,17,18,10,11,12,13,14,15,16,17,18,10,11,12,13,14,15,16,17,18,10,11,12,13,14,15,16,17,18,10,11,12,13,14,15,16,17,18,10,11,12,13,14,15,16,17,18,10,11,12,13,14,15,16,17,18,19,20,21,22,23,24,25,26,27,19,20,21,22,23,24,25,26,27,19,20,21,22,23,24,25,26,27,19,20,21,22,23,24,25,26,27,19,20,21,22,23,24,25,26,27,19,20,21,22,23,24,25,26,27,19,20,21,22,23,24,25,26,27,19,20,21,22,23,24,25,26,27,19,20,21,22,23,24,25,26,27,28,29,30,31,32,33,34,35,36,28,29,30,31,32,33,34,35,36,28,29,30,31,32,33,34,35,36,28,29,30,31,32,33,34,35,36,28,29,30,31,32,33,34,35,36,28,29,30,31,32,33,34,35,36,28,29,30,31,32,33,34,35,36,28,29,30,31,32,33,34,35,36,28,29,30,31,32,33,34,35,36],"idx_entry":[1,2,3,4,5,6,7,8,9,3,4,3,4,7,8,7,8,9,1,2,3,4,5,6,7,8,9,5,6,7,8,5,6,7,8,9,10,11,12,13,14,15,16,17,18,12,13,12,13,16,17,16,17,18,10,11,12,13,14,15,16,17,18,14,15,16,17,14,15,16,17,18,19,20,21,22,23,24,25,26,27,21,22,21,22,25,26,25,26,27,19,20,21,22,23,24,25,26,27,23,24,25,26,23,24,25,26,27,28,29,30,31,32,33,34,35,36,30,31,30,31,34,35,34,35,36,28,29,30,31,32,33,34,35,36,32,33,34,35,32,33,34,35,36],"idx_exit":[1,2,10,4,5,6,14,8,11,1,2,1,2,5,6,5,6,2,1,2,3,4,1,6,3,8,11,1,2,3,4,1,2,3,4,2,10,11,1,13,14,15,5,17,2,10,11,10,11,14,15,14,15,11,10,11,12,13,10,15,12,17,2,10,11,12,13,10,11,12,13,11,19,20,19,22,23,24,23,26,29,19,20,19,20,23,24,23,24,20,19,20,21,22,28,24,30,26,29,19,20,21,22,19,20,21,22,20,28,29,28,31,32,33,32,35,20,28,29,28,29,32,33,32,33,29,28,29,30,31,19,33,21,35,20,28,29,30,31,28,29,30,31,29],"idx_merger":[2,2,4,4,6,6,8,8,9,1,2,3,4,5,6,17,9,9,1,2,3,4,6,6,8,8,9,1,2,13,4,5,6,17,8,9,11,11,13,13,15,15,17,17,18,10,11,12,13,14,15,8,18,18,10,11,12,13,15,15,17,17,18,10,11,4,13,14,15,8,17,18,20,20,22,22,24,24,26,26,27,19,20,21,22,23,24,35,27,27,19,20,21,22,33,24,35,26,27,19,20,22,22,23,24,26,26,27,29,29,31,31,33,33,35,35,36,28,29,30,31,32,33,26,36,36,28,29,30,31,24,33,26,35,36,28,29,31,31,32,33,35,35,36]}