{"policy":"nolearning","smax":[5,1],"alpha":0.5,"beta":0.95,"gamma":1.0,"sigma":1.0,"v0":1.0,"accuracy":1.0e-8,"cost_entry":[0,10],"value_exit":[0,1],"cost_merger":[0,10],"entry":true,"exit":true,"mergers":true,"filename":"nolearning_a5s10v10","verbose":true,"firms":[1,2,3,4],"rival":[2,1,4,3],"partner":[3,4,1,2],"merger_pairs":[1,2,1,2,3,4,4,3],"outcomes":[1,0,1,0,1,0,0,0,0,0,1,0,1,0,1,0,0,0,1,0,0,1,0,0,1,0,0,0,1,1,0,0,0,0,1,0,0,0,0,0,1,1,1,1,2],"ownership":[0,3,0,3,0,0,4,4,0,1,0,1,0,0,2,2],"S":[1,1,1,1,1,1,1,1,1,0,0,1,1,0,0,1,1,1,1,1,1,1,1,1,1,1,1,0,0,0,0,1,1,1,1,1,0,1,0,1,0,1,0,1,3],"ms":9,"scale":[2.0,2.0,2.0,2.0,2.0,2.0,2.0,2.0,2.0,0.0,0.0,2.0,2.0,0.0,0.0,2.0,2.0,2.0,1.0,1.0,1.0,1.0,1.0,1.0,1.0,1.0,1.0,0.0,0.0,0.0,0.0,1.0,1.0,1.0,1.0,1.0],"D":[0.499999996119425,0.6089389666705043,0.3745863906042457,0.5002005769415339,0.4999999961047368,0.5499385847898162,0.37458639060441373,0.4336182041643302,0.43606352379841257,0.0,0.0,0.37458639353602907,0.31563816033632275,0.0,0.0,0.3745863935382312,0.34803060332433217,0.4360635173234282,0.36189625589186536,0.6089389666705043,0.36189625588721164,0.5002005769415339,0.28625374224200567,0.5499385847898162,0.28625374224052036,0.4336182041643302,0.43606352379841257,0.0,0.0,0.0,0.0,0.28625375019825394,0.19748203240558168,0.2862537502067116,0.23906726740124845,0.4360635173234282],"Q":[0.18094812654156714,0.6089389666705043,0.1355614122659811,0.5002005769415339,0.14312687000596916,0.5499385847898162,0.10722675610288272,0.4336182041643302,0.43606352379841257,0.0,0.0,0.0,0.0,0.0,0.0,0.1072267599267258,0.14690218845398134,0.4360635173234282,0.0,0.0,0.0,0.0,0.14312687398409327,0.0,0.10722675908690955,0.0,0.0,0.0,0.0,0.13556141332698252,0.0,0.0,0.0,0.10722675694269898,0.0,0.0,0.3190518695778579,0.0,0.2390249783382646,0.0,0.21374625211467435,0.0,0.16013287541462146,0.0,0.0,0.0,0.0,0.23902498020904656,0.31563816033632275,0.0,0.0,0.16013287666880646,0.20112841487035082,0.0,0.18094812935029822,0.0,0.09077343029424802,0.0,0.1431268722360365,0.0,0.07180022919493868,0.0,0.0,0.0,0.0,0.0,0.0,0.1431268762141607,0.19748203240558168,0.07180023119307624,0.0921650789472671,0.0,0.31905187453027667,0.3910610333294958,0.16005378556547734,0.1841612627221434,0.21374625544506606,0.2525793828046022,0.10722675546934014,0.1261861135640705,0.12787295887815922],"P":[1.5522299667402456e-8,-0.7214272002401021,-0.40105813981709004,-0.9995986851282268,1.5581053011606144e-8,-0.8890405106610411,-0.40105813982698846,-1.1172032620575807,-1.1133753336146834,-0.0,-0.0,-0.40105814764381154,-0.5387846936673484,-0.0,-0.0,-0.40105814765914033,-0.46618567511134973,-1.1133753261903243,0.5671432936273492,0.2785727997598979,0.5671432936475018,0.00040131487177319514,0.4010581339296721,0.11095948933895894,0.40105813391855094,-0.11720326205758069,-0.11337533361468344,-0.0,-0.0,-0.0,-0.0,0.401058106135282,0.246077981609954,0.40105810608942616,0.31417660336883557,-0.11337532619032431],"PI":[0.9999999999999997,0.7785727994988059,0.5989418601919547,0.5004013148719301,0.9999999999999999,0.610959489325884,0.5989418601885156,0.3827967361487207,0.38662467631057307,0.0,0.0,0.5989418619479225,0.46121531114611447,0.0,0.0,0.5989418619457016,0.5338143248785001,0.3866246738071844,0.5671432904097838,0.7785727994988059,0.567143290409784,0.5004013148719301,0.40105813393596984,0.610959489325884,0.40105813393070533,0.3827967361487207,0.38662467631057307,0.0,0.0,0.0,0.0,0.40105813712688776,0.24607801234417875,0.40105813712561106,0.31417660945004183,0.3866246738071844],"CS":[1.1424015733354824,1.2265737081583263,1.832245360453118,1.979625549825819,1.542965689704372,1.66371176478289,2.2328094768844373,2.3576794425311127,2.749865197249811],"V":[13.373803725797808,9.163520681704068,11.978818891678106,8.246208020111354,13.373803725790706,8.449532682074933,11.978818891663806,7.655923105806538,7.7324817353537965,0.0,0.0,11.978818926816713,10.311878621125738,0.0,0.0,11.978818926807476,10.676270067997,7.732481685286102,8.71172675391894,9.163520681704068,8.711726753911801,8.246208020111354,8.021150437994129,8.449532682074933,8.021150437975814,7.655923105806538,7.7324817353537965,0.0,0.0,0.0,0.0,8.021150501878273,6.046657850881608,8.02115050187383,6.283522536467218,7.732481685286102],"pr_entry":[0.0,0.0,0.0,0.0,0.0,0.0,0.0,0.0,0.0,0.25,0.25,0.0,0.0,0.25,0.25,0.0,0.0,0.0,0.0,0.0,0.0,0.0,0.0,0.0,0.0,0.0,0.0,0.20052874644085375,0.15116643357133802,0.20052874644074264,0.1570880507109783,0.0,0.0,0.0,0.0,0.0],"pr_exit":[0.0,0.0,0.0,0.25,0.0,0.0,0.0,0.25,0.0,0.0,0.0,0.0,0.0,0.0,0.0,0.0,0.0,0.0,0.0,0.0,0.0,0.0,0.0,0.25,0.0,0.25,0.0,0.0,0.0,0.0,0.0,0.0,0.0,0.0,0.0,0.0],"pr_merger":[0.0,0.0,0.0,0.0,0.0,0.0,0.0,0.0,0.0,0.0,0.0,0.0,0.0,0.0,0.0,0.0,0.0,0.0,0.0,0.0,0.0,0.0,0.0,0.0,0.0,0.0,0.0,0.0,0.0,0.0,0.0,0.0,0.0,0.0,0.0,0.0],"active_firms":[true,true,true,true,true,true,true,true,true,false,false,true,true,false,false,true,true,true,true,true,true,true,true,true,true,true,true,false,false,false,false,true,true,true,true,true,true,true,true,true,true,true,true,true,true],"active_outcomes":[1.0,1.0,1.0,1.0,1.0,1.0,1.0,1.0,1.0,0.0,0.0,0.0,0.0,0.0,0.0,1.0,1.0,1.0,0.0,0.0,0.0,0.0,1.0,0.0,1.0,0.0,0.0,0.0,0.0,1.0,0.0,0.0,0.0,1.0,0.0,0.0,1.0,0.0,1.0,0.0,1.0,0.0,1.0,0.0,0.0,0.0,0.0,1.0,1.0,0.0,0.0,1.0,1.0,0.0,1.0,0.0,1.0,0.0,1.0,0.0,1.0,0.0,0.0,0.0,0.0,0.0,0.0,1.0,1.0,1.0,1.0,0.0,1.0,1.0,1.0,1.0,1.0,1.0,1.0,1.0,1.0],"markets":[1,2,3,4,3,4,7,8,9],"marketnames":["20","21","30","31","40","41","43"],"idx_up":[1,2,3,4,5,6,7,8,9,1,2,3,4,5,6,7,8,9,1,2,3,4,5,6,7,8,9,1,2,3,4,5,6,7,8,9,1,2,3,4,5,6,7,8,9,1,2,3,4,5,6,7,8,9,1,2,3,4,5,6,7,8,9,1,2,3,4,5,6,7,8,9,1,2,3,4,5,6,7,8,9,10,11,12,13,14,15,16,17,18,10,11,12,13,14,15,16,17,18,10,11,12,13,14,15,16,17,18,10,11,12,13,14,15,16,17,18,10,11,12,13,14,15,16,17,18,10,11,12,13,14,15,16,17,18,10,11,12,13,14,15,16,17,18,10,11,12,13,14,15,16,17,18,10,11,12,13,14,15,16,17,18,19,20,21,22,23,24,25,26,27,19,20,21,22,23,24,25,26,27,19,20,21,22,23,24,25,26,27,19,20,21,22,23,24,25,26,27,19,20,21,22,23,24,25,26,27,19,20,21,22,23,24,25,26,27,19,20,21,22,23,24,25,26,27,19,20,21,22,23,24,25,26,27,19,20,21,22,23,24,25,26,27,28,29,30,31,32,33,34,35,36,28,29,30,31,32,33,34,35,36,28,29,30,31,32,33,34,35,36,28,29,30,31,32,33,34,35,36,28,29,30,31,32,33,34,35,36,28,29,30,31,32,33,34,35,36,28,29,30,31,32,33,34,35,36,28,29,30,31,32,33,34,35,36,28,29,30,31,32,33,34,35,36],"idx_entry":[1,2,3,4,5,6,7,8,9,3,4,3,4,7,8,7,8,9,1,2,3,4,5,6,7,8,9,5,6,7,8,5,6,7,8,9,10,11,12,13,14,15,16,17,18,12,13,12,13,16,17,16,17,18,10,11,12,13,14,15,16,17,18,14,15,16,17,14,15,16,17,18,19,20,21,22,23,24,25,26,27,21,22,21,22,25,26,25,26,27,19,20,21,22,23,24,25,26,27,23,24,25,26,23,24,25,26,27,28,29,30,31,32,33,34,35,36,30,31,30,31,34,35,34,35,36,28,29,30,31,32,33,34,35,36,32,33,34,35,32,33,34,35,36],"idx_exit":[1,2,10,4,5,6,14,8,11,1,2,1,2,5,6,5,6,2,1,2,3,4,1,6,3,8,11,1,2,3,4,1,2,3,4,2,10,11,1,13,14,15,5,17,2,10,11,10,11,14,15,14,15,11,10,11,12,13,10,15,12,17,2,10,11,12,13,10,11,12,13,11,19,20,19,22,23,24,23,26,29,19,20,19,20,23,24,23,24,20,19,20,21,22,28,24,30,26,29,19,20,21,22,19,20,21,22,20,28,29,28,31,32,33,32,35,20,28,29,28,29,32,33,32,33,29,28,29,30,31,19,33,21,35,20,28,29,30,31,28,29,30,31,29],"idx_merger":[2,2,4,4,6,6,8,8,9,1,2,3,4,5,6,17,9,9,1,2,3,4,6,6,8,8,9,1,2,13,4,5,6,17,8,9,11,11,13,13,15,15,17,17,18,10,11,12,13,14,15,8,18,18,10,11,12,13,15,15,17,17,18,10,11,4,13,14,15,8,17,18,20,20,22,22,24,24,26,26,27,19,20,21,22,23,24,35,27,27,19,20,21,22,33,24,35,26,27,19,20,22,22,23,24,26,26,27,29,29,31,31,33,33,35,35,36,28,29,30,31,32,33,26,36,36,28,29,30,31,24,33,26,35,36,28,29,31,31,32,33,35,35,36]}