{"policy":"nolearning","smax":[5,1],"alpha":0.2,"beta":0.95,"gamma":1.0,"sigma":4.0,"v0":1.0,"accuracy":1.0e-8,"cost_entry":[0,10],"value_exit":[0,1],"cost_merger":[0,10],"entry":true,"exit":true,"mergers":true,"filename":"nolearning_a2s40v10","verbose":true,"firms":[1,2,3,4],"rival":[2,1,4,3],"partner":[3,4,1,2],"merger_pairs":[1,2,1,2,3,4,4,3],"outcomes":[1,0,1,0,1,0,0,0,0,0,1,0,1,0,1,0,0,0,1,0,0,1,0,0,1,0,0,0,1,1,0,0,0,0,1,0,0,0,0,0,1,1,1,1,2],"ownership":[0,3,0,3,0,0,4,4,0,1,0,1,0,0,2,2],"S":[1,1,1,1,1,1,1,1,1,0,0,1,1,0,0,1,1,1,1,1,1,1,1,1,1,1,1,0,0,0,0,1,1,1,1,1,0,1,0,1,0,1,0,1,3],"ms":9,"scale":[1.3195079107728942,1.3195079107728942,1.3195079107728942,1.3195079107728942,1.3195079107728942,1.3195079107728942,1.3195079107728942,1.3195079107728942,1.3195079107728942,0.0,0.0,1.3195079107728942,1.3195079107728942,0.0,0.0,1.3195079107728942,1.3195079107728942,1.3195079107728942,1.0,1.0,1.0,1.0,1.0,1.0,1.0,1.0,1.0,0.0,0.0,0.0,0.0,1.0,1.0,1.0,1.0,1.0],"D":[0.7581798774647543,0.8652073183761859,0.4910623785322118,0.7587734322557911,0.7581798774595822,0.8019086058337291,0.49106237853524015,0.6134810641680011,0.4998275448822245,0.0,0.0,0.49106237528763513,0.2367486777771475,0.0,0.0,0.4910623752847578,0.3769448357859781,0.49982754040329874,0.6882734745166164,0.8652073183761859,0.688273474520492,0.7587734322557911,0.47137681144151816,0.8019086058337291,0.47137681144307925,0.6134810641680011,0.4998275448822245,0.0,0.0,0.0,0.0,0.4713768064163358,0.18642003530116139,0.4713768064142618,0.35575225105431774,0.49982754040329874],"Q":[0.521835098571249,0.8652073183761859,0.3379852094786625,0.7587734322557911,0.35738841313601877,0.8019086058337291,0.23147541821359593,0.6134810641680011,0.4998275448822245,0.0,0.0,0.0,0.0,0.0,0.0,0.23147541421193088,0.3469402438602599,0.49982754040329874,0.0,0.0,0.0,0.0,0.3573884093260266,0.0,0.23147541574413275,0.0,0.0,0.0,0.0,0.33798520724550646,0.0,0.0,0.0,0.23147541668139382,0.0,0.0,0.23634477889350541,0.0,0.15307716905354932,0.0,0.04340305499753669,0.0,0.028111544577511492,0.0,0.0,0.0,0.0,0.15307716804212868,0.2367486777771475,0.0,0.0,0.028111544391433138,0.03000459192571821,0.0,0.16643837594536742,0.0,0.012303057796323161,0.0,0.11398839830549938,0.0,0.008425976548089487,0.0,0.0,0.0,0.0,0.0,0.0,0.11398839709030915,0.18642003530116139,0.008425976458198136,0.00881200719405781,0.0,0.07538174658987817,0.1347926816238141,0.0055721883838299865,0.0044778899670613525,0.01384332714460934,0.011671358865109541,0.0010232931737145098,0.000762092851962982,0.00034491471447676235],"P":[-0.2856816270963796,-0.39215786116869666,-0.828288575694358,-0.801322865214575,-0.28568162708932693,-0.6884860507809909,-0.8282885756980117,-0.9961084899079422,-1.069594108588626,-0.0,-0.0,-0.828288574042543,-0.9919618002946777,-0.0,-0.0,-0.8282885740431902,-0.9182593279722007,-1.0695941074685082,-0.1980149921076108,-0.07264995039580247,-0.19801499211212678,-0.48181495444168077,-0.5270733380114155,-0.3689781400080967,-0.5270733380100027,-0.676600579135048,-0.7500861978157318,-0.0,-0.0,-0.0,-0.0,-0.5270733353462534,-0.6927161253983536,-0.5270733353429127,-0.6119505307705594,-0.750086196695614],"PI":[0.7838262850777022,0.8023500496140707,0.24121933506467752,0.39318504556190936,0.7838262850777022,0.5060218599967138,0.2412193350643709,0.198399420863546,0.12491380217794466,0.0,0.0,0.24121933428202294,0.07754610856676523,0.0,0.0,0.24121933428029171,0.15124858115316386,0.12491380161846502,0.5519850078923306,0.8023500496140707,0.5519850078923307,0.39318504556190936,0.22292666197385957,0.5060218599967138,0.22292666197526384,0.198399420863546,0.12491380217794466,0.0,0.0,0.0,0.0,0.22292666085361243,0.05728387075071657,0.22292666085420634,0.1380494721988067,0.12491380161846502],"CS":[0.6462975302358936,0.5729248612635063,1.297491853655344,1.4240713513631622,1.0699879892655377,1.184574867757686,1.7211823126870982,1.8667810572957715,2.1663401391170223],"V":[8.37877053551837,9.240646622812154,4.82437493822663,5.653370734005216,8.14258226969833,6.492732052651415,4.824374938224684,3.96798452759327,2.4982722820257734,0.0,0.0,4.824374922554286,2.387254059742861,0.0,0.0,4.824374922543198,3.02496606168301,2.4982722708361984,6.787613010201949,9.240646622812154,6.569362063537087,5.653370734005216,4.299148309881442,6.492732052651415,4.458522341600678,3.96798452759327,2.4982722820257734,0.0,0.0,0.0,0.0,4.2991482944676385,2.0981174217326557,4.458522319179676,2.7609843859908154,2.4982722708361984],"pr_entry":[0.0,0.0,0.0,0.0,0.0,0.0,0.0,0.0,0.0,0.12060935758614307,0.0596813426387713,0.0,0.0,0.120609357585866,0.07562414422446961,0.0,0.0,0.0,0.0,0.0,0.0,0.0,0.0,0.0,0.0,0.0,0.0,0.10747868356260573,0.05245292728453884,0.1114630436401439,0.06902460299452655,0.0,0.0,0.0,0.0,0.0],"pr_exit":[0.0,0.0,0.0,0.25,0.0,0.0,0.0,0.25,0.0,0.0,0.0,0.0,0.0,0.0,0.0,0.0,0.0,0.0,0.0,0.0,0.0,0.0,0.0,0.25,0.0,0.25,0.0,0.0,0.0,0.0,0.0,0.0,0.0,0.0,0.0,0.0],"pr_merger":[0.0836577545148629,0.0,0.0,0.0,0.013571393140453792,0.0,0.0,0.0,0.0,0.0,0.0,0.0,0.0,0.0,0.0,0.0,0.0,0.0,0.0,0.0,0.0,0.0,0.013571393546927046,0.0,0.0,0.0,0.0,0.0,0.0,0.0,0.0,0.0,0.0,0.0,0.0,0.0],"active_firms":[true,true,true,true,true,true,true,true,true,false,false,true,true,false,false,true,true,true,true,true,true,true,true,true,true,true,true,false,false,false,false,true,true,true,true,true,true,true,true,true,true,true,true,true,true],"active_outcomes":[1.0,1.0,1.0,1.0,1.0,1.0,1.0,1.0,1.0,0.0,0.0,0.0,0.0,0.0,0.0,1.0,1.0,1.0,0.0,0.0,0.0,0.0,1.0,0.0,1.0,0.0,0.0,0.0,0.0,1.0,0.0,0.0,0.0,1.0,0.0,0.0,1.0,0.0,1.0,0.0,1.0,0.0,1.0,0.0,0.0,0.0,0.0,1.0,1.0,0.0,0.0,1.0,1.0,0.0,1.0,0.0,1.0,0.0,1.0,0.0,1.0,0.0,0.0,0.0,0.0,0.0,0.0,1.0,1.0,1.0,1.0,0.0,1.0,1.0,1.0,1.0,1.0,1.0,1.0,1.0,1.0],"markets":[1,2,3,4,3,4,7,8,9],"marketnames":["20","21","30","31","40","41","43"],"idx_up":[1,2,3,4,5,6,7,8,9,1,2,3,4,5,6,7,8,9,1,2,3,4,5,6,7,8,9,1,2,3,4,5,6,7,8,9,1,2,3,4,5,6,7,8,9,1,2,3,4,5,6,7,8,9,1,2,3,4,5,6,7,8,9,1,2,3,4,5,6,7,8,9,1,2,3,4,5,6,7,8,9,10,11,12,13,14,15,16,17,18,10,11,12,13,14,15,16,17,18,10,11,12,13,14,15,16,17,18,10,11,12,13,14,15,16,17,18,10,11,12,13,14,15,16,17,18,10,11,12,13,14,15,16,17,18,10,11,12,13,14,15,16,17,18,10,11,12,13,14,15,16,17,18,10,11,12,13,14,15,16,17,18,19,20,21,22,23,24,25,26,27,19,20,21,22,23,24,25,26,27,19,20,21,22,23,24,25,26,27,19,20,21,22,23,24,25,26,27,19,20,21,22,23,24,25,26,27,19,20,21,22,23,24,25,26,27,19,20,21,22,23,24,25,26,27,19,20,21,22,23,24,25,26,27,19,20,21,22,23,24,25,26,27,28,29,30,31,32,33,34,35,36,28,29,30,31,32,33,34,35,36,28,29,30,31,32,33,34,35,36,28,29,30,31,32,33,34,35,36,28,29,30,31,32,33,34,35,36,28,29,30,31,32,33,34,35,36,28,29,30,31,32,33,34,35,36,28,29,30,31,32,33,34,35,36,28,29,30,31,32,33,34,35,36],"idx_entry":[1,2,3,4,5,6,7,8,9,3,4,3,4,7,8,7,8,9,1,2,3,4,5,6,7,8,9,5,6,7,8,5,6,7,8,9,10,11,12,13,14,15,16,17,18,12,13,12,13,16,17,16,17,18,10,11,12,13,14,15,16,17,18,14,15,16,17,14,15,16,17,18,19,20,21,22,23,24,25,26,27,21,22,21,22,25,26,25,26,27,19,20,21,22,23,24,25,26,27,23,24,25,26,23,24,25,26,27,28,29,30,31,32,33,34,35,36,30,31,30,31,34,35,34,35,36,28,29,30,31,32,33,34,35,36,32,33,34,35,32,33,34,35,36],"idx_exit":[1,2,10,4,5,6,14,8,11,1,2,1,2,5,6,5,6,2,1,2,3,4,1,6,3,8,11,1,2,3,4,1,2,3,4,2,10,11,1,13,14,15,5,17,2,10,11,10,11,14,15,14,15,11,10,11,12,13,10,15,12,17,2,10,11,12,13,10,11,12,13,11,19,20,19,22,23,24,23,26,29,19,20,19,20,23,24,23,24,20,19,20,21,22,28,24,30,26,29,19,20,21,22,19,20,21,22,20,28,29,28,31,32,33,32,35,20,28,29,28,29,32,33,32,33,29,28,29,30,31,19,33,21,35,20,28,29,30,31,28,29,30,31,29],"idx_merger":[2,2,4,4,6,6,8,8,9,1,2,3,4,5,6,17,9,9,1,2,3,4,6,6,8,8,9,1,2,13,4,5,6,17,8,9,11,11,13,13,15,15,17,17,18,10,11,12,13,14,15,8,18,18,10,11,12,13,15,15,17,17,18,10,11,4,13,14,15,8,17,18,20,20,22,22,24,24,26,26,27,19,20,21,22,23,24,35,27,27,19,20,21,22,33,24,35,26,27,19,20,22,22,23,24,26,26,27,29,29,31,31,33,33,35,35,36,28,29,30,31,32,33,26,36,36,28,29,30,31,24,33,26,35,36,28,29,31,31,32,33,35,35,36]}