{"policy":"nolearning","smax":[5,1],"alpha":0.5,"beta":0.95,"gamma":1.0,"sigma":3.0,"v0":1.0,"accuracy":1.0e-8,"cost_entry":[0,10],"value_exit":[0,1],"cost_merger":[0,10],"entry":true,"exit":true,"mergers":true,"filename":"nolearning_a5s30v10","verbose":true,"firms":[1,2,3,4],"rival":[2,1,4,3],"partner":[3,4,1,2],"merger_pairs":[1,2,1,2,3,4,4,3],"outcomes":[1,0,1,0,1,0,0,0,0,0,1,0,1,0,1,0,0,0,1,0,0,1,0,0,1,0,0,0,1,1,0,0,0,0,1,0,0,0,0,0,1,1,1,1,2],"ownership":[0,3,0,3,0,0,4,4,0,1,0,1,0,0,2,2],"S":[1,1,1,1,1,1,1,1,1,0,0,1,1,0,0,1,1,1,1,1,1,1,1,1,1,1,1,0,0,0,0,1,1,1,1,1,0,1,0,1,0,1,0,1,3],"ms":9,"scale":[2.0,2.0,2.0,2.0,2.0,2.0,2.0,2.0,2.0,0.0,0.0,2.0,2.0,0.0,0.0,2.0,2.0,2.0,1.0,1.0,1.0,1.0,1.0,1.0,1.0,1.0,1.0,0.0,0.0,0.0,0.0,1.0,1.0,1.0,1.0,1.0],"D":[0.7869367222191406,0.8607022207897361,0.49554143165378706,0.6135087482138544,0.7869367222317787,0.8189776252242219,0.4955414316580332,0.5412427526077028,0.49977234263655185,0.0,0.0,0.49554143655230365,0.38320601449150765,0.0,0.0,0.4955414365485677,0.45310771524264354,0.499772338603905,0.6089389667875689,0.8607022207897361,0.6089389667976252,0.7347652008777453,0.43606352380132885,0.8189776252242219,0.43606352380697133,0.6281946043532942,0.49977234263655185,0.0,0.0,0.0,0.0,0.43606351732144333,0.15568613541302584,0.4360635173114439,0.307074097817013,0.499772338603905],"Q":[0.4791964345553196,0.8607022207897361,0.30175448739667304,0.6135087482138544,0.3431544001050569,0.8189776252242219,0.21608754288115345,0.5412427526077028,0.49977234263655185,0.0,0.0,0.0,0.0,0.0,0.0,0.21608754179493414,0.3024081488871282,0.499772338603905,0.0,0.0,0.0,0.0,0.34315439500579703,0.0,0.21608753966235048,0.0,0.0,0.0,0.0,0.30175449037957064,0.12125645266389092,0.0,0.0,0.21608754501373711,0.08695185174559139,0.0,0.30774028766382105,0.0,0.19378694425711404,0.0,0.10062792712092472,0.0,0.06336634911452935,0.0,0.0,0.0,0.0,0.193786946172733,0.26194956182761675,0.0,0.0,0.06336634973989645,0.06374771460992394,0.0,0.12974253223224927,0.0,0.005429989021381463,0.0,0.09290912369627194,0.0,0.0038884359120807455,0.0,0.0,0.0,0.0,0.0,0.0,0.09290912231564628,0.15568613541302584,0.003888435854159271,0.0046659489298847895,0.0,0.08332074554861008,0.13929777921026387,0.0034871427725279703,0.003285237294638006,0.027245031756303148,0.025336239362752182,0.001140260027158983,0.0009835832197689705,0.0004553187595431437],"P":[-0.4355195470078614,-0.8035224422838678,-1.3392255396694366,-1.999999955100023,-0.4355195470329865,-0.6586070023748041,-1.3392255396913733,-1.9999999049404937,-1.6668183691499454,-0.0,-0.0,-1.3392255429644968,-1.4595710293271933,-0.0,-0.0,-1.3392255429810642,-1.3904954543135815,-1.6668183678051174,-0.14761813365726642,0.19647755771613218,-0.1476181336713429,0.25674807562394436,-0.40891688908111273,-0.5,-0.4089168890740683,-0.1034737343684106,-0.6668183691499454,-0.0,-0.0,-0.0,-0.0,-0.4089168841277934,-0.6052020904489168,-0.4089168841087921,-0.5189480857268441,-0.6668183678051174],"PI":[1.2311471196535497,1.0298108910513546,0.3274411220724659,2.7546528726856317e-8,1.23114711965355,1.0985708516874833,0.3274411220644011,5.145026883322974e-8,0.16651496417339862,0.0,0.0,0.3274411236764417,0.20709563196727412,0.0,0.0,0.3274411236657632,0.27617121212597856,0.16651496350190262,0.5190485329992038,1.0298108910513546,0.5190485329992038,0.9234147522385474,0.25774978420674166,0.40948881261211095,0.2577497842131487,0.5631929627307727,0.16651496417339862,0.0,0.0,0.0,0.0,0.2577497825365526,0.06146456080714947,0.25774978253892794,0.14771858257857642,0.16651496350190262],"CS":[0.8283525715381318,0.7529411377571841,1.8862241892991334,2.0019994887651893,1.2009613651216544,1.3210671982356643,2.2588329828620357,2.4039967934116073,2.795886664811228],"V":[11.072380270344379,6.1253141172543755,6.377804880901454,4.229806103719219e-6,10.95880669424015,6.063388648208784,6.548814708915748,4.428728444423986e-6,3.330297022142229,0.0,0.0,6.377804903092186,4.948584522998586,0.0,0.0,6.548814740942937,5.5234182531831655,3.3302970087123267,6.822071602682223,14.660659493177715,6.752716803257541,14.261538453383897,5.023775004730496,10.41549655917079,5.154988621342007,11.263841807466948,3.330295322279821,0.0,0.0,0.0,0.0,5.023774980754832,2.4783031778838853,5.154988587857642,2.954368329408626,3.3302953088499203],"pr_entry":[0.0,0.0,0.0,0.0,0.0,0.0,0.0,0.0,0.0,0.1594451120661851,0.12371460434373391,0.0,0.0,0.16372035834939933,0.1380854484488733,0.0,0.0,0.0,0.0,0.0,0.0,0.0,0.0,0.0,0.0,0.0,0.0,0.12559436469805044,0.06195757439658874,0.12887470540312404,0.07385920386394866,0.0,0.0,0.0,0.0,0.0],"pr_exit":[0.0,0.0,0.0,0.0,0.0,0.0,0.0,0.0,0.0,0.0,0.0,0.0,0.0,0.0,0.0,0.0,0.0,0.0,0.0,0.0,0.0,0.0,0.0,0.0,0.0,0.0,0.0,0.0,0.0,0.0,0.0,0.0,0.0,0.0,0.0,0.0],"pr_merger":[0.07043008269402606,0.0,0.02733703826778442,0.0,0.01191764302175402,0.0,0.0,0.0,0.0,0.0,0.0,0.0,0.0,0.0,0.0,0.0,0.0,0.0,0.0,0.0,0.0,0.0,0.011917643660064713,0.0,0.0,0.0,0.0,0.0,0.0,0.027337037681324405,0.0,0.0,0.0,0.0,0.0,0.0],"active_firms":[true,true,true,true,true,true,true,true,true,false,false,true,true,false,false,true,true,true,true,true,true,true,true,true,true,true,true,false,false,false,false,true,true,true,true,true,true,true,true,true,true,true,true,true,true],"active_outcomes":[1.0,1.0,1.0,1.0,1.0,1.0,1.0,1.0,1.0,0.0,0.0,0.0,0.0,0.0,0.0,1.0,1.0,1.0,0.0,0.0,0.0,0.0,1.0,0.0,1.0,0.0,0.0,0.0,0.0,1.0,1.0,0.0,0.0,1.0,1.0,0.0,1.0,0.0,1.0,0.0,1.0,0.0,1.0,0.0,0.0,0.0,0.0,1.0,1.0,0.0,0.0,1.0,1.0,0.0,1.0,0.0,1.0,0.0,1.0,0.0,1.0,0.0,0.0,0.0,0.0,0.0,0.0,1.0,1.0,1.0,1.0,0.0,1.0,1.0,1.0,1.0,1.0,1.0,1.0,1.0,1.0],"markets":[1,2,3,4,3,4,7,8,9],"marketnames":["20","21","30","31","40","41","43"],"idx_up":[1,2,3,4,5,6,7,8,9,1,2,3,4,5,6,7,8,9,1,2,3,4,5,6,7,8,9,1,2,3,4,5,6,7,8,9,1,2,3,4,5,6,7,8,9,1,2,3,4,5,6,7,8,9,1,2,3,4,5,6,7,8,9,1,2,3,4,5,6,7,8,9,1,2,3,4,5,6,7,8,9,10,11,12,13,14,15,16,17,18,10,11,12,13,14,15,16,17,18,10,11,12,13,14,15,16,17,18,10,11,12,13,14,15,16,17,18,10,11,12,13,14,15,16,17,18,10,11,12,13,14,15,16,17,18,10,11,12,13,14,15,16,17,18,10,11,12,13,14,15,16,17,18,10,11,12,13,14,15,16,17,18,19,20,21,22,23,24,25,26,27,19,20,21,22,23,24,25,26,27,19,20,21,22,23,24,25,26,27,19,20,21,22,23,24,25,26,27,19,20,21,22,23,24,25,26,27,19,20,21,22,23,24,25,26,27,19,20,21,22,23,24,25,26,27,19,20,21,22,23,24,25,26,27,19,20,21,22,23,24,25,26,27,28,29,30,31,32,33,34,35,36,28,29,30,31,32,33,34,35,36,28,29,30,31,32,33,34,35,36,28,29,30,31,32,33,34,35,36,28,29,30,31,32,33,34,35,36,28,29,30,31,32,33,34,35,36,28,29,30,31,32,33,34,35,36,28,29,30,31,32,33,34,35,36,28,29,30,31,32,33,34,35,36],"idx_entry":[1,2,3,4,5,6,7,8,9,3,4,3,4,7,8,7,8,9,1,2,3,4,5,6,7,8,9,5,6,7,8,5,6,7,8,9,10,11,12,13,14,15,16,17,18,12,13,12,13,16,17,16,17,18,10,11,12,13,14,15,16,17,18,14,15,16,17,14,15,16,17,18,19,20,21,22,23,24,25,26,27,21,22,21,22,25,26,25,26,27,19,20,21,22,23,24,25,26,27,23,24,25,26,23,24,25,26,27,28,29,30,31,32,33,34,35,36,30,31,30,31,34,35,34,35,36,28,29,30,31,32,33,34,35,36,32,33,34,35,32,33,34,35,36],"idx_exit":[1,2,10,10,5,6,14,14,15,1,2,1,2,5,6,5,6,6,1,2,3,4,1,1,3,3,13,1,2,3,4,1,2,3,4,4,10,11,1,1,14,15,5,5,6,10,11,10,11,14,15,14,15,15,10,11,12,13,10,10,12,12,4,10,11,12,13,10,11,12,13,13,19,20,19,19,23,24,23,23,33,19,20,19,20,23,24,23,24,24,19,20,21,22,28,28,30,30,31,19,20,21,22,19,20,21,22,22,28,29,28,28,32,33,32,32,24,28,29,28,29,32,33,32,33,33,28,29,30,31,19,19,21,21,22,28,29,30,31,28,29,30,31,31],"idx_merger":[2,2,4,4,6,6,8,8,9,1,2,3,4,5,6,17,9,9,1,2,3,4,6,6,8,8,9,1,2,13,4,5,6,17,8,9,11,11,13,13,15,15,17,17,18,10,11,12,13,14,15,8,18,18,10,11,12,13,15,15,17,17,18,10,11,4,13,14,15,8,17,18,20,20,22,22,24,24,26,26,27,19,20,21,22,23,24,35,27,27,19,20,21,22,33,24,35,26,27,19,20,22,22,23,24,26,26,27,29,29,31,31,33,33,35,35,36,28,29,30,31,32,33,26,36,36,28,29,30,31,24,33,26,35,36,28,29,31,31,32,33,35,35,36]}