{"policy":"nolearning","smax":[5,1],"alpha":0.6,"beta":0.95,"gamma":1.0,"sigma":5.0,"v0":1.0,"accuracy":1.0e-8,"cost_entry":[0,10],"value_exit":[0,1],"cost_merger":[0,10],"entry":true,"exit":true,"mergers":true,"filename":"nolearning_a6s50v10","verbose":true,"firms":[1,2,3,4],"rival":[2,1,4,3],"partner":[3,4,1,2],"merger_pairs":[1,2,1,2,3,4,4,3],"outcomes":[1,0,1,0,1,0,0,0,0,0,1,0,1,0,1,0,0,0,1,0,0,1,0,0,1,0,0,0,1,1,0,0,0,0,1,0,0,0,0,0,1,1,1,1,2],"ownership":[0,3,0,3,0,0,4,4,0,1,0,1,0,0,2,2],"S":[1,1,1,1,1,1,1,1,1,0,0,1,1,0,0,1,1,1,1,1,1,1,1,1,1,1,1,0,0,0,0,1,1,1,1,1,0,1,0,1,0,1,0,1,3],"ms":9,"scale":[2.2973967099940698,2.2973967099940698,2.2973967099940698,2.2973967099940698,2.2973967099940698,2.2973967099940698,2.2973967099940698,2.2973967099940698,2.2973967099940698,0.0,0.0,2.2973967099940698,2.2973967099940698,0.0,0.0,2.2973967099940698,2.2973967099940698,2.2973967099940698,1.0,1.0,1.0,1.0,1.0,1.0,1.0,1.0,1.0,0.0,0.0,0.0,0.0,1.0,1.0,1.0,1.0,1.0],"D":[0.8931983197923629,0.928200211496369,0.4999810419093288,0.7957729389310491,0.8931983197892424,0.9032652133577536,0.4999810419018016,0.6225825806991837,0.49999987535855317,0.0,0.0,0.4999810461504829,0.2042196971197032,0.0,0.0,0.4999810461580151,0.37739811678939145,0.49999986916394284,0.7453054096181022,0.928200211496369,0.7453054096038855,0.7957729389310491,0.48838223306721745,0.9032652133577536,0.4883822330578849,0.6225825806991837,0.49999987535855317,0.0,0.0,0.0,0.0,0.48838223679598597,0.09480660868893749,0.4883822368047369,0.36550774756620263,0.49999986916394284],"Q":[0.6657055396030477,0.928200211496369,0.3726385752344098,0.7957729389310491,0.4362221899905568,0.9032652133577536,0.2441818577306097,0.6225825806991837,0.49999987535855317,0.0,0.0,0.0,0.0,0.0,0.0,0.24418186168262376,0.3654890541590824,0.49999986916394284,0.0,0.0,0.0,0.0,0.4362221933210865,0.0,0.24418185960396468,0.0,0.0,0.0,0.0,0.3726385783953649,0.0,0.0,0.0,0.2441818598092688,0.0,0.0,0.22749278018931518,0.0,0.12734246667491902,0.0,0.020753936477599003,0.0,0.011617324567227173,0.0,0.0,0.0,0.0,0.127342467755118,0.2042196971197032,0.0,0.0,0.01161732466612255,0.011909062630309077,0.0,0.07959987001505452,0.0,2.8255974110806046e-5,0.0,0.05216004307666069,0.0,1.8515518006393244e-5,0.0,0.0,0.0,0.0,0.0,0.0,0.05216004347489943,0.09480660868893749,1.8515518148443657e-5,1.8693407120258677e-5,0.0,0.02720181019258256,0.07179978850363097,9.65596607734247e-6,7.363949247792062e-6,0.002481593659197571,0.0019281779533089844,8.809040287010844e-7,6.091043045905519e-7,2.5547750397601145e-7],"P":[-0.4247669960340874,-0.9046349474215902,-1.8974118706979408,-1.807745635009315,-0.42476699602754486,-1.2636424271402336,-1.897411870719252,-2.0324380862282476,-2.097396759836712,-0.0,-0.0,-1.8974118723944666,-2.04607105371765,-0.0,-0.0,-1.8974118724218019,-1.9761641417719658,-2.0973967585977897,-0.21474578751737897,0.3927617625724795,-0.21474578750240042,-0.5103489250152453,-0.6090831570328226,0.03375428285383619,-0.6090831570239926,-0.7350413762341779,-0.8000000498426423,-0.0,-0.0,-0.0,-0.0,-0.6090831585598103,-0.7790527254753388,-0.6090831585583857,-0.6847873310628925,-0.80000004860372],"PI":[1.6726297141023092,1.2927617625838312,0.199984836699214,0.3896510749913657,1.6726297141023097,0.9337542828614619,0.19998483668554803,0.16495862376262962,0.0999999501503957,0.0,0.0,0.19998483754738058,0.0513256494031811,0.0,0.0,0.19998483753672625,0.12123256629844176,0.09999994953093494,0.5852542124887001,1.2927617625838312,0.5852542124887,0.3896510749913657,0.1909168407118969,0.9337542828614619,0.19091684071256104,0.16495862376262962,0.0999999501503957,0.0,0.0,0.0,0.0,0.19091684142378162,0.020947261796746806,0.19091684142789828,0.1152126726275333,0.09999994953093494],"CS":[0.720894351339346,0.5843111642031917,2.3095869174584385,2.4213192518007567,1.1997708641343938,1.307772372014155,2.7884634302898075,2.9197916768895973,3.1746557317599176],"V":[15.744328877006906,14.916565057415006,3.8666629089361506,5.444699944220553,14.854654085538924,10.445075751629858,3.9996890653707258,3.2991679625595767,2.0000003426935,0.0,0.0,3.8666629204800556,1.7571270993146817,0.0,0.0,3.9996890823942133,2.424650752725768,2.0000003303043403,7.849023676399605,14.916559213040179,6.634612717737961,5.444694099845726,3.2809526670987132,10.445069907255027,3.8183241185070504,3.299162118184747,1.9999944983186695,0.0,0.0,0.0,0.0,3.280952673780652,1.4280564522174148,3.818324132813726,2.304247577288312,1.9999944859295105],"pr_entry":[0.0,0.0,0.0,0.0,0.0,0.0,0.0,0.0,0.0,0.0966665569990458,0.043928174489051654,0.0,0.0,0.09999221696993385,0.06061626806387701,0.0,0.0,0.0,0.0,0.0,0.0,0.0,0.0,0.0,0.0,0.0,0.0,0.08202380389408118,0.0357014033022625,0.09545808661541651,0.057606181701599445,0.0,0.0,0.0,0.0,0.0],"pr_exit":[0.0,0.0,0.0,0.25,0.0,0.0,0.0,0.0,0.0,0.0,0.0,0.0,0.0,0.0,0.0,0.0,0.0,0.0,0.0,0.0,0.0,0.0,0.0,0.25,0.0,0.0,0.0,0.0,0.0,0.0,0.0,0.0,0.0,0.0,0.0,0.0],"pr_merger":[0.17003906618481893,0.0,0.009926656386406907,0.0,0.0729975268153527,0.0,0.0,0.0,0.0,0.0,0.0,0.0,0.0,0.0,0.0,0.0,0.0,0.0,0.0,0.0,0.0,0.0,0.0729975266292439,0.0,0.0,0.0,0.0,0.0,0.0,0.009926656084732621,0.0,0.0,0.0,0.0,0.0,0.0],"active_firms":[true,true,true,true,true,true,true,true,true,false,false,true,true,false,false,true,true,true,true,true,true,true,true,true,true,true,true,false,false,false,false,true,true,true,true,true,true,true,true,true,true,true,true,true,true],"active_outcomes":[1.0,1.0,1.0,1.0,1.0,1.0,1.0,1.0,1.0,0.0,0.0,0.0,0.0,0.0,0.0,1.0,1.0,1.0,0.0,0.0,0.0,0.0,1.0,0.0,1.0,0.0,0.0,0.0,0.0,1.0,0.0,0.0,0.0,1.0,0.0,0.0,1.0,0.0,1.0,0.0,1.0,0.0,1.0,0.0,0.0,0.0,0.0,1.0,1.0,0.0,0.0,1.0,1.0,0.0,1.0,0.0,1.0,0.0,1.0,0.0,1.0,0.0,0.0,0.0,0.0,0.0,0.0,1.0,1.0,1.0,1.0,0.0,1.0,1.0,1.0,1.0,1.0,1.0,1.0,1.0,1.0],"markets":[1,2,3,4,3,4,7,8,9],"marketnames":["20","21","30","31","40","41","43"],"idx_up":[1,2,3,4,5,6,7,8,9,1,2,3,4,5,6,7,8,9,1,2,3,4,5,6,7,8,9,1,2,3,4,5,6,7,8,9,1,2,3,4,5,6,7,8,9,1,2,3,4,5,6,7,8,9,1,2,3,4,5,6,7,8,9,1,2,3,4,5,6,7,8,9,1,2,3,4,5,6,7,8,9,10,11,12,13,14,15,16,17,18,10,11,12,13,14,15,16,17,18,10,11,12,13,14,15,16,17,18,10,11,12,13,14,15,16,17,18,10,11,12,13,14,15,16,17,18,10,11,12,13,14,15,16,17,18,10,11,12,13,14,15,16,17,18,10,11,12,13,14,15,16,17,18,10,11,12,13,14,15,16,17,18,19,20,21,22,23,24,25,26,27,19,20,21,22,23,24,25,26,27,19,20,21,22,23,24,25,26,27,19,20,21,22,23,24,25,26,27,19,20,21,22,23,24,25,26,27,19,20,21,22,23,24,25,26,27,19,20,21,22,23,24,25,26,27,19,20,21,22,23,24,25,26,27,19,20,21,22,23,24,25,26,27,28,29,30,31,32,33,34,35,36,28,29,30,31,32,33,34,35,36,28,29,30,31,32,33,34,35,36,28,29,30,31,32,33,34,35,36,28,29,30,31,32,33,34,35,36,28,29,30,31,32,33,34,35,36,28,29,30,31,32,33,34,35,36,28,29,30,31,32,33,34,35,36,28,29,30,31,32,33,34,35,36],"idx_entry":[1,2,3,4,5,6,7,8,9,3,4,3,4,7,8,7,8,9,1,2,3,4,5,6,7,8,9,5,6,7,8,5,6,7,8,9,10,11,12,13,14,15,16,17,18,12,13,12,13,16,17,16,17,18,10,11,12,13,14,15,16,17,18,14,15,16,17,14,15,16,17,18,19,20,21,22,23,24,25,26,27,21,22,21,22,25,26,25,26,27,19,20,21,22,23,24,25,26,27,23,24,25,26,23,24,25,26,27,28,29,30,31,32,33,34,35,36,30,31,30,31,34,35,34,35,36,28,29,30,31,32,33,34,35,36,32,33,34,35,32,33,34,35,36],"idx_exit":[1,2,10,4,5,6,14,10,11,1,2,1,2,5,6,5,6,2,1,2,3,4,1,6,3,10,11,1,2,3,4,1,2,3,4,2,10,11,1,13,14,15,5,1,2,10,11,10,11,14,15,14,15,11,10,11,12,13,10,15,12,1,2,10,11,12,13,10,11,12,13,11,19,20,19,22,23,24,23,28,29,19,20,19,20,23,24,23,24,20,19,20,21,22,28,24,30,28,29,19,20,21,22,19,20,21,22,20,28,29,28,31,32,33,32,19,20,28,29,28,29,32,33,32,33,29,28,29,30,31,19,33,21,19,20,28,29,30,31,28,29,30,31,29],"idx_merger":[2,2,4,4,6,6,8,8,9,1,2,3,4,5,6,17,9,9,1,2,3,4,6,6,8,8,9,1,2,13,4,5,6,17,8,9,11,11,13,13,15,15,17,17,18,10,11,12,13,14,15,8,18,18,10,11,12,13,15,15,17,17,18,10,11,4,13,14,15,8,17,18,20,20,22,22,24,24,26,26,27,19,20,21,22,23,24,35,27,27,19,20,21,22,33,24,35,26,27,19,20,22,22,23,24,26,26,27,29,29,31,31,33,33,35,35,36,28,29,30,31,32,33,26,36,36,28,29,30,31,24,33,26,35,36,28,29,31,31,32,33,35,35,36]}