{"policy":"nolearning","smax":[5,1],"alpha":0.9,"beta":0.95,"gamma":1.0,"sigma":7.0,"v0":1.0,"accuracy":1.0e-8,"cost_entry":[0,10],"value_exit":[0,1],"cost_merger":[0,10],"entry":true,"exit":true,"mergers":true,"filename":"nolearning_a9s70v10","verbose":true,"firms":[1,2,3,4],"rival":[2,1,4,3],"partner":[3,4,1,2],"merger_pairs":[1,2,1,2,3,4,4,3],"outcomes":[1,0,1,0,1,0,0,0,0,0,1,0,1,0,1,0,0,0,1,0,0,1,0,0,1,0,0,0,1,1,0,0,0,0,1,0,0,0,0,0,1,1,1,1,2],"ownership":[0,3,0,3,0,0,4,4,0,1,0,1,0,0,2,2],"S":[1,1,1,1,1,1,1,1,1,0,0,1,1,0,0,1,1,1,1,1,1,1,1,1,1,1,1,0,0,0,0,1,1,1,1,1,0,1,0,1,0,1,0,1,3],"ms":9,"scale":[3.4822022531844965,3.4822022531844965,3.4822022531844965,3.4822022531844965,3.4822022531844965,3.4822022531844965,3.4822022531844965,3.4822022531844965,3.4822022531844965,0.0,0.0,3.4822022531844965,3.4822022531844965,0.0,0.0,3.4822022531844965,3.4822022531844965,3.4822022531844965,1.0,1.0,1.0,1.0,1.0,1.0,1.0,1.0,1.0,0.0,0.0,0.0,0.0,1.0,1.0,1.0,1.0,1.0],"D":[0.9531873718539794,0.964383330473442,0.500000002796824,0.8457059747440052,0.9531873718530003,0.9552734509100546,0.5000000027827187,0.6258342977664402,0.5000000020726094,0.0,0.0,0.4999999971073573,0.15429402524293995,0.0,0.0,0.4999999971214624,0.3741657021855975,0.4999999979273032,0.8180714760149672,0.964383330473442,0.8180714760194209,0.8457059747440052,0.49833226028811967,0.9552734509100546,0.4983322602914536,0.6258342977664402,0.5000000020726094,0.0,0.0,0.0,0.0,0.4983322541577144,0.04461068446953849,0.49833225415426763,0.37249401865398885,0.4999999979273032],"Q":[0.7797754002114123,0.964383330473442,0.40903574029771234,0.8457059747440052,0.4750040174935981,0.9552734509100546,0.24916613153244535,0.6258342977664402,0.5000000020726094,0.0,0.0,0.0,0.0,0.0,0.0,0.24916612564266571,0.3724940186062408,0.4999999979273032,0.0,0.0,0.0,0.0,0.4750040116501733,0.0,0.24916612846385233,0.0,0.0,0.0,0.0,0.40903573564332196,0.0,0.0,0.0,0.2491661287112587,0.0,0.0,0.17341197164256703,0.0,0.09096426249911163,0.0,0.0031793427092289446,0.0,0.001667742786421062,0.0,0.0,0.0,0.0,0.09096426146403536,0.15429402524293995,0.0,0.0,0.0016677427675380232,0.0016716835793567262,0.0,0.038296075803554874,0.0,7.838657031408381e-11,0.0,0.023328242794521545,0.0,4.774956456127591e-11,0.0,0.0,0.0,0.0,0.0,0.0,0.02332824250754114,0.04461068446953849,4.7749563973218416e-11,4.774804437959885e-11,0.0,0.00851655234246573,0.035616669526557974,1.7432160214815536e-11,1.3054777674517509e-11,0.00015614284493685208,0.0001158646204070244,3.1960199149877244e-13,2.1428430457603697e-13,8.737537174799129e-14],"P":[-0.4305226426102217,-1.4767207757276983,-3.1964879654418956,-3.019264227768287,-0.43052264260708767,-1.8851961601929297,-3.1964879654421985,-3.2913013474899344,-3.339345109686857,-0.0,-0.0,-3.1964879638163337,-3.3132816716826303,-0.0,-0.0,-3.196487963824697,-3.25393552950246,-3.339345109094671,-0.21476226102768495,1.0054814774567982,-0.2147622610319596,-0.5370619745837906,-0.7152355402376387,0.5970060929915668,-0.7152355402337595,-0.8090990943054379,-0.8571428565023607,-0.0,-0.0,-0.0,-0.0,-0.7152355384802325,-0.8504723181880791,-0.715235538474409,-0.7723413900429889,-0.8571428559101744],"PI":[2.908822467743668,1.9340529064325862,0.142857144670393,0.39150945403068044,2.9088224677436676,1.5255775215764376,0.1428571446662115,0.11947233425833369,0.07142857204490673,0.0,0.0,0.14285714385761206,0.026063436466301035,0.0,0.0,0.14285714385746054,0.08540957895209499,0.07142857174881327,0.6423805961437373,1.9340529064325862,0.6423805961437375,0.39150945403068044,0.14190731688310282,1.5255775215764376,0.14190731688598535,0.11947233425833369,0.07142857204490673,0.0,0.0,0.0,0.0,0.14190731601315348,0.006670532232773152,0.14190731601507398,0.08480147050406808,0.07142857174881327],"CS":[0.6808205249536954,0.5175176540057772,3.5389577610690215,3.6213641451835454,1.2521056138592983,1.335824312331085,4.110242849973612,4.208450686856326,4.3945300171856],"V":[32.634965629697575,26.134303202664082,2.5897790848729043,5.402684547552919,31.64590376750659,20.338826572369367,2.8571431880547853,2.3894472004272655,1.4285724092345717,0.0,0.0,2.5897790750740635,1.050840900062209,0.0,0.0,2.857143171879767,1.7081924155306998,1.4285724033127025,10.75442101329035,26.134302032245895,7.2104807751285716,5.402683377134713,2.744225098030805,20.338825401951166,2.838145470989381,2.3894460300090574,1.4285712388163685,0.0,0.0,0.0,0.0,2.744225093842088,0.8333671827166342,2.838145453571163,1.6960290818867148,1.4285712328944995],"pr_entry":[0.0,0.0,0.0,0.0,0.0,0.0,0.0,0.0,0.0,0.06474447726609264,0.02627102343483063,0.0,0.0,0.07142857968479756,0.04270481148891066,0.0,0.0,0.0,0.0,0.0,0.0,0.0,0.0,0.0,0.0,0.0,0.0,0.06860562562719719,0.0208341796919013,0.07095363519884447,0.0424007266153328,0.0,0.0,0.0,0.0,0.0],"pr_exit":[0.0,0.0,0.0,0.25,0.0,0.0,0.0,0.25,0.0,0.0,0.0,0.0,0.0,0.0,0.0,0.0,0.0,0.0,0.0,0.0,0.0,0.0,0.0,0.25,0.0,0.25,0.0,0.0,0.0,0.0,0.0,0.0,0.041658203080987,0.0,0.0,0.0],"pr_merger":[0.25,0.0,0.02602109501016634,0.0,0.18165856706073305,0.0,0.0,0.0,0.0,0.0,0.0,0.0,0.0,0.0,0.0,0.0,0.0,0.0,0.0,0.0,0.0,0.0,0.181658567189075,0.0,0.0,0.0,0.0,0.0,0.0,0.026021095266447702,0.0,0.0,0.0,0.0,0.0,0.0],"active_firms":[true,true,true,true,true,true,true,true,true,false,false,true,true,false,false,true,true,true,true,true,true,true,true,true,true,true,true,false,false,false,false,true,true,true,true,true,true,true,true,true,true,true,true,true,true],"active_outcomes":[1.0,1.0,1.0,1.0,1.0,1.0,1.0,1.0,1.0,0.0,0.0,0.0,0.0,0.0,0.0,1.0,1.0,1.0,0.0,0.0,0.0,0.0,1.0,0.0,1.0,0.0,0.0,0.0,0.0,1.0,0.0,0.0,0.0,1.0,0.0,0.0,1.0,0.0,1.0,0.0,1.0,0.0,1.0,0.0,0.0,0.0,0.0,1.0,1.0,0.0,0.0,1.0,1.0,0.0,1.0,0.0,1.0,0.0,1.0,0.0,1.0,0.0,0.0,0.0,0.0,0.0,0.0,1.0,1.0,1.0,1.0,0.0,1.0,1.0,1.0,1.0,1.0,1.0,1.0,1.0,1.0],"markets":[1,2,3,4,3,4,7,8,9],"marketnames":["20","21","30","31","40","41","43"],"idx_up":[1,2,3,4,5,6,7,8,9,1,2,3,4,5,6,7,8,9,1,2,3,4,5,6,7,8,9,1,2,3,4,5,6,7,8,9,1,2,3,4,5,6,7,8,9,1,2,3,4,5,6,7,8,9,1,2,3,4,5,6,7,8,9,1,2,3,4,5,6,7,8,9,1,2,3,4,5,6,7,8,9,10,11,12,13,14,15,16,17,18,10,11,12,13,14,15,16,17,18,10,11,12,13,14,15,16,17,18,10,11,12,13,14,15,16,17,18,10,11,12,13,14,15,16,17,18,10,11,12,13,14,15,16,17,18,10,11,12,13,14,15,16,17,18,10,11,12,13,14,15,16,17,18,10,11,12,13,14,15,16,17,18,19,20,21,22,23,24,25,26,27,19,20,21,22,23,24,25,26,27,19,20,21,22,23,24,25,26,27,19,20,21,22,23,24,25,26,27,19,20,21,22,23,24,25,26,27,19,20,21,22,23,24,25,26,27,19,20,21,22,23,24,25,26,27,19,20,21,22,23,24,25,26,27,19,20,21,22,23,24,25,26,27,28,29,30,31,32,33,34,35,36,28,29,30,31,32,33,34,35,36,28,29,30,31,32,33,34,35,36,28,29,30,31,32,33,34,35,36,28,29,30,31,32,33,34,35,36,28,29,30,31,32,33,34,35,36,28,29,30,31,32,33,34,35,36,28,29,30,31,32,33,34,35,36,28,29,30,31,32,33,34,35,36],"idx_entry":[1,2,3,4,5,6,7,8,9,3,4,3,4,7,8,7,8,9,1,2,3,4,5,6,7,8,9,5,6,7,8,5,6,7,8,9,10,11,12,13,14,15,16,17,18,12,13,12,13,16,17,16,17,18,10,11,12,13,14,15,16,17,18,14,15,16,17,14,15,16,17,18,19,20,21,22,23,24,25,26,27,21,22,21,22,25,26,25,26,27,19,20,21,22,23,24,25,26,27,23,24,25,26,23,24,25,26,27,28,29,30,31,32,33,34,35,36,30,31,30,31,34,35,34,35,36,28,29,30,31,32,33,34,35,36,32,33,34,35,32,33,34,35,36],"idx_exit":[1,2,10,4,5,6,14,8,11,1,2,1,2,5,6,5,6,2,1,2,3,4,1,6,3,8,11,1,2,3,4,1,2,3,4,2,10,11,1,13,14,15,5,17,2,10,11,10,11,14,15,14,15,11,10,11,12,13,10,15,12,17,2,10,11,12,13,10,11,12,13,11,19,20,19,22,23,24,23,26,29,19,20,19,20,23,24,23,24,20,19,20,21,22,28,24,30,26,29,19,20,21,22,19,20,21,22,20,28,29,28,31,32,33,32,35,20,28,29,28,29,32,33,32,33,29,28,29,30,31,19,33,21,35,20,28,29,30,31,28,29,30,31,29],"idx_merger":[2,2,4,4,6,6,8,8,9,1,2,3,4,5,6,17,9,9,1,2,3,4,6,6,8,8,9,1,2,13,4,5,6,17,8,9,11,11,13,13,15,15,17,17,18,10,11,12,13,14,15,8,18,18,10,11,12,13,15,15,17,17,18,10,11,4,13,14,15,8,17,18,20,20,22,22,24,24,26,26,27,19,20,21,22,23,24,35,27,27,19,20,21,22,33,24,35,26,27,19,20,22,22,23,24,26,26,27,29,29,31,31,33,33,35,35,36,28,29,30,31,32,33,26,36,36,28,29,30,31,24,33,26,35,36,28,29,31,31,32,33,35,35,36]}