{"policy":"nolearning","smax":[5,1],"alpha":0.3,"beta":0.95,"gamma":1.0,"sigma":7.0,"v0":1.0,"accuracy":1.0e-8,"cost_entry":[0,10],"value_exit":[0,1],"cost_merger":[0,10],"entry":true,"exit":true,"mergers":true,"filename":"nolearning_a3s70v10","verbose":true,"firms":[1,2,3,4],"rival":[2,1,4,3],"partner":[3,4,1,2],"merger_pairs":[1,2,1,2,3,4,4,3],"outcomes":[1,0,1,0,1,0,0,0,0,0,1,0,1,0,1,0,0,0,1,0,0,1,0,0,1,0,0,0,1,1,0,0,0,0,1,0,0,0,0,0,1,1,1,1,2],"ownership":[0,3,0,3,0,0,4,4,0,1,0,1,0,0,2,2],"S":[1,1,1,1,1,1,1,1,1,0,0,1,1,0,0,1,1,1,1,1,1,1,1,1,1,1,1,0,0,0,0,1,1,1,1,1,0,1,0,1,0,1,0,1,3],"ms":9,"scale":[1.515716566510398,1.515716566510398,1.515716566510398,1.515716566510398,1.515716566510398,1.515716566510398,1.515716566510398,1.515716566510398,1.515716566510398,0.0,0.0,1.515716566510398,1.515716566510398,0.0,0.0,1.515716566510398,1.515716566510398,1.515716566510398,1.0,1.0,1.0,1.0,1.0,1.0,1.0,1.0,1.0,0.0,0.0,0.0,0.0,1.0,1.0,1.0,1.0,1.0],"D":[0.883503896520045,0.9332126553218862,0.4999544430308184,0.8457040591630849,0.8835038965169624,0.8955578943066725,0.4999544430285215,0.6258198281364774,0.49999995655387397,0.0,0.0,0.49995444637375147,0.15428352515063673,0.0,0.0,0.49995444637604863,0.37413456116107235,0.4999999603413267,0.8180714760167034,0.9332126553218862,0.8180714760146397,0.8457040591630849,0.4983322602947249,0.8955578943066725,0.49833226029525085,0.6258198281364774,0.49999995655387397,0.0,0.0,0.0,0.0,0.49833225415097193,0.10415210924797794,0.498332254150422,0.37250836300317475,0.4999999603413267],"Q":[0.722769336692662,0.9332126553218862,0.40899846915029864,0.8457040591630849,0.4402784937304946,0.8955578943066725,0.24914342763905636,0.6258198281364774,0.49999995655387397,0.0,0.0,0.0,0.0,0.0,0.0,0.2491434262351026,0.37246295608591207,0.4999999603413267,0.0,0.0,0.0,0.0,0.4402784883024649,0.0,0.24914342456692185,0.0,0.0,0.0,0.0,0.40899847188505684,0.0,0.0,0.0,0.24914342930723715,0.0,0.0,0.160734559827383,0.0,0.09095597388051974,0.0,0.002946914484002877,0.0,0.0016675908225432454,0.0,0.0,0.0,0.0,0.09095597448869462,0.15428352515063673,0.0,0.0,0.001667590833708871,0.0016716050751602823,0.0,0.09530213932404137,0.0,7.453497928424163e-5,0.0,0.05805376656423031,0.0,4.540334895737843e-5,0.0,0.0,0.0,0.0,0.0,0.0,0.05805376584850703,0.10415210924797794,4.5403348397519404e-5,4.5406917262675556e-5,0.0,0.021193964155913587,0.06678734467811377,1.657561614606256e-5,1.2415686278460603e-5,0.00038857107030027736,0.0002899964453494953,3.0389807490223145e-7,2.0378518750241535e-7,8.310479927072747e-8],"P":[-0.2894339823071773,-0.44622396108362916,-1.2300283080457246,-1.0527842882498568,-0.28943398230289863,-0.8318106749096283,-1.2300283080458587,-1.324823043008832,-1.3728594344225873,-0.0,-0.0,-1.2300283090009354,-1.34679808078646,-0.0,-0.0,-1.230028309002382,-1.2874612012931528,-1.372859434963652,-0.21476226102935145,0.06949260542676883,-0.2147622610273705,-0.5370677217394588,-0.7152355402336491,-0.31609410839923036,-0.7152355402327778,-0.8091064764984339,-0.8571428679121893,-0.0,-0.0,-0.0,-0.0,-0.7152355384724166,-0.8405341475735852,-0.7152355384712369,-0.772336185489847,-0.857142868453254],"PI":[1.0834254413782158,0.9980640341574373,0.14283111414115027,0.39150370684255437,1.0834254413782156,0.6124773201859127,0.142831114140427,0.11946495207011669,0.07142855983731639,0.0,0.0,0.1428311146186251,0.026061339440596673,0.0,0.0,0.14283111461855813,0.08539822089821433,0.07142856010784866,0.6423805961437373,0.9980640341574373,0.6423805961437373,0.39150370684255437,0.1419073168869719,0.6124773201859127,0.14190731688755587,0.11946495207011669,0.07142855983731639,0.0,0.0,0.0,0.0,0.14190731601512835,0.016608704883237877,0.14190731601555964,0.08480667485823554,0.07142856010784866],"CS":[0.5505769782097668,0.4277033913951217,1.5725111213381158,1.6548902764021878,1.1218620671073307,1.2047605664180274,2.1437962102408488,2.241983067541384,2.4280443663365117],"V":[12.779765698306274,13.622052691096137,2.5893232151519623,5.402473422432477,11.813906144593542,8.556688487604573,2.8566187703983785,2.389300565339721,1.4285711090590747,0.0,0.0,2.58932322092885,1.0507332274234389,0.0,0.0,2.856618779960942,1.7079641457337718,1.4285711144697193,8.660917780752598,13.622052691096137,7.210487712423584,5.402473422432477,2.408141459378534,8.556688487604573,2.838142845393424,2.389300565339721,1.4285711090590747,0.0,0.0,0.0,0.0,2.4081414519743154,0.9430981947824344,2.838142827953605,1.696133221722578,1.4285711144697193],"pr_entry":[0.0,0.0,0.0,0.0,0.0,0.0,0.0,0.0,0.0,0.06473307508811098,0.026268330186953136,0.0,0.0,0.07141546487743118,0.04269910328514625,0.0,0.0,0.0,0.0,0.0,0.0,0.0,0.0,0.0,0.0,0.0,0.0,0.06020353380364585,0.02357745434920868,0.07095356610363279,0.042403330180640596,0.0,0.0,0.0,0.0,0.0],"pr_exit":[0.0,0.0,0.0,0.25,0.0,0.0,0.0,0.25,0.0,0.0,0.0,0.0,0.0,0.0,0.0,0.0,0.0,0.0,0.0,0.0,0.0,0.0,0.0,0.25,0.0,0.25,0.0,0.0,0.0,0.0,0.0,0.0,0.014225456507913209,0.0,0.0,0.0],"pr_merger":[0.15810676612456498,0.0,0.02602167349753508,0.0,0.07778966991514627,0.0,0.0,0.0,0.0,0.0,0.0,0.0,0.0,0.0,0.0,0.0,0.0,0.0,0.0,0.0,0.0,0.0,0.0777896701181691,0.0,0.0,0.0,0.0,0.0,0.0,0.026021673346397746,0.0,0.0,0.0,0.0,0.0,0.0],"active_firms":[true,true,true,true,true,true,true,true,true,false,false,true,true,false,false,true,true,true,true,true,true,true,true,true,true,true,true,false,false,false,false,true,true,true,true,true,true,true,true,true,true,true,true,true,true],"active_outcomes":[1.0,1.0,1.0,1.0,1.0,1.0,1.0,1.0,1.0,0.0,0.0,0.0,0.0,0.0,0.0,1.0,1.0,1.0,0.0,0.0,0.0,0.0,1.0,0.0,1.0,0.0,0.0,0.0,0.0,1.0,0.0,0.0,0.0,1.0,0.0,0.0,1.0,0.0,1.0,0.0,1.0,0.0,1.0,0.0,0.0,0.0,0.0,1.0,1.0,0.0,0.0,1.0,1.0,0.0,1.0,0.0,1.0,0.0,1.0,0.0,1.0,0.0,0.0,0.0,0.0,0.0,0.0,1.0,1.0,1.0,1.0,0.0,1.0,1.0,1.0,1.0,1.0,1.0,1.0,1.0,1.0],"markets":[1,2,3,4,3,4,7,8,9],"marketnames":["20","21","30","31","40","41","43"],"idx_up":[1,2,3,4,5,6,7,8,9,1,2,3,4,5,6,7,8,9,1,2,3,4,5,6,7,8,9,1,2,3,4,5,6,7,8,9,1,2,3,4,5,6,7,8,9,1,2,3,4,5,6,7,8,9,1,2,3,4,5,6,7,8,9,1,2,3,4,5,6,7,8,9,1,2,3,4,5,6,7,8,9,10,11,12,13,14,15,16,17,18,10,11,12,13,14,15,16,17,18,10,11,12,13,14,15,16,17,18,10,11,12,13,14,15,16,17,18,10,11,12,13,14,15,16,17,18,10,11,12,13,14,15,16,17,18,10,11,12,13,14,15,16,17,18,10,11,12,13,14,15,16,17,18,10,11,12,13,14,15,16,17,18,19,20,21,22,23,24,25,26,27,19,20,21,22,23,24,25,26,27,19,20,21,22,23,24,25,26,27,19,20,21,22,23,24,25,26,27,19,20,21,22,23,24,25,26,27,19,20,21,22,23,24,25,26,27,19,20,21,22,23,24,25,26,27,19,20,21,22,23,24,25,26,27,19,20,21,22,23,24,25,26,27,28,29,30,31,32,33,34,35,36,28,29,30,31,32,33,34,35,36,28,29,30,31,32,33,34,35,36,28,29,30,31,32,33,34,35,36,28,29,30,31,32,33,34,35,36,28,29,30,31,32,33,34,35,36,28,29,30,31,32,33,34,35,36,28,29,30,31,32,33,34,35,36,28,29,30,31,32,33,34,35,36],"idx_entry":[1,2,3,4,5,6,7,8,9,3,4,3,4,7,8,7,8,9,1,2,3,4,5,6,7,8,9,5,6,7,8,5,6,7,8,9,10,11,12,13,14,15,16,17,18,12,13,12,13,16,17,16,17,18,10,11,12,13,14,15,16,17,18,14,15,16,17,14,15,16,17,18,19,20,21,22,23,24,25,26,27,21,22,21,22,25,26,25,26,27,19,20,21,22,23,24,25,26,27,23,24,25,26,23,24,25,26,27,28,29,30,31,32,33,34,35,36,30,31,30,31,34,35,34,35,36,28,29,30,31,32,33,34,35,36,32,33,34,35,32,33,34,35,36],"idx_exit":[1,2,10,4,5,6,14,8,11,1,2,1,2,5,6,5,6,2,1,2,3,4,1,6,3,8,11,1,2,3,4,1,2,3,4,2,10,11,1,13,14,15,5,17,2,10,11,10,11,14,15,14,15,11,10,11,12,13,10,15,12,17,2,10,11,12,13,10,11,12,13,11,19,20,19,22,23,24,23,26,29,19,20,19,20,23,24,23,24,20,19,20,21,22,28,24,30,26,29,19,20,21,22,19,20,21,22,20,28,29,28,31,32,33,32,35,20,28,29,28,29,32,33,32,33,29,28,29,30,31,19,33,21,35,20,28,29,30,31,28,29,30,31,29],"idx_merger":[2,2,4,4,6,6,8,8,9,1,2,3,4,5,6,17,9,9,1,2,3,4,6,6,8,8,9,1,2,13,4,5,6,17,8,9,11,11,13,13,15,15,17,17,18,10,11,12,13,14,15,8,18,18,10,11,12,13,15,15,17,17,18,10,11,4,13,14,15,8,17,18,20,20,22,22,24,24,26,26,27,19,20,21,22,23,24,35,27,27,19,20,21,22,33,24,35,26,27,19,20,22,22,23,24,26,26,27,29,29,31,31,33,33,35,35,36,28,29,30,31,32,33,26,36,36,28,29,30,31,24,33,26,35,36,28,29,31,31,32,33,35,35,36]}