{"policy":"nolearning","smax":[5,1],"alpha":0.5,"beta":0.95,"gamma":1.0,"sigma":1.0,"v0":1.0,"accuracy":1.0e-8,"cost_entry":[0,10],"value_exit":[0,1],"cost_merger":[0,10],"entry":true,"exit":true,"mergers":true,"filename":"nolearning_a5s10v10","verbose":true,"firms":[1,2,3,4],"rival":[2,1,4,3],"partner":[3,4,1,2],"merger_pairs":[1,2,1,2,3,4,4,3],"outcomes":[1,0,1,0,1,0,0,0,0,0,1,0,1,0,1,0,0,0,1,0,0,1,0,0,1,0,0,0,1,1,0,0,0,0,1,0,0,0,0,0,1,1,1,1,2],"ownership":[0,3,0,3,0,0,4,4,0,1,0,1,0,0,2,2],"S":[1,1,1,1,1,1,1,1,1,0,0,1,1,0,0,1,1,1,1,1,1,1,1,1,1,1,1,0,0,0,0,1,1,1,1,1,0,1,0,1,0,1,0,1,3],"ms":9,"scale":[2.0,2.0,2.0,2.0,2.0,2.0,2.0,2.0,2.0,0.0,0.0,2.0,2.0,0.0,0.0,2.0,2.0,2.0,1.0,1.0,1.0,1.0,1.0,1.0,1.0,1.0,1.0,0.0,0.0,0.0,0.0,1.0,1.0,1.0,1.0,1.0],"D":[0.4999999961221804,0.6089389666451183,0.3745863905837943,0.5002005769731138,0.49999999612081036,0.5499385847904625,0.3745863905963852,0.4336182041777626,0.43606352379059754,0.0,0.0,0.3745863935593897,0.31563816032271685,0.0,0.0,0.3745863935618687,0.3480306033099124,0.43606351733725446,0.3618962559021813,0.6089389666451183,0.361896255920604,0.5002005769731138,0.2862537422299003,0.5499385847904625,0.2862537422191027,0.4336182041777626,0.43606352379059754,0.0,0.0,0.0,0.0,0.2862537502093688,0.19748203238807657,0.2862537502225877,0.23906726740703704,0.43606351733725446],"Q":[0.18094812654772224,0.6089389666451183,0.13556141227108814,0.5002005769731138,0.1431268700045176,0.5499385847904625,0.10722675609256177,0.4336182041777626,0.43606352379059754,0.0,0.0,0.0,0.0,0.0,0.0,0.1072267599394391,0.14690218845493574,0.43606351733725446,0.0,0.0,0.0,0.0,0.1431268739942518,0.0,0.10722675909055832,0.0,0.0,0.0,0.0,0.13556141334794497,0.0,0.0,0.0,0.10722675694144251,0.0,0.0,0.31905186957445814,0.0,0.23902497831270617,0.0,0.21374625212204096,0.0,0.1601328754132651,0.0,0.0,0.0,0.0,0.23902498021144472,0.31563816032271685,0.0,0.0,0.16013287668098708,0.20112841485497665,0.0,0.18094812935445903,0.0,0.09077343030157085,0.0,0.1431268722253827,0.0,0.0718002291850984,0.0,0.0,0.0,0.0,0.0,0.0,0.14312687621511697,0.19748203238807657,0.07180023119259026,0.0921650789521013,0.0,0.3190518745233606,0.3910610333548818,0.16005378555524513,0.18416126270416927,0.21374625543868997,0.2525793828214609,0.10722675546405736,0.12618611356022372,0.12787295887214803],"P":[1.551127848191912e-8,-0.7214272001867998,-0.40105813977409177,-0.9995986852085941,1.551675853832344e-8,-0.8890405106282555,-0.40105813986778566,-1.1172032620883119,-1.1133753336292271,-0.0,-0.0,-0.40105814771777437,-0.5387846937218423,-0.0,-0.0,-0.4010581477844734,-0.4661856750653951,-1.1133753262296824,0.5671432935826776,0.27857279981320016,0.5671432935029005,0.00040131479140592674,0.40105813397427825,0.11095948937174449,0.40105813400633433,-0.11720326208831189,-0.11337533362922714,-0.0,-0.0,-0.0,-0.0,0.4010581060987706,0.24607798176534196,0.4010581060469274,0.3141766032858992,-0.11337532622968238],"PI":[0.9999999999999999,0.7785727994988058,0.5989418601753607,0.500401314863323,0.9999999999999999,0.6109594893446321,0.5989418601603963,0.3827967361472531,0.38662467629730213,0.0,0.0,0.5989418619575694,0.4612153111090329,0.0,0.0,0.5989418619365485,0.5338143248723767,0.3866246738022805,0.5671432904097838,0.7785727994988058,0.5671432904097838,0.500401314863323,0.40105813393177814,0.6109594893446321,0.4010581339258263,0.3827967361472531,0.38662467629730213,0.0,0.0,0.0,0.0,0.4010581371320088,0.24607801235305235,0.40105813713568894,0.3141766094378217,0.3866246738022805],"CS":[1.1424015733571593,1.2265737080934107,1.8322453605170477,1.979625549923419,1.5429656897342021,1.6637117647161437,2.2328094769337046,2.3576794425615972,2.74986519729682],"V":[13.373803242283191,9.16352167670024,11.978818408089788,8.246209012345815,13.373803242252281,8.44953364630779,11.978818408027568,7.655924069969084,7.732482728771243,0.0,0.0,11.978818443637962,10.31187869124877,0.0,0.0,11.978818443550551,10.676270155626751,7.732482678870905,8.711725854774846,9.163519793196183,8.711725854766156,8.24620712884176,8.021149454148839,8.449531762803739,8.021149454128132,7.65592218646503,7.732480845267192,0.0,0.0,0.0,0.0,8.021149518312466,6.0466575516898935,8.021149518325263,6.283522237202134,7.732480795366854],"pr_entry":[0.0,0.0,0.0,0.0,0.0,0.0,0.0,0.0,0.0,0.25,0.25,0.0,0.0,0.25,0.25,0.0,0.0,0.0,0.0,0.0,0.0,0.0,0.0,0.0,0.0,0.0,0.0,0.20052872055730048,0.15116642569809696,0.20052872055762042,0.15708804283590297,0.0,0.0,0.0,0.0,0.0],"pr_exit":[0.0,0.0,0.0,0.25,0.0,0.0,0.0,0.25,0.0,0.0,0.0,0.0,0.0,0.0,0.0,0.0,0.0,0.0,0.0,0.0,0.0,0.0,0.0,0.25,0.0,0.25,0.0,0.0,0.0,0.0,0.0,0.0,0.0,0.0,0.0,0.0],"pr_merger":[0.0,0.0,0.0,0.0,0.0,0.0,0.0,0.0,0.0,0.0,0.0,0.0,0.0,0.0,0.0,0.0,0.0,0.0,0.0,0.0,0.0,0.0,0.0,0.0,0.0,0.0,0.0,0.0,0.0,0.0,0.0,0.0,0.0,0.0,0.0,0.0],"active_firms":[true,true,true,true,true,true,true,true,true,false,false,true,true,false,false,true,true,true,true,true,true,true,true,true,true,true,true,false,false,false,false,true,true,true,true,true,true,true,true,true,true,true,true,true,true],"active_outcomes":[1.0,1.0,1.0,1.0,1.0,1.0,1.0,1.0,1.0,0.0,0.0,0.0,0.0,0.0,0.0,1.0,1.0,1.0,0.0,0.0,0.0,0.0,1.0,0.0,1.0,0.0,0.0,0.0,0.0,1.0,0.0,0.0,0.0,1.0,0.0,0.0,1.0,0.0,1.0,0.0,1.0,0.0,1.0,0.0,0.0,0.0,0.0,1.0,1.0,0.0,0.0,1.0,1.0,0.0,1.0,0.0,1.0,0.0,1.0,0.0,1.0,0.0,0.0,0.0,0.0,0.0,0.0,1.0,1.0,1.0,1.0,0.0,1.0,1.0,1.0,1.0,1.0,1.0,1.0,1.0,1.0],"markets":[1,2,3,4,3,4,7,8,9],"marketnames":["20","21","30","31","40","41","43"],"idx_up":[1,2,3,4,5,6,7,8,9,1,2,3,4,5,6,7,8,9,1,2,3,4,5,6,7,8,9,1,2,3,4,5,6,7,8,9,1,2,3,4,5,6,7,8,9,1,2,3,4,5,6,7,8,9,1,2,3,4,5,6,7,8,9,1,2,3,4,5,6,7,8,9,1,2,3,4,5,6,7,8,9,10,11,12,13,14,15,16,17,18,10,11,12,13,14,15,16,17,18,10,11,12,13,14,15,16,17,18,10,11,12,13,14,15,16,17,18,10,11,12,13,14,15,16,17,18,10,11,12,13,14,15,16,17,18,10,11,12,13,14,15,16,17,18,10,11,12,13,14,15,16,17,18,10,11,12,13,14,15,16,17,18,19,20,21,22,23,24,25,26,27,19,20,21,22,23,24,25,26,27,19,20,21,22,23,24,25,26,27,19,20,21,22,23,24,25,26,27,19,20,21,22,23,24,25,26,27,19,20,21,22,23,24,25,26,27,19,20,21,22,23,24,25,26,27,19,20,21,22,23,24,25,26,27,19,20,21,22,23,24,25,26,27,28,29,30,31,32,33,34,35,36,28,29,30,31,32,33,34,35,36,28,29,30,31,32,33,34,35,36,28,29,30,31,32,33,34,35,36,28,29,30,31,32,33,34,35,36,28,29,30,31,32,33,34,35,36,28,29,30,31,32,33,34,35,36,28,29,30,31,32,33,34,35,36,28,29,30,31,32,33,34,35,36],"idx_entry":[1,2,3,4,5,6,7,8,9,3,4,3,4,7,8,7,8,9,1,2,3,4,5,6,7,8,9,5,6,7,8,5,6,7,8,9,10,11,12,13,14,15,16,17,18,12,13,12,13,16,17,16,17,18,10,11,12,13,14,15,16,17,18,14,15,16,17,14,15,16,17,18,19,20,21,22,23,24,25,26,27,21,22,21,22,25,26,25,26,27,19,20,21,22,23,24,25,26,27,23,24,25,26,23,24,25,26,27,28,29,30,31,32,33,34,35,36,30,31,30,31,34,35,34,35,36,28,29,30,31,32,33,34,35,36,32,33,34,35,32,33,34,35,36],"idx_exit":[1,2,10,4,5,6,14,8,11,1,2,1,2,5,6,5,6,2,1,2,3,4,1,6,3,8,11,1,2,3,4,1,2,3,4,2,10,11,1,13,14,15,5,17,2,10,11,10,11,14,15,14,15,11,10,11,12,13,10,15,12,17,2,10,11,12,13,10,11,12,13,11,19,20,19,22,23,24,23,26,29,19,20,19,20,23,24,23,24,20,19,20,21,22,28,24,30,26,29,19,20,21,22,19,20,21,22,20,28,29,28,31,32,33,32,35,20,28,29,28,29,32,33,32,33,29,28,29,30,31,19,33,21,35,20,28,29,30,31,28,29,30,31,29],"idx_merger":[2,2,4,4,6,6,8,8,9,1,2,3,4,5,6,17,9,9,1,2,3,4,6,6,8,8,9,1,2,13,4,5,6,17,8,9,11,11,13,13,15,15,17,17,18,10,11,12,13,14,15,8,18,18,10,11,12,13,15,15,17,17,18,10,11,4,13,14,15,8,17,18,20,20,22,22,24,24,26,26,27,19,20,21,22,23,24,35,27,27,19,20,21,22,33,24,35,26,27,19,20,22,22,23,24,26,26,27,29,29,31,31,33,33,35,35,36,28,29,30,31,32,33,26,36,36,28,29,30,31,24,33,26,35,36,28,29,31,31,32,33,35,35,36]}