{"policy":"nolearning","smax":[5,1],"alpha":0.1,"beta":0.95,"gamma":1.0,"sigma":4.0,"v0":1.0,"accuracy":1.0e-8,"cost_entry":[0,10],"value_exit":[0,1],"cost_merger":[0,10],"entry":true,"exit":true,"mergers":true,"filename":"nolearning_a1s40v10","verbose":true,"firms":[1,2,3,4],"rival":[2,1,4,3],"partner":[3,4,1,2],"merger_pairs":[1,2,1,2,3,4,4,3],"outcomes":[1,0,1,0,1,0,0,0,0,0,1,0,1,0,1,0,0,0,1,0,0,1,0,0,1,0,0,0,1,1,0,0,0,0,1,0,0,0,0,0,1,1,1,1,2],"ownership":[0,3,0,3,0,0,4,4,0,1,0,1,0,0,2,2],"S":[1,1,1,1,1,1,1,1,1,0,0,1,1,0,0,1,1,1,1,1,1,1,1,1,1,1,1,0,0,0,0,1,1,1,1,1,0,1,0,1,0,1,0,1,3],"ms":9,"scale":[1.148698354997035,1.148698354997035,1.148698354997035,1.148698354997035,1.148698354997035,1.148698354997035,1.148698354997035,1.148698354997035,1.148698354997035,0.0,0.0,1.148698354997035,1.148698354997035,0.0,0.0,1.148698354997035,1.148698354997035,1.148698354997035,1.0,1.0,1.0,1.0,1.0,1.0,1.0,1.0,1.0,0.0,0.0,0.0,0.0,1.0,1.0,1.0,1.0,1.0],"D":[0.7243974254783401,0.8536196142139283,0.48310646462950196,0.7577413691372427,0.7243974254778023,0.7793362326543188,0.48310646462991386,0.6104928100988288,0.49965883325025146,0.0,0.0,0.48310647033682896,0.23355823421465238,0.0,0.0,0.48310647033648385,0.3711165389608102,0.4996588297607016,0.6882734745170378,0.8536196142139283,0.6882734745211093,0.7577413691372427,0.4713768114421273,0.7793362326543188,0.47137681144180726,0.6104928100988288,0.49965883325025146,0.0,0.0,0.0,0.0,0.47137680641495316,0.20726140815514912,0.47137680641555185,0.35832460726682047,0.4996588297607016],"Q":[0.49858353296517416,0.8536196142139283,0.33250936497415673,0.7577413691372427,0.3414641486386125,0.7793362326543188,0.227725184884173,0.6104928100988288,0.49965883325025146,0.0,0.0,0.0,0.0,0.0,0.0,0.22772518514590126,0.34140624748697146,0.4996588297607016,0.0,0.0,0.0,0.0,0.3414641449969405,0.0,0.22772518245595652,0.0,0.0,0.0,0.0,0.3325093689023585,0.0,0.0,0.0,0.2277251875741178,0.0,0.0,0.22581389251316591,0.0,0.15059709965534523,0.0,0.041469131842249325,0.0,0.027656097289784295,0.0,0.0,0.0,0.0,0.15059710143447044,0.23355823421465238,0.0,0.0,0.027656097616464783,0.02971029147383877,0.0,0.1896899415518637,0.0,0.023254740644594086,0.0,0.1299126628035148,0.0,0.015926438983516502,0.0,0.0,0.0,0.0,0.0,0.0,0.12991266141801264,0.20726140815514912,0.015926438813694082,0.016918359779848995,0.0,0.08591263296979616,0.14638038578607165,0.010532324389074975,0.008700396648104881,0.015777250300670176,0.013402359190532145,0.0019341872363918674,0.0014722911605118368,0.000682336989046948],"P":[-0.24159507284650245,-0.29475881028219086,-0.665039753773503,-0.6327208661730767,-0.24159507284582904,-0.5822256553934728,-0.665039753774209,-0.8277800170489882,-0.8988688220441758,-0.0,-0.0,-0.6650397567269549,-0.8225157066805266,-0.0,-0.0,-0.6650397567272692,-0.7511684250123416,-0.8988688211711927,-0.19801499210810192,-0.14606045528515577,-0.198014992112846,-0.48402251117604156,-0.5270733380083608,-0.4335273003964377,-0.5270733380094075,-0.6790816620519531,-0.7501704670471407,-0.0,-0.0,-0.0,-0.0,-0.5270733353421423,-0.6846375218564806,-0.5270733353436763,-0.6103949024365333,-0.7501704661741576],"PI":[0.6571032822327982,0.7289395447215029,0.23365859692475072,0.39097748882546257,0.6571032822327981,0.4414726996105619,0.23365859692460886,0.19591833794614877,0.12482953294668091,0.0,0.0,0.23365859825831675,0.07618264337226267,0.0,0.0,0.233658598257998,0.14752993174925266,0.12482953251108202,0.5519850078923306,0.7289395447215029,0.5519850078923307,0.39097748882546257,0.2229266619755876,0.4414726996105619,0.22292666197494285,0.19591833794614877,0.12482953294668091,0.0,0.0,0.0,0.0,0.22292666085489646,0.06536247129932327,0.2229266608544565,0.1396050935735805,0.12482953251108202],"CS":[0.6136060987001151,0.5523071839383762,1.1383265593731124,1.2580171837691145,1.0372965577309026,1.1500016502446706,1.5620170184028321,1.7021543878565424,1.995783520970026],"V":[7.494370455628533,8.574769143632254,4.673161538064792,5.5953933918101,7.307374747862069,5.963345324144889,4.673161538063919,3.9183626157575184,2.4965868953846555,0.0,0.0,4.673161564733557,2.3371813647114914,0.0,0.0,4.673161564731549,2.9505932341711834,2.4965868866726906,6.7440600424668435,8.574769143632254,6.569362568952282,5.5953933918101,4.386519548970482,5.963345324144889,4.458523301450923,3.9183626157575184,2.4965868953846555,0.0,0.0,0.0,0.0,4.386519532834041,2.1738024055445555,4.458523279041336,2.792096773223825,2.4965868866726906],"pr_entry":[0.0,0.0,0.0,0.0,0.0,0.0,0.0,0.0,0.0,0.11682902543356458,0.058429525537671625,0.0,0.0,0.1168290254335145,0.07376482374794555,0.0,0.0,0.0,0.0,0.0,0.0,0.0,0.0,0.0,0.0,0.0,0.0,0.10966296393609598,0.05434505194125485,0.11146306889965471,0.06980241262237485,0.0,0.0,0.0,0.0,0.0],"pr_exit":[0.0,0.0,0.0,0.25,0.0,0.0,0.0,0.25,0.0,0.0,0.0,0.0,0.0,0.0,0.0,0.0,0.0,0.0,0.0,0.0,0.0,0.0,0.0,0.25,0.0,0.25,0.0,0.0,0.0,0.0,0.0,0.0,0.0,0.0,0.0,0.0],"pr_merger":[0.0727039021080034,0.0,0.0,0.0,0.0057610571678021975,0.0,0.0,0.0,0.0,0.0,0.0,0.0,0.0,0.0,0.0,0.0,0.0,0.0,0.0,0.0,0.0,0.0,0.005761057589535224,0.0,0.0,0.0,0.0,0.0,0.0,0.0,0.0,0.0,0.0,0.0,0.0,0.0],"active_firms":[true,true,true,true,true,true,true,true,true,false,false,true,true,false,false,true,true,true,true,true,true,true,true,true,true,true,true,false,false,false,false,true,true,true,true,true,true,true,true,true,true,true,true,true,true],"active_outcomes":[1.0,1.0,1.0,1.0,1.0,1.0,1.0,1.0,1.0,0.0,0.0,0.0,0.0,0.0,0.0,1.0,1.0,1.0,0.0,0.0,0.0,0.0,1.0,0.0,1.0,0.0,0.0,0.0,0.0,1.0,0.0,0.0,0.0,1.0,0.0,0.0,1.0,0.0,1.0,0.0,1.0,0.0,1.0,0.0,0.0,0.0,0.0,1.0,1.0,0.0,0.0,1.0,1.0,0.0,1.0,0.0,1.0,0.0,1.0,0.0,1.0,0.0,0.0,0.0,0.0,0.0,0.0,1.0,1.0,1.0,1.0,0.0,1.0,1.0,1.0,1.0,1.0,1.0,1.0,1.0,1.0],"markets":[1,2,3,4,3,4,7,8,9],"marketnames":["20","21","30","31","40","41","43"],"idx_up":[1,2,3,4,5,6,7,8,9,1,2,3,4,5,6,7,8,9,1,2,3,4,5,6,7,8,9,1,2,3,4,5,6,7,8,9,1,2,3,4,5,6,7,8,9,1,2,3,4,5,6,7,8,9,1,2,3,4,5,6,7,8,9,1,2,3,4,5,6,7,8,9,1,2,3,4,5,6,7,8,9,10,11,12,13,14,15,16,17,18,10,11,12,13,14,15,16,17,18,10,11,12,13,14,15,16,17,18,10,11,12,13,14,15,16,17,18,10,11,12,13,14,15,16,17,18,10,11,12,13,14,15,16,17,18,10,11,12,13,14,15,16,17,18,10,11,12,13,14,15,16,17,18,10,11,12,13,14,15,16,17,18,19,20,21,22,23,24,25,26,27,19,20,21,22,23,24,25,26,27,19,20,21,22,23,24,25,26,27,19,20,21,22,23,24,25,26,27,19,20,21,22,23,24,25,26,27,19,20,21,22,23,24,25,26,27,19,20,21,22,23,24,25,26,27,19,20,21,22,23,24,25,26,27,19,20,21,22,23,24,25,26,27,28,29,30,31,32,33,34,35,36,28,29,30,31,32,33,34,35,36,28,29,30,31,32,33,34,35,36,28,29,30,31,32,33,34,35,36,28,29,30,31,32,33,34,35,36,28,29,30,31,32,33,34,35,36,28,29,30,31,32,33,34,35,36,28,29,30,31,32,33,34,35,36,28,29,30,31,32,33,34,35,36],"idx_entry":[1,2,3,4,5,6,7,8,9,3,4,3,4,7,8,7,8,9,1,2,3,4,5,6,7,8,9,5,6,7,8,5,6,7,8,9,10,11,12,13,14,15,16,17,18,12,13,12,13,16,17,16,17,18,10,11,12,13,14,15,16,17,18,14,15,16,17,14,15,16,17,18,19,20,21,22,23,24,25,26,27,21,22,21,22,25,26,25,26,27,19,20,21,22,23,24,25,26,27,23,24,25,26,23,24,25,26,27,28,29,30,31,32,33,34,35,36,30,31,30,31,34,35,34,35,36,28,29,30,31,32,33,34,35,36,32,33,34,35,32,33,34,35,36],"idx_exit":[1,2,10,4,5,6,14,8,11,1,2,1,2,5,6,5,6,2,1,2,3,4,1,6,3,8,11,1,2,3,4,1,2,3,4,2,10,11,1,13,14,15,5,17,2,10,11,10,11,14,15,14,15,11,10,11,12,13,10,15,12,17,2,10,11,12,13,10,11,12,13,11,19,20,19,22,23,24,23,26,29,19,20,19,20,23,24,23,24,20,19,20,21,22,28,24,30,26,29,19,20,21,22,19,20,21,22,20,28,29,28,31,32,33,32,35,20,28,29,28,29,32,33,32,33,29,28,29,30,31,19,33,21,35,20,28,29,30,31,28,29,30,31,29],"idx_merger":[2,2,4,4,6,6,8,8,9,1,2,3,4,5,6,17,9,9,1,2,3,4,6,6,8,8,9,1,2,13,4,5,6,17,8,9,11,11,13,13,15,15,17,17,18,10,11,12,13,14,15,8,18,18,10,11,12,13,15,15,17,17,18,10,11,4,13,14,15,8,17,18,20,20,22,22,24,24,26,26,27,19,20,21,22,23,24,35,27,27,19,20,21,22,33,24,35,26,27,19,20,22,22,23,24,26,26,27,29,29,31,31,33,33,35,35,36,28,29,30,31,32,33,26,36,36,28,29,30,31,24,33,26,35,36,28,29,31,31,32,33,35,35,36]}