{"policy":"nolearning","smax":[5,1],"alpha":0.1,"beta":0.95,"gamma":1.0,"sigma":2.0,"v0":1.0,"accuracy":1.0e-8,"cost_entry":[0,10],"value_exit":[0,1],"cost_merger":[0,10],"entry":true,"exit":true,"mergers":true,"filename":"nolearning_a1s20v10","verbose":true,"firms":[1,2,3,4],"rival":[2,1,4,3],"partner":[3,4,1,2],"merger_pairs":[1,2,1,2,3,4,4,3],"outcomes":[1,0,1,0,1,0,0,0,0,0,1,0,1,0,1,0,0,0,1,0,0,1,0,0,1,0,0,0,1,1,0,0,0,0,1,0,0,0,0,0,1,1,1,1,2],"ownership":[0,3,0,3,0,0,4,4,0,1,0,1,0,0,2,2],"S":[1,1,1,1,1,1,1,1,1,0,0,1,1,0,0,1,1,1,1,1,1,1,1,1,1,1,1,0,0,0,0,1,1,1,1,1,0,1,0,1,0,1,0,1,3],"ms":9,"scale":[1.148698354997035,1.148698354997035,1.148698354997035,1.148698354997035,1.148698354997035,1.148698354997035,1.148698354997035,1.148698354997035,1.148698354997035,0.0,0.0,1.148698354997035,1.148698354997035,0.0,0.0,1.148698354997035,1.148698354997035,1.148698354997035,1.0,1.0,1.0,1.0,1.0,1.0,1.0,1.0,1.0,0.0,0.0,0.0,0.0,1.0,1.0,1.0,1.0,1.0],"D":[0.5357662148859079,0.7072165168280724,0.3958582505503446,0.5283585148158687,0.5357662148556915,0.6280212802501351,0.39585825056490376,0.4554677690623778,0.47792700362649276,0.0,0.0,0.3958582469172367,0.35582968786257285,0.0,0.0,0.3958582468934903,0.389198807720574,0.47792699931406313,0.5000000000078056,0.7072165168280724,0.5000000000071746,0.6402344611272504,0.3745863905809962,0.6280212802501351,0.3745863905893043,0.5440677088612449,0.47792700362649276,0.0,0.0,0.0,0.0,0.37458639355717904,0.24632835457145744,0.37458639355035805,0.2928904682603217,0.47792699931406313],"Q":[0.267883107447136,0.7072165168280724,0.19792912527801243,0.5283585148158687,0.20069073261803602,0.6280212802501351,0.14828311326410373,0.4554677690623778,0.47792700362649276,0.0,0.0,0.0,0.0,0.0,0.0,0.14828311306099975,0.19310442558085256,0.47792699931406313,0.0,0.0,0.0,0.0,0.20069073421257425,0.0,0.1482831144362613,0.0,0.0,0.0,0.0,0.19792912346145847,0.11187594631138169,0.0,0.0,0.1482831118888422,0.08859993979886713,0.0,0.267883107438772,0.0,0.19792912527233217,0.0,0.1343847480250813,0.0,0.09929202286453878,0.0,0.0,0.0,0.0,0.1979291234557782,0.24395374155119118,0.0,0.0,0.09929202194364833,0.1074944423408544,0.0,0.23211689256066967,0.0,0.1041417512677037,0.0,0.1738956579629602,0.0,0.07802016543635835,0.0,0.0,0.0,0.0,0.0,0.0,0.17389565934460482,0.24632835457145744,0.07802016605309701,0.09978604267946915,0.0,0.23211689255342238,0.2927834831719276,0.104141751264715,0.11581179732155833,0.11644246783674339,0.12565036517840736,0.052243171052150594,0.05554738053757905,0.04414599705944408],"P":[-0.07165481354924541,-0.2948250514309936,-0.32107802470216745,-1.1486983051385857,-0.07165481348850179,-0.30453544067145544,-0.3210780246985023,-1.148698281865241,-0.6698381156590394,-0.0,-0.0,-0.32107802011326736,-0.37250609343305763,-0.0,-0.0,-0.32107802006121916,-0.33010139357085155,-0.6698381134032401,-1.5611295687115143e-11,-0.14612669643395848,-1.4349217363435723e-11,0.3897939941524299,-0.20052906987332664,-0.5,-0.20052906988738042,0.09665398446832428,-0.5211397606620043,-0.0,-0.0,-0.0,-0.0,-0.2005290738459521,-0.3365811251467271,-0.20052907383981153,-0.29289598034561654,-0.521139758406205],"PI":[0.5770435414687958,0.6038733035604552,0.32762033607042473,2.6343136259685786e-8,0.5770435414687958,0.5301522741944357,0.327620336083925,3.3309175140874804e-8,0.22886023934267347,0.0,0.0,0.32762033488014464,0.2761922501536546,0.0,0.0,0.3276203348810954,0.3185969613907554,0.22886023835572977,0.5,0.6038733035604552,0.5,0.8897940089240698,0.2994709300905824,0.3140106401250676,0.29947093009196013,0.5966540207432365,0.22886023934267347,0.0,0.0,0.0,0.0,0.2994709309818626,0.16341887983425435,0.2994709309787096,0.2071040274253281,0.22886023835572977],"CS":[0.7302570934955934,0.7580019904349014,1.1310011574712524,1.2217354573933532,1.0751789831329481,1.1809670905670582,1.4759230471226918,1.5891004957495969,1.9067001017164287],"V":[7.765933417428463,2.95150295539988,6.540015051998748,2.3814811784241027e-6,7.765431864799012,2.633209313457841,6.552398431709947,2.4284302907799343e-6,4.577199527093234,0.0,0.0,6.540015030318367,6.086135572987663,0.0,0.0,6.552398407653404,6.371931214706415,4.577199507354387,7.039684913276831,12.495763293768878,7.03738937300072,13.908743433172825,5.989410947436581,10.52920558316723,5.9894109474432815,11.933063642143743,4.577199298971243,0.0,0.0,0.0,0.0,5.989410965193578,3.92509648608727,5.989410965178245,4.142075728159657,4.577199279232398],"pr_entry":[0.0,0.0,0.0,0.0,0.0,0.0,0.0,0.0,0.0,0.16350036471188278,0.15215337834350134,0.0,0.0,0.16380994928348175,0.15929826982409628,0.0,0.0,0.0,0.0,0.0,0.0,0.0,0.0,0.0,0.0,0.0,0.0,0.14973526405826582,0.09812740545058643,0.14973526405788257,0.10355188686142971,0.0,0.0,0.0,0.0,0.0],"pr_exit":[0.0,0.0,0.0,0.0,0.0,0.0,0.0,0.0,0.0,0.0,0.0,0.0,0.0,0.0,0.0,0.0,0.0,0.0,0.0,0.0,0.0,0.0,0.0,0.0,0.0,0.0,0.0,0.0,0.0,0.0,0.0,0.0,0.0,0.0,0.0,0.0],"pr_merger":[0.013537549806629556,0.0,0.00704553050865322,0.0,0.0,0.0,0.0,0.0,0.0,0.0,0.0,0.0,0.0,0.0,0.0,0.0,0.0,0.0,0.0,0.0,0.0,0.0,0.0,0.0,0.0,0.0,0.0,0.0,0.0,0.007045531059557564,0.0,0.0,0.0,0.0,0.0,0.0],"active_firms":[true,true,true,true,true,true,true,true,true,false,false,true,true,false,false,true,true,true,true,true,true,true,true,true,true,true,true,false,false,false,false,true,true,true,true,true,true,true,true,true,true,true,true,true,true],"active_outcomes":[1.0,1.0,1.0,1.0,1.0,1.0,1.0,1.0,1.0,0.0,0.0,0.0,0.0,0.0,0.0,1.0,1.0,1.0,0.0,0.0,0.0,0.0,1.0,0.0,1.0,0.0,0.0,0.0,0.0,1.0,1.0,0.0,0.0,1.0,1.0,0.0,1.0,0.0,1.0,0.0,1.0,0.0,1.0,0.0,0.0,0.0,0.0,1.0,1.0,0.0,0.0,1.0,1.0,0.0,1.0,0.0,1.0,0.0,1.0,0.0,1.0,0.0,0.0,0.0,0.0,0.0,0.0,1.0,1.0,1.0,1.0,0.0,1.0,1.0,1.0,1.0,1.0,1.0,1.0,1.0,1.0],"markets":[1,2,3,4,3,4,7,8,9],"marketnames":["20","21","30","31","40","41","43"],"idx_up":[1,2,3,4,5,6,7,8,9,1,2,3,4,5,6,7,8,9,1,2,3,4,5,6,7,8,9,1,2,3,4,5,6,7,8,9,1,2,3,4,5,6,7,8,9,1,2,3,4,5,6,7,8,9,1,2,3,4,5,6,7,8,9,1,2,3,4,5,6,7,8,9,1,2,3,4,5,6,7,8,9,10,11,12,13,14,15,16,17,18,10,11,12,13,14,15,16,17,18,10,11,12,13,14,15,16,17,18,10,11,12,13,14,15,16,17,18,10,11,12,13,14,15,16,17,18,10,11,12,13,14,15,16,17,18,10,11,12,13,14,15,16,17,18,10,11,12,13,14,15,16,17,18,10,11,12,13,14,15,16,17,18,19,20,21,22,23,24,25,26,27,19,20,21,22,23,24,25,26,27,19,20,21,22,23,24,25,26,27,19,20,21,22,23,24,25,26,27,19,20,21,22,23,24,25,26,27,19,20,21,22,23,24,25,26,27,19,20,21,22,23,24,25,26,27,19,20,21,22,23,24,25,26,27,19,20,21,22,23,24,25,26,27,28,29,30,31,32,33,34,35,36,28,29,30,31,32,33,34,35,36,28,29,30,31,32,33,34,35,36,28,29,30,31,32,33,34,35,36,28,29,30,31,32,33,34,35,36,28,29,30,31,32,33,34,35,36,28,29,30,31,32,33,34,35,36,28,29,30,31,32,33,34,35,36,28,29,30,31,32,33,34,35,36],"idx_entry":[1,2,3,4,5,6,7,8,9,3,4,3,4,7,8,7,8,9,1,2,3,4,5,6,7,8,9,5,6,7,8,5,6,7,8,9,10,11,12,13,14,15,16,17,18,12,13,12,13,16,17,16,17,18,10,11,12,13,14,15,16,17,18,14,15,16,17,14,15,16,17,18,19,20,21,22,23,24,25,26,27,21,22,21,22,25,26,25,26,27,19,20,21,22,23,24,25,26,27,23,24,25,26,23,24,25,26,27,28,29,30,31,32,33,34,35,36,30,31,30,31,34,35,34,35,36,28,29,30,31,32,33,34,35,36,32,33,34,35,32,33,34,35,36],"idx_exit":[1,2,10,10,5,6,14,14,15,1,2,1,2,5,6,5,6,6,1,2,3,4,1,1,3,3,13,1,2,3,4,1,2,3,4,4,10,11,1,1,14,15,5,5,6,10,11,10,11,14,15,14,15,15,10,11,12,13,10,10,12,12,4,10,11,12,13,10,11,12,13,13,19,20,19,19,23,24,23,23,33,19,20,19,20,23,24,23,24,24,19,20,21,22,28,28,30,30,31,19,20,21,22,19,20,21,22,22,28,29,28,28,32,33,32,32,24,28,29,28,29,32,33,32,33,33,28,29,30,31,19,19,21,21,22,28,29,30,31,28,29,30,31,31],"idx_merger":[2,2,4,4,6,6,8,8,9,1,2,3,4,5,6,17,9,9,1,2,3,4,6,6,8,8,9,1,2,13,4,5,6,17,8,9,11,11,13,13,15,15,17,17,18,10,11,12,13,14,15,8,18,18,10,11,12,13,15,15,17,17,18,10,11,4,13,14,15,8,17,18,20,20,22,22,24,24,26,26,27,19,20,21,22,23,24,35,27,27,19,20,21,22,33,24,35,26,27,19,20,22,22,23,24,26,26,27,29,29,31,31,33,33,35,35,36,28,29,30,31,32,33,26,36,36,28,29,30,31,24,33,26,35,36,28,29,31,31,32,33,35,35,36]}