{"policy":"nolearning","smax":[5,1],"alpha":0.3,"beta":0.95,"gamma":1.0,"sigma":9.0,"v0":1.0,"accuracy":1.0e-8,"cost_entry":[0,10],"value_exit":[0,1],"cost_merger":[0,10],"entry":true,"exit":true,"mergers":true,"filename":"nolearning_a3s90v10","verbose":true,"firms":[1,2,3,4],"rival":[2,1,4,3],"partner":[3,4,1,2],"merger_pairs":[1,2,1,2,3,4,4,3],"outcomes":[1,0,1,0,1,0,0,0,0,0,1,0,1,0,1,0,0,0,1,0,0,1,0,0,1,0,0,0,1,1,0,0,0,0,1,0,0,0,0,0,1,1,1,1,2],"ownership":[0,3,0,3,0,0,4,4,0,1,0,1,0,0,2,2],"S":[1,1,1,1,1,1,1,1,1,0,0,1,1,0,0,1,1,1,1,1,1,1,1,1,1,1,1,0,0,0,0,1,1,1,1,1,0,1,0,1,0,1,0,1,3],"ms":9,"scale":[1.515716566510398,1.515716566510398,1.515716566510398,1.515716566510398,1.515716566510398,1.515716566510398,1.515716566510398,1.515716566510398,1.515716566510398,0.0,0.0,1.515716566510398,1.515716566510398,0.0,0.0,1.515716566510398,1.515716566510398,1.515716566510398,1.0,1.0,1.0,1.0,1.0,1.0,1.0,1.0,1.0,0.0,0.0,0.0,0.0,1.0,1.0,1.0,1.0,1.0],"D":[0.9115708021683646,0.9492701745199392,0.4999977980668935,0.7100614531396462,0.9115708021792646,0.9187277569343009,0.4999977980754695,0.5577149536261892,0.5000000018845879,0.0,0.0,0.4999978050271156,0.2899379809219311,0.0,0.0,0.4999978050185393,0.4422825478959696,0.4999999975727837,0.8607022208260954,0.9492701745199392,0.8607022208223766,0.883708384799235,0.4997723426544548,0.9187277569343009,0.4997723426564501,0.650550154274451,0.5000000018845879,0.0,0.0,0.0,0.0,0.4997723385857963,0.08124246953157985,0.4997723385837832,0.34924946305840404,0.4999999975727837],"Q":[0.7845910138665367,0.9492701745199392,0.4303492152024733,0.7100614531396462,0.45557787530053157,0.9187277569343009,0.24988507086724407,0.5577149536261892,0.5000000018845879,0.0,0.0,0.0,0.0,0.0,0.0,0.24988507230087384,0.34924696601324795,0.4999999975727837,0.0,0.0,0.0,0.0,0.4555778715916613,0.0,0.24988506883091963,0.0,0.0,0.0,0.0,0.430349221193152,0.1736469316595888,0.0,0.0,0.2498850743371983,0.09283520064826176,0.0,0.12697978830182785,0.0,0.06964858286442013,0.0,0.0004150552870716253,0.0,0.0002276583773058391,0.0,0.0,0.0,0.0,0.06964858383396362,0.11629104926234234,0.0,0.0,0.00022765838046714943,0.0002003812344598986,0.0,0.07611120695955861,0.0,3.7844267512332655e-6,0.0,0.04419446735392323,0.0,2.1974520076868897e-6,0.0,0.0,0.0,0.0,0.0,0.0,0.04419446699413501,0.08124246953157985,2.1974519897797603e-6,2.49704515611138e-6,0.0,0.012317990872076641,0.050729825480060775,6.124792398043241e-7,5.659384226119657e-7,4.026347267733255e-5,2.977353411938818e-5,2.001993782746761e-9,1.43268529028461e-9,5.426284593271816e-10],"P":[-0.2592185622580238,-0.42059047439971065,-1.2934953182010027,-1.5157165315977807,-0.25921856227304785,-0.6485694707748504,-1.2934953181975561,-1.5157165117242104,-1.4046054549422717,-0.0,-0.0,-1.2934953197477257,-1.3592357081915136,-0.0,-0.0,-1.2934953197404675,-1.3164918327392146,-1.4046054544631823,-0.20234829488960776,0.09512609211068734,-0.20234829488616116,-0.04454755725321842,-0.7778789127203859,-0.5,-0.7778789127164824,-0.6820399377528404,-0.8888888884318737,-0.0,-0.0,-0.0,-0.0,-0.7778789118158277,-0.8790637256783896,-0.7778789118110332,-0.8292569850584525,-0.8888888879527843],"PI":[1.145386893659286,1.0395705365792511,0.11111013483837401,2.479010373151053e-8,1.1453868936592861,0.7966721061972131,0.11111013484200306,3.055507606920866e-8,0.055555555993461785,0.0,0.0,0.11111013561172517,0.0453697441139081,0.0,0.0,0.11111013561344842,0.08811362285621523,0.05555555575391714,0.6865405940342363,1.0395705365792511,0.6865405940342365,0.8443413349322418,0.11100997614268736,0.45936387846715043,0.11100997614508144,0.2068489675480037,0.055555555993461785,0.0,0.0,0.0,0.0,0.11100997569102568,0.009825161581836212,0.11100997569297469,0.059631906289308534,0.05555555575391714],"CS":[0.4885216014156362,0.36321370444816736,1.5895278654776637,1.6302736256761436,1.1244517650227681,1.189952527590348,2.225458029064367,2.2945997111847203,2.447527049746447],"V":[14.826128828077417,12.783033946165823,2.0649084456386912,4.226988565835998e-6,15.355439242640324,10.578351301197827,2.2222009771421116,4.3005916702276575e-6,1.1111121047422943,0.0,0.0,2.0649084536140068,1.2165481336125892,0.0,0.0,2.222200992570986,1.7622718569686338,1.111112099951413,9.376943184859458,16.729300611693244,8.288626297686166,12.276025038633929,2.075995648236056,11.448916928353002,2.220196552744782,4.136971715060775,1.1111108494073576,0.0,0.0,0.0,0.0,2.0759956455728465,0.6503991319276775,2.2201965437026696,1.1926376568747878,1.1111108446164772],"pr_entry":[0.0,0.0,0.0,0.0,0.0,0.0,0.0,0.0,0.0,0.05162270939375628,0.030413702270024028,0.0,0.0,0.055555022551514135,0.04405679563453733,0.0,0.0,0.0,0.0,0.0,0.0,0.0,0.0,0.0,0.0,0.0,0.0,0.05189989031417295,0.016259977438271185,0.05550490968446566,0.029815940804881036,0.0,0.0,0.0,0.0,0.0],"pr_exit":[0.0,0.0,0.0,0.0,0.0,0.0,0.0,0.0,0.0,0.0,0.0,0.0,0.0,0.0,0.0,0.0,0.0,0.0,0.0,0.0,0.0,0.0,0.0,0.0,0.0,0.0,0.0,0.0,0.0,0.0,0.0,0.0,0.08740022561728814,0.0,0.0,0.0],"pr_merger":[0.14350927001228792,0.0,0.05019795056691386,0.0,0.1288656378289848,0.0,0.0,0.0,0.0,0.0,0.0,0.0,0.0,0.0,0.0,0.0,0.0,0.0,0.0,0.0,0.0,0.0,0.12886563790442448,0.0,0.0,0.0,0.0,0.0,0.0,0.050197950357188256,0.0,0.0,0.0,0.0,0.0,0.0],"active_firms":[true,true,true,true,true,true,true,true,true,false,false,true,true,false,false,true,true,true,true,true,true,true,true,true,true,true,true,false,false,false,false,true,true,true,true,true,true,true,true,true,true,true,true,true,true],"active_outcomes":[1.0,1.0,1.0,1.0,1.0,1.0,1.0,1.0,1.0,0.0,0.0,0.0,0.0,0.0,0.0,1.0,1.0,1.0,0.0,0.0,0.0,0.0,1.0,0.0,1.0,0.0,0.0,0.0,0.0,1.0,1.0,0.0,0.0,1.0,1.0,0.0,1.0,0.0,1.0,0.0,1.0,0.0,1.0,0.0,0.0,0.0,0.0,1.0,1.0,0.0,0.0,1.0,1.0,0.0,1.0,0.0,1.0,0.0,1.0,0.0,1.0,0.0,0.0,0.0,0.0,0.0,0.0,1.0,1.0,1.0,1.0,0.0,1.0,1.0,1.0,1.0,1.0,1.0,1.0,1.0,1.0],"markets":[1,2,3,4,3,4,7,8,9],"marketnames":["20","21","30","31","40","41","43"],"idx_up":[1,2,3,4,5,6,7,8,9,1,2,3,4,5,6,7,8,9,1,2,3,4,5,6,7,8,9,1,2,3,4,5,6,7,8,9,1,2,3,4,5,6,7,8,9,1,2,3,4,5,6,7,8,9,1,2,3,4,5,6,7,8,9,1,2,3,4,5,6,7,8,9,1,2,3,4,5,6,7,8,9,10,11,12,13,14,15,16,17,18,10,11,12,13,14,15,16,17,18,10,11,12,13,14,15,16,17,18,10,11,12,13,14,15,16,17,18,10,11,12,13,14,15,16,17,18,10,11,12,13,14,15,16,17,18,10,11,12,13,14,15,16,17,18,10,11,12,13,14,15,16,17,18,10,11,12,13,14,15,16,17,18,19,20,21,22,23,24,25,26,27,19,20,21,22,23,24,25,26,27,19,20,21,22,23,24,25,26,27,19,20,21,22,23,24,25,26,27,19,20,21,22,23,24,25,26,27,19,20,21,22,23,24,25,26,27,19,20,21,22,23,24,25,26,27,19,20,21,22,23,24,25,26,27,19,20,21,22,23,24,25,26,27,28,29,30,31,32,33,34,35,36,28,29,30,31,32,33,34,35,36,28,29,30,31,32,33,34,35,36,28,29,30,31,32,33,34,35,36,28,29,30,31,32,33,34,35,36,28,29,30,31,32,33,34,35,36,28,29,30,31,32,33,34,35,36,28,29,30,31,32,33,34,35,36,28,29,30,31,32,33,34,35,36],"idx_entry":[1,2,3,4,5,6,7,8,9,3,4,3,4,7,8,7,8,9,1,2,3,4,5,6,7,8,9,5,6,7,8,5,6,7,8,9,10,11,12,13,14,15,16,17,18,12,13,12,13,16,17,16,17,18,10,11,12,13,14,15,16,17,18,14,15,16,17,14,15,16,17,18,19,20,21,22,23,24,25,26,27,21,22,21,22,25,26,25,26,27,19,20,21,22,23,24,25,26,27,23,24,25,26,23,24,25,26,27,28,29,30,31,32,33,34,35,36,30,31,30,31,34,35,34,35,36,28,29,30,31,32,33,34,35,36,32,33,34,35,32,33,34,35,36],"idx_exit":[1,2,10,10,5,6,14,14,15,1,2,1,2,5,6,5,6,6,1,2,3,4,1,1,3,3,13,1,2,3,4,1,2,3,4,4,10,11,1,1,14,15,5,5,6,10,11,10,11,14,15,14,15,15,10,11,12,13,10,10,12,12,4,10,11,12,13,10,11,12,13,13,19,20,19,19,23,24,23,23,33,19,20,19,20,23,24,23,24,24,19,20,21,22,28,28,30,30,31,19,20,21,22,19,20,21,22,22,28,29,28,28,32,33,32,32,24,28,29,28,29,32,33,32,33,33,28,29,30,31,19,19,21,21,22,28,29,30,31,28,29,30,31,31],"idx_merger":[2,2,4,4,6,6,8,8,9,1,2,3,4,5,6,17,9,9,1,2,3,4,6,6,8,8,9,1,2,13,4,5,6,17,8,9,11,11,13,13,15,15,17,17,18,10,11,12,13,14,15,8,18,18,10,11,12,13,15,15,17,17,18,10,11,4,13,14,15,8,17,18,20,20,22,22,24,24,26,26,27,19,20,21,22,23,24,35,27,27,19,20,21,22,33,24,35,26,27,19,20,22,22,23,24,26,26,27,29,29,31,31,33,33,35,35,36,28,29,30,31,32,33,26,36,36,28,29,30,31,24,33,26,35,36,28,29,31,31,32,33,35,35,36]}