{"policy":"nolearning","smax":[5,1],"alpha":0.7,"beta":0.95,"gamma":1.0,"sigma":1.0,"v0":1.0,"accuracy":1.0e-8,"cost_entry":[0,10],"value_exit":[0,1],"cost_merger":[0,10],"entry":true,"exit":true,"mergers":true,"filename":"nolearning_a7s10v10","verbose":true,"firms":[1,2,3,4],"rival":[2,1,4,3],"partner":[3,4,1,2],"merger_pairs":[1,2,1,2,3,4,4,3],"outcomes":[1,0,1,0,1,0,0,0,0,0,1,0,1,0,1,0,0,0,1,0,0,1,0,0,1,0,0,0,1,1,0,0,0,0,1,0,0,0,0,0,1,1,1,1,2],"ownership":[0,3,0,3,0,0,4,4,0,1,0,1,0,0,2,2],"S":[1,1,1,1,1,1,1,1,1,0,0,1,1,0,0,1,1,1,1,1,1,1,1,1,1,1,1,0,0,0,0,1,1,1,1,1,0,1,0,1,0,1,0,1,3],"ms":9,"scale":[2.6390158215457884,2.6390158215457884,2.6390158215457884,2.6390158215457884,2.6390158215457884,2.6390158215457884,2.6390158215457884,2.6390158215457884,2.6390158215457884,0.0,0.0,2.6390158215457884,2.6390158215457884,0.0,0.0,2.6390158215457884,2.6390158215457884,2.6390158215457884,1.0,1.0,1.0,1.0,1.0,1.0,1.0,1.0,1.0,0.0,0.0,0.0,0.0,1.0,1.0,1.0,1.0,1.0],"D":[0.573312626141478,0.6626205432684187,0.4171523861165883,0.4732932374599735,0.573312626120572,0.6131144206476116,0.4171523861946851,0.42600901788209194,0.46122469137238803,0.0,0.0,0.4171523913010208,0.40510212673845825,0.0,0.0,0.41715239124197295,0.4284080589431033,0.4612246949248139,0.3618962559001295,0.6626205432684187,0.3618962558856786,0.5614180794195995,0.2862537422437326,0.6131144206476116,0.2862537422350523,0.500075331242271,0.46122469137238803,0.0,0.0,0.0,0.0,0.2862537502047898,0.1732483709212097,0.28625375021612937,0.2157873421549325,0.4612246949248139],"Q":[0.20747969286087162,0.6626205432684187,0.15096588666937022,0.4732932374599735,0.16411288470259566,0.6131144206476116,0.11941143163051036,0.42600901788209194,0.46122469137238803,0.0,0.0,0.0,0.0,0.0,0.0,0.11941143640464078,0.1529479705089996,0.4612246949248139,0.0,0.0,0.0,0.0,0.16411288926677028,0.0,0.1194114349598357,0.0,0.0,0.0,0.0,0.15096588854559695,0.08812484195962607,0.0,0.0,0.1194114330753154,0.07406631336017899,0.0,0.3658329332806064,0.0,0.26618649944721806,0.0,0.24508685215120604,0.0,0.17832951960433902,0.0,0.0,0.0,0.0,0.2661865027554238,0.3169772847788322,0.0,0.0,0.17832952176201677,0.20139377507392472,0.0,0.1544165630392579,0.0,0.059964480670711404,0.0,0.12214085754113696,0.0,0.04743087752922655,0.0,0.0,0.0,0.0,0.0,0.0,0.12214086093801957,0.1732483709212097,0.04743087885165289,0.06283937164593288,0.0,0.2722708108192641,0.3373794567315814,0.10573074191167948,0.12160463580156838,0.1824056554002715,0.21363720843117873,0.07083346618246268,0.08274355152887176,0.07755061370279799],"P":[-0.29537956374324964,-1.1570050168420165,-0.9233014970890963,-2.6390157032697976,-0.29537956365778817,-0.5542722866749183,-0.9233014973912731,-2.6390156838283443,-1.7109851712551651,-0.0,-0.0,-0.9233015095172464,-0.9580550222871456,-0.0,-0.0,-0.9233015094906593,-0.8895159874571712,-1.7109851751062446,0.5671432935915625,0.4820108047037719,0.5671432936541402,1.280075646695817,0.4010581339043105,-0.5,0.4010581339284141,1.0003012531228745,-0.07196934970937674,-0.0,-0.0,-0.0,-0.0,0.40105810609312076,0.20955305371710167,0.40105810604728725,0.27516427000877397,-0.0719693535604562],"PI":[1.3436362576811596,0.9820108045424797,0.7157143243415195,5.597922658966499e-8,1.3436362576811596,1.278186324581207,0.7157143243494575,5.866887311278306e-8,0.4280306502644093,0.0,0.0,0.7157143280520919,0.6809607947436548,0.0,0.0,0.7157143279618736,0.7494998280431857,0.4280306517849564,0.5671432904097838,0.9820108045424797,0.5671432904097838,1.2800756904993669,0.4010581339311295,0.3065572103238058,0.4010581339258676,1.0003013117397512,0.4280306502644093,0.0,0.0,0.0,0.0,0.40105813712397614,0.20955309609926234,0.4010581371267435,0.27516430863612806,0.4280306517849564],"CS":[1.3009580799829736,1.3742290701597881,2.24685958722194,2.3946622592603672,1.7015221963386216,1.8311580627431934,2.647423703770414,2.7796912673567666,3.249971656310641],"V":[16.49835148821434,3.7283597610746693,14.314275198348339,3.710108588688822e-6,16.49835148823075,4.445868997731498,14.314275198381358,3.7249929456585372e-6,8.560607279803056,0.0,0.0,14.314275271004712,14.610693351755183,0.0,0.0,14.314275270629597,14.98998461892403,8.560607310213973,8.711731736457331,20.120135454548027,8.711731736449707,21.554263990996755,8.021155889900584,17.59298489676555,8.02115588988228,20.00600785821231,8.56060569506833,0.0,0.0,0.0,0.0,8.021155953890114,5.275068905404981,8.021155953899738,5.503281818576689,8.560605725479245],"pr_entry":[0.0,0.0,0.0,0.0,0.0,0.0,0.0,0.0,0.0,0.25,0.25,0.0,0.0,0.25,0.25,0.0,0.0,0.0,0.0,0.0,0.0,0.0,0.0,0.0,0.0,0.0,0.0,0.20052888991483822,0.1318767169059852,0.20052888991507883,0.1375820397352779,0.0,0.0,0.0,0.0,0.0],"pr_exit":[0.0,0.0,0.0,0.0,0.0,0.0,0.0,0.0,0.0,0.0,0.0,0.0,0.0,0.0,0.0,0.0,0.0,0.0,0.0,0.0,0.0,0.0,0.0,0.0,0.0,0.0,0.0,0.0,0.0,0.0,0.0,0.0,0.0,0.0,0.0,0.0],"pr_merger":[0.0,0.0,0.0,0.0,0.0,0.0,0.0,0.0,0.0,0.0,0.0,0.0,0.0,0.0,0.0,0.0,0.0,0.0,0.0,0.0,0.0,0.0,0.0,0.0,0.0,0.0,0.0,0.0,0.0,0.0,0.0,0.0,0.0,0.0,0.0,0.0],"active_firms":[true,true,true,true,true,true,true,true,true,false,false,true,true,false,false,true,true,true,true,true,true,true,true,true,true,true,true,false,false,false,false,true,true,true,true,true,true,true,true,true,true,true,true,true,true],"active_outcomes":[1.0,1.0,1.0,1.0,1.0,1.0,1.0,1.0,1.0,0.0,0.0,0.0,0.0,0.0,0.0,1.0,1.0,1.0,0.0,0.0,0.0,0.0,1.0,0.0,1.0,0.0,0.0,0.0,0.0,1.0,1.0,0.0,0.0,1.0,1.0,0.0,1.0,0.0,1.0,0.0,1.0,0.0,1.0,0.0,0.0,0.0,0.0,1.0,1.0,0.0,0.0,1.0,1.0,0.0,1.0,0.0,1.0,0.0,1.0,0.0,1.0,0.0,0.0,0.0,0.0,0.0,0.0,1.0,1.0,1.0,1.0,0.0,1.0,1.0,1.0,1.0,1.0,1.0,1.0,1.0,1.0],"markets":[1,2,3,4,3,4,7,8,9],"marketnames":["20","21","30","31","40","41","43"],"idx_up":[1,2,3,4,5,6,7,8,9,1,2,3,4,5,6,7,8,9,1,2,3,4,5,6,7,8,9,1,2,3,4,5,6,7,8,9,1,2,3,4,5,6,7,8,9,1,2,3,4,5,6,7,8,9,1,2,3,4,5,6,7,8,9,1,2,3,4,5,6,7,8,9,1,2,3,4,5,6,7,8,9,10,11,12,13,14,15,16,17,18,10,11,12,13,14,15,16,17,18,10,11,12,13,14,15,16,17,18,10,11,12,13,14,15,16,17,18,10,11,12,13,14,15,16,17,18,10,11,12,13,14,15,16,17,18,10,11,12,13,14,15,16,17,18,10,11,12,13,14,15,16,17,18,10,11,12,13,14,15,16,17,18,19,20,21,22,23,24,25,26,27,19,20,21,22,23,24,25,26,27,19,20,21,22,23,24,25,26,27,19,20,21,22,23,24,25,26,27,19,20,21,22,23,24,25,26,27,19,20,21,22,23,24,25,26,27,19,20,21,22,23,24,25,26,27,19,20,21,22,23,24,25,26,27,19,20,21,22,23,24,25,26,27,28,29,30,31,32,33,34,35,36,28,29,30,31,32,33,34,35,36,28,29,30,31,32,33,34,35,36,28,29,30,31,32,33,34,35,36,28,29,30,31,32,33,34,35,36,28,29,30,31,32,33,34,35,36,28,29,30,31,32,33,34,35,36,28,29,30,31,32,33,34,35,36,28,29,30,31,32,33,34,35,36],"idx_entry":[1,2,3,4,5,6,7,8,9,3,4,3,4,7,8,7,8,9,1,2,3,4,5,6,7,8,9,5,6,7,8,5,6,7,8,9,10,11,12,13,14,15,16,17,18,12,13,12,13,16,17,16,17,18,10,11,12,13,14,15,16,17,18,14,15,16,17,14,15,16,17,18,19,20,21,22,23,24,25,26,27,21,22,21,22,25,26,25,26,27,19,20,21,22,23,24,25,26,27,23,24,25,26,23,24,25,26,27,28,29,30,31,32,33,34,35,36,30,31,30,31,34,35,34,35,36,28,29,30,31,32,33,34,35,36,32,33,34,35,32,33,34,35,36],"idx_exit":[1,2,10,10,5,6,14,14,15,1,2,1,2,5,6,5,6,6,1,2,3,4,1,1,3,3,13,1,2,3,4,1,2,3,4,4,10,11,1,1,14,15,5,5,6,10,11,10,11,14,15,14,15,15,10,11,12,13,10,10,12,12,4,10,11,12,13,10,11,12,13,13,19,20,19,19,23,24,23,23,33,19,20,19,20,23,24,23,24,24,19,20,21,22,28,28,30,30,31,19,20,21,22,19,20,21,22,22,28,29,28,28,32,33,32,32,24,28,29,28,29,32,33,32,33,33,28,29,30,31,19,19,21,21,22,28,29,30,31,28,29,30,31,31],"idx_merger":[2,2,4,4,6,6,8,8,9,1,2,3,4,5,6,17,9,9,1,2,3,4,6,6,8,8,9,1,2,13,4,5,6,17,8,9,11,11,13,13,15,15,17,17,18,10,11,12,13,14,15,8,18,18,10,11,12,13,15,15,17,17,18,10,11,4,13,14,15,8,17,18,20,20,22,22,24,24,26,26,27,19,20,21,22,23,24,35,27,27,19,20,21,22,33,24,35,26,27,19,20,22,22,23,24,26,26,27,29,29,31,31,33,33,35,35,36,28,29,30,31,32,33,26,36,36,28,29,30,31,24,33,26,35,36,28,29,31,31,32,33,35,35,36]}