{"policy":"nolearning","smax":[5,1],"alpha":0.2,"beta":0.95,"gamma":1.0,"sigma":6.0,"v0":1.0,"accuracy":1.0e-8,"cost_entry":[0,10],"value_exit":[0,1],"cost_merger":[0,10],"entry":true,"exit":true,"mergers":true,"filename":"nolearning_a2s60v10","verbose":true,"firms":[1,2,3,4],"rival":[2,1,4,3],"partner":[3,4,1,2],"merger_pairs":[1,2,1,2,3,4,4,3],"outcomes":[1,0,1,0,1,0,0,0,0,0,1,0,1,0,1,0,0,0,1,0,0,1,0,0,1,0,0,0,1,1,0,0,0,0,1,0,0,0,0,0,1,1,1,1,2],"ownership":[0,3,0,3,0,0,4,4,0,1,0,1,0,0,2,2],"S":[1,1,1,1,1,1,1,1,1,0,0,1,1,0,0,1,1,1,1,1,1,1,1,1,1,1,1,0,0,0,0,1,1,1,1,1,0,1,0,1,0,1,0,1,3],"ms":9,"scale":[1.3195079107728942,1.3195079107728942,1.3195079107728942,1.3195079107728942,1.3195079107728942,1.3195079107728942,1.3195079107728942,1.3195079107728942,1.3195079107728942,0.0,0.0,1.3195079107728942,1.3195079107728942,0.0,0.0,1.3195079107728942,1.3195079107728942,1.3195079107728942,1.0,1.0,1.0,1.0,1.0,1.0,1.0,1.0,1.0,0.0,0.0,0.0,0.0,1.0,1.0,1.0,1.0,1.0],"D":[0.8401894489606122,0.9134946332459193,0.4993294140885878,0.8236684334663568,0.8401894489558699,0.8618301906322633,0.49932941408697573,0.6247239943878587,0.4999983329567193,0.0,0.0,0.4993294192979924,0.1761154948538111,0.0,0.0,0.4993294192995961,0.3746004432028923,0.4999983292632959,0.7869367222351558,0.9134946332459193,0.7869367222340207,0.8236684334663568,0.4955414316530528,0.8618301906322633,0.4955414316500099,0.6247239943878587,0.4999983329567193,0.0,0.0,0.0,0.0,0.49554143655240124,0.1370870834325802,0.49554143655546334,0.37077257534207897,0.4999983292632959],"Q":[0.6611759310216259,0.9134946332459193,0.39294065243790727,0.8236684334663568,0.4163486823953813,0.8618301906322633,0.24743841272162073,0.6247239943878587,0.4999983329567193,0.0,0.0,0.0,0.0,0.0,0.0,0.2474384177541273,0.37010511989452655,0.4999983292632959,0.0,0.0,0.0,0.0,0.41634868651176216,0.0,0.24743841517105772,0.0,0.0,0.0,0.0,0.3929406565373791,0.0,0.0,0.0,0.24743841530468988,0.0,0.0,0.17901351793898634,0.0,0.10638876165068052,0.0,0.007492080048726399,0.0,0.004452586194297293,0.0,0.0,0.0,0.0,0.10638876276061332,0.1761154948538111,0.0,0.0,0.00445258624077892,0.004495323308365778,0.0,0.12576079121352987,0.0,0.0010554132587343645,0.0,0.07919274925767152,0.0,0.0006646036236993099,0.0,0.0,0.0,0.0,0.0,0.0,0.0791927500406391,0.1370870834325802,0.0006646036302783403,0.0006674554475524449,0.0,0.034049759825857895,0.0865053667540807,0.00028575335468554377,0.00021607167983206667,0.0014250517458195156,0.0010827259351566336,1.1959359450356404e-5,8.106961696539865e-6,3.3377799846520352e-6],"P":[-0.2766063905338913,-0.3561765425074268,-0.986621030698228,-0.8469133835226383,-0.27660639052800473,-0.7163853205060463,-0.9866210306966835,-1.0974491271319364,-1.152841799767448,-0.0,-0.0,-0.9866210324370283,-1.1172141793089543,-0.0,-0.0,-0.9866210324365573,-1.0530116182142344,-1.1528417991518753,-0.2177597735198502,-0.03666863173453261,-0.21775977351872183,-0.5274054727497441,-0.6696127698225751,-0.3968774097331521,-0.6696127698219132,-0.7779412163590422,-0.8333338889945539,-0.0,-0.0,-0.0,-0.0,-0.669612771470385,-0.8068557490313358,-0.6696127714717764,-0.7351249135919636,-0.8333338883789811],"PI":[0.8762348536097926,0.8799980349479527,0.16622021078546104,0.3892611939249917,0.8762348536097927,0.5197892569443019,0.16622021078569565,0.13872545030508845,0.0833327776631026,0.0,0.0,0.16622021165136938,0.035627060622595755,0.0,0.0,0.1662202116521384,0.09982962930440162,0.08333277735531941,0.615573559826775,0.8799980349479527,0.6155735598267751,0.3892611939249917,0.16372056104200783,0.5197892569443019,0.16372056104133048,0.13872545030508845,0.0833327776631026,0.0,0.0,0.0,0.0,0.1637205618441319,0.026477582047064473,0.16372056184445405,0.09820841793146334,0.08333277735531941],"CS":[0.5633220499973246,0.45587181600348664,1.3600635859043926,1.4545970711179825,1.0922578588441698,1.185992579372925,1.8889993947564265,2.0017449115267962,2.21722530463067],"V":[9.8215705132761,11.23419779730512,3.096592594187036,5.366736828803663,9.031445407490576,6.686108385931672,3.324392686448533,2.7745119073344537,1.6666548082891284,0.0,0.0,3.096592605215537,1.3323045697496443,0.0,0.0,3.324392703777115,1.9965910150676751,1.6666548021334682,7.711649024083523,11.23419779730512,6.8688161532705365,5.366736828803663,2.9171093007704485,6.686108385931672,3.274399861827619,2.7745119073344537,1.6666548082891284,0.0,0.0,0.0,0.0,2.917109309873206,1.2278541914037544,3.274399877889838,1.9641667987837603,1.6666548021334682],"pr_entry":[0.0,0.0,0.0,0.0,0.0,0.0,0.0,0.0,0.0,0.07741479212439037,0.03330761148246337,0.0,0.0,0.08310980242434149,0.04991477330955983,0.0,0.0,0.0,0.0,0.0,0.0,0.0,0.0,0.0,0.0,0.0,0.0,0.07292771763904288,0.030696351970328738,0.08185998200119432,0.049104167917165716,0.0,0.0,0.0,0.0,0.0],"pr_exit":[0.0,0.0,0.0,0.25,0.0,0.0,0.0,0.25,0.0,0.0,0.0,0.0,0.0,0.0,0.0,0.0,0.0,0.0,0.0,0.0,0.0,0.0,0.0,0.25,0.0,0.25,0.0,0.0,0.0,0.0,0.0,0.0,0.0,0.0,0.0,0.0],"pr_merger":[0.1314557975915669,0.0,0.019726977765373955,0.0,0.03694468681663674,0.0,0.0,0.0,0.0,0.0,0.0,0.0,0.0,0.0,0.0,0.0,0.0,0.0,0.0,0.0,0.0,0.0,0.03694468657460803,0.0,0.0,0.0,0.0,0.0,0.0,0.019726977476768583,0.0,0.0,0.0,0.0,0.0,0.0],"active_firms":[true,true,true,true,true,true,true,true,true,false,false,true,true,false,false,true,true,true,true,true,true,true,true,true,true,true,true,false,false,false,false,true,true,true,true,true,true,true,true,true,true,true,true,true,true],"active_outcomes":[1.0,1.0,1.0,1.0,1.0,1.0,1.0,1.0,1.0,0.0,0.0,0.0,0.0,0.0,0.0,1.0,1.0,1.0,0.0,0.0,0.0,0.0,1.0,0.0,1.0,0.0,0.0,0.0,0.0,1.0,0.0,0.0,0.0,1.0,0.0,0.0,1.0,0.0,1.0,0.0,1.0,0.0,1.0,0.0,0.0,0.0,0.0,1.0,1.0,0.0,0.0,1.0,1.0,0.0,1.0,0.0,1.0,0.0,1.0,0.0,1.0,0.0,0.0,0.0,0.0,0.0,0.0,1.0,1.0,1.0,1.0,0.0,1.0,1.0,1.0,1.0,1.0,1.0,1.0,1.0,1.0],"markets":[1,2,3,4,3,4,7,8,9],"marketnames":["20","21","30","31","40","41","43"],"idx_up":[1,2,3,4,5,6,7,8,9,1,2,3,4,5,6,7,8,9,1,2,3,4,5,6,7,8,9,1,2,3,4,5,6,7,8,9,1,2,3,4,5,6,7,8,9,1,2,3,4,5,6,7,8,9,1,2,3,4,5,6,7,8,9,1,2,3,4,5,6,7,8,9,1,2,3,4,5,6,7,8,9,10,11,12,13,14,15,16,17,18,10,11,12,13,14,15,16,17,18,10,11,12,13,14,15,16,17,18,10,11,12,13,14,15,16,17,18,10,11,12,13,14,15,16,17,18,10,11,12,13,14,15,16,17,18,10,11,12,13,14,15,16,17,18,10,11,12,13,14,15,16,17,18,10,11,12,13,14,15,16,17,18,19,20,21,22,23,24,25,26,27,19,20,21,22,23,24,25,26,27,19,20,21,22,23,24,25,26,27,19,20,21,22,23,24,25,26,27,19,20,21,22,23,24,25,26,27,19,20,21,22,23,24,25,26,27,19,20,21,22,23,24,25,26,27,19,20,21,22,23,24,25,26,27,19,20,21,22,23,24,25,26,27,28,29,30,31,32,33,34,35,36,28,29,30,31,32,33,34,35,36,28,29,30,31,32,33,34,35,36,28,29,30,31,32,33,34,35,36,28,29,30,31,32,33,34,35,36,28,29,30,31,32,33,34,35,36,28,29,30,31,32,33,34,35,36,28,29,30,31,32,33,34,35,36,28,29,30,31,32,33,34,35,36],"idx_entry":[1,2,3,4,5,6,7,8,9,3,4,3,4,7,8,7,8,9,1,2,3,4,5,6,7,8,9,5,6,7,8,5,6,7,8,9,10,11,12,13,14,15,16,17,18,12,13,12,13,16,17,16,17,18,10,11,12,13,14,15,16,17,18,14,15,16,17,14,15,16,17,18,19,20,21,22,23,24,25,26,27,21,22,21,22,25,26,25,26,27,19,20,21,22,23,24,25,26,27,23,24,25,26,23,24,25,26,27,28,29,30,31,32,33,34,35,36,30,31,30,31,34,35,34,35,36,28,29,30,31,32,33,34,35,36,32,33,34,35,32,33,34,35,36],"idx_exit":[1,2,10,4,5,6,14,8,11,1,2,1,2,5,6,5,6,2,1,2,3,4,1,6,3,8,11,1,2,3,4,1,2,3,4,2,10,11,1,13,14,15,5,17,2,10,11,10,11,14,15,14,15,11,10,11,12,13,10,15,12,17,2,10,11,12,13,10,11,12,13,11,19,20,19,22,23,24,23,26,29,19,20,19,20,23,24,23,24,20,19,20,21,22,28,24,30,26,29,19,20,21,22,19,20,21,22,20,28,29,28,31,32,33,32,35,20,28,29,28,29,32,33,32,33,29,28,29,30,31,19,33,21,35,20,28,29,30,31,28,29,30,31,29],"idx_merger":[2,2,4,4,6,6,8,8,9,1,2,3,4,5,6,17,9,9,1,2,3,4,6,6,8,8,9,1,2,13,4,5,6,17,8,9,11,11,13,13,15,15,17,17,18,10,11,12,13,14,15,8,18,18,10,11,12,13,15,15,17,17,18,10,11,4,13,14,15,8,17,18,20,20,22,22,24,24,26,26,27,19,20,21,22,23,24,35,27,27,19,20,21,22,33,24,35,26,27,19,20,22,22,23,24,26,26,27,29,29,31,31,33,33,35,35,36,28,29,30,31,32,33,26,36,36,28,29,30,31,24,33,26,35,36,28,29,31,31,32,33,35,35,36]}