{"policy":"nolearning","smax":[5,1],"alpha":0.8,"beta":0.95,"gamma":1.0,"sigma":5.0,"v0":1.0,"accuracy":1.0e-8,"cost_entry":[0,10],"value_exit":[0,1],"cost_merger":[0,10],"entry":true,"exit":true,"mergers":true,"filename":"nolearning_a8s50v10","verbose":true,"firms":[1,2,3,4],"rival":[2,1,4,3],"partner":[3,4,1,2],"merger_pairs":[1,2,1,2,3,4,4,3],"outcomes":[1,0,1,0,1,0,0,0,0,0,1,0,1,0,1,0,0,0,1,0,0,1,0,0,1,0,0,0,1,1,0,0,0,0,1,0,0,0,0,0,1,1,1,1,2],"ownership":[0,3,0,3,0,0,4,4,0,1,0,1,0,0,2,2],"S":[1,1,1,1,1,1,1,1,1,0,0,1,1,0,0,1,1,1,1,1,1,1,1,1,1,1,1,0,0,0,0,1,1,1,1,1,0,1,0,1,0,1,0,1,3],"ms":9,"scale":[3.0314331330207964,3.0314331330207964,3.0314331330207964,3.0314331330207964,3.0314331330207964,3.0314331330207964,3.0314331330207964,3.0314331330207964,3.0314331330207964,0.0,0.0,3.0314331330207964,3.0314331330207964,0.0,0.0,3.0314331330207964,3.0314331330207964,3.0314331330207964,1.0,1.0,1.0,1.0,1.0,1.0,1.0,1.0,1.0,0.0,0.0,0.0,0.0,1.0,1.0,1.0,1.0,1.0],"D":[0.9212459994454298,0.9424035870317753,0.49999951947129806,0.7957744037979454,0.921245999445234,0.926874780330469,0.49999951947063104,0.6225886830609559,0.4999999937875542,0.0,0.0,0.49999951473513826,0.2042254086218527,0.0,0.0,0.49999951473580534,0.3774108252360657,0.4999999997049611,0.745305409620167,0.9424035870317753,0.7453054096194142,0.7957744037979454,0.48838223306272827,0.926874780330469,0.4883822330579415,0.6225886830609559,0.4999999937875542,0.0,0.0,0.0,0.0,0.48838223680022125,0.07170639986259825,0.4883822368049774,0.3655020022637192,0.4999999997049611],"Q":[0.6866096269776162,0.9424035870317753,0.37265234666906605,0.7957744037979454,0.44992017840916837,0.926874780330469,0.24419088184696425,0.6225886830609559,0.4999999937875542,0.0,0.0,0.0,0.0,0.0,0.0,0.24419088140807563,0.3655015260765592,0.4999999997049611,0.0,0.0,0.0,0.0,0.4499201818523188,0.0,0.24419088372048084,0.0,0.0,0.0,0.0,0.37265234313918055,0.0,0.0,0.0,0.24419087953455992,0.0,0.0,0.2346363724678136,0.0,0.12734717280223198,0.0,0.021405639183746862,0.0,0.011617753903186003,0.0,0.0,0.0,0.0,0.1273471715959577,0.2042254086218527,0.0,0.0,0.011617753793169818,0.011909299159506424,0.0,0.058695782642550785,0.0,7.198111675787345e-7,0.0,0.03846205465355991,0.0,4.716764172966082e-7,0.0,0.0,0.0,0.0,0.0,0.0,0.03846205494790245,0.07170639986259825,4.716764209154714e-7,4.761871600012835e-7,0.0,0.02005821791201939,0.057596412968224736,2.4598239609109304e-7,1.8758020185832147e-7,0.0018298909533035481,0.0014188198069328096,2.244072545478045e-8,1.5515818511748573e-8,6.507484588992445e-9],"P":[-0.4918796047714053,-1.295213899336169,-2.63143351723176,-2.5417785459230857,-0.49187960477086573,-1.6639158736834394,-2.6314335172321077,-2.766470225134476,-2.8314331319373487,-0.0,-0.0,-2.631433515337294,-2.780105677766582,-0.0,-0.0,-2.6314335153381756,-2.71019400844525,-2.83143313312083,-0.2147457875195544,0.7362192336846274,-0.21474578751876108,-0.5103454129022893,-0.6090831570287992,0.367517259337357,-0.6090831570265733,-0.7350370921136795,-0.799999998916552,-0.0,-0.0,-0.0,-0.0,-0.6090831585593599,-0.7845509196706463,-0.6090831585610419,-0.6847901835134357,-0.8000000001000336],"PI":[2.339553528277278,1.6362192336979529,0.19999961568322205,0.3896545871146099,2.3395535282772775,1.2675172593464379,0.19999961568278138,0.16496290788094564,0.0999999992992347,0.0,0.0,0.199999614735992,0.05132745224718238,0.0,0.0,0.19999961473581807,0.12123912310416834,0.09999999989097544,0.5852542124887001,1.6362192336979529,0.5852542124887002,0.3896545871146099,0.19091684071210693,1.2675172593464379,0.19091684071132278,0.16496290788094564,0.09999999929923481,0.0,0.0,0.0,0.0,0.19091684142565724,0.015449077904125688,0.19091684142669504,0.11520981905901875,0.09999999989097544],"CS":[0.7818232676560081,0.6283954121056883,3.043601172835989,3.1553482824398817,1.2606997804525961,1.3691223894544657,3.5224776856340143,3.6538175713468326,3.9086920055628576],"V":[21.23695612628076,18.53541701419043,3.86697332765019,5.4448063174701025,20.102031187429624,13.547136213226617,3.9999879690476483,3.299258909270365,1.9999997192019394,0.0,0.0,3.8669733147891407,1.7572057681200355,0.0,0.0,3.9999879501084807,2.4247819094425873,1.9999997310367525,8.449324422403647,18.53541701419043,6.634609359007664,5.4448063174701025,3.248236502287166,13.547136213226617,3.8183326584642527,3.299258909270364,1.9999997192019396,0.0,0.0,0.0,0.0,3.2482365080088855,1.3769528171042384,3.8183326727716236,2.304195844849934,1.9999997310367525],"pr_entry":[0.0,0.0,0.0,0.0,0.0,0.0,0.0,0.0,0.0,0.09667432071809798,0.04393014327138521,0.0,0.0,0.0999996930361227,0.06061954700890576,0.0,0.0,0.0,0.0,0.0,0.0,0.0,0.0,0.0,0.0,0.0,0.0,0.08120590916936708,0.0344238194438399,0.09545831135118232,0.057604895415550396,0.0,0.0,0.0,0.0,0.0],"pr_exit":[0.0,0.0,0.0,0.25,0.0,0.0,0.0,0.25,0.0,0.0,0.0,0.0,0.0,0.0,0.0,0.0,0.0,0.0,0.0,0.0,0.0,0.0,0.0,0.25,0.0,0.25,0.0,0.0,0.0,0.0,0.0,0.0,0.0,0.0,0.0,0.0],"pr_merger":[0.2065041622192047,0.0,0.009924553805353408,0.0,0.10136878192338225,0.0,0.0,0.0,0.0,0.0,0.0,0.0,0.0,0.0,0.0,0.0,0.0,0.0,0.0,0.0,0.0,0.0,0.10136878175887518,0.0,0.0,0.0,0.0,0.0,0.0,0.009924554141384689,0.0,0.0,0.0,0.0,0.0,0.0],"active_firms":[true,true,true,true,true,true,true,true,true,false,false,true,true,false,false,true,true,true,true,true,true,true,true,true,true,true,true,false,false,false,false,true,true,true,true,true,true,true,true,true,true,true,true,true,true],"active_outcomes":[1.0,1.0,1.0,1.0,1.0,1.0,1.0,1.0,1.0,0.0,0.0,0.0,0.0,0.0,0.0,1.0,1.0,1.0,0.0,0.0,0.0,0.0,1.0,0.0,1.0,0.0,0.0,0.0,0.0,1.0,0.0,0.0,0.0,1.0,0.0,0.0,1.0,0.0,1.0,0.0,1.0,0.0,1.0,0.0,0.0,0.0,0.0,1.0,1.0,0.0,0.0,1.0,1.0,0.0,1.0,0.0,1.0,0.0,1.0,0.0,1.0,0.0,0.0,0.0,0.0,0.0,0.0,1.0,1.0,1.0,1.0,0.0,1.0,1.0,1.0,1.0,1.0,1.0,1.0,1.0,1.0],"markets":[1,2,3,4,3,4,7,8,9],"marketnames":["20","21","30","31","40","41","43"],"idx_up":[1,2,3,4,5,6,7,8,9,1,2,3,4,5,6,7,8,9,1,2,3,4,5,6,7,8,9,1,2,3,4,5,6,7,8,9,1,2,3,4,5,6,7,8,9,1,2,3,4,5,6,7,8,9,1,2,3,4,5,6,7,8,9,1,2,3,4,5,6,7,8,9,1,2,3,4,5,6,7,8,9,10,11,12,13,14,15,16,17,18,10,11,12,13,14,15,16,17,18,10,11,12,13,14,15,16,17,18,10,11,12,13,14,15,16,17,18,10,11,12,13,14,15,16,17,18,10,11,12,13,14,15,16,17,18,10,11,12,13,14,15,16,17,18,10,11,12,13,14,15,16,17,18,10,11,12,13,14,15,16,17,18,19,20,21,22,23,24,25,26,27,19,20,21,22,23,24,25,26,27,19,20,21,22,23,24,25,26,27,19,20,21,22,23,24,25,26,27,19,20,21,22,23,24,25,26,27,19,20,21,22,23,24,25,26,27,19,20,21,22,23,24,25,26,27,19,20,21,22,23,24,25,26,27,19,20,21,22,23,24,25,26,27,28,29,30,31,32,33,34,35,36,28,29,30,31,32,33,34,35,36,28,29,30,31,32,33,34,35,36,28,29,30,31,32,33,34,35,36,28,29,30,31,32,33,34,35,36,28,29,30,31,32,33,34,35,36,28,29,30,31,32,33,34,35,36,28,29,30,31,32,33,34,35,36,28,29,30,31,32,33,34,35,36],"idx_entry":[1,2,3,4,5,6,7,8,9,3,4,3,4,7,8,7,8,9,1,2,3,4,5,6,7,8,9,5,6,7,8,5,6,7,8,9,10,11,12,13,14,15,16,17,18,12,13,12,13,16,17,16,17,18,10,11,12,13,14,15,16,17,18,14,15,16,17,14,15,16,17,18,19,20,21,22,23,24,25,26,27,21,22,21,22,25,26,25,26,27,19,20,21,22,23,24,25,26,27,23,24,25,26,23,24,25,26,27,28,29,30,31,32,33,34,35,36,30,31,30,31,34,35,34,35,36,28,29,30,31,32,33,34,35,36,32,33,34,35,32,33,34,35,36],"idx_exit":[1,2,10,4,5,6,14,8,11,1,2,1,2,5,6,5,6,2,1,2,3,4,1,6,3,8,11,1,2,3,4,1,2,3,4,2,10,11,1,13,14,15,5,17,2,10,11,10,11,14,15,14,15,11,10,11,12,13,10,15,12,17,2,10,11,12,13,10,11,12,13,11,19,20,19,22,23,24,23,26,29,19,20,19,20,23,24,23,24,20,19,20,21,22,28,24,30,26,29,19,20,21,22,19,20,21,22,20,28,29,28,31,32,33,32,35,20,28,29,28,29,32,33,32,33,29,28,29,30,31,19,33,21,35,20,28,29,30,31,28,29,30,31,29],"idx_merger":[2,2,4,4,6,6,8,8,9,1,2,3,4,5,6,17,9,9,1,2,3,4,6,6,8,8,9,1,2,13,4,5,6,17,8,9,11,11,13,13,15,15,17,17,18,10,11,12,13,14,15,8,18,18,10,11,12,13,15,15,17,17,18,10,11,4,13,14,15,8,17,18,20,20,22,22,24,24,26,26,27,19,20,21,22,23,24,35,27,27,19,20,21,22,33,24,35,26,27,19,20,22,22,23,24,26,26,27,29,29,31,31,33,33,35,35,36,28,29,30,31,32,33,26,36,36,28,29,30,31,24,33,26,35,36,28,29,31,31,32,33,35,35,36]}