{"policy":"nolearning","smax":[5,1],"alpha":0.7,"beta":0.95,"gamma":1.0,"sigma":8.0,"v0":1.0,"accuracy":1.0e-8,"cost_entry":[0,10],"value_exit":[0,1],"cost_merger":[0,10],"entry":true,"exit":true,"mergers":true,"filename":"nolearning_a7s80v10","verbose":true,"firms":[1,2,3,4],"rival":[2,1,4,3],"partner":[3,4,1,2],"merger_pairs":[1,2,1,2,3,4,4,3],"outcomes":[1,0,1,0,1,0,0,0,0,0,1,0,1,0,1,0,0,0,1,0,0,1,0,0,1,0,0,0,1,1,0,0,0,0,1,0,0,0,0,0,1,1,1,1,2],"ownership":[0,3,0,3,0,0,4,4,0,1,0,1,0,0,2,2],"S":[1,1,1,1,1,1,1,1,1,0,0,1,1,0,0,1,1,1,1,1,1,1,1,1,1,1,1,0,0,0,0,1,1,1,1,1,0,1,0,1,0,1,0,1,3],"ms":9,"scale":[2.6390158215457884,2.6390158215457884,2.6390158215457884,2.6390158215457884,2.6390158215457884,2.6390158215457884,2.6390158215457884,2.6390158215457884,2.6390158215457884,0.0,0.0,2.6390158215457884,2.6390158215457884,0.0,0.0,2.6390158215457884,2.6390158215457884,2.6390158215457884,1.0,1.0,1.0,1.0,1.0,1.0,1.0,1.0,1.0,0.0,0.0,0.0,0.0,1.0,1.0,1.0,1.0,1.0],"D":[0.9452460735998762,0.9613860323414065,0.5000000004528294,0.8633013175765072,0.9452460735995373,0.9480818765512871,0.5000000004530549,0.6261676933275985,0.49999999729197336,0.0,0.0,0.49999999704291354,0.13669868212840805,0.0,0.0,0.4999999970426878,0.37383230542107077,0.5000000027071866,0.8419516643606466,0.9613860323414065,0.841951664360181,0.8633013175765072,0.49938259914519456,0.9480818765512871,0.49938259914357863,0.6261676933275985,0.49999999729197336,0.0,0.0,0.0,0.0,0.4993826045650749,0.05186816626370531,0.499382604566726,0.3732150077540996,0.5000000027071866],"Q":[0.795851504897782,0.9613860323414065,0.42097583256135096,0.8633013175765072,0.4720394410659268,0.9480818765512871,0.24969129979803714,0.6261676933275985,0.49999999729197336,0.0,0.0,0.0,0.0,0.0,0.0,0.2496913008065328,0.3732150065048351,0.5000000027071866,0.0,0.0,0.0,0.0,0.4720394461890474,0.0,0.24969130250961083,0.0,0.0,0.0,0.0,0.4209758296903666,0.0,0.0,0.0,0.24969129809495913,0.0,0.0,0.14939456870209422,0.0,0.07902416789147844,0.0,0.0011671863445630417,0.0,0.000617398145406992,0.0,0.0,0.0,0.0,0.07902416735254691,0.13669868212840805,0.0,0.0,0.0006173981411958833,0.0006172989162357066,0.0,0.046100159462864575,0.0,2.108463360138379e-9,0.0,0.027343158079267717,0.0,1.2505823761066659e-9,0.0,0.0,0.0,0.0,0.0,0.0,0.027343158376027462,0.05186816626370531,1.2505823896876218e-9,1.2492645102189544e-9,0.0,0.008653766937259222,0.03861396765859344,3.957936529297648e-10,2.950847208531633e-10,6.760994516746873e-5,4.995718500763477e-5,3.092247268172516e-12,2.0662878362580025e-12,8.400846497149094e-13],"P":[-0.35607452596807276,-1.020430533237926,-2.3890158210399806,-2.181805855395046,-0.35607452596725436,-1.4351972736748393,-2.3890158210403207,-2.4718285589818834,-2.5140158200669256,-0.0,-0.0,-2.3890158201875016,-2.4942228044470913,-0.0,-0.0,-2.389015820187729,-2.4393887812707513,-2.5140158207438272,-0.2091027123545749,0.6185852883078624,-0.2091027123541375,-0.5427900338492577,-0.7503083156036032,0.2038185478709491,-0.7503083156067811,-0.832812737436095,-0.8749999985211372,-0.0,-0.0,-0.0,-0.0,-0.7503083169602486,-0.8681617719291207,-0.7503083169642443,-0.8005695729696306,-0.8749999991980388],"PI":[2.1579412959038504,1.5560852883324674,0.12500000036611128,0.39470996618704607,2.15794129590385,1.1413185478927348,0.12500000036599757,0.10468726255339597,0.06250000040092807,0.0,0.0,0.12499999993987179,0.019793014618787942,0.0,0.0,0.12499999993970168,0.07462703669040206,0.0625000007393789,0.6658972876713868,1.5560852883324674,0.6658972876713868,0.39470996618704607,0.12469168233881424,1.1413185478927348,0.12469168233682376,0.10468726255339597,0.06250000040092807,0.0,0.0,0.0,0.0,0.1246916830146282,0.006838207133492668,0.12469168301304509,0.07443042837054271,0.0625000007393789],"CS":[0.593720071094726,0.4427279104971425,2.706266014867852,2.7789300854923393,1.2002194334842704,1.2740032864586694,3.3127653772624046,3.399118688354533,3.5623026144050556],"V":[26.86638193572633,24.231029987460413,2.5981679299243976,10.860445356810445,27.966637463693164,18.70072927301334,2.499998143683915,2.093746379509662,1.2500000010724226,0.0,0.0,2.5981679279151284,0.850113445683023,0.0,0.0,2.4999981351580303,1.4925406689657952,1.2500000078414426,12.874139640451004,24.231029987460413,12.96858448845534,10.860445356810445,2.641141647863359,18.70072927301334,2.4938317859817687,2.093746379509662,1.2500000010724226,0.0,0.0,0.0,0.0,2.6411416507386885,0.6975736157706167,2.4938317995061396,1.4886085003614553,1.2500000078414426],"pr_entry":[0.0,0.0,0.0,0.0,0.0,0.0,0.0,0.0,0.0,0.06495419862263709,0.021252836018683694,0.0,0.0,0.062499950926798165,0.037313516638826136,0.0,0.0,0.0,0.0,0.0,0.0,0.0,0.0,0.0,0.0,0.0,0.0,0.0660285408163044,0.017439340260824755,0.062345792539291976,0.03721521242081348,0.0,0.0,0.0,0.0,0.0],"pr_exit":[0.0,0.0,0.0,0.25,0.0,0.0,0.0,0.25,0.0,0.0,0.0,0.0,0.037471639813163066,0.0,0.0,0.0,0.0,0.0,0.0,0.0,0.0,0.0,0.0,0.25,0.0,0.25,0.0,0.0,0.0,0.0,0.0,0.0,0.07560659739175246,0.0,0.0,0.0],"pr_merger":[0.25,0.0,0.17813877747819382,0.0,0.19900677625416527,0.0,0.0,0.0,0.0,0.0,0.0,0.0,0.0,0.0,0.0,0.0,0.0,0.0,0.0,0.0,0.0,0.0,0.19900677616564294,0.0,0.0,0.0,0.0,0.0,0.0,0.17813877753858262,0.0,0.0,0.0,0.0,0.0,0.0],"active_firms":[true,true,true,true,true,true,true,true,true,false,false,true,true,false,false,true,true,true,true,true,true,true,true,true,true,true,true,false,false,false,false,true,true,true,true,true,true,true,true,true,true,true,true,true,true],"active_outcomes":[1.0,1.0,1.0,1.0,1.0,1.0,1.0,1.0,1.0,0.0,0.0,0.0,0.0,0.0,0.0,1.0,1.0,1.0,0.0,0.0,0.0,0.0,1.0,0.0,1.0,0.0,0.0,0.0,0.0,1.0,0.0,0.0,0.0,1.0,0.0,0.0,1.0,0.0,1.0,0.0,1.0,0.0,1.0,0.0,0.0,0.0,0.0,1.0,1.0,0.0,0.0,1.0,1.0,0.0,1.0,0.0,1.0,0.0,1.0,0.0,1.0,0.0,0.0,0.0,0.0,0.0,0.0,1.0,1.0,1.0,1.0,0.0,1.0,1.0,1.0,1.0,1.0,1.0,1.0,1.0,1.0],"markets":[1,2,3,4,3,4,7,8,9],"marketnames":["20","21","30","31","40","41","43"],"idx_up":[1,2,3,4,5,6,7,8,9,1,2,3,4,5,6,7,8,9,1,2,3,4,5,6,7,8,9,1,2,3,4,5,6,7,8,9,1,2,3,4,5,6,7,8,9,1,2,3,4,5,6,7,8,9,1,2,3,4,5,6,7,8,9,1,2,3,4,5,6,7,8,9,1,2,3,4,5,6,7,8,9,10,11,12,13,14,15,16,17,18,10,11,12,13,14,15,16,17,18,10,11,12,13,14,15,16,17,18,10,11,12,13,14,15,16,17,18,10,11,12,13,14,15,16,17,18,10,11,12,13,14,15,16,17,18,10,11,12,13,14,15,16,17,18,10,11,12,13,14,15,16,17,18,10,11,12,13,14,15,16,17,18,19,20,21,22,23,24,25,26,27,19,20,21,22,23,24,25,26,27,19,20,21,22,23,24,25,26,27,19,20,21,22,23,24,25,26,27,19,20,21,22,23,24,25,26,27,19,20,21,22,23,24,25,26,27,19,20,21,22,23,24,25,26,27,19,20,21,22,23,24,25,26,27,19,20,21,22,23,24,25,26,27,28,29,30,31,32,33,34,35,36,28,29,30,31,32,33,34,35,36,28,29,30,31,32,33,34,35,36,28,29,30,31,32,33,34,35,36,28,29,30,31,32,33,34,35,36,28,29,30,31,32,33,34,35,36,28,29,30,31,32,33,34,35,36,28,29,30,31,32,33,34,35,36,28,29,30,31,32,33,34,35,36],"idx_entry":[1,2,3,4,5,6,7,8,9,3,4,3,4,7,8,7,8,9,1,2,3,4,5,6,7,8,9,5,6,7,8,5,6,7,8,9,10,11,12,13,14,15,16,17,18,12,13,12,13,16,17,16,17,18,10,11,12,13,14,15,16,17,18,14,15,16,17,14,15,16,17,18,19,20,21,22,23,24,25,26,27,21,22,21,22,25,26,25,26,27,19,20,21,22,23,24,25,26,27,23,24,25,26,23,24,25,26,27,28,29,30,31,32,33,34,35,36,30,31,30,31,34,35,34,35,36,28,29,30,31,32,33,34,35,36,32,33,34,35,32,33,34,35,36],"idx_exit":[1,2,10,4,5,6,14,8,11,1,2,1,2,5,6,5,6,2,1,2,3,4,1,6,3,8,11,1,2,3,4,1,2,3,4,2,10,11,1,13,14,15,5,17,2,10,11,10,11,14,15,14,15,11,10,11,12,13,10,15,12,17,2,10,11,12,13,10,11,12,13,11,19,20,19,22,23,24,23,26,29,19,20,19,20,23,24,23,24,20,19,20,21,22,28,24,30,26,29,19,20,21,22,19,20,21,22,20,28,29,28,31,32,33,32,35,20,28,29,28,29,32,33,32,33,29,28,29,30,31,19,33,21,35,20,28,29,30,31,28,29,30,31,29],"idx_merger":[2,2,4,4,6,6,8,8,9,1,2,3,4,5,6,17,9,9,1,2,3,4,6,6,8,8,9,1,2,13,4,5,6,17,8,9,11,11,13,13,15,15,17,17,18,10,11,12,13,14,15,8,18,18,10,11,12,13,15,15,17,17,18,10,11,4,13,14,15,8,17,18,20,20,22,22,24,24,26,26,27,19,20,21,22,23,24,35,27,27,19,20,21,22,33,24,35,26,27,19,20,22,22,23,24,26,26,27,29,29,31,31,33,33,35,35,36,28,29,30,31,32,33,26,36,36,28,29,30,31,24,33,26,35,36,28,29,31,31,32,33,35,35,36]}