{"policy":"nolearning","smax":[5,1],"alpha":0.5,"beta":0.95,"gamma":1.0,"sigma":4.0,"v0":1.0,"accuracy":1.0e-8,"cost_entry":[0,10],"value_exit":[0,1],"cost_merger":[0,10],"entry":true,"exit":true,"mergers":true,"filename":"nolearning_a5s40v10","verbose":true,"firms":[1,2,3,4],"rival":[2,1,4,3],"partner":[3,4,1,2],"merger_pairs":[1,2,1,2,3,4,4,3],"outcomes":[1,0,1,0,1,0,0,0,0,0,1,0,1,0,1,0,0,0,1,0,0,1,0,0,1,0,0,0,1,1,0,0,0,0,1,0,0,0,0,0,1,1,1,1,2],"ownership":[0,3,0,3,0,0,4,4,0,1,0,1,0,0,2,2],"S":[1,1,1,1,1,1,1,1,1,0,0,1,1,0,0,1,1,1,1,1,1,1,1,1,1,1,1,0,0,0,0,1,1,1,1,1,0,1,0,1,0,1,0,1,3],"ms":9,"scale":[2.0,2.0,2.0,2.0,2.0,2.0,2.0,2.0,2.0,0.0,0.0,2.0,2.0,0.0,0.0,2.0,2.0,2.0,1.0,1.0,1.0,1.0,1.0,1.0,1.0,1.0,1.0,0.0,0.0,0.0,0.0,1.0,1.0,1.0,1.0,1.0],"D":[0.8419516643385776,0.898194737168536,0.4993825991465832,0.7597831406141593,0.8419516643363345,0.8622478333797051,0.49938259914584254,0.6164921944248759,0.4999886484128043,0.0,0.0,0.4993826045639038,0.23991688608432263,0.0,0.0,0.49938260456464145,0.3828585703690693,0.4999886531676741,0.6882734745208478,0.898194737168536,0.6882734745142316,0.7597831406141593,0.47137681144307786,0.8622478333797051,0.47137681144367805,0.6164921944248759,0.4999886484128043,0.0,0.0,0.0,0.0,0.4713768064141324,0.1302217024052363,0.4713768064139568,0.3531554323985204,0.4999886531676741],"Q":[0.5794929973929234,0.898194737168536,0.34371179662656653,0.7597831406141593,0.39687649092405386,0.8622478333797051,0.2353973772758237,0.6164921944248759,0.4999886484128043,0.0,0.0,0.0,0.0,0.0,0.0,0.23539737731836455,0.35255758031679074,0.4999886531676741,0.0,0.0,0.0,0.0,0.3968764866899249,0.0,0.23539737476406844,0.0,0.0,0.0,0.0,0.34371180035516463,0.0,0.0,0.0,0.23539737983011985,0.0,0.0,0.2624586669456543,0.0,0.15567080252001664,0.0,0.04819868672235572,0.0,0.028587847105950394,0.0,0.0,0.0,0.0,0.15567080420873916,0.23991688608432263,0.0,0.0,0.02858784741615703,0.030300990052278546,0.0,0.10878047712792437,0.0,0.0008498775325004663,0.0,0.07450032051902397,0.0,0.0005820543377345126,0.0,0.0,0.0,0.0,0.0,0.0,0.07450031972420748,0.1302217024052363,0.0005820543315238316,0.0005978520817296582,0.0,0.049267858533498,0.101805262831464,0.00038491875701263947,0.0002999733015180923,0.00904769542043412,0.007530464215058458,7.068762025760433e-5,5.1383124325242707e-5,2.2698419521506064e-5],"P":[-0.4182054246676884,-0.7721656375990187,-1.500616631251918,-1.4796368568114446,-0.41820542466347405,-1.0925732563005237,-1.5006166312509719,-1.674061392795438,-1.7500056720640027,-0.0,-0.0,-1.500616633963927,-1.6710885896518646,-0.0,-0.0,-1.500616633963721,-1.594906466981192,-1.7500056732527471,-0.19801499211254114,0.22783436240098132,-0.19801499210483195,-0.47963685681144463,-0.5270733380094311,-0.09257325630052371,-0.5270733380116048,-0.674061392795438,-0.7500056720640027,-0.0,-0.0,-0.0,-0.0,-0.5270733353422732,-0.7125704280915922,-0.5270733353440356,-0.613508392588663,-0.7500056732527471],"PI":[1.3317945753427731,1.1028343624232464,0.24938336465599376,0.39536314319165605,1.3317945753427733,0.7824267437056744,0.24938336465609637,0.20093860720332812,0.12499432613558666,0.0,0.0,0.24938336600698344,0.0789114013683275,0.0,0.0,0.2493833660074547,0.15509353091733616,0.1249943267299184,0.5519850078923308,1.1028343624232464,0.5519850078923307,0.39536314319165605,0.2229266619755326,0.7824267437056744,0.2229266619747918,0.20093860720332812,0.12499432613558666,0.0,0.0,0.0,0.0,0.2229266608544466,0.03742956817552115,0.22292666085353283,0.1364916107337499,0.1249943267299184],"CS":[0.7526208418184681,0.6430938877246823,1.9656195666727228,2.0998747886649576,1.176311300843706,1.2941201656940446,2.389310025708095,2.540970708096122,2.846590610266006],"V":[12.05090084391785,11.924862526624109,4.987649806022686,5.711871771504893,11.643495077763957,8.720733823657646,4.987649806023374,4.018769251398567,2.499882740265223,0.0,0.0,4.9876498330471595,2.438449586762327,0.0,0.0,4.98764983305021,3.1018645969655663,2.4998827521518368,7.050826069384343,11.924862526624109,6.569359532373789,5.711871771504893,4.038487384965713,8.720733823657646,4.458517534596142,4.018769251398567,2.499882740265223,0.0,0.0,0.0,0.0,4.0384873720862755,1.9288024602098903,4.458517512171239,2.7298269099366053,2.4998827521518368],"pr_entry":[0.0,0.0,0.0,0.0,0.0,0.0,0.0,0.0,0.0,0.1246912228168382,0.060961230049878204,0.0,0.0,0.12469122281691462,0.07754660700126922,0.0,0.0,0.0,0.0,0.0,0.0,0.0,0.0,0.0,0.0,0.0,0.0,0.10096216102672602,0.04822005247931413,0.11146291713993965,0.0682456657684962,0.0,0.0,0.0,0.0,0.0],"pr_exit":[0.0,0.0,0.0,0.25,0.0,0.0,0.0,0.25,0.0,0.0,0.0,0.0,0.0,0.0,0.0,0.0,0.0,0.0,0.0,0.0,0.0,0.0,0.0,0.25,0.0,0.25,0.0,0.0,0.0,0.0,0.0,0.0,0.0,0.0,0.0,0.0],"pr_merger":[0.12418786556448476,0.0,0.0,0.0,0.04519487093833476,0.0,0.0,0.0,0.0,0.0,0.0,0.0,0.0,0.0,0.0,0.0,0.0,0.0,0.0,0.0,0.0,0.0,0.04519487129007631,0.0,0.0,0.0,0.0,0.0,0.0,0.0,0.0,0.0,0.0,0.0,0.0,0.0],"active_firms":[true,true,true,true,true,true,true,true,true,false,false,true,true,false,false,true,true,true,true,true,true,true,true,true,true,true,true,false,false,false,false,true,true,true,true,true,true,true,true,true,true,true,true,true,true],"active_outcomes":[1.0,1.0,1.0,1.0,1.0,1.0,1.0,1.0,1.0,0.0,0.0,0.0,0.0,0.0,0.0,1.0,1.0,1.0,0.0,0.0,0.0,0.0,1.0,0.0,1.0,0.0,0.0,0.0,0.0,1.0,0.0,0.0,0.0,1.0,0.0,0.0,1.0,0.0,1.0,0.0,1.0,0.0,1.0,0.0,0.0,0.0,0.0,1.0,1.0,0.0,0.0,1.0,1.0,0.0,1.0,0.0,1.0,0.0,1.0,0.0,1.0,0.0,0.0,0.0,0.0,0.0,0.0,1.0,1.0,1.0,1.0,0.0,1.0,1.0,1.0,1.0,1.0,1.0,1.0,1.0,1.0],"markets":[1,2,3,4,3,4,7,8,9],"marketnames":["20","21","30","31","40","41","43"],"idx_up":[1,2,3,4,5,6,7,8,9,1,2,3,4,5,6,7,8,9,1,2,3,4,5,6,7,8,9,1,2,3,4,5,6,7,8,9,1,2,3,4,5,6,7,8,9,1,2,3,4,5,6,7,8,9,1,2,3,4,5,6,7,8,9,1,2,3,4,5,6,7,8,9,1,2,3,4,5,6,7,8,9,10,11,12,13,14,15,16,17,18,10,11,12,13,14,15,16,17,18,10,11,12,13,14,15,16,17,18,10,11,12,13,14,15,16,17,18,10,11,12,13,14,15,16,17,18,10,11,12,13,14,15,16,17,18,10,11,12,13,14,15,16,17,18,10,11,12,13,14,15,16,17,18,10,11,12,13,14,15,16,17,18,19,20,21,22,23,24,25,26,27,19,20,21,22,23,24,25,26,27,19,20,21,22,23,24,25,26,27,19,20,21,22,23,24,25,26,27,19,20,21,22,23,24,25,26,27,19,20,21,22,23,24,25,26,27,19,20,21,22,23,24,25,26,27,19,20,21,22,23,24,25,26,27,19,20,21,22,23,24,25,26,27,28,29,30,31,32,33,34,35,36,28,29,30,31,32,33,34,35,36,28,29,30,31,32,33,34,35,36,28,29,30,31,32,33,34,35,36,28,29,30,31,32,33,34,35,36,28,29,30,31,32,33,34,35,36,28,29,30,31,32,33,34,35,36,28,29,30,31,32,33,34,35,36,28,29,30,31,32,33,34,35,36],"idx_entry":[1,2,3,4,5,6,7,8,9,3,4,3,4,7,8,7,8,9,1,2,3,4,5,6,7,8,9,5,6,7,8,5,6,7,8,9,10,11,12,13,14,15,16,17,18,12,13,12,13,16,17,16,17,18,10,11,12,13,14,15,16,17,18,14,15,16,17,14,15,16,17,18,19,20,21,22,23,24,25,26,27,21,22,21,22,25,26,25,26,27,19,20,21,22,23,24,25,26,27,23,24,25,26,23,24,25,26,27,28,29,30,31,32,33,34,35,36,30,31,30,31,34,35,34,35,36,28,29,30,31,32,33,34,35,36,32,33,34,35,32,33,34,35,36],"idx_exit":[1,2,10,4,5,6,14,8,11,1,2,1,2,5,6,5,6,2,1,2,3,4,1,6,3,8,11,1,2,3,4,1,2,3,4,2,10,11,1,13,14,15,5,17,2,10,11,10,11,14,15,14,15,11,10,11,12,13,10,15,12,17,2,10,11,12,13,10,11,12,13,11,19,20,19,22,23,24,23,26,29,19,20,19,20,23,24,23,24,20,19,20,21,22,28,24,30,26,29,19,20,21,22,19,20,21,22,20,28,29,28,31,32,33,32,35,20,28,29,28,29,32,33,32,33,29,28,29,30,31,19,33,21,35,20,28,29,30,31,28,29,30,31,29],"idx_merger":[2,2,4,4,6,6,8,8,9,1,2,3,4,5,6,17,9,9,1,2,3,4,6,6,8,8,9,1,2,13,4,5,6,17,8,9,11,11,13,13,15,15,17,17,18,10,11,12,13,14,15,8,18,18,10,11,12,13,15,15,17,17,18,10,11,4,13,14,15,8,17,18,20,20,22,22,24,24,26,26,27,19,20,21,22,23,24,35,27,27,19,20,21,22,33,24,35,26,27,19,20,22,22,23,24,26,26,27,29,29,31,31,33,33,35,35,36,28,29,30,31,32,33,26,36,36,28,29,30,31,24,33,26,35,36,28,29,31,31,32,33,35,35,36]}