{"policy":"nolearning","smax":[5,1],"alpha":0.3,"beta":0.95,"gamma":1.0,"sigma":2.0,"v0":1.0,"accuracy":1.0e-8,"cost_entry":[0,10],"value_exit":[0,1],"cost_merger":[0,10],"entry":true,"exit":true,"mergers":true,"filename":"nolearning_a3s20v10","verbose":true,"firms":[1,2,3,4],"rival":[2,1,4,3],"partner":[3,4,1,2],"merger_pairs":[1,2,1,2,3,4,4,3],"outcomes":[1,0,1,0,1,0,0,0,0,0,1,0,1,0,1,0,0,0,1,0,0,1,0,0,1,0,0,0,1,1,0,0,0,0,1,0,0,0,0,0,1,1,1,1,2],"ownership":[0,3,0,3,0,0,4,4,0,1,0,1,0,0,2,2],"S":[1,1,1,1,1,1,1,1,1,0,0,1,1,0,0,1,1,1,1,1,1,1,1,1,1,1,1,0,0,0,0,1,1,1,1,1,0,1,0,1,0,1,0,1,3],"ms":9,"scale":[1.515716566510398,1.515716566510398,1.515716566510398,1.515716566510398,1.515716566510398,1.515716566510398,1.515716566510398,1.515716566510398,1.515716566510398,0.0,0.0,1.515716566510398,1.515716566510398,0.0,0.0,1.515716566510398,1.515716566510398,1.515716566510398,1.0,1.0,1.0,1.0,1.0,1.0,1.0,1.0,1.0,0.0,0.0,0.0,0.0,1.0,1.0,1.0,1.0,1.0],"D":[0.611851314060601,0.7468176339139739,0.43754160436662215,0.5497329398682258,0.6118513140535622,0.6821594961190043,0.4375416044018652,0.48455799685776296,0.4887194306063781,0.0,0.0,0.437541597229328,0.38323300203848454,0.0,0.0,0.4375415971980079,0.4232139672579829,0.48871943462212986,0.49999999999497347,0.7468176339139739,0.4999999999877553,0.6583767618236761,0.37458639059581034,0.6821594961190043,0.3745863905890463,0.5701414601317097,0.4887194306063781,0.0,0.0,0.0,0.0,0.3745863935355676,0.21428968713015195,0.37458639355957346,0.2788490409361792,0.48871943462212986],"Q":[0.30592565702722496,0.7468176339139739,0.21877080217795353,0.5497329398682258,0.22919117531262745,0.6821594961190043,0.16389713032543507,0.48455799685776296,0.4887194306063781,0.0,0.0,0.0,0.0,0.0,0.0,0.16389712892669733,0.21902075565509174,0.48871943462212986,0.0,0.0,0.0,0.0,0.22919117711132178,0.0,0.16389713162516428,0.0,0.0,0.0,0.0,0.21877079860930645,0.1086438219554503,0.0,0.0,0.16389712762696818,0.0855834632739468,0.0,0.305925657033376,0.0,0.21877080218866862,0.0,0.15346896162961296,0.0,0.10974734245126586,0.0,0.0,0.0,0.0,0.21877079862002155,0.27458918008303423,0.0,0.0,0.10974734064434238,0.11860974832894432,0.0,0.1940743429677485,0.0,0.0624583992004953,0.0,0.14539521528318292,0.0,0.046792132636643086,0.0,0.0,0.0,0.0,0.0,0.0,0.14539521642424583,0.21428968713015195,0.046792133007711824,0.05982828528108745,0.0,0.1940743429716506,0.2531823660860261,0.06245839920355442,0.06703405809328969,0.0973582542390092,0.10355081675084375,0.031332532755771976,0.03239975060316661,0.02256113477149207],"P":[-0.22755041235648496,-0.5282860283518444,-0.6267619470276613,-1.5157165116694487,-0.2275504123416657,-0.44260051023288693,-0.6267619470836371,-1.5157165015787046,-1.0267482426926848,-0.0,-0.0,-0.6267619388715293,-0.7050376350532678,-0.0,-0.0,-0.62676193885144,-0.6488439764333324,-1.0267482447469063,1.0053121297809802e-11,-0.012569461841446361,2.448927441887663e-11,0.4636006234492027,-0.20052906987955055,-0.5,-0.20052906990489205,0.1631732998846749,-0.5110316761822868,-0.0,-0.0,-0.0,-0.0,-0.20052907380355492,-0.3636331512456175,-0.20052907386996818,-0.3066639109021275,-0.5110316782365083],"PI":[0.7881661541474625,0.737430538161973,0.3889546304175967,3.014787630434511e-8,0.7881661541474625,0.73203630822748,0.38895463042443446,3.1463171264884315e-8,0.2389683208007479,0.0,0.0,0.3889546276415131,0.31067892059166685,0.0,0.0,0.38895462762246086,0.3668725879537181,0.23896832176038535,0.5,0.737430538161973,0.49999999999999994,0.9636006390695996,0.29947093010009446,0.34107974805950214,0.29947093008519426,0.6631733235824676,0.2389683208007479,0.0,0.0,0.0,0.0,0.2994709309804663,0.13636685291957737,0.2994709309747808,0.19333610349138303,0.23896832176038535],"CS":[0.8197569910656952,0.8306636538995875,1.3866272783007096,1.4951182657240798,1.164678880725809,1.277687438060659,1.7315491680271808,1.8586433130491944,2.2423368670112223],"V":[9.478919481722032,3.3842707777289625,7.737027935098505,2.7185722887936825e-6,9.479642424397218,3.2641713705680044,7.7790839365404265,2.7278457372667537e-6,4.779361897333265,0.0,0.0,7.737027888538104,6.941251897954487,0.0,0.0,7.779083880501026,7.33744369859929,4.779361916525994,7.05665817322893,14.261982136351309,7.050616678237269,15.381603452923065,5.989411693675029,11.827225929851895,5.989411693611556,13.263449492284527,4.779361183298639,0.0,0.0,0.0,0.0,5.989411711427495,3.612690742753711,5.989411711403273,3.866718100711746,4.779361202491367],"pr_entry":[0.0,0.0,0.0,0.0,0.0,0.0,0.0,0.0,0.0,0.19342568560025147,0.1735312863078626,0.0,0.0,0.1944770856020675,0.18343608185909402,0.0,0.0,0.0,0.0,0.0,0.0,0.0,0.0,0.0,0.0,0.0,0.0,0.1497352836960922,0.09031726297913836,0.14973528369548664,0.09666794729527273,0.0,0.0,0.0,0.0,0.0],"pr_exit":[0.0,0.0,0.0,0.0,0.0,0.0,0.0,0.0,0.0,0.0,0.0,0.0,0.0,0.0,0.0,0.0,0.0,0.0,0.0,0.0,0.0,0.0,0.0,0.0,0.0,0.0,0.0,0.0,0.0,0.0,0.0,0.0,0.0,0.0,0.0,0.0],"pr_merger":[0.024618302432400974,0.0,0.013545165283172267,0.0,0.0,0.0,0.0,0.0,0.0,0.0,0.0,0.0,0.0,0.0,0.0,0.0,0.0,0.0,0.0,0.0,0.0,0.0,0.0,0.0,0.0,0.0,0.0,0.0,0.0,0.013545166482665683,0.0,0.0,0.0,0.0,0.0,0.0],"active_firms":[true,true,true,true,true,true,true,true,true,false,false,true,true,false,false,true,true,true,true,true,true,true,true,true,true,true,true,false,false,false,false,true,true,true,true,true,true,true,true,true,true,true,true,true,true],"active_outcomes":[1.0,1.0,1.0,1.0,1.0,1.0,1.0,1.0,1.0,0.0,0.0,0.0,0.0,0.0,0.0,1.0,1.0,1.0,0.0,0.0,0.0,0.0,1.0,0.0,1.0,0.0,0.0,0.0,0.0,1.0,1.0,0.0,0.0,1.0,1.0,0.0,1.0,0.0,1.0,0.0,1.0,0.0,1.0,0.0,0.0,0.0,0.0,1.0,1.0,0.0,0.0,1.0,1.0,0.0,1.0,0.0,1.0,0.0,1.0,0.0,1.0,0.0,0.0,0.0,0.0,0.0,0.0,1.0,1.0,1.0,1.0,0.0,1.0,1.0,1.0,1.0,1.0,1.0,1.0,1.0,1.0],"markets":[1,2,3,4,3,4,7,8,9],"marketnames":["20","21","30","31","40","41","43"],"idx_up":[1,2,3,4,5,6,7,8,9,1,2,3,4,5,6,7,8,9,1,2,3,4,5,6,7,8,9,1,2,3,4,5,6,7,8,9,1,2,3,4,5,6,7,8,9,1,2,3,4,5,6,7,8,9,1,2,3,4,5,6,7,8,9,1,2,3,4,5,6,7,8,9,1,2,3,4,5,6,7,8,9,10,11,12,13,14,15,16,17,18,10,11,12,13,14,15,16,17,18,10,11,12,13,14,15,16,17,18,10,11,12,13,14,15,16,17,18,10,11,12,13,14,15,16,17,18,10,11,12,13,14,15,16,17,18,10,11,12,13,14,15,16,17,18,10,11,12,13,14,15,16,17,18,10,11,12,13,14,15,16,17,18,19,20,21,22,23,24,25,26,27,19,20,21,22,23,24,25,26,27,19,20,21,22,23,24,25,26,27,19,20,21,22,23,24,25,26,27,19,20,21,22,23,24,25,26,27,19,20,21,22,23,24,25,26,27,19,20,21,22,23,24,25,26,27,19,20,21,22,23,24,25,26,27,19,20,21,22,23,24,25,26,27,28,29,30,31,32,33,34,35,36,28,29,30,31,32,33,34,35,36,28,29,30,31,32,33,34,35,36,28,29,30,31,32,33,34,35,36,28,29,30,31,32,33,34,35,36,28,29,30,31,32,33,34,35,36,28,29,30,31,32,33,34,35,36,28,29,30,31,32,33,34,35,36,28,29,30,31,32,33,34,35,36],"idx_entry":[1,2,3,4,5,6,7,8,9,3,4,3,4,7,8,7,8,9,1,2,3,4,5,6,7,8,9,5,6,7,8,5,6,7,8,9,10,11,12,13,14,15,16,17,18,12,13,12,13,16,17,16,17,18,10,11,12,13,14,15,16,17,18,14,15,16,17,14,15,16,17,18,19,20,21,22,23,24,25,26,27,21,22,21,22,25,26,25,26,27,19,20,21,22,23,24,25,26,27,23,24,25,26,23,24,25,26,27,28,29,30,31,32,33,34,35,36,30,31,30,31,34,35,34,35,36,28,29,30,31,32,33,34,35,36,32,33,34,35,32,33,34,35,36],"idx_exit":[1,2,10,10,5,6,14,14,15,1,2,1,2,5,6,5,6,6,1,2,3,4,1,1,3,3,13,1,2,3,4,1,2,3,4,4,10,11,1,1,14,15,5,5,6,10,11,10,11,14,15,14,15,15,10,11,12,13,10,10,12,12,4,10,11,12,13,10,11,12,13,13,19,20,19,19,23,24,23,23,33,19,20,19,20,23,24,23,24,24,19,20,21,22,28,28,30,30,31,19,20,21,22,19,20,21,22,22,28,29,28,28,32,33,32,32,24,28,29,28,29,32,33,32,33,33,28,29,30,31,19,19,21,21,22,28,29,30,31,28,29,30,31,31],"idx_merger":[2,2,4,4,6,6,8,8,9,1,2,3,4,5,6,17,9,9,1,2,3,4,6,6,8,8,9,1,2,13,4,5,6,17,8,9,11,11,13,13,15,15,17,17,18,10,11,12,13,14,15,8,18,18,10,11,12,13,15,15,17,17,18,10,11,4,13,14,15,8,17,18,20,20,22,22,24,24,26,26,27,19,20,21,22,23,24,35,27,27,19,20,21,22,33,24,35,26,27,19,20,22,22,23,24,26,26,27,29,29,31,31,33,33,35,35,36,28,29,30,31,32,33,26,36,36,28,29,30,31,24,33,26,35,36,28,29,31,31,32,33,35,35,36]}