{"policy":"nolearning","smax":[5,1],"alpha":0.6,"beta":0.95,"gamma":1.0,"sigma":2.0,"v0":1.0,"accuracy":1.0e-8,"cost_entry":[0,10],"value_exit":[0,1],"cost_merger":[0,10],"entry":true,"exit":true,"mergers":true,"filename":"nolearning_a6s20v10","verbose":true,"firms":[1,2,3,4],"rival":[2,1,4,3],"partner":[3,4,1,2],"merger_pairs":[1,2,1,2,3,4,4,3],"outcomes":[1,0,1,0,1,0,0,0,0,0,1,0,1,0,1,0,0,0,1,0,0,1,0,0,1,0,0,0,1,1,0,0,0,0,1,0,0,0,0,0,1,1,1,1,2],"ownership":[0,3,0,3,0,0,4,4,0,1,0,1,0,0,2,2],"S":[1,1,1,1,1,1,1,1,1,0,0,1,1,0,0,1,1,1,1,1,1,1,1,1,1,1,1,0,0,0,0,1,1,1,1,1,0,1,0,1,0,1,0,1,3],"ms":9,"scale":[2.2973967099940698,2.2973967099940698,2.2973967099940698,2.2973967099940698,2.2973967099940698,2.2973967099940698,2.2973967099940698,2.2973967099940698,2.2973967099940698,0.0,0.0,2.2973967099940698,2.2973967099940698,0.0,0.0,2.2973967099940698,2.2973967099940698,2.2973967099940698,1.0,1.0,1.0,1.0,1.0,1.0,1.0,1.0,1.0,0.0,0.0,0.0,0.0,1.0,1.0,1.0,1.0,1.0],"D":[0.7243974254061539,0.8064821334683903,0.48310646461729195,0.6488074849048897,0.7243974254079297,0.7643364236809498,0.4831064646184495,0.5685430028112042,0.4975112735348514,0.0,0.0,0.48310647035063725,0.3358935724957862,0.0,0.0,0.4831064703527689,0.40901270039033055,0.4975112690788097,0.5000000000053296,0.8064821334683903,0.5000000000053787,0.6488074849048897,0.3745863905942264,0.7643364236809498,0.374586390590811,0.5685430028112042,0.4975112735348514,0.0,0.0,0.0,0.0,0.3745863935458226,0.16287553078120875,0.3745863935561044,0.2797208827104319,0.4975112690788097],"Q":[0.36219871270693776,0.8064821334683903,0.24155323231124445,0.6488074849048897,0.27134941693930675,0.7643364236809498,0.18096510685251238,0.5685430028112042,0.4975112735348514,0.0,0.0,0.0,0.0,0.0,0.0,0.1809651104330628,0.2651698647568757,0.4975112690788097,0.0,0.0,0.0,0.0,0.2713494190774355,0.0,0.18096510828506476,0.0,0.0,0.0,0.0,0.24155323517791713,0.0,0.0,0.0,0.18096510900051038,0.0,0.0,0.36219871269921616,0.0,0.2415532323060475,0.0,0.1816985893911876,0.0,0.12117624948087234,0.0,0.0,0.0,0.0,0.24155323517272015,0.3358935724957862,0.0,0.0,0.12117625091919569,0.14384283563345485,0.0,0.1378012872983919,0.0,0.01689353251621708,0.0,0.1032369736549196,0.0,0.012656174737788259,0.0,0.0,0.0,0.0,0.0,0.0,0.10323697446838714,0.16287553078120875,0.012656174837976817,0.014551017953556181,0.0,0.13780128729545416,0.19351786653160974,0.016893532515853616,0.01529894259932394,0.06912862646876346,0.07278804553784143,0.008474715453016363,0.007893278844909016,0.004977457386338876],"P":[-0.4831901455122193,-1.0055263306084898,-1.3300795075580225,-1.5855364361011262,-0.48319014551666684,-1.2365624313224006,-1.3300795076078968,-1.717964688669068,-1.799873110259981,-0.0,-0.0,-1.3300795134918546,-1.5445053232042716,-0.0,-0.0,-1.330079513542737,-1.4513548330513208,-1.7998731080208148,-1.0659364131860306e-11,0.2918703793855799,-1.0757342904087834e-11,-0.2881397261070564,-0.20052906989472116,0.06083427867166913,-0.20052906990385047,-0.4205679786749983,-0.5024764002659112,-0.0,-0.0,-0.0,-0.0,-0.20052907383452837,-0.4027172810957538,-0.20052907386194052,-0.3058246676921979,-0.502476398026745],"PI":[1.3142065644655962,1.0418703797315012,0.4673171938323681,0.4618602739081867,1.314206564465596,0.8108342786780637,0.46731719380939324,0.32943202132908217,0.24752359971735016,0.0,0.0,0.4673171965116589,0.2528913776101321,0.0,0.0,0.4673171964891393,0.3460418727316575,0.24752359861437467,0.49999999999999994,1.0418703797315012,0.5,0.4618602739081867,0.2994709300931454,0.8108342786780637,0.2994709300869952,0.32943202132908217,0.24752359971735016,0.0,0.0,0.0,0.0,0.2994709309770627,0.09728273986797262,0.2994709309750144,0.1941753367089458,0.24752359861437467],"CS":[0.990971289339746,0.9650337548649326,2.040412210833874,2.233826818289556,1.3358931790190776,1.4539428096800964,2.3853341005722988,2.5647128666021732,2.9979916319402005],"V":[12.469868378726726,10.277401954168173,9.346325814999982,7.519694931023139,12.460174242650778,8.834295006727755,9.346325814880467,6.588629431255687,4.95046519645123,0.0,0.0,9.346325868592409,6.265910885591599,0.0,0.0,9.346325868475255,6.920825608128636,4.950465174391779,7.042173358251418,10.277398629887232,7.032479222211277,7.519691606742197,5.989405817523842,8.834291682446818,5.989405817501226,6.588626106974747,4.950461872170287,0.0,0.0,0.0,0.0,5.989405835269104,3.431510669188091,5.989405835261567,3.8834993458554945,4.950461850110836],"pr_entry":[0.0,0.0,0.0,0.0,0.0,0.0,0.0,0.0,0.0,0.233658122949932,0.15664775491284355,0.0,0.0,0.2336581229470031,0.17302062461571,0.0,0.0,0.0,0.0,0.0,0.0,0.0,0.0,0.0,0.0,0.0,0.0,0.14973512906036088,0.08578775599022608,0.14973512906017244,0.0970874739249092,0.0,0.0,0.0,0.0,0.0],"pr_exit":[0.0,0.0,0.0,0.25,0.0,0.0,0.0,0.25,0.0,0.0,0.0,0.0,0.0,0.0,0.0,0.0,0.0,0.0,0.0,0.0,0.0,0.0,0.0,0.25,0.0,0.25,0.0,0.0,0.0,0.0,0.0,0.0,0.0,0.0,0.0,0.0],"pr_merger":[0.0205593608186315,0.0,0.0,0.0,0.0,0.0,0.0,0.0,0.0,0.0,0.0,0.0,0.0,0.0,0.0,0.0,0.0,0.0,0.0,0.0,0.0,0.0,0.0,0.0,0.0,0.0,0.0,0.0,0.0,0.0,0.0,0.0,0.0,0.0,0.0,0.0],"active_firms":[true,true,true,true,true,true,true,true,true,false,false,true,true,false,false,true,true,true,true,true,true,true,true,true,true,true,true,false,false,false,false,true,true,true,true,true,true,true,true,true,true,true,true,true,true],"active_outcomes":[1.0,1.0,1.0,1.0,1.0,1.0,1.0,1.0,1.0,0.0,0.0,0.0,0.0,0.0,0.0,1.0,1.0,1.0,0.0,0.0,0.0,0.0,1.0,0.0,1.0,0.0,0.0,0.0,0.0,1.0,0.0,0.0,0.0,1.0,0.0,0.0,1.0,0.0,1.0,0.0,1.0,0.0,1.0,0.0,0.0,0.0,0.0,1.0,1.0,0.0,0.0,1.0,1.0,0.0,1.0,0.0,1.0,0.0,1.0,0.0,1.0,0.0,0.0,0.0,0.0,0.0,0.0,1.0,1.0,1.0,1.0,0.0,1.0,1.0,1.0,1.0,1.0,1.0,1.0,1.0,1.0],"markets":[1,2,3,4,3,4,7,8,9],"marketnames":["20","21","30","31","40","41","43"],"idx_up":[1,2,3,4,5,6,7,8,9,1,2,3,4,5,6,7,8,9,1,2,3,4,5,6,7,8,9,1,2,3,4,5,6,7,8,9,1,2,3,4,5,6,7,8,9,1,2,3,4,5,6,7,8,9,1,2,3,4,5,6,7,8,9,1,2,3,4,5,6,7,8,9,1,2,3,4,5,6,7,8,9,10,11,12,13,14,15,16,17,18,10,11,12,13,14,15,16,17,18,10,11,12,13,14,15,16,17,18,10,11,12,13,14,15,16,17,18,10,11,12,13,14,15,16,17,18,10,11,12,13,14,15,16,17,18,10,11,12,13,14,15,16,17,18,10,11,12,13,14,15,16,17,18,10,11,12,13,14,15,16,17,18,19,20,21,22,23,24,25,26,27,19,20,21,22,23,24,25,26,27,19,20,21,22,23,24,25,26,27,19,20,21,22,23,24,25,26,27,19,20,21,22,23,24,25,26,27,19,20,21,22,23,24,25,26,27,19,20,21,22,23,24,25,26,27,19,20,21,22,23,24,25,26,27,19,20,21,22,23,24,25,26,27,28,29,30,31,32,33,34,35,36,28,29,30,31,32,33,34,35,36,28,29,30,31,32,33,34,35,36,28,29,30,31,32,33,34,35,36,28,29,30,31,32,33,34,35,36,28,29,30,31,32,33,34,35,36,28,29,30,31,32,33,34,35,36,28,29,30,31,32,33,34,35,36,28,29,30,31,32,33,34,35,36],"idx_entry":[1,2,3,4,5,6,7,8,9,3,4,3,4,7,8,7,8,9,1,2,3,4,5,6,7,8,9,5,6,7,8,5,6,7,8,9,10,11,12,13,14,15,16,17,18,12,13,12,13,16,17,16,17,18,10,11,12,13,14,15,16,17,18,14,15,16,17,14,15,16,17,18,19,20,21,22,23,24,25,26,27,21,22,21,22,25,26,25,26,27,19,20,21,22,23,24,25,26,27,23,24,25,26,23,24,25,26,27,28,29,30,31,32,33,34,35,36,30,31,30,31,34,35,34,35,36,28,29,30,31,32,33,34,35,36,32,33,34,35,32,33,34,35,36],"idx_exit":[1,2,10,4,5,6,14,8,11,1,2,1,2,5,6,5,6,2,1,2,3,4,1,6,3,8,11,1,2,3,4,1,2,3,4,2,10,11,1,13,14,15,5,17,2,10,11,10,11,14,15,14,15,11,10,11,12,13,10,15,12,17,2,10,11,12,13,10,11,12,13,11,19,20,19,22,23,24,23,26,29,19,20,19,20,23,24,23,24,20,19,20,21,22,28,24,30,26,29,19,20,21,22,19,20,21,22,20,28,29,28,31,32,33,32,35,20,28,29,28,29,32,33,32,33,29,28,29,30,31,19,33,21,35,20,28,29,30,31,28,29,30,31,29],"idx_merger":[2,2,4,4,6,6,8,8,9,1,2,3,4,5,6,17,9,9,1,2,3,4,6,6,8,8,9,1,2,13,4,5,6,17,8,9,11,11,13,13,15,15,17,17,18,10,11,12,13,14,15,8,18,18,10,11,12,13,15,15,17,17,18,10,11,4,13,14,15,8,17,18,20,20,22,22,24,24,26,26,27,19,20,21,22,23,24,35,27,27,19,20,21,22,33,24,35,26,27,19,20,22,22,23,24,26,26,27,29,29,31,31,33,33,35,35,36,28,29,30,31,32,33,26,36,36,28,29,30,31,24,33,26,35,36,28,29,31,31,32,33,35,35,36]}