{"policy":"nolearning","smax":[5,1],"alpha":0.9,"beta":0.95,"gamma":1.0,"sigma":8.0,"v0":1.0,"accuracy":1.0e-8,"cost_entry":[0,10],"value_exit":[0,1],"cost_merger":[0,10],"entry":true,"exit":true,"mergers":true,"filename":"nolearning_a9s80v10","verbose":true,"firms":[1,2,3,4],"rival":[2,1,4,3],"partner":[3,4,1,2],"merger_pairs":[1,2,1,2,3,4,4,3],"outcomes":[1,0,1,0,1,0,0,0,0,0,1,0,1,0,1,0,0,0,1,0,0,1,0,0,1,0,0,0,1,1,0,0,0,0,1,0,0,0,0,0,1,1,1,1,2],"ownership":[0,3,0,3,0,0,4,4,0,1,0,1,0,0,2,2],"S":[1,1,1,1,1,1,1,1,1,0,0,1,1,0,0,1,1,1,1,1,1,1,1,1,1,1,1,0,0,0,0,1,1,1,1,1,0,1,0,1,0,1,0,1,3],"ms":9,"scale":[3.4822022531844965,3.4822022531844965,3.4822022531844965,3.4822022531844965,3.4822022531844965,3.4822022531844965,3.4822022531844965,3.4822022531844965,3.4822022531844965,0.0,0.0,3.4822022531844965,3.4822022531844965,0.0,0.0,3.4822022531844965,3.4822022531844965,3.4822022531844965,1.0,1.0,1.0,1.0,1.0,1.0,1.0,1.0,1.0,0.0,0.0,0.0,0.0,1.0,1.0,1.0,1.0,1.0],"D":[0.9595018092917424,0.9691457792002046,0.499999997650005,0.701853364919328,0.9595018092884237,0.961075413605827,0.49999999764752867,0.5576431526117522,0.49999999816656127,0.0,0.0,0.5000000023470496,0.2981466350802433,0.0,0.0,0.5000000023495257,0.44235684738657316,0.5000000018334378,0.8419516643563388,0.9691457792002046,0.8419516643584682,0.8706890104547973,0.4993825991421017,0.961075413605827,0.4993825991486562,0.6504442251054364,0.49999999816656127,0.0,0.0,0.0,0.0,0.4993826045681933,0.038887661224511046,0.4993826045616234,0.3490117544169612,0.5000000018334378],"Q":[0.8078541452861009,0.9691457792002046,0.42097583020065193,0.701853364919328,0.4791585074040023,0.961075413605827,0.24969129839954493,0.5576431526117522,0.49999999816656127,0.0,0.0,0.0,0.0,0.0,0.0,0.24969130345412405,0.3490117544152892,0.5000000018334378,0.0,0.0,0.0,0.0,0.479158512610347,0.0,0.2496913011060285,0.0,0.0,0.0,0.0,0.42097583415533635,0.16883564553546931,0.0,0.0,0.2496913007476404,0.09280107249368415,0.0,0.1516476640056415,0.0,0.0790241674493531,0.0,0.001184789274074385,0.0,0.0006173981419552543,0.0,0.0,0.0,0.0,0.07902416819171318,0.129310989544774,0.0,0.0,0.0006173981477612629,0.0005440204775998212,0.0,0.03409751907023794,0.0,2.4799124470394906e-12,0.0,0.020224091738099432,0.0,1.4708981239706457e-12,0.0,0.0,0.0,0.0,0.0,0.0,0.020224091957846323,0.038887661224511046,1.4708981399141794e-12,1.671990622722572e-12,0.0,0.0064006716380197075,0.03085422079979549,4.655208266497776e-13,4.285564304707848e-13,5.000701563041149e-5,3.692516966190815e-5,3.637010078307961e-15,2.606207744033824e-15,9.880827799258208e-16],"P":[-0.39564461273282314,-1.4565474694462783,-3.2322022503237995,-3.4822022173144855,-0.39564461272214807,-0.7708643419739329,-3.232202250311558,-3.482202197777027,-3.3572022522221174,-0.0,-0.0,-3.2322022514980606,-3.304102371036577,-0.0,-0.0,-3.2322022514870574,-3.2580445665784294,-3.357202252680477,-0.20910271235052832,1.0256547837382182,-0.20910271235252853,-0.033338181915489117,-0.7503083156054322,-0.5,-0.7503083156055183,-0.6424033233696644,-0.8749999990376209,-0.0,-0.0,-0.0,-0.0,-0.7503083169636322,-0.8699423579926149,-0.7503083169604331,-0.8079842490120279,-0.8749999994959805],"PI":[2.961557640496632,1.9631547837765975,0.12500000084284976,2.5175487893023983e-8,2.9615576404966313,2.6058002044418513,0.12500000084835133,3.089759584717272e-8,0.06250000025200969,0.0,0.0,0.12500000142998033,0.053099880570590126,0.0,0.0,0.12500000143610096,0.0991576875645273,0.06250000048118948,0.6658972876713867,1.9631547837765975,0.6658972876713868,0.8416618218324381,0.12469168233712861,0.4805377068029135,0.12469168233872224,0.23259669323109794,0.06250000025200969,0.0,0.0,0.0,0.0,0.12469168301371711,0.005057637522041929,0.12469168301367425,0.06701575412800248,0.06250000048118948],"CS":[0.6314190438352637,0.47077047419899604,3.5494524448510227,3.5957545056185074,1.2379184062213489,1.3117874009048083,4.15595180723249,4.233570284281161,4.405489046858085],"V":[32.882101968348486,23.77859820040324,2.3263490238642928,2.8992435322855366e-6,32.69965562614316,25.585498946955532,2.5000006801594687,2.969168196797941e-6,1.250001512244778,0.0,0.0,2.3263490300982417,1.4203242946853145,0.0,0.0,2.5000006919144555,1.9831547634626128,1.2500015168283714,9.99289680251778,26.24391747326224,7.871427737932645,12.094761056142604,2.378425436678921,14.993286645029563,2.493832638123482,4.65193139880083,1.2499998362377696,0.0,0.0,0.0,0.0,2.378425440213758,0.7022288818622524,2.493832651622515,1.3403148527760094,1.2499998408213626],"pr_entry":[0.0,0.0,0.0,0.0,0.0,0.0,0.0,0.0,0.0,0.05815872671438678,0.0355081085720667,0.0,0.0,0.06250001817048303,0.049578870418370675,0.0,0.0,0.0,0.0,0.0,0.0,0.0,0.0,0.0,0.0,0.0,0.0,0.05946063471647585,0.017555722172715473,0.06234581496339057,0.03350787101705282,0.0,0.0,0.0,0.0,0.0],"pr_exit":[0.0,0.0,0.0,0.0,0.0,0.0,0.0,0.0,0.0,0.0,0.0,0.0,0.0,0.0,0.0,0.0,0.0,0.0,0.0,0.0,0.0,0.0,0.0,0.0,0.0,0.0,0.0,0.0,0.0,0.0,0.0,0.0,0.07444277827284526,0.0,0.0,0.0],"pr_merger":[0.20028499363882046,0.0,0.04930094743588402,0.0,0.15669800859108457,0.0,0.0,0.0,0.0,0.0,0.0,0.0,0.0,0.0,0.0,0.0,0.0,0.0,0.0,0.0,0.0,0.0,0.1566980084871446,0.0,0.0,0.0,0.0,0.0,0.0,0.04930094727142996,0.0,0.0,0.0,0.0,0.0,0.0],"active_firms":[true,true,true,true,true,true,true,true,true,false,false,true,true,false,false,true,true,true,true,true,true,true,true,true,true,true,true,false,false,false,false,true,true,true,true,true,true,true,true,true,true,true,true,true,true],"active_outcomes":[1.0,1.0,1.0,1.0,1.0,1.0,1.0,1.0,1.0,0.0,0.0,0.0,0.0,0.0,0.0,1.0,1.0,1.0,0.0,0.0,0.0,0.0,1.0,0.0,1.0,0.0,0.0,0.0,0.0,1.0,1.0,0.0,0.0,1.0,1.0,0.0,1.0,0.0,1.0,0.0,1.0,0.0,1.0,0.0,0.0,0.0,0.0,1.0,1.0,0.0,0.0,1.0,1.0,0.0,1.0,0.0,1.0,0.0,1.0,0.0,1.0,0.0,0.0,0.0,0.0,0.0,0.0,1.0,1.0,1.0,1.0,0.0,1.0,1.0,1.0,1.0,1.0,1.0,1.0,1.0,1.0],"markets":[1,2,3,4,3,4,7,8,9],"marketnames":["20","21","30","31","40","41","43"],"idx_up":[1,2,3,4,5,6,7,8,9,1,2,3,4,5,6,7,8,9,1,2,3,4,5,6,7,8,9,1,2,3,4,5,6,7,8,9,1,2,3,4,5,6,7,8,9,1,2,3,4,5,6,7,8,9,1,2,3,4,5,6,7,8,9,1,2,3,4,5,6,7,8,9,1,2,3,4,5,6,7,8,9,10,11,12,13,14,15,16,17,18,10,11,12,13,14,15,16,17,18,10,11,12,13,14,15,16,17,18,10,11,12,13,14,15,16,17,18,10,11,12,13,14,15,16,17,18,10,11,12,13,14,15,16,17,18,10,11,12,13,14,15,16,17,18,10,11,12,13,14,15,16,17,18,10,11,12,13,14,15,16,17,18,19,20,21,22,23,24,25,26,27,19,20,21,22,23,24,25,26,27,19,20,21,22,23,24,25,26,27,19,20,21,22,23,24,25,26,27,19,20,21,22,23,24,25,26,27,19,20,21,22,23,24,25,26,27,19,20,21,22,23,24,25,26,27,19,20,21,22,23,24,25,26,27,19,20,21,22,23,24,25,26,27,28,29,30,31,32,33,34,35,36,28,29,30,31,32,33,34,35,36,28,29,30,31,32,33,34,35,36,28,29,30,31,32,33,34,35,36,28,29,30,31,32,33,34,35,36,28,29,30,31,32,33,34,35,36,28,29,30,31,32,33,34,35,36,28,29,30,31,32,33,34,35,36,28,29,30,31,32,33,34,35,36],"idx_entry":[1,2,3,4,5,6,7,8,9,3,4,3,4,7,8,7,8,9,1,2,3,4,5,6,7,8,9,5,6,7,8,5,6,7,8,9,10,11,12,13,14,15,16,17,18,12,13,12,13,16,17,16,17,18,10,11,12,13,14,15,16,17,18,14,15,16,17,14,15,16,17,18,19,20,21,22,23,24,25,26,27,21,22,21,22,25,26,25,26,27,19,20,21,22,23,24,25,26,27,23,24,25,26,23,24,25,26,27,28,29,30,31,32,33,34,35,36,30,31,30,31,34,35,34,35,36,28,29,30,31,32,33,34,35,36,32,33,34,35,32,33,34,35,36],"idx_exit":[1,2,10,10,5,6,14,14,15,1,2,1,2,5,6,5,6,6,1,2,3,4,1,1,3,3,13,1,2,3,4,1,2,3,4,4,10,11,1,1,14,15,5,5,6,10,11,10,11,14,15,14,15,15,10,11,12,13,10,10,12,12,4,10,11,12,13,10,11,12,13,13,19,20,19,19,23,24,23,23,33,19,20,19,20,23,24,23,24,24,19,20,21,22,28,28,30,30,31,19,20,21,22,19,20,21,22,22,28,29,28,28,32,33,32,32,24,28,29,28,29,32,33,32,33,33,28,29,30,31,19,19,21,21,22,28,29,30,31,28,29,30,31,31],"idx_merger":[2,2,4,4,6,6,8,8,9,1,2,3,4,5,6,17,9,9,1,2,3,4,6,6,8,8,9,1,2,13,4,5,6,17,8,9,11,11,13,13,15,15,17,17,18,10,11,12,13,14,15,8,18,18,10,11,12,13,15,15,17,17,18,10,11,4,13,14,15,8,17,18,20,20,22,22,24,24,26,26,27,19,20,21,22,23,24,35,27,27,19,20,21,22,33,24,35,26,27,19,20,22,22,23,24,26,26,27,29,29,31,31,33,33,35,35,36,28,29,30,31,32,33,26,36,36,28,29,30,31,24,33,26,35,36,28,29,31,31,32,33,35,35,36]}