{"policy":"nolearning","smax":[5,1],"alpha":0.9,"beta":0.95,"gamma":1.0,"sigma":6.0,"v0":1.0,"accuracy":1.0e-8,"cost_entry":[0,10],"value_exit":[0,1],"cost_merger":[0,10],"entry":true,"exit":true,"mergers":true,"filename":"nolearning_a9s60v10","verbose":true,"firms":[1,2,3,4],"rival":[2,1,4,3],"partner":[3,4,1,2],"merger_pairs":[1,2,1,2,3,4,4,3],"outcomes":[1,0,1,0,1,0,0,0,0,0,1,0,1,0,1,0,0,0,1,0,0,1,0,0,1,0,0,0,1,1,0,0,0,0,1,0,0,0,0,0,1,1,1,1,2],"ownership":[0,3,0,3,0,0,4,4,0,1,0,1,0,0,2,2],"S":[1,1,1,1,1,1,1,1,1,0,0,1,1,0,0,1,1,1,1,1,1,1,1,1,1,1,1,0,0,0,0,1,1,1,1,1,0,1,0,1,0,1,0,1,3],"ms":9,"scale":[3.4822022531844965,3.4822022531844965,3.4822022531844965,3.4822022531844965,3.4822022531844965,3.4822022531844965,3.4822022531844965,3.4822022531844965,3.4822022531844965,0.0,0.0,3.4822022531844965,3.4822022531844965,0.0,0.0,3.4822022531844965,3.4822022531844965,3.4822022531844965,1.0,1.0,1.0,1.0,1.0,1.0,1.0,1.0,1.0,0.0,0.0,0.0,0.0,1.0,1.0,1.0,1.0,1.0],"D":[0.9446188092679222,0.9579263823615121,0.4999999951456521,0.679151823238088,0.9446188092675003,0.9475012574247391,0.4999999951613529,0.5569157286733634,0.4999999980445796,0.0,0.0,0.5000000017372416,0.32084817615471156,0.0,0.0,0.5000000017215409,0.4430842695448672,0.5000000019476939,0.7869367222353121,0.9579263823615121,0.7869367222363076,0.8349279824867789,0.49554143166367964,0.9475012574247391,0.49554143163181746,0.6493789065824931,0.4999999980445796,0.0,0.0,0.0,0.0,0.49554143654185784,0.052127652327111196,0.4955414365738496,0.3466505939882256,0.5000000019476939],"Q":[0.7433552295271222,0.9579263823615121,0.39346835729808916,0.679151823238088,0.46809775712085744,0.9475012574247391,0.24777071341815834,0.5569157286733634,0.4999999980445796,0.0,0.0,0.0,0.0,0.0,0.0,0.24777071914001936,0.34665059222663325,0.5000000019476939,0.0,0.0,0.0,0.0,0.46809776172887635,0.0,0.24777071588917482,0.0,0.0,0.0,0.0,0.39346836248525296,0.15577615924869093,0.0,0.0,0.24777071666900372,0.09246317790912972,0.0,0.20126357974079997,0.0,0.10653163784756293,0.0,0.008423290417766526,0.0,0.004458565854019748,0.0,0.0,0.0,0.0,0.1065316392519886,0.16507201690602064,0.0,0.0,0.004458565912517801,0.003970499409104206,0.0,0.04358149270818992,0.0,2.452965528289877e-9,0.0,0.027443674542822184,0.0,1.5446553900741804e-9,0.0,0.0,0.0,0.0,0.0,0.0,0.027443674812981503,0.052127652327111196,1.5446554054790207e-9,1.7615923782614218e-9,0.0,0.011799698023887837,0.042073617638487965,6.641409162017068e-10,6.072004737661891e-10,0.0004938413766959641,0.00037109024814974264,2.779564898289372e-11,2.0177093747460403e-11,7.726534391756442e-12],"P":[-0.47275690850781843,-1.5015469636795054,-3.1488689161358696,-3.482202212671297,-0.4727569085064743,-0.8075230422569168,-3.1488689161387238,-3.4822021960426617,-3.315535585061669,-0.0,-0.0,-3.148868918333066,-3.236798112565334,-0.0,-0.0,-3.148868918325453,-3.1829349552337662,-3.315535585712188,-0.21775977352000572,0.9806552895049911,-0.21775977352099493,0.00966029075945358,-0.6696127698277085,-0.5,-0.6696127698194088,-0.5246531010125277,-0.8333333318771725,-0.0,-0.0,-0.0,-0.0,-0.669612771468398,-0.8241675920477044,-0.6696127714815745,-0.7449042418806038,-0.8333333325276917],"PI":[2.8427786780453754,1.8973219561807095,0.16666666690619744,2.7514613279727636e-8,2.8427786780453754,2.534261915561691,0.16666666691000398,3.182318657618947e-8,0.08333333373551034,0.0,0.0,0.16666666800479588,0.07873747093847272,0.0,0.0,0.16666666800336882,0.13260063211116543,0.0833333340607698,0.6155735598267749,1.8973219561807095,0.6155735598267752,0.8429936295608051,0.163720561042975,0.47375062871236956,0.163720561036561,0.30868024951186357,0.08333333373551034,0.0,0.0,0.0,0.0,0.1637205618416331,0.009165730629576046,0.1637205618456733,0.08842909607596543,0.0833333340607698],"CS":[0.7399468898389873,0.5760027444328337,3.5220877942954885,3.584974030341978,1.2688826986909454,1.364457890153728,4.051023603147974,4.152359200050818,4.379917977777297],"V":[26.308197786269226,19.81742360379471,3.131271122593303,1.2120469782878894e-5,24.732881340721946,22.43000306946443,3.333333831159228,1.2167300223904806e-5,1.6666726866090609,0.0,0.0,3.13127113522021,2.0665697183876386,0.0,0.0,3.3333338530264536,2.652015391283154,1.666672693114227,8.552540362970808,21.53008370362079,7.106621233825178,11.98110916827876,2.7665031561487026,7.63457621475622,3.2744036893281714,6.173587858548815,1.6666644671342934,0.0,0.0,0.0,0.0,2.766503163579672,1.0670431314360571,3.2744037055103647,1.76857937646493,1.666664473639459],"pr_entry":[0.0,0.0,0.0,0.0,0.0,0.0,0.0,0.0,0.0,0.07828177929071051,0.05166424546842378,0.0,0.0,0.0833333469742917,0.06630038839926286,0.0,0.0,0.0,0.0,0.0,0.0,0.0,0.0,0.0,0.0,0.0,0.0,0.06916257375104992,0.026676075893991492,0.08186008272801819,0.04421448106286748,0.0,0.0,0.0,0.0,0.0],"pr_exit":[0.0,0.0,0.0,0.0,0.0,0.0,0.0,0.0,0.0,0.0,0.0,0.0,0.0,0.0,0.0,0.0,0.0,0.0,0.0,0.0,0.0,0.0,0.0,0.0,0.0,0.0,0.0,0.0,0.0,0.0,0.0,0.0,0.0,0.0,0.0,0.0],"pr_merger":[0.17763106895180064,0.0,0.044590430361380586,0.0,0.06805459548911044,0.0,0.0,0.0,0.0,0.0,0.0,0.0,0.0,0.0,0.0,0.0,0.0,0.0,0.0,0.0,0.0,0.0,0.06805459528510452,0.0,0.0,0.0,0.0,0.0,0.0,0.044590430026797634,0.0,0.0,0.0,0.0,0.0,0.0],"active_firms":[true,true,true,true,true,true,true,true,true,false,false,true,true,false,false,true,true,true,true,true,true,true,true,true,true,true,true,false,false,false,false,true,true,true,true,true,true,true,true,true,true,true,true,true,true],"active_outcomes":[1.0,1.0,1.0,1.0,1.0,1.0,1.0,1.0,1.0,0.0,0.0,0.0,0.0,0.0,0.0,1.0,1.0,1.0,0.0,0.0,0.0,0.0,1.0,0.0,1.0,0.0,0.0,0.0,0.0,1.0,1.0,0.0,0.0,1.0,1.0,0.0,1.0,0.0,1.0,0.0,1.0,0.0,1.0,0.0,0.0,0.0,0.0,1.0,1.0,0.0,0.0,1.0,1.0,0.0,1.0,0.0,1.0,0.0,1.0,0.0,1.0,0.0,0.0,0.0,0.0,0.0,0.0,1.0,1.0,1.0,1.0,0.0,1.0,1.0,1.0,1.0,1.0,1.0,1.0,1.0,1.0],"markets":[1,2,3,4,3,4,7,8,9],"marketnames":["20","21","30","31","40","41","43"],"idx_up":[1,2,3,4,5,6,7,8,9,1,2,3,4,5,6,7,8,9,1,2,3,4,5,6,7,8,9,1,2,3,4,5,6,7,8,9,1,2,3,4,5,6,7,8,9,1,2,3,4,5,6,7,8,9,1,2,3,4,5,6,7,8,9,1,2,3,4,5,6,7,8,9,1,2,3,4,5,6,7,8,9,10,11,12,13,14,15,16,17,18,10,11,12,13,14,15,16,17,18,10,11,12,13,14,15,16,17,18,10,11,12,13,14,15,16,17,18,10,11,12,13,14,15,16,17,18,10,11,12,13,14,15,16,17,18,10,11,12,13,14,15,16,17,18,10,11,12,13,14,15,16,17,18,10,11,12,13,14,15,16,17,18,19,20,21,22,23,24,25,26,27,19,20,21,22,23,24,25,26,27,19,20,21,22,23,24,25,26,27,19,20,21,22,23,24,25,26,27,19,20,21,22,23,24,25,26,27,19,20,21,22,23,24,25,26,27,19,20,21,22,23,24,25,26,27,19,20,21,22,23,24,25,26,27,19,20,21,22,23,24,25,26,27,28,29,30,31,32,33,34,35,36,28,29,30,31,32,33,34,35,36,28,29,30,31,32,33,34,35,36,28,29,30,31,32,33,34,35,36,28,29,30,31,32,33,34,35,36,28,29,30,31,32,33,34,35,36,28,29,30,31,32,33,34,35,36,28,29,30,31,32,33,34,35,36,28,29,30,31,32,33,34,35,36],"idx_entry":[1,2,3,4,5,6,7,8,9,3,4,3,4,7,8,7,8,9,1,2,3,4,5,6,7,8,9,5,6,7,8,5,6,7,8,9,10,11,12,13,14,15,16,17,18,12,13,12,13,16,17,16,17,18,10,11,12,13,14,15,16,17,18,14,15,16,17,14,15,16,17,18,19,20,21,22,23,24,25,26,27,21,22,21,22,25,26,25,26,27,19,20,21,22,23,24,25,26,27,23,24,25,26,23,24,25,26,27,28,29,30,31,32,33,34,35,36,30,31,30,31,34,35,34,35,36,28,29,30,31,32,33,34,35,36,32,33,34,35,32,33,34,35,36],"idx_exit":[1,2,10,10,5,6,14,14,15,1,2,1,2,5,6,5,6,6,1,2,3,4,1,1,3,3,13,1,2,3,4,1,2,3,4,4,10,11,1,1,14,15,5,5,6,10,11,10,11,14,15,14,15,15,10,11,12,13,10,10,12,12,4,10,11,12,13,10,11,12,13,13,19,20,19,19,23,24,23,23,33,19,20,19,20,23,24,23,24,24,19,20,21,22,28,28,30,30,31,19,20,21,22,19,20,21,22,22,28,29,28,28,32,33,32,32,24,28,29,28,29,32,33,32,33,33,28,29,30,31,19,19,21,21,22,28,29,30,31,28,29,30,31,31],"idx_merger":[2,2,4,4,6,6,8,8,9,1,2,3,4,5,6,17,9,9,1,2,3,4,6,6,8,8,9,1,2,13,4,5,6,17,8,9,11,11,13,13,15,15,17,17,18,10,11,12,13,14,15,8,18,18,10,11,12,13,15,15,17,17,18,10,11,4,13,14,15,8,17,18,20,20,22,22,24,24,26,26,27,19,20,21,22,23,24,35,27,27,19,20,21,22,33,24,35,26,27,19,20,22,22,23,24,26,26,27,29,29,31,31,33,33,35,35,36,28,29,30,31,32,33,26,36,36,28,29,30,31,24,33,26,35,36,28,29,31,31,32,33,35,35,36]}