{"policy":"nolearning","smax":[5,1],"alpha":0.1,"beta":0.95,"gamma":1.0,"sigma":9.0,"v0":1.0,"accuracy":1.0e-8,"cost_entry":[0,10],"value_exit":[0,1],"cost_merger":[0,10],"entry":true,"exit":true,"mergers":true,"filename":"nolearning_a1s90v10","verbose":true,"firms":[1,2,3,4],"rival":[2,1,4,3],"partner":[3,4,1,2],"merger_pairs":[1,2,1,2,3,4,4,3],"outcomes":[1,0,1,0,1,0,0,0,0,0,1,0,1,0,1,0,0,0,1,0,0,1,0,0,1,0,0,0,1,1,0,0,0,0,1,0,0,0,0,0,1,1,1,1,2],"ownership":[0,3,0,3,0,0,4,4,0,1,0,1,0,0,2,2],"S":[1,1,1,1,1,1,1,1,1,0,0,1,1,0,0,1,1,1,1,1,1,1,1,1,1,1,1,0,0,0,0,1,1,1,1,1,0,1,0,1,0,1,0,1,3],"ms":9,"scale":[1.148698354997035,1.148698354997035,1.148698354997035,1.148698354997035,1.148698354997035,1.148698354997035,1.148698354997035,1.148698354997035,1.148698354997035,0.0,0.0,1.148698354997035,1.148698354997035,0.0,0.0,1.148698354997035,1.148698354997035,1.148698354997035,1.0,1.0,1.0,1.0,1.0,1.0,1.0,1.0,1.0,0.0,0.0,0.0,0.0,1.0,1.0,1.0,1.0,1.0],"D":[0.88015847969646,0.939728376525176,0.4999402290042052,0.8775938323475909,0.8801584796948044,0.8929002311502259,0.49994022902848667,0.6262720562948951,0.4999999900700461,0.0,0.0,0.4999402228028332,0.12239378648022693,0.0,0.0,0.49994022277856504,0.3736682374763065,0.49999999517124366,0.8607022208228252,0.939728376525176,0.8607022208233719,0.8775938323475909,0.4997723426537864,0.8929002311502259,0.49977234265377485,0.6262720562948951,0.4999999900700461,0.0,0.0,0.0,0.0,0.49977233858646486,0.10705927973185174,0.49977233858644754,0.37350051309458665,0.49999999517124366],"Q":[0.7575543581507846,0.939728376525176,0.4302996653828645,0.8775938323475909,0.4398788653036675,0.8929002311502259,0.24985629944843166,0.6262720562948951,0.4999999900700461,0.0,0.0,0.0,0.0,0.0,0.0,0.24985629429147316,0.3734408431997694,0.49999999517124366,0.0,0.0,0.0,0.0,0.43987886172378,0.0,0.2498562974150109,0.0,0.0,0.0,0.0,0.4302996600453299,0.0,0.0,0.0,0.24985629632489348,0.0,0.0,0.12260412154567533,0.0,0.06964056362134066,0.0,0.0004007526673569939,0.0,0.00022763216504412967,0.0,0.0,0.0,0.0,0.0696405627575033,0.12239378648022693,0.0,0.0,0.0002276321621984233,0.00022739427653713638,0.0,0.10314786267204053,0.0,0.00010289539517754663,0.0,0.05989347735011889,0.0,5.9746880449689765e-5,0.0,0.0,0.0,0.0,0.0,0.0,0.05989347686268484,0.10705927973185174,5.974687996344813e-5,5.966989481726703e-5,0.0,0.016693657631499416,0.06027162347482385,1.6652797784142275e-5,1.2381172182218538e-5,5.4566092391767616e-5,4.048911792242824e-5,5.4432534946763155e-8,3.6333981164885713e-8,1.4758710234937193e-8],"P":[-0.22154797511362553,-0.22694525908365926,-0.9265026944235587,-0.6948359671508473,-0.22154797511188168,-0.6299712267011004,-0.9265026944415994,-1.000045955595597,-1.0375872443668026,-0.0,-0.0,-0.9265026930453112,-1.0220913263786313,-0.0,-0.0,-0.9265026930525619,-0.9712985852457394,-1.0375872449336023,-0.20234829488657702,-0.07824690408662416,-0.2023482948870836,-0.5461376121538122,-0.7778789127202852,-0.4812728717040653,-0.7778789127132696,-0.8513476005985617,-0.8888888893697675,-0.0,-0.0,-0.0,-0.0,-0.7778789118160242,-0.8755671923871837,-0.7778789118090074,-0.822647719349518,-0.8888888899365672],"PI":[0.8160392688081771,0.8661975403797315,0.11108454943084443,0.39830683230836467,0.8160392688081771,0.46317157275933296,0.11108454942722042,0.0930968438463087,0.05555555421178804,0.0,0.0,0.11108454874196785,0.015495913627616893,0.0,0.0,0.11108454873295064,0.06628865929166924,0.05555555449518791,0.6865405940342364,0.8661975403797315,0.6865405940342365,0.39830683230836467,0.11100997614258921,0.46317157275933296,0.11100997614609287,0.09309684384630877,0.05555555421178804,0.0,0.0,0.0,0.0,0.11100997569107597,0.013321686758040189,0.11100997569457895,0.06624116782145018,0.05555555449518791],"CS":[0.4547473793600031,0.3440639941781294,1.222548035618946,1.287446187122483,1.090677542954561,1.1557954872979381,1.858478199220234,1.9353549428633225,2.0805088427343255],"V":[12.16549053323179,14.564166835092982,2.216763012059023,9.694895579163015,13.172028748549028,10.302051025070242,2.221690099054578,1.8619362856654473,1.1111111153948905,0.0,0.0,2.216763008407616,0.7022778740642375,0.0,0.0,2.221690085169189,1.3257730390418618,1.111111121062883,10.931815424774424,14.564166711824969,11.93162848060193,9.694895455894994,2.198750240456193,10.302050901802216,2.2201985114004055,1.8619361623974298,1.1111109921268725,0.0,0.0,0.0,0.0,2.198750238068694,0.6754015422901709,2.2201985023701316,1.324823087156854,1.111110997794866],"pr_entry":[0.0,0.0,0.0,0.0,0.0,0.0,0.0,0.0,0.0,0.055419076110741074,0.01755694649187129,0.0,0.0,0.055542250958848384,0.0331443257828998,0.0,0.0,0.0,0.0,0.0,0.0,0.0,0.0,0.0,0.0,0.0,0.0,0.05496875674992833,0.016885038108482398,0.05550496122830403,0.03312057682461589,0.0,0.0,0.0,0.0,0.0],"pr_exit":[0.0,0.0,0.0,0.25,0.0,0.0,0.0,0.25,0.0,0.0,0.0,0.0,0.07443053508128711,0.0,0.0,0.0,0.0,0.0,0.0,0.0,0.0,0.0,0.0,0.25,0.0,0.25,0.0,0.0,0.0,0.0,0.0,0.0,0.08114961891517602,0.0,0.0,0.0],"pr_merger":[0.16652952475474997,0.0,0.1490533070372458,0.0,0.14874163815996755,0.0,0.0,0.0,0.0,0.0,0.0,0.0,0.0,0.0,0.0,0.0,0.0,0.0,0.0,0.0,0.0,0.0,0.14874163822887887,0.0,0.0,0.0,0.0,0.0,0.0,0.1490533071427319,0.0,0.0,0.0,0.0,0.0,0.0],"active_firms":[true,true,true,true,true,true,true,true,true,false,false,true,true,false,false,true,true,true,true,true,true,true,true,true,true,true,true,false,false,false,false,true,true,true,true,true,true,true,true,true,true,true,true,true,true],"active_outcomes":[1.0,1.0,1.0,1.0,1.0,1.0,1.0,1.0,1.0,0.0,0.0,0.0,0.0,0.0,0.0,1.0,1.0,1.0,0.0,0.0,0.0,0.0,1.0,0.0,1.0,0.0,0.0,0.0,0.0,1.0,0.0,0.0,0.0,1.0,0.0,0.0,1.0,0.0,1.0,0.0,1.0,0.0,1.0,0.0,0.0,0.0,0.0,1.0,1.0,0.0,0.0,1.0,1.0,0.0,1.0,0.0,1.0,0.0,1.0,0.0,1.0,0.0,0.0,0.0,0.0,0.0,0.0,1.0,1.0,1.0,1.0,0.0,1.0,1.0,1.0,1.0,1.0,1.0,1.0,1.0,1.0],"markets":[1,2,3,4,3,4,7,8,9],"marketnames":["20","21","30","31","40","41","43"],"idx_up":[1,2,3,4,5,6,7,8,9,1,2,3,4,5,6,7,8,9,1,2,3,4,5,6,7,8,9,1,2,3,4,5,6,7,8,9,1,2,3,4,5,6,7,8,9,1,2,3,4,5,6,7,8,9,1,2,3,4,5,6,7,8,9,1,2,3,4,5,6,7,8,9,1,2,3,4,5,6,7,8,9,10,11,12,13,14,15,16,17,18,10,11,12,13,14,15,16,17,18,10,11,12,13,14,15,16,17,18,10,11,12,13,14,15,16,17,18,10,11,12,13,14,15,16,17,18,10,11,12,13,14,15,16,17,18,10,11,12,13,14,15,16,17,18,10,11,12,13,14,15,16,17,18,10,11,12,13,14,15,16,17,18,19,20,21,22,23,24,25,26,27,19,20,21,22,23,24,25,26,27,19,20,21,22,23,24,25,26,27,19,20,21,22,23,24,25,26,27,19,20,21,22,23,24,25,26,27,19,20,21,22,23,24,25,26,27,19,20,21,22,23,24,25,26,27,19,20,21,22,23,24,25,26,27,19,20,21,22,23,24,25,26,27,28,29,30,31,32,33,34,35,36,28,29,30,31,32,33,34,35,36,28,29,30,31,32,33,34,35,36,28,29,30,31,32,33,34,35,36,28,29,30,31,32,33,34,35,36,28,29,30,31,32,33,34,35,36,28,29,30,31,32,33,34,35,36,28,29,30,31,32,33,34,35,36,28,29,30,31,32,33,34,35,36],"idx_entry":[1,2,3,4,5,6,7,8,9,3,4,3,4,7,8,7,8,9,1,2,3,4,5,6,7,8,9,5,6,7,8,5,6,7,8,9,10,11,12,13,14,15,16,17,18,12,13,12,13,16,17,16,17,18,10,11,12,13,14,15,16,17,18,14,15,16,17,14,15,16,17,18,19,20,21,22,23,24,25,26,27,21,22,21,22,25,26,25,26,27,19,20,21,22,23,24,25,26,27,23,24,25,26,23,24,25,26,27,28,29,30,31,32,33,34,35,36,30,31,30,31,34,35,34,35,36,28,29,30,31,32,33,34,35,36,32,33,34,35,32,33,34,35,36],"idx_exit":[1,2,10,4,5,6,14,8,11,1,2,1,2,5,6,5,6,2,1,2,3,4,1,6,3,8,11,1,2,3,4,1,2,3,4,2,10,11,1,13,14,15,5,17,2,10,11,10,11,14,15,14,15,11,10,11,12,13,10,15,12,17,2,10,11,12,13,10,11,12,13,11,19,20,19,22,23,24,23,26,29,19,20,19,20,23,24,23,24,20,19,20,21,22,28,24,30,26,29,19,20,21,22,19,20,21,22,20,28,29,28,31,32,33,32,35,20,28,29,28,29,32,33,32,33,29,28,29,30,31,19,33,21,35,20,28,29,30,31,28,29,30,31,29],"idx_merger":[2,2,4,4,6,6,8,8,9,1,2,3,4,5,6,17,9,9,1,2,3,4,6,6,8,8,9,1,2,13,4,5,6,17,8,9,11,11,13,13,15,15,17,17,18,10,11,12,13,14,15,8,18,18,10,11,12,13,15,15,17,17,18,10,11,4,13,14,15,8,17,18,20,20,22,22,24,24,26,26,27,19,20,21,22,23,24,35,27,27,19,20,21,22,33,24,35,26,27,19,20,22,22,23,24,26,26,27,29,29,31,31,33,33,35,35,36,28,29,30,31,32,33,26,36,36,28,29,30,31,24,33,26,35,36,28,29,31,31,32,33,35,35,36]}