{"policy":"nolearning","smax":[5,1],"alpha":0.3,"beta":0.95,"gamma":1.0,"sigma":5.0,"v0":1.0,"accuracy":1.0e-8,"cost_entry":[0,10],"value_exit":[0,1],"cost_merger":[0,10],"entry":true,"exit":true,"mergers":true,"filename":"nolearning_a3s50v10","verbose":true,"firms":[1,2,3,4],"rival":[2,1,4,3],"partner":[3,4,1,2],"merger_pairs":[1,2,1,2,3,4,4,3],"outcomes":[1,0,1,0,1,0,0,0,0,0,1,0,1,0,1,0,0,0,1,0,0,1,0,0,1,0,0,0,1,1,0,0,0,0,1,0,0,0,0,0,1,1,1,1,2],"ownership":[0,3,0,3,0,0,4,4,0,1,0,1,0,0,2,2],"S":[1,1,1,1,1,1,1,1,1,0,0,1,1,0,0,1,1,1,1,1,1,1,1,1,1,1,1,0,0,0,0,1,1,1,1,1,0,1,0,1,0,1,0,1,3],"ms":9,"scale":[1.515716566510398,1.515716566510398,1.515716566510398,1.515716566510398,1.515716566510398,1.515716566510398,1.515716566510398,1.515716566510398,1.515716566510398,0.0,0.0,1.515716566510398,1.515716566510398,0.0,0.0,1.515716566510398,1.515716566510398,1.515716566510398,1.0,1.0,1.0,1.0,1.0,1.0,1.0,1.0,1.0,0.0,0.0,0.0,0.0,1.0,1.0,1.0,1.0,1.0],"D":[0.8326163309498724,0.9033243195611668,0.4990608211651639,0.7956996094992169,0.8326163309458424,0.8559030610628833,0.4990608211700511,0.6222778622122567,0.4999936336801701,0.0,0.0,0.49906082552104036,0.2039342022916821,0.0,0.0,0.49906082551608494,0.3767636867679918,0.49999363910780814,0.7453054096199496,0.9033243195611668,0.7453054096222986,0.7956996094992169,0.4883822330694949,0.8559030610628833,0.4883822330576387,0.6222778622122567,0.4999936336801701,0.0,0.0,0.0,0.0,0.4883822367933285,0.14105240762324886,0.4883822368064179,0.36579461833835386,0.49999363910780814],"Q":[0.6205534555948542,0.9033243195611668,0.3719527297449433,0.7956996094992169,0.4066350229974601,0.8559030610628833,0.24373243827460855,0.6222778622122567,0.4999936336801701,0.0,0.0,0.0,0.0,0.0,0.0,0.2437324422680031,0.3648664328022361,0.49999363910780814,0.0,0.0,0.0,0.0,0.40663502609798474,0.0,0.24373244014547718,0.0,0.0,0.0,0.0,0.37195273299140147,0.0,0.0,0.0,0.24373244039713404,0.0,0.0,0.21206287535501825,0.0,0.12710809142022064,0.0,0.019346281850397513,0.0,0.011595942749965376,0.0,0.0,0.0,0.0,0.12710809252963887,0.2039342022916821,0.0,0.0,0.011595942850947775,0.011897253965755729,0.0,0.12475195402509545,0.0,0.0013999468859538498,0.0,0.08174721007203481,0.0,0.0009173543858961033,0.0,0.0,0.0,0.0,0.0,0.0,0.08174721069534371,0.14105240762324886,0.0009173543929376356,0.0009281855361177793,0.0,0.04263171502503218,0.09667568043883325,0.00047840642784177434,0.0003661882091009086,0.0038892482867790693,0.0030445313138678133,4.364453503023551e-5,3.0265483633896744e-5,1.2727212021874114e-5],"P":[-0.32085687042469,-0.4813302603478027,-1.1164664956647508,-1.0262412417408382,-0.3208568704189068,-0.821739298645608,-1.1164664956594317,-1.2509716919146416,-1.315719109714593,-0.0,-0.0,-1.1164664974103804,-1.2644810498537407,-0.0,-0.0,-1.1164664974011167,-1.1948109968202005,-1.3157191108001345,-0.2147457875193253,0.034386306162595304,-0.2147457875218003,-0.5105246752304402,-0.6090831570304843,-0.30602273213521003,-0.6090831570362436,-0.7352551254042436,-0.8000025432041951,-0.0,-0.0,-0.0,-0.0,-0.6090831585554511,-0.7671569074377301,-0.6090831585714261,-0.6846447469549196,-0.8000025442897365],"PI":[0.9948596961547617,0.9343863061777151,0.1992500682064786,0.3894753247786411,0.9948596961547618,0.5939772678735302,0.19925006821108435,0.16474487459509923,0.09999745515012734,0.0,0.0,0.1992500690743872,0.05123551467671403,0.0,0.0,0.19925006907703188,0.12090556554086153,0.09999745569287734,0.5852542124887002,0.9343863061777151,0.5852542124887001,0.3894753247786411,0.19091684071392914,0.5939772678735302,0.19091684070648163,0.16474487459509923,0.09999745515012734,0.0,0.0,0.0,0.0,0.1909168414248717,0.03284307880435115,0.19091684142218668,0.11535525442862019,0.09999745569287734],"CS":[0.6310313637083976,0.5248150951099347,1.5290099838588012,1.640009039334155,1.1099078764997523,1.2164180764061983,2.0078864966564636,2.1386369442453246,2.3929830716869107],"V":[10.24621166581929,11.134533046828821,3.8513995705573962,5.439397177936617,9.67309981862362,7.290351879855693,3.9849890391560336,3.2948886113865727,1.9999466860282833,0.0,0.0,3.851399582334317,1.7532746898257259,0.0,0.0,3.9849890564748933,2.418106806648876,1.999946696883231,7.269866407156762,11.13453047270674,6.634893111701284,5.439394603814528,3.442001394036015,7.290349305733601,3.818322746823056,3.294886037264485,1.9999441119061954,0.0,0.0,0.0,0.0,3.4420014022741996,1.5390429094892533,3.818322761137082,2.3070985643529043,1.9999441227611423],"pr_entry":[0.0,0.0,0.0,0.0,0.0,0.0,0.0,0.0,0.0,0.09628496689624959,0.04383185884526973,0.0,0.0,0.09962471019468058,0.060452664239684574,0.0,0.0,0.0,0.0,0.0,0.0,0.0,0.0,0.0,0.0,0.0,0.0,0.08605001707488481,0.03847606227028198,0.09545805051881304,0.05767745552432326,0.0,0.0,0.0,0.0,0.0],"pr_exit":[0.0,0.0,0.0,0.25,0.0,0.0,0.0,0.0,0.0,0.0,0.0,0.0,0.0,0.0,0.0,0.0,0.0,0.0,0.0,0.0,0.0,0.0,0.0,0.25,0.0,0.0,0.0,0.0,0.0,0.0,0.0,0.0,0.0,0.0,0.0,0.0],"pr_merger":[0.12533695940266712,0.0,0.010030805847308666,0.0,0.03779282042102722,0.0,0.0,0.0,0.0,0.0,0.0,0.0,0.0,0.0,0.0,0.0,0.0,0.0,0.0,0.0,0.0,0.0,0.037792820199940035,0.0,0.0,0.0,0.0,0.0,0.0,0.010030805539660171,0.0,0.0,0.0,0.0,0.0,0.0],"active_firms":[true,true,true,true,true,true,true,true,true,false,false,true,true,false,false,true,true,true,true,true,true,true,true,true,true,true,true,false,false,false,false,true,true,true,true,true,true,true,true,true,true,true,true,true,true],"active_outcomes":[1.0,1.0,1.0,1.0,1.0,1.0,1.0,1.0,1.0,0.0,0.0,0.0,0.0,0.0,0.0,1.0,1.0,1.0,0.0,0.0,0.0,0.0,1.0,0.0,1.0,0.0,0.0,0.0,0.0,1.0,0.0,0.0,0.0,1.0,0.0,0.0,1.0,0.0,1.0,0.0,1.0,0.0,1.0,0.0,0.0,0.0,0.0,1.0,1.0,0.0,0.0,1.0,1.0,0.0,1.0,0.0,1.0,0.0,1.0,0.0,1.0,0.0,0.0,0.0,0.0,0.0,0.0,1.0,1.0,1.0,1.0,0.0,1.0,1.0,1.0,1.0,1.0,1.0,1.0,1.0,1.0],"markets":[1,2,3,4,3,4,7,8,9],"marketnames":["20","21","30","31","40","41","43"],"idx_up":[1,2,3,4,5,6,7,8,9,1,2,3,4,5,6,7,8,9,1,2,3,4,5,6,7,8,9,1,2,3,4,5,6,7,8,9,1,2,3,4,5,6,7,8,9,1,2,3,4,5,6,7,8,9,1,2,3,4,5,6,7,8,9,1,2,3,4,5,6,7,8,9,1,2,3,4,5,6,7,8,9,10,11,12,13,14,15,16,17,18,10,11,12,13,14,15,16,17,18,10,11,12,13,14,15,16,17,18,10,11,12,13,14,15,16,17,18,10,11,12,13,14,15,16,17,18,10,11,12,13,14,15,16,17,18,10,11,12,13,14,15,16,17,18,10,11,12,13,14,15,16,17,18,10,11,12,13,14,15,16,17,18,19,20,21,22,23,24,25,26,27,19,20,21,22,23,24,25,26,27,19,20,21,22,23,24,25,26,27,19,20,21,22,23,24,25,26,27,19,20,21,22,23,24,25,26,27,19,20,21,22,23,24,25,26,27,19,20,21,22,23,24,25,26,27,19,20,21,22,23,24,25,26,27,19,20,21,22,23,24,25,26,27,28,29,30,31,32,33,34,35,36,28,29,30,31,32,33,34,35,36,28,29,30,31,32,33,34,35,36,28,29,30,31,32,33,34,35,36,28,29,30,31,32,33,34,35,36,28,29,30,31,32,33,34,35,36,28,29,30,31,32,33,34,35,36,28,29,30,31,32,33,34,35,36,28,29,30,31,32,33,34,35,36],"idx_entry":[1,2,3,4,5,6,7,8,9,3,4,3,4,7,8,7,8,9,1,2,3,4,5,6,7,8,9,5,6,7,8,5,6,7,8,9,10,11,12,13,14,15,16,17,18,12,13,12,13,16,17,16,17,18,10,11,12,13,14,15,16,17,18,14,15,16,17,14,15,16,17,18,19,20,21,22,23,24,25,26,27,21,22,21,22,25,26,25,26,27,19,20,21,22,23,24,25,26,27,23,24,25,26,23,24,25,26,27,28,29,30,31,32,33,34,35,36,30,31,30,31,34,35,34,35,36,28,29,30,31,32,33,34,35,36,32,33,34,35,32,33,34,35,36],"idx_exit":[1,2,10,4,5,6,14,10,11,1,2,1,2,5,6,5,6,2,1,2,3,4,1,6,3,10,11,1,2,3,4,1,2,3,4,2,10,11,1,13,14,15,5,1,2,10,11,10,11,14,15,14,15,11,10,11,12,13,10,15,12,1,2,10,11,12,13,10,11,12,13,11,19,20,19,22,23,24,23,28,29,19,20,19,20,23,24,23,24,20,19,20,21,22,28,24,30,28,29,19,20,21,22,19,20,21,22,20,28,29,28,31,32,33,32,19,20,28,29,28,29,32,33,32,33,29,28,29,30,31,19,33,21,19,20,28,29,30,31,28,29,30,31,29],"idx_merger":[2,2,4,4,6,6,8,8,9,1,2,3,4,5,6,17,9,9,1,2,3,4,6,6,8,8,9,1,2,13,4,5,6,17,8,9,11,11,13,13,15,15,17,17,18,10,11,12,13,14,15,8,18,18,10,11,12,13,15,15,17,17,18,10,11,4,13,14,15,8,17,18,20,20,22,22,24,24,26,26,27,19,20,21,22,23,24,35,27,27,19,20,21,22,33,24,35,26,27,19,20,22,22,23,24,26,26,27,29,29,31,31,33,33,35,35,36,28,29,30,31,32,33,26,36,36,28,29,30,31,24,33,26,35,36,28,29,31,31,32,33,35,35,36]}