{"policy":"nolearning","smax":[5,1],"alpha":0.5,"beta":0.95,"gamma":1.0,"sigma":5.0,"v0":1.0,"accuracy":1.0e-8,"cost_entry":[0,10],"value_exit":[0,1],"cost_merger":[0,10],"entry":true,"exit":true,"mergers":true,"filename":"nolearning_a5s50v10","verbose":true,"firms":[1,2,3,4],"rival":[2,1,4,3],"partner":[3,4,1,2],"merger_pairs":[1,2,1,2,3,4,4,3],"outcomes":[1,0,1,0,1,0,0,0,0,0,1,0,1,0,1,0,0,0,1,0,0,1,0,0,1,0,0,0,1,1,0,0,0,0,1,0,0,0,0,0,1,1,1,1,2],"ownership":[0,3,0,3,0,0,4,4,0,1,0,1,0,0,2,2],"S":[1,1,1,1,1,1,1,1,1,0,0,1,1,0,0,1,1,1,1,1,1,1,1,1,1,1,1,0,0,0,0,1,1,1,1,1,0,1,0,1,0,1,0,1,3],"ms":9,"scale":[2.0,2.0,2.0,2.0,2.0,2.0,2.0,2.0,2.0,0.0,0.0,2.0,2.0,0.0,0.0,2.0,2.0,2.0,1.0,1.0,1.0,1.0,1.0,1.0,1.0,1.0,1.0,0.0,0.0,0.0,0.0,1.0,1.0,1.0,1.0,1.0],"D":[0.8757354681741125,0.9203380882665128,0.4999161793007655,0.7957677899957027,0.8757354681855921,0.8891291764577962,0.49991617933121485,0.6225611512164778,0.4999994372151919,0.0,0.0,0.4999161737130715,0.2041996381026414,0.0,0.0,0.4999161736826091,0.3773534795853101,0.49999943262392044,0.7453054096193362,0.9203380882665128,0.7453054096168371,0.7957677899957027,0.4883822330529012,0.8891291764577962,0.48838223306633155,0.6225611512164778,0.4999994372151919,0.0,0.0,0.0,0.0,0.488382236809768,0.10862348194726702,0.48838223679632375,0.3655279225652781,0.49999943262392044],"Q":[0.6526903818256882,0.9203380882665128,0.37259023278784115,0.7957677899957027,0.4276936435161073,0.8891291764577962,0.2441501800077674,0.6225611512164778,0.4999994372151919,0.0,0.0,0.0,0.0,0.0,0.0,0.24415017911377215,0.36544524738286355,0.49999943262392044,0.0,0.0,0.0,0.0,0.4276936468061288,0.0,0.24415018187245086,0.0,0.0,0.0,0.0,0.3725902286233026,0.0,0.0,0.0,0.24415017724908872,0.0,0.0,0.22304508634842438,0.0,0.12732594651292434,0.0,0.02034817786335593,0.0,0.011615817450996586,0.0,0.0,0.0,0.0,0.12732594508976888,0.2041996381026414,0.0,0.0,0.011615817319748239,0.011908232202446557,0.0,0.09261502779364804,0.0,0.00012494820569345136,0.0,0.060688589536793874,0.0,8.187580947543302e-5,0.0,0.0,0.0,0.0,0.0,0.0,0.06068859000363916,0.10862348194726702,8.187581010075498e-5,8.267518241458188e-5,0.0,0.031649504032239324,0.07966191173348722,4.2698780469828295e-5,3.257190165586027e-5,0.0028873522739749965,0.002247341594936839,3.895366599725422e-6,2.6940157975047545e-6,1.1301608876626011e-6],"P":[-0.3905302907757852,-0.7446949513653953,-1.60006704523162,-1.510361269684104,-0.39053029079688245,-1.098049452599222,-1.6000670452287298,-1.7350564195452494,-1.8000002250782203,-0.0,-0.0,-1.6000670429961676,-1.7486806816252636,-0.0,-0.0,-1.6000670429689088,-1.6787904559434914,-1.8000002241599649,-0.21474578751867915,0.2553050486346047,-0.21474578751604598,-0.510361269684104,-0.6090831570223603,-0.09804945259922193,-0.6090831570277431,-0.7350564195452494,-0.8000002250782203,-0.0,-0.0,-0.0,-0.0,-0.6090831585608547,-0.7756279208002324,-0.6090831585552319,-0.6847773046682647,-0.8000002241599649],"PI":[1.4094697093195205,1.1553050486516738,0.19993295472427444,0.38963873031978247,1.409469709319521,0.8019505474161123,0.19993295473789696,0.16494358045532506,0.09999977490405489,0.0,0.0,0.19993295360711022,0.05131931386032369,0.0,0.0,0.19993295360855445,0.12120953912573448,0.09999977444492884,0.5852542124887001,1.1553050486516738,0.5852542124887001,0.38963873031978247,0.19091684071141002,0.8019505474161123,0.1909168407140313,0.16494358045532506,0.09999977490405489,0.0,0.0,0.0,0.0,0.1909168414286592,0.024372076494426728,0.1909168414261497,0.1152226969700368,0.09999977444492884],"CS":[0.6906065601804234,0.5635291550610951,2.012268039712624,2.1239485252200763,1.1694830729942218,1.277137869423236,2.49114455249472,2.6224319376972742,2.8772595474944684],"V":[13.597435912451745,13.466730168492719,3.8655823472802306,5.444325961383823,12.819573126653811,9.220411152284397,3.9986500914108287,3.298865758087704,1.9999954981013766,0.0,0.0,3.8655823320043936,1.7568549439110475,0.0,0.0,3.9986500688240745,2.42418887166513,1.9999954889188944,7.6196475544805535,13.466725663798984,6.634632742856613,5.444321456690091,3.321386722742934,9.220406647590666,3.8183241185364296,3.2988612533939707,1.9999909934076434,0.0,0.0,0.0,0.0,3.3213867299318363,1.4599108742562672,3.8183241327787334,2.304448063235252,1.9999909842251626],"pr_entry":[0.0,0.0,0.0,0.0,0.0,0.0,0.0,0.0,0.0,0.09663954053819779,0.04392136884443944,0.0,0.0,0.09996623987409266,0.06060471927735252,0.0,0.0,0.0,0.0,0.0,0.0,0.0,0.0,0.0,0.0,0.0,0.0,0.08303465443694572,0.0364977632486874,0.09545808661454168,0.0576111938490846,0.0,0.0,0.0,0.0,0.0],"pr_exit":[0.0,0.0,0.0,0.25,0.0,0.0,0.0,0.0,0.0,0.0,0.0,0.0,0.0,0.0,0.0,0.0,0.0,0.0,0.0,0.0,0.0,0.0,0.0,0.25,0.0,0.0,0.0,0.0,0.0,0.0,0.0,0.0,0.0,0.0,0.0,0.0],"pr_merger":[0.1539716997972317,0.0,0.009934121758293857,0.0,0.060355703412885965,0.0,0.0,0.0,0.0,0.0,0.0,0.0,0.0,0.0,0.0,0.0,0.0,0.0,0.0,0.0,0.0,0.0,0.06035570321553592,0.0,0.0,0.0,0.0,0.0,0.0,0.009934122157636815,0.0,0.0,0.0,0.0,0.0,0.0],"active_firms":[true,true,true,true,true,true,true,true,true,false,false,true,true,false,false,true,true,true,true,true,true,true,true,true,true,true,true,false,false,false,false,true,true,true,true,true,true,true,true,true,true,true,true,true,true],"active_outcomes":[1.0,1.0,1.0,1.0,1.0,1.0,1.0,1.0,1.0,0.0,0.0,0.0,0.0,0.0,0.0,1.0,1.0,1.0,0.0,0.0,0.0,0.0,1.0,0.0,1.0,0.0,0.0,0.0,0.0,1.0,0.0,0.0,0.0,1.0,0.0,0.0,1.0,0.0,1.0,0.0,1.0,0.0,1.0,0.0,0.0,0.0,0.0,1.0,1.0,0.0,0.0,1.0,1.0,0.0,1.0,0.0,1.0,0.0,1.0,0.0,1.0,0.0,0.0,0.0,0.0,0.0,0.0,1.0,1.0,1.0,1.0,0.0,1.0,1.0,1.0,1.0,1.0,1.0,1.0,1.0,1.0],"markets":[1,2,3,4,3,4,7,8,9],"marketnames":["20","21","30","31","40","41","43"],"idx_up":[1,2,3,4,5,6,7,8,9,1,2,3,4,5,6,7,8,9,1,2,3,4,5,6,7,8,9,1,2,3,4,5,6,7,8,9,1,2,3,4,5,6,7,8,9,1,2,3,4,5,6,7,8,9,1,2,3,4,5,6,7,8,9,1,2,3,4,5,6,7,8,9,1,2,3,4,5,6,7,8,9,10,11,12,13,14,15,16,17,18,10,11,12,13,14,15,16,17,18,10,11,12,13,14,15,16,17,18,10,11,12,13,14,15,16,17,18,10,11,12,13,14,15,16,17,18,10,11,12,13,14,15,16,17,18,10,11,12,13,14,15,16,17,18,10,11,12,13,14,15,16,17,18,10,11,12,13,14,15,16,17,18,19,20,21,22,23,24,25,26,27,19,20,21,22,23,24,25,26,27,19,20,21,22,23,24,25,26,27,19,20,21,22,23,24,25,26,27,19,20,21,22,23,24,25,26,27,19,20,21,22,23,24,25,26,27,19,20,21,22,23,24,25,26,27,19,20,21,22,23,24,25,26,27,19,20,21,22,23,24,25,26,27,28,29,30,31,32,33,34,35,36,28,29,30,31,32,33,34,35,36,28,29,30,31,32,33,34,35,36,28,29,30,31,32,33,34,35,36,28,29,30,31,32,33,34,35,36,28,29,30,31,32,33,34,35,36,28,29,30,31,32,33,34,35,36,28,29,30,31,32,33,34,35,36,28,29,30,31,32,33,34,35,36],"idx_entry":[1,2,3,4,5,6,7,8,9,3,4,3,4,7,8,7,8,9,1,2,3,4,5,6,7,8,9,5,6,7,8,5,6,7,8,9,10,11,12,13,14,15,16,17,18,12,13,12,13,16,17,16,17,18,10,11,12,13,14,15,16,17,18,14,15,16,17,14,15,16,17,18,19,20,21,22,23,24,25,26,27,21,22,21,22,25,26,25,26,27,19,20,21,22,23,24,25,26,27,23,24,25,26,23,24,25,26,27,28,29,30,31,32,33,34,35,36,30,31,30,31,34,35,34,35,36,28,29,30,31,32,33,34,35,36,32,33,34,35,32,33,34,35,36],"idx_exit":[1,2,10,4,5,6,14,10,11,1,2,1,2,5,6,5,6,2,1,2,3,4,1,6,3,10,11,1,2,3,4,1,2,3,4,2,10,11,1,13,14,15,5,1,2,10,11,10,11,14,15,14,15,11,10,11,12,13,10,15,12,1,2,10,11,12,13,10,11,12,13,11,19,20,19,22,23,24,23,28,29,19,20,19,20,23,24,23,24,20,19,20,21,22,28,24,30,28,29,19,20,21,22,19,20,21,22,20,28,29,28,31,32,33,32,19,20,28,29,28,29,32,33,32,33,29,28,29,30,31,19,33,21,19,20,28,29,30,31,28,29,30,31,29],"idx_merger":[2,2,4,4,6,6,8,8,9,1,2,3,4,5,6,17,9,9,1,2,3,4,6,6,8,8,9,1,2,13,4,5,6,17,8,9,11,11,13,13,15,15,17,17,18,10,11,12,13,14,15,8,18,18,10,11,12,13,15,15,17,17,18,10,11,4,13,14,15,8,17,18,20,20,22,22,24,24,26,26,27,19,20,21,22,23,24,35,27,27,19,20,21,22,33,24,35,26,27,19,20,22,22,23,24,26,26,27,29,29,31,31,33,33,35,35,36,28,29,30,31,32,33,26,36,36,28,29,30,31,24,33,26,35,36,28,29,31,31,32,33,35,35,36]}