{"policy":"nolearning","smax":[5,1],"alpha":0.8,"beta":0.95,"gamma":1.0,"sigma":3.0,"v0":1.0,"accuracy":1.0e-8,"cost_entry":[0,10],"value_exit":[0,1],"cost_merger":[0,10],"entry":true,"exit":true,"mergers":true,"filename":"nolearning_a8s30v10","verbose":true,"firms":[1,2,3,4],"rival":[2,1,4,3],"partner":[3,4,1,2],"merger_pairs":[1,2,1,2,3,4,4,3],"outcomes":[1,0,1,0,1,0,0,0,0,0,1,0,1,0,1,0,0,0,1,0,0,1,0,0,1,0,0,0,1,1,0,0,0,0,1,0,0,0,0,0,1,1,1,1,2],"ownership":[0,3,0,3,0,0,4,4,0,1,0,1,0,0,2,2],"S":[1,1,1,1,1,1,1,1,1,0,0,1,1,0,0,1,1,1,1,1,1,1,1,1,1,1,1,0,0,0,0,1,1,1,1,1,0,1,0,1,0,1,0,1,3],"ms":9,"scale":[3.0314331330207964,3.0314331330207964,3.0314331330207964,3.0314331330207964,3.0314331330207964,3.0314331330207964,3.0314331330207964,3.0314331330207964,3.0314331330207964,0.0,0.0,3.0314331330207964,3.0314331330207964,0.0,0.0,3.0314331330207964,3.0314331330207964,3.0314331330207964,1.0,1.0,1.0,1.0,1.0,1.0,1.0,1.0,1.0,0.0,0.0,0.0,0.0,1.0,1.0,1.0,1.0,1.0],"D":[0.8622609034119669,0.8990655008758702,0.4997928043008856,0.713394074123024,0.8622609034008886,0.8767034925945729,0.49979280430494677,0.6033262320572504,0.49998966961568136,0.0,0.0,0.4997928001037719,0.28647526552349073,0.0,0.0,0.4997928000997096,0.3964403528108726,0.49998967446297654,0.6089389667965044,0.8990655008758702,0.6089389667926993,0.713394074123024,0.43606352380164193,0.8767034925945729,0.43606352380398017,0.6033262320572504,0.49998966961568136,0.0,0.0,0.0,0.0,0.43606351731683635,0.10697637825772205,0.4360635173145946,0.3253540462835618,0.49998967446297654],"Q":[0.5250642636327036,0.8990655008758702,0.30434331386140706,0.713394074123024,0.37600052797337863,0.8767034925945729,0.21794141141708817,0.6033262320572504,0.49998966961568136,0.0,0.0,0.0,0.0,0.0,0.0,0.21794140633998943,0.3251625978850104,0.49998967446297654,0.0,0.0,0.0,0.0,0.37600052238178433,0.0,0.21794140817373994,0.0,0.0,0.0,0.0,0.30434331130562103,0.0,0.0,0.0,0.21794140958333763,0.0,0.0,0.3371966397792633,0.0,0.19544949043947854,0.0,0.11025985304572562,0.0,0.06390998471411866,0.0,0.0,0.0,0.0,0.1954494887981509,0.28647526552349073,0.0,0.0,0.06390998417638254,0.07127775492586218,0.0,0.0838747031638008,0.0,0.0002523416256712025,0.0,0.06006299582826328,0.0,0.00018070280355438867,0.0,0.0,0.0,0.0,0.0,0.0,0.06006299493505203,0.10697637825772205,0.0001807028008652158,0.000191448398551388,0.0,0.0538643934242323,0.10093449912412975,0.00016205396967112503,0.00013066035348529442,0.017613105835796124,0.016320129147705035,5.298999092401885e-5,4.196673332558492e-5,2.065592134200925e-5],"P":[-0.6113988685883504,-1.380197251275103,-2.365042612744549,-2.4499145682692305,-0.6113988685572578,-1.6796781630797888,-2.3650426127462154,-2.611272583789586,-2.6981066815641395,-0.0,-0.0,-2.3650426099453132,-2.5642687477890287,-0.0,-0.0,-2.3650426099415616,-2.479154108113087,-2.6981066831799376,-0.14761813366977422,0.6512358817456934,-0.14761813366444812,-0.41848143524843384,-0.40891688907015894,0.35175496994100763,-0.40891688907219814,-0.5798394507687896,-0.6666735485433433,-0.0,-0.0,-0.0,-0.0,-0.4089168841130788,-0.6267362610588227,-0.4089168841116168,-0.5059136907632336,-0.6666735501591414],"PI":[2.0867009311374356,1.4845692150859011,0.33305718688839175,0.4148518980862932,2.0867009311374356,1.1850883032793533,0.3330571868902653,0.253493881026771,0.16665978233798137,0.0,0.0,0.333057185490513,0.13383104130238896,0.0,0.0,0.33305718548968094,0.2189456914844571,0.16665978314583066,0.5190485329992038,1.4845692150859011,0.5190485329992037,0.41485189808629336,0.2577497842117033,1.1850883032793533,0.2577497842121962,0.253493881026771,0.16665978233798126,0.0,0.0,0.0,0.0,0.25774978254024605,0.03993040292686299,0.2577497825395585,0.16075297992349313,0.16665978314583055],"CS":[0.9737618745788557,0.8603218561661566,2.909193710698227,3.0768637985414937,1.346370668096987,1.4676793628223166,3.2818025042456207,3.4554384632191355,3.8268852374748037],"V":[15.636101054231272,13.717961900755714,6.661125095791148,6.3468661784375415,15.36200209815309,11.119229672767977,6.661125095802016,5.0698686843422305,3.3331886588757538,0.0,0.0,6.661125067795311,3.7053000831845764,0.0,0.0,6.661125067790485,4.378902777206308,3.3331886750326953,7.021971068917415,13.717961900755714,6.670365570116349,6.3468661784375415,4.7206134039482235,11.119229672767977,5.154981049400518,5.0698686843422305,3.3331886588757538,0.0,0.0,0.0,0.0,4.720613384425683,2.430483300327597,5.154981015947959,3.2150515269569246,3.333188675032696],"pr_entry":[0.0,0.0,0.0,0.0,0.0,0.0,0.0,0.0,0.0,0.1665281021659313,0.09263248531171525,0.0,0.0,0.16652810216581068,0.10947255488741714,0.0,0.0,0.0,0.0,0.0,0.0,0.0,0.0,0.0,0.0,0.0,0.0,0.11801531236833016,0.060762069282142915,0.1288745061423263,0.08037627755351137,0.0,0.0,0.0,0.0,0.0],"pr_exit":[0.0,0.0,0.0,0.25,0.0,0.0,0.0,0.25,0.0,0.0,0.0,0.0,0.0,0.0,0.0,0.0,0.0,0.0,0.0,0.0,0.0,0.0,0.0,0.25,0.0,0.25,0.0,0.0,0.0,0.0,0.0,0.0,0.0,0.0,0.0,0.0],"pr_merger":[0.123837996004211,0.0,0.0,0.0,0.05519932390167133,0.0,0.0,0.0,0.0,0.0,0.0,0.0,0.0,0.0,0.0,0.0,0.0,0.0,0.0,0.0,0.0,0.0,0.055199324447728106,0.0,0.0,0.0,0.0,0.0,0.0,0.0,0.0,0.0,0.0,0.0,0.0,0.0],"active_firms":[true,true,true,true,true,true,true,true,true,false,false,true,true,false,false,true,true,true,true,true,true,true,true,true,true,true,true,false,false,false,false,true,true,true,true,true,true,true,true,true,true,true,true,true,true],"active_outcomes":[1.0,1.0,1.0,1.0,1.0,1.0,1.0,1.0,1.0,0.0,0.0,0.0,0.0,0.0,0.0,1.0,1.0,1.0,0.0,0.0,0.0,0.0,1.0,0.0,1.0,0.0,0.0,0.0,0.0,1.0,0.0,0.0,0.0,1.0,0.0,0.0,1.0,0.0,1.0,0.0,1.0,0.0,1.0,0.0,0.0,0.0,0.0,1.0,1.0,0.0,0.0,1.0,1.0,0.0,1.0,0.0,1.0,0.0,1.0,0.0,1.0,0.0,0.0,0.0,0.0,0.0,0.0,1.0,1.0,1.0,1.0,0.0,1.0,1.0,1.0,1.0,1.0,1.0,1.0,1.0,1.0],"markets":[1,2,3,4,3,4,7,8,9],"marketnames":["20","21","30","31","40","41","43"],"idx_up":[1,2,3,4,5,6,7,8,9,1,2,3,4,5,6,7,8,9,1,2,3,4,5,6,7,8,9,1,2,3,4,5,6,7,8,9,1,2,3,4,5,6,7,8,9,1,2,3,4,5,6,7,8,9,1,2,3,4,5,6,7,8,9,1,2,3,4,5,6,7,8,9,1,2,3,4,5,6,7,8,9,10,11,12,13,14,15,16,17,18,10,11,12,13,14,15,16,17,18,10,11,12,13,14,15,16,17,18,10,11,12,13,14,15,16,17,18,10,11,12,13,14,15,16,17,18,10,11,12,13,14,15,16,17,18,10,11,12,13,14,15,16,17,18,10,11,12,13,14,15,16,17,18,10,11,12,13,14,15,16,17,18,19,20,21,22,23,24,25,26,27,19,20,21,22,23,24,25,26,27,19,20,21,22,23,24,25,26,27,19,20,21,22,23,24,25,26,27,19,20,21,22,23,24,25,26,27,19,20,21,22,23,24,25,26,27,19,20,21,22,23,24,25,26,27,19,20,21,22,23,24,25,26,27,19,20,21,22,23,24,25,26,27,28,29,30,31,32,33,34,35,36,28,29,30,31,32,33,34,35,36,28,29,30,31,32,33,34,35,36,28,29,30,31,32,33,34,35,36,28,29,30,31,32,33,34,35,36,28,29,30,31,32,33,34,35,36,28,29,30,31,32,33,34,35,36,28,29,30,31,32,33,34,35,36,28,29,30,31,32,33,34,35,36],"idx_entry":[1,2,3,4,5,6,7,8,9,3,4,3,4,7,8,7,8,9,1,2,3,4,5,6,7,8,9,5,6,7,8,5,6,7,8,9,10,11,12,13,14,15,16,17,18,12,13,12,13,16,17,16,17,18,10,11,12,13,14,15,16,17,18,14,15,16,17,14,15,16,17,18,19,20,21,22,23,24,25,26,27,21,22,21,22,25,26,25,26,27,19,20,21,22,23,24,25,26,27,23,24,25,26,23,24,25,26,27,28,29,30,31,32,33,34,35,36,30,31,30,31,34,35,34,35,36,28,29,30,31,32,33,34,35,36,32,33,34,35,32,33,34,35,36],"idx_exit":[1,2,10,4,5,6,14,8,11,1,2,1,2,5,6,5,6,2,1,2,3,4,1,6,3,8,11,1,2,3,4,1,2,3,4,2,10,11,1,13,14,15,5,17,2,10,11,10,11,14,15,14,15,11,10,11,12,13,10,15,12,17,2,10,11,12,13,10,11,12,13,11,19,20,19,22,23,24,23,26,29,19,20,19,20,23,24,23,24,20,19,20,21,22,28,24,30,26,29,19,20,21,22,19,20,21,22,20,28,29,28,31,32,33,32,35,20,28,29,28,29,32,33,32,33,29,28,29,30,31,19,33,21,35,20,28,29,30,31,28,29,30,31,29],"idx_merger":[2,2,4,4,6,6,8,8,9,1,2,3,4,5,6,17,9,9,1,2,3,4,6,6,8,8,9,1,2,13,4,5,6,17,8,9,11,11,13,13,15,15,17,17,18,10,11,12,13,14,15,8,18,18,10,11,12,13,15,15,17,17,18,10,11,4,13,14,15,8,17,18,20,20,22,22,24,24,26,26,27,19,20,21,22,23,24,35,27,27,19,20,21,22,33,24,35,26,27,19,20,22,22,23,24,26,26,27,29,29,31,31,33,33,35,35,36,28,29,30,31,32,33,26,36,36,28,29,30,31,24,33,26,35,36,28,29,31,31,32,33,35,35,36]}