{"policy":"nolearning","smax":[5,1],"alpha":0.5,"beta":0.95,"gamma":1.0,"sigma":2.0,"v0":1.0,"accuracy":1.0e-8,"cost_entry":[0,10],"value_exit":[0,1],"cost_merger":[0,10],"entry":true,"exit":true,"mergers":true,"filename":"nolearning_a5s20v10","verbose":true,"firms":[1,2,3,4],"rival":[2,1,4,3],"partner":[3,4,1,2],"merger_pairs":[1,2,1,2,3,4,4,3],"outcomes":[1,0,1,0,1,0,0,0,0,0,1,0,1,0,1,0,0,0,1,0,0,1,0,0,1,0,0,0,1,1,0,0,0,0,1,0,0,0,0,0,1,1,1,1,2],"ownership":[0,3,0,3,0,0,4,4,0,1,0,1,0,0,2,2],"S":[1,1,1,1,1,1,1,1,1,0,0,1,1,0,0,1,1,1,1,1,1,1,1,1,1,1,1,0,0,0,0,1,1,1,1,1,0,1,0,1,0,1,0,1,3],"ms":9,"scale":[2.0,2.0,2.0,2.0,2.0,2.0,2.0,2.0,2.0,0.0,0.0,2.0,2.0,0.0,0.0,2.0,2.0,2.0,1.0,1.0,1.0,1.0,1.0,1.0,1.0,1.0,1.0,0.0,0.0,0.0,0.0,1.0,1.0,1.0,1.0,1.0],"D":[0.688273474516633,0.7869367230474529,0.4713768114489296,0.6447714949348214,0.6882734745115104,0.7374901652144527,0.4713768114444681,0.5619585987630039,0.4955414316572827,0.0,0.0,0.47137680641119367,0.3285466063470532,0.0,0.0,0.47137680641706003,0.3993794260922919,0.4955414365498505,0.4999999999992618,0.7869367230474529,0.49999999999862266,0.6447714949348214,0.37458639059217946,0.7374901652144527,0.3745863905979291,0.5619585987630039,0.4955414316572827,0.0,0.0,0.0,0.0,0.37458639354321605,0.1800234010289248,0.37458639353886797,0.2832970694644494,0.4955414365498505],"Q":[0.3441367372578085,0.7869367230474529,0.23568840572381558,0.6447714949348214,0.2578178765576051,0.7374901652144527,0.17657133841054393,0.5619585987630039,0.4955414316572827,0.0,0.0,0.0,0.0,0.0,0.0,0.17657133791363566,0.25829298485675684,0.4955414365498505,0.0,0.0,0.0,0.0,0.2578178785887253,0.0,0.17657133979683431,0.0,0.0,0.0,0.0,0.2356884032049476,0.0,0.0,0.0,0.17657133652734527,0.0,0.0,0.34413673725882454,0.0,0.23568840572511404,0.0,0.17263771936518,0.0,0.11823413323708988,0.0,0.0,0.0,0.0,0.23568840320624607,0.3285466063470532,0.0,0.0,0.11823413197607914,0.14108644123553504,0.0,0.15586326274145332,0.0,0.02862319106985947,0.0,0.11676851403457439,0.0,0.021443715660039896,0.0,0.0,0.0,0.0,0.0,0.0,0.11676851495449077,0.1800234010289248,0.021443715828398012,0.025004084607692562,0.0,0.1558632627419135,0.2130632769525471,0.028623191070017158,0.026681898718125284,0.07818949649942457,0.0824864337566226,0.014358950650033864,0.013657890537011537,0.0089171317928668],"P":[-0.3960299842152606,-0.8266396614909493,-1.0541466760505138,-1.2962276494365508,-0.39602998420332214,-1.0476547280793196,-1.0541466760580516,-1.429277690890299,-1.504419154783072,-0.0,-0.0,-1.0541466707068738,-1.255346659623088,-0.0,-0.0,-1.0541466707253666,-1.1675276725026356,-1.504419157251366,1.4762676553776562e-12,0.17336033850905075,2.7546015402843684e-12,-0.2962276494365508,-0.20052906988271268,-0.047654728079319586,-0.2005290698931813,-0.4292776908902991,-0.5044191547830721,-0.0,-0.0,-0.0,-0.0,-0.20052907382177274,-0.3902265038255525,-0.20052907381876298,-0.30236088994636545,-0.5044191572513661],"PI":[1.1039700157846613,0.9233603397401624,0.4458533239416803,0.4537723505665884,1.1039700157846617,0.7023452719299854,0.4458533239339072,0.3207223091100735,0.24558084154072268,0.0,0.0,0.44585332169558894,0.24465332788583152,0.0,0.0,0.4458533216924206,0.33247232039361185,0.2455808427422436,0.5,0.9233603397401624,0.5,0.4537723505665884,0.29947093009600717,0.7023452719299854,0.29947093009668246,0.3207223091100735,0.24558084154072268,0.0,0.0,0.0,0.0,0.29947093097975686,0.1097734986386221,0.2994709309774081,0.19763911542198115,0.2455808427422436],"CS":[0.9293880884934111,0.9169240774739573,1.776769006582549,1.9557259832860872,1.2743099781580955,1.3914017554642872,2.121690896271154,2.290559967748254,2.706464056271329],"V":[11.435644052637397,9.621257498019395,8.917048096992504,7.3391738137868705,11.431056899765542,8.24983070295813,8.917048096952078,6.414433510726714,4.911606959164244,0.0,0.0,8.917048052138911,6.039062245472332,0.0,0.0,8.91704805212243,6.6494323051661866,4.911606983194611,7.037066758126176,9.621257498019395,7.032479605274535,7.3391738137868705,5.989406281369403,8.24983070295813,5.989406281371983,6.414433510726714,4.911606959164244,0.0,0.0,0.0,0.0,5.989406298995432,3.5301885517777345,5.989406298986455,3.952773988320134,4.911606983194611],"pr_entry":[0.0,0.0,0.0,0.0,0.0,0.0,0.0,0.0,0.0,0.22292617711699125,0.15097653589013948,0.0,0.0,0.2229261771165792,0.1662357890729625,0.0,0.0,0.0,0.0,0.0,0.0,0.0,0.0,0.0,0.0,0.0,0.0,0.14973514126362036,0.08825470166763028,0.14973514126339602,0.09881933876047774,0.0,0.0,0.0,0.0,0.0],"pr_exit":[0.0,0.0,0.0,0.25,0.0,0.0,0.0,0.25,0.0,0.0,0.0,0.0,0.0,0.0,0.0,0.0,0.0,0.0,0.0,0.0,0.0,0.0,0.0,0.25,0.0,0.25,0.0,0.0,0.0,0.0,0.0,0.0,0.0,0.0,0.0,0.0],"pr_merger":[0.01396737327332962,0.0,0.0,0.0,0.0,0.0,0.0,0.0,0.0,0.0,0.0,0.0,0.0,0.0,0.0,0.0,0.0,0.0,0.0,0.0,0.0,0.0,0.0,0.0,0.0,0.0,0.0,0.0,0.0,0.0,0.0,0.0,0.0,0.0,0.0,0.0],"active_firms":[true,true,true,true,true,true,true,true,true,false,false,true,true,false,false,true,true,true,true,true,true,true,true,true,true,true,true,false,false,false,false,true,true,true,true,true,true,true,true,true,true,true,true,true,true],"active_outcomes":[1.0,1.0,1.0,1.0,1.0,1.0,1.0,1.0,1.0,0.0,0.0,0.0,0.0,0.0,0.0,1.0,1.0,1.0,0.0,0.0,0.0,0.0,1.0,0.0,1.0,0.0,0.0,0.0,0.0,1.0,0.0,0.0,0.0,1.0,0.0,0.0,1.0,0.0,1.0,0.0,1.0,0.0,1.0,0.0,0.0,0.0,0.0,1.0,1.0,0.0,0.0,1.0,1.0,0.0,1.0,0.0,1.0,0.0,1.0,0.0,1.0,0.0,0.0,0.0,0.0,0.0,0.0,1.0,1.0,1.0,1.0,0.0,1.0,1.0,1.0,1.0,1.0,1.0,1.0,1.0,1.0],"markets":[1,2,3,4,3,4,7,8,9],"marketnames":["20","21","30","31","40","41","43"],"idx_up":[1,2,3,4,5,6,7,8,9,1,2,3,4,5,6,7,8,9,1,2,3,4,5,6,7,8,9,1,2,3,4,5,6,7,8,9,1,2,3,4,5,6,7,8,9,1,2,3,4,5,6,7,8,9,1,2,3,4,5,6,7,8,9,1,2,3,4,5,6,7,8,9,1,2,3,4,5,6,7,8,9,10,11,12,13,14,15,16,17,18,10,11,12,13,14,15,16,17,18,10,11,12,13,14,15,16,17,18,10,11,12,13,14,15,16,17,18,10,11,12,13,14,15,16,17,18,10,11,12,13,14,15,16,17,18,10,11,12,13,14,15,16,17,18,10,11,12,13,14,15,16,17,18,10,11,12,13,14,15,16,17,18,19,20,21,22,23,24,25,26,27,19,20,21,22,23,24,25,26,27,19,20,21,22,23,24,25,26,27,19,20,21,22,23,24,25,26,27,19,20,21,22,23,24,25,26,27,19,20,21,22,23,24,25,26,27,19,20,21,22,23,24,25,26,27,19,20,21,22,23,24,25,26,27,19,20,21,22,23,24,25,26,27,28,29,30,31,32,33,34,35,36,28,29,30,31,32,33,34,35,36,28,29,30,31,32,33,34,35,36,28,29,30,31,32,33,34,35,36,28,29,30,31,32,33,34,35,36,28,29,30,31,32,33,34,35,36,28,29,30,31,32,33,34,35,36,28,29,30,31,32,33,34,35,36,28,29,30,31,32,33,34,35,36],"idx_entry":[1,2,3,4,5,6,7,8,9,3,4,3,4,7,8,7,8,9,1,2,3,4,5,6,7,8,9,5,6,7,8,5,6,7,8,9,10,11,12,13,14,15,16,17,18,12,13,12,13,16,17,16,17,18,10,11,12,13,14,15,16,17,18,14,15,16,17,14,15,16,17,18,19,20,21,22,23,24,25,26,27,21,22,21,22,25,26,25,26,27,19,20,21,22,23,24,25,26,27,23,24,25,26,23,24,25,26,27,28,29,30,31,32,33,34,35,36,30,31,30,31,34,35,34,35,36,28,29,30,31,32,33,34,35,36,32,33,34,35,32,33,34,35,36],"idx_exit":[1,2,10,4,5,6,14,8,11,1,2,1,2,5,6,5,6,2,1,2,3,4,1,6,3,8,11,1,2,3,4,1,2,3,4,2,10,11,1,13,14,15,5,17,2,10,11,10,11,14,15,14,15,11,10,11,12,13,10,15,12,17,2,10,11,12,13,10,11,12,13,11,19,20,19,22,23,24,23,26,29,19,20,19,20,23,24,23,24,20,19,20,21,22,28,24,30,26,29,19,20,21,22,19,20,21,22,20,28,29,28,31,32,33,32,35,20,28,29,28,29,32,33,32,33,29,28,29,30,31,19,33,21,35,20,28,29,30,31,28,29,30,31,29],"idx_merger":[2,2,4,4,6,6,8,8,9,1,2,3,4,5,6,17,9,9,1,2,3,4,6,6,8,8,9,1,2,13,4,5,6,17,8,9,11,11,13,13,15,15,17,17,18,10,11,12,13,14,15,8,18,18,10,11,12,13,15,15,17,17,18,10,11,4,13,14,15,8,17,18,20,20,22,22,24,24,26,26,27,19,20,21,22,23,24,35,27,27,19,20,21,22,33,24,35,26,27,19,20,22,22,23,24,26,26,27,29,29,31,31,33,33,35,35,36,28,29,30,31,32,33,26,36,36,28,29,30,31,24,33,26,35,36,28,29,31,31,32,33,35,35,36]}