{"policy":"nolearning","smax":[5,1],"alpha":0.1,"beta":0.95,"gamma":1.0,"sigma":8.0,"v0":1.0,"accuracy":1.0e-8,"cost_entry":[0,10],"value_exit":[0,1],"cost_merger":[0,10],"entry":true,"exit":true,"mergers":true,"filename":"nolearning_a1s80v10","verbose":true,"firms":[1,2,3,4],"rival":[2,1,4,3],"partner":[3,4,1,2],"merger_pairs":[1,2,1,2,3,4,4,3],"outcomes":[1,0,1,0,1,0,0,0,0,0,1,0,1,0,1,0,0,0,1,0,0,1,0,0,1,0,0,0,1,1,0,0,0,0,1,0,0,0,0,0,1,1,1,1,2],"ownership":[0,3,0,3,0,0,4,4,0,1,0,1,0,0,2,2],"S":[1,1,1,1,1,1,1,1,1,0,0,1,1,0,0,1,1,1,1,1,1,1,1,1,1,1,1,0,0,0,0,1,1,1,1,1,0,1,0,1,0,1,0,1,3],"ms":9,"scale":[1.148698354997035,1.148698354997035,1.148698354997035,1.148698354997035,1.148698354997035,1.148698354997035,1.148698354997035,1.148698354997035,1.148698354997035,0.0,0.0,1.148698354997035,1.148698354997035,0.0,0.0,1.148698354997035,1.148698354997035,1.148698354997035,1.0,1.0,1.0,1.0,1.0,1.0,1.0,1.0,1.0,0.0,0.0,0.0,0.0,1.0,1.0,1.0,1.0,1.0],"D":[0.8638036224067535,0.9314172262444712,0.49981161500335464,0.8632952435319022,0.8638036224102581,0.8799872918061632,0.49981161500291643,0.6261080729697213,0.49999993498623907,0.0,0.0,0.4998116106566296,0.13666032448230978,0.0,0.0,0.4998116106570663,0.37370357375711144,0.4999999384771795,0.8419516643616445,0.9314172262444712,0.841951664359128,0.8632952435319022,0.49938259914438715,0.8799872918061632,0.4993825991461031,0.6261080729697213,0.49999993498623907,0.0,0.0,0.0,0.0,0.49938260456588496,0.11988743125261488,0.4993826045641742,0.3732744363950463,0.4999999384771795],"Q":[0.7272808975669837,0.9314172262444712,0.4208172211180982,0.8632952435319022,0.4313684981095715,0.8799872918061632,0.24959722338356793,0.6261080729697213,0.49999993498623907,0.0,0.0,0.0,0.0,0.0,0.0,0.24959722392134082,0.3730863941913991,0.4999999384771795,0.0,0.0,0.0,0.0,0.43136850279268096,0.0,0.24959722609158258,0.0,0.0,0.0,0.0,0.4208172174583658,0.0,0.0,0.0,0.24959722121332575,0.0,0.0,0.1365227248397698,0.0,0.0789943938852564,0.0,0.0010666215080056306,0.0,0.0006171655277659336,0.0,0.0,0.0,0.0,0.07899439319826382,0.13666032448230978,0.0,0.0,0.0006171655223996941,0.0006171795657123459,0.0,0.11467076679466082,0.0,0.0003172257826640528,0.0,0.06801410103481563,0.0,0.00018815454920945542,0.0,0.0,0.0,0.0,0.0,0.0,0.068014101773204,0.11988743125261488,0.00018815455125084556,0.00018804220364720248,0.0,0.021525610798585598,0.06858277375552882,5.9548557351673514e-5,4.443198578794496e-5,0.0001681747817221814,0.00012527694122194835,4.6523955711624213e-7,3.110695200614432e-7,1.265365814340616e-7],"P":[-0.230905957119862,-0.23739079834952892,-0.8987925119722531,-0.6915087033653681,-0.2309059571235856,-0.627920173049139,-0.8987925119715826,-0.9815377481433202,-1.0236983699172226,-0.0,-0.0,-0.8987925108851623,-1.003911766500623,-0.0,-0.0,-0.8987925108847106,-0.949112358312598,-1.0236983703535905,-0.20910271235551242,-0.08869244335249382,-0.2091027123531485,-0.542810348368333,-0.7503083156036743,-0.47922181805210395,-0.750308315604617,-0.8328393931462851,-0.8750000149201876,-0.0,-0.0,-0.0,-0.0,-0.7503083169607244,-0.8579727115240953,-0.7503083169608094,-0.80055065996626,-0.8750000153565552],"PI":[0.7927923979036825,0.8488075566682465,0.12490584300099113,0.3946896516456255,0.7927923979036825,0.45827818196406633,0.12490584300121672,0.10466060543362864,0.06249998441318709,0.0,0.0,0.12490584245805973,0.01978658216460634,0.0,0.0,0.12490584245839466,0.07458600023284914,0.0624999846313707,0.6658972876713866,0.8488075566682465,0.6658972876713867,0.3946896516456255,0.12469168233857715,0.45827818196406633,0.12469168233853485,0.10466060543362864,0.062499984413187035,0.0,0.0,0.0,0.0,0.12469168301459284,0.01702728678315033,0.12469168301412327,0.07444933999045826,0.062499984631370756],"CS":[0.47981398160375377,0.3709244949589092,1.2160898110361167,1.2886541274640577,1.086313343996772,1.1590832267506554,1.822589173427861,1.9088664356280765,2.071985196230838],"V":[10.964871070715231,13.140861155757076,2.2145690707084715,7.6859850078168765,10.763505340793516,8.505254426761027,2.4981140981215795,2.093213644870363,1.2499996553270938,0.0,0.0,2.214569066903829,0.8497655297204749,0.0,0.0,2.498114087265199,1.4917198249504338,1.2499996596907685,9.66555126832563,13.140861155757076,9.356536432269186,7.6859850078168765,2.220831930813655,8.505254426761027,2.493830889073735,2.093213644870363,1.2499996553270938,0.0,0.0,0.0,0.0,2.2208319353626194,0.8168202944668365,2.4938309025854277,1.4889866192343881,1.2499996596907685],"pr_entry":[0.0,0.0,0.0,0.0,0.0,0.0,0.0,0.0,0.0,0.05536422628622715,0.021244137904121933,0.0,0.0,0.06245284854754747,0.037292995387304864,0.0,0.0,0.0,0.0,0.0,0.0,0.0,0.0,0.0,0.0,0.0,0.0,0.05552079797594187,0.020420507017528795,0.06234576893608694,0.037224665243261304,0.0,0.0,0.0,0.0,0.0],"pr_exit":[0.0,0.0,0.0,0.25,0.0,0.0,0.0,0.25,0.0,0.0,0.0,0.0,0.03755862095878068,0.0,0.0,0.0,0.0,0.0,0.0,0.0,0.0,0.0,0.0,0.25,0.0,0.25,0.0,0.0,0.0,0.0,0.0,0.0,0.04579492982471206,0.0,0.0,0.0],"pr_merger":[0.15434156903790625,0.0,0.1047292979813935,0.0,0.11139530282014502,0.0,0.0,0.0,0.0,0.0,0.0,0.0,0.0,0.0,0.0,0.0,0.0,0.0,0.0,0.0,0.0,0.0,0.11139530269242726,0.0,0.0,0.0,0.0,0.0,0.0,0.10472929808750067,0.0,0.0,0.0,0.0,0.0,0.0],"active_firms":[true,true,true,true,true,true,true,true,true,false,false,true,true,false,false,true,true,true,true,true,true,true,true,true,true,true,true,false,false,false,false,true,true,true,true,true,true,true,true,true,true,true,true,true,true],"active_outcomes":[1.0,1.0,1.0,1.0,1.0,1.0,1.0,1.0,1.0,0.0,0.0,0.0,0.0,0.0,0.0,1.0,1.0,1.0,0.0,0.0,0.0,0.0,1.0,0.0,1.0,0.0,0.0,0.0,0.0,1.0,0.0,0.0,0.0,1.0,0.0,0.0,1.0,0.0,1.0,0.0,1.0,0.0,1.0,0.0,0.0,0.0,0.0,1.0,1.0,0.0,0.0,1.0,1.0,0.0,1.0,0.0,1.0,0.0,1.0,0.0,1.0,0.0,0.0,0.0,0.0,0.0,0.0,1.0,1.0,1.0,1.0,0.0,1.0,1.0,1.0,1.0,1.0,1.0,1.0,1.0,1.0],"markets":[1,2,3,4,3,4,7,8,9],"marketnames":["20","21","30","31","40","41","43"],"idx_up":[1,2,3,4,5,6,7,8,9,1,2,3,4,5,6,7,8,9,1,2,3,4,5,6,7,8,9,1,2,3,4,5,6,7,8,9,1,2,3,4,5,6,7,8,9,1,2,3,4,5,6,7,8,9,1,2,3,4,5,6,7,8,9,1,2,3,4,5,6,7,8,9,1,2,3,4,5,6,7,8,9,10,11,12,13,14,15,16,17,18,10,11,12,13,14,15,16,17,18,10,11,12,13,14,15,16,17,18,10,11,12,13,14,15,16,17,18,10,11,12,13,14,15,16,17,18,10,11,12,13,14,15,16,17,18,10,11,12,13,14,15,16,17,18,10,11,12,13,14,15,16,17,18,10,11,12,13,14,15,16,17,18,19,20,21,22,23,24,25,26,27,19,20,21,22,23,24,25,26,27,19,20,21,22,23,24,25,26,27,19,20,21,22,23,24,25,26,27,19,20,21,22,23,24,25,26,27,19,20,21,22,23,24,25,26,27,19,20,21,22,23,24,25,26,27,19,20,21,22,23,24,25,26,27,19,20,21,22,23,24,25,26,27,28,29,30,31,32,33,34,35,36,28,29,30,31,32,33,34,35,36,28,29,30,31,32,33,34,35,36,28,29,30,31,32,33,34,35,36,28,29,30,31,32,33,34,35,36,28,29,30,31,32,33,34,35,36,28,29,30,31,32,33,34,35,36,28,29,30,31,32,33,34,35,36,28,29,30,31,32,33,34,35,36],"idx_entry":[1,2,3,4,5,6,7,8,9,3,4,3,4,7,8,7,8,9,1,2,3,4,5,6,7,8,9,5,6,7,8,5,6,7,8,9,10,11,12,13,14,15,16,17,18,12,13,12,13,16,17,16,17,18,10,11,12,13,14,15,16,17,18,14,15,16,17,14,15,16,17,18,19,20,21,22,23,24,25,26,27,21,22,21,22,25,26,25,26,27,19,20,21,22,23,24,25,26,27,23,24,25,26,23,24,25,26,27,28,29,30,31,32,33,34,35,36,30,31,30,31,34,35,34,35,36,28,29,30,31,32,33,34,35,36,32,33,34,35,32,33,34,35,36],"idx_exit":[1,2,10,4,5,6,14,8,11,1,2,1,2,5,6,5,6,2,1,2,3,4,1,6,3,8,11,1,2,3,4,1,2,3,4,2,10,11,1,13,14,15,5,17,2,10,11,10,11,14,15,14,15,11,10,11,12,13,10,15,12,17,2,10,11,12,13,10,11,12,13,11,19,20,19,22,23,24,23,26,29,19,20,19,20,23,24,23,24,20,19,20,21,22,28,24,30,26,29,19,20,21,22,19,20,21,22,20,28,29,28,31,32,33,32,35,20,28,29,28,29,32,33,32,33,29,28,29,30,31,19,33,21,35,20,28,29,30,31,28,29,30,31,29],"idx_merger":[2,2,4,4,6,6,8,8,9,1,2,3,4,5,6,17,9,9,1,2,3,4,6,6,8,8,9,1,2,13,4,5,6,17,8,9,11,11,13,13,15,15,17,17,18,10,11,12,13,14,15,8,18,18,10,11,12,13,15,15,17,17,18,10,11,4,13,14,15,8,17,18,20,20,22,22,24,24,26,26,27,19,20,21,22,23,24,35,27,27,19,20,21,22,33,24,35,26,27,19,20,22,22,23,24,26,26,27,29,29,31,31,33,33,35,35,36,28,29,30,31,32,33,26,36,36,28,29,30,31,24,33,26,35,36,28,29,31,31,32,33,35,35,36]}